id,date,user,pc,activity
{00000001CCD4-0AA0B582},2010-01-04 07:02:50,KYR0991,PC-0061,Connect
{00000001D579-2228088C},2010-01-04 07:06:17,USS4618,PC-0121,Connect
{00000001C368-05C899FF},2010-01-04 07:09:17,ADG1145,PC-0001,Connect
{00000001EB7A-2C6CEDE3},2010-01-04 07:26:17,USS4618,PC-0121,Disconnect
{00000001D16E-1F614762},2010-01-04 07:28:32,QSC3123,PC-0100,Connect
{00000001D969-37579F27},2010-01-04 07:34:17,ADG1145,PC-0001,Disconnect
{00000001E76F-0641D06C},2010-01-04 07:35:32,QSC3123,PC-0100,Disconnect
{00000001D72F-115FB142},2010-01-04 07:55:29,XGF2493,PC-0139,Connect
{00000001D16D-29B6E39B},2010-01-04 07:58:57,QSC3123,PC-0100,Connect
{00000001D0EE-361F29FA},2010-01-04 08:01:32,OQO5535,PC-0090,Connect
{00000001C908-275CA451},2010-01-04 08:05:33,HVG7968,PC-0044,Connect
{00000001D203-00E6125B},2010-01-04 08:14:40,RUT1946,PC-0104,Connect
{00000001C764-20A9A1DD},2010-01-04 08:16:43,EHP1536,PC-0027,Connect
{00000001E2D5-0129F3E8},2010-01-04 08:23:50,KYR0991,PC-0061,Disconnect
{00000001E76E-25D0BF01},2010-01-04 08:25:57,QSC3123,PC-0100,Disconnect
{00000001E804-2E622F49},2010-01-04 08:27:40,RUT1946,PC-0104,Disconnect
{00000001E6EF-29E7F07B},2010-01-04 08:31:32,OQO5535,PC-0090,Disconnect
{00000001DD65-08703E5F},2010-01-04 08:51:43,EHP1536,PC-0027,Disconnect
{00000001C730-13EAE4C3},2010-01-04 09:11:00,DNM3159,PC-0019,Connect
{00000001ED30-023D60A5},2010-01-04 09:14:29,XGF2493,PC-0139,Disconnect
{00000001DF09-378E04BC},2010-01-04 09:15:33,HVG7968,PC-0044,Disconnect
{00000001D83B-08960CC5},2010-01-04 09:18:57,YLE8326,PC-0147,Connect
{00000001C50A-395BE9DE},2010-01-04 09:23:26,CQZ8674,PC-0013,Connect
{00000001EE3C-22319469},2010-01-04 09:36:57,YLE8326,PC-0147,Disconnect
{00000001D52C-3A6688C4},2010-01-04 09:50:13,UQK8227,PC-0120,Connect
{00000001EB2D-2B35C686},2010-01-04 10:08:13,UQK8227,PC-0120,Disconnect
{00000001C41B-0D19EE32},2010-01-04 10:09:19,AYY2409,PC-0005,Connect
{00000001C508-157DD3DA},2010-01-04 10:10:23,CQZ8674,PC-0013,Connect
{00000001DD31-2E8A5B98},2010-01-04 10:31:00,DNM3159,PC-0019,Disconnect
{00000001CEC3-38ADB5D7},2010-01-04 10:32:47,NRI9556,PC-0082,Connect
{00000001DB0B-1DCE3701},2010-01-04 10:39:26,CQZ8674,PC-0013,Disconnect
{00000001DA1C-03441797},2010-01-04 10:50:19,AYY2409,PC-0005,Disconnect
{00000001DB09-189E284E},2010-01-04 11:30:23,CQZ8674,PC-0013,Disconnect
{00000001C9D6-14EDDB13},2010-01-04 11:31:40,IAC0900,PC-0045,Connect
{00000001E4C4-081581F3},2010-01-04 11:42:47,NRI9556,PC-0082,Disconnect
{00000001D202-3273BE68},2010-01-04 11:57:38,RUT1946,PC-0104,Connect
{00000001C8D7-3452DB5A},2010-01-04 12:20:52,GUG7168,PC-0037,Connect
{00000001DFD7-09F28243},2010-01-04 12:37:40,IAC0900,PC-0045,Disconnect
{00000001DED8-34FF0767},2010-01-04 12:46:52,GUG7168,PC-0037,Disconnect
{00000001E803-2E8CBE87},2010-01-04 13:07:38,RUT1946,PC-0104,Disconnect
{00000001CA5F-36B26707},2010-01-04 13:08:00,IVL8082,PC-0051,Connect
{00000001CE11-0C7A172F},2010-01-04 13:22:58,MGI5307,PC-0072,Connect
{00000001CE60-2BD713F6},2010-01-04 13:33:00,NBM1814,PC-0077,Connect
{00000001D72E-3D9E3A29},2010-01-04 13:37:43,XGF2493,PC-0139,Connect
{00000001ED2F-0ED86C93},2010-01-04 13:43:43,XGF2493,PC-0139,Disconnect
{00000001E060-01CC85C8},2010-01-04 14:13:00,IVL8082,PC-0051,Disconnect
{00000001E412-17887A1D},2010-01-04 14:29:58,MGI5307,PC-0072,Disconnect
{00000001E461-3EBAC5C6},2010-01-04 14:48:00,NBM1814,PC-0077,Disconnect
{00000001D62A-39000046},2010-01-04 14:49:07,VNI5142,PC-0129,Connect
{00000001D4CE-3621FB35},2010-01-04 15:04:26,UKR6395,PC-0118,Connect
{00000001CC04-11B6C424},2010-01-04 15:07:21,KIX3704,PC-0058,Connect
{00000001EC2B-2D69DF08},2010-01-04 15:25:07,VNI5142,PC-0129,Disconnect
{00000001CD9D-0F9EA50A},2010-01-04 15:55:03,LYE5717,PC-0069,Connect
{00000001C509-15B3F85F},2010-01-04 16:01:24,CQZ8674,PC-0013,Connect
{00000001D5D5-18D388DC},2010-01-04 16:01:33,UUU6648,PC-0122,Connect
{00000001EACF-2A4029DC},2010-01-04 16:15:26,UKR6395,PC-0118,Disconnect
{00000001CAAD-1D860D4D},2010-01-04 16:19:35,JDE8246,PC-0052,Connect
{00000001C641-2C6C0935},2010-01-04 16:23:46,DHG6594,PC-0016,Connect
{00000001DB0A-239D3436},2010-01-04 16:24:24,CQZ8674,PC-0013,Disconnect
{00000001E205-313F746E},2010-01-04 16:26:21,KIX3704,PC-0058,Disconnect
{00000001E39E-04DE75AE},2010-01-04 16:46:03,LYE5717,PC-0069,Disconnect
{00000001CDE5-062A21F3},2010-01-04 16:53:35,MDR4757,PC-0071,Connect
{00000001E0AE-0BC12C34},2010-01-04 17:01:35,JDE8246,PC-0052,Disconnect
{00000001EBD6-0073FDA9},2010-01-04 17:10:33,UUU6648,PC-0122,Disconnect
{00000001C84D-0AC371BA},2010-01-04 17:12:52,GRQ1397,PC-0036,Connect
{00000001D346-133C6106},2010-01-04 17:14:21,SHV5792,PC-0108,Connect
{00000001E947-213DA065},2010-01-04 17:24:21,SHV5792,PC-0108,Disconnect
{00000001DE4E-2B350D86},2010-01-04 17:27:52,GRQ1397,PC-0036,Disconnect
{00000001C3FE-39ED434D},2010-01-04 17:35:45,AUI6616,PC-0004,Connect
{00000001E3E6-0718DA2A},2010-01-04 17:36:35,MDR4757,PC-0071,Disconnect
{00000001DC42-0D706019},2010-01-04 17:47:46,DHG6594,PC-0016,Disconnect
{00000001CFE0-090C0CC9},2010-01-04 17:49:24,OLN5687,PC-0088,Connect
{00000001D9FF-0054C347},2010-01-04 18:13:45,AUI6616,PC-0004,Disconnect
{00000001E5E1-26A5CB1C},2010-01-04 19:01:24,OLN5687,PC-0088,Disconnect
{00000001C3D8-20849E24},2010-01-05 07:03:00,ATM7194,PC-0003,Connect
{00000001CC06-1FDAD2DD},2010-01-05 07:12:51,KIX3704,PC-0058,Connect
{00000001C909-37860D72},2010-01-05 07:19:08,HVG7968,PC-0044,Connect
{00000001CE3A-18D70A0C},2010-01-05 07:23:37,MSH7807,PC-0075,Connect
{00000001DF0A-2D9F2D98},2010-01-05 07:41:08,HVG7968,PC-0044,Disconnect
{00000001D16F-3C7FC076},2010-01-05 07:41:58,QSC3123,PC-0100,Connect
{00000001E43B-3235F052},2010-01-05 08:01:37,MSH7807,PC-0075,Disconnect
{00000001D9D9-01950C6F},2010-01-05 08:08:00,ATM7194,PC-0003,Disconnect
{00000001E770-0D0BB20F},2010-01-05 08:09:58,QSC3123,PC-0100,Disconnect
{00000001D348-3A4C64B3},2010-01-05 08:10:13,SHV5792,PC-0108,Connect
{00000001CAAE-2D9F0A86},2010-01-05 08:37:43,JDE8246,PC-0052,Connect
{00000001CC05-1C0456FC},2010-01-05 08:38:09,KIX3704,PC-0058,Connect
{00000001D2AB-0FBDA049},2010-01-05 08:38:21,SDT4191,PC-0106,Connect
{00000001E207-1F20FAE4},2010-01-05 08:39:51,KIX3704,PC-0058,Disconnect
{00000001E0AF-3F6E415E},2010-01-05 08:44:43,JDE8246,PC-0052,Disconnect
{00000001E949-3ED20755},2010-01-05 08:50:13,SHV5792,PC-0108,Disconnect
{00000001D3E6-1EB7E021},2010-01-05 09:02:23,TWU8511,PC-0115,Connect
{00000001E9E7-1BB652C9},2010-01-05 09:09:23,TWU8511,PC-0115,Disconnect
{00000001C84E-1031364B},2010-01-05 09:11:05,GRQ1397,PC-0036,Connect
{00000001CFE2-13E6FF58},2010-01-05 09:26:02,OLN5687,PC-0088,Connect
{00000001CD9E-1A25ED07},2010-01-05 09:28:35,LYE5717,PC-0069,Connect
{00000001E8AC-073BBC12},2010-01-05 09:35:21,SDT4191,PC-0106,Disconnect
{00000001E206-25F9ABC3},2010-01-05 09:42:09,KIX3704,PC-0058,Disconnect
{00000001D83C-2333563C},2010-01-05 09:42:10,YLE8326,PC-0147,Connect
{00000001DE4F-33E9EBFC},2010-01-05 09:50:05,GRQ1397,PC-0036,Disconnect
{00000001CDE6-34313DE5},2010-01-05 09:52:41,MDR4757,PC-0071,Connect
{00000001D2AC-095C4F57},2010-01-05 09:54:22,SDT4191,PC-0106,Connect
{00000001D34A-351FF2A5},2010-01-05 10:04:41,SHV5792,PC-0108,Connect
{00000001E5E3-204AE993},2010-01-05 10:26:02,OLN5687,PC-0088,Disconnect
{00000001CCD6-3EF146B6},2010-01-05 10:33:25,KYR0991,PC-0061,Connect
{00000001C50B-0D8BAEF7},2010-01-05 10:36:45,CQZ8674,PC-0013,Connect
{00000001E8AD-17AAA2CA},2010-01-05 10:41:22,SDT4191,PC-0106,Disconnect
{00000001D3E4-35BEA264},2010-01-05 10:43:46,TWU8511,PC-0115,Connect
{00000001E39F-2BF18F1A},2010-01-05 10:50:35,LYE5717,PC-0069,Disconnect
{00000001EE3D-29BF156F},2010-01-05 10:52:10,YLE8326,PC-0147,Disconnect
{00000001E3E7-33A54768},2010-01-05 11:04:41,MDR4757,PC-0071,Disconnect
{00000001E94B-3CC59777},2010-01-05 11:15:41,SHV5792,PC-0108,Disconnect
{00000001E9E5-2B60EA05},2010-01-05 11:36:46,TWU8511,PC-0115,Disconnect
{00000001E2D7-214006B5},2010-01-05 11:38:25,KYR0991,PC-0061,Disconnect
{00000001DB0C-39FD817E},2010-01-05 11:40:45,CQZ8674,PC-0013,Disconnect
{00000001C90A-29D8A057},2010-01-05 12:07:59,HVG7968,PC-0044,Connect
{00000001CCD5-1845CFC1},2010-01-05 12:29:03,KYR0991,PC-0061,Connect
{00000001CA60-2D439DFD},2010-01-05 12:34:32,IVL8082,PC-0051,Connect
{00000001E061-0AD42656},2010-01-05 12:37:32,IVL8082,PC-0051,Disconnect
{00000001E2D6-26D67CE8},2010-01-05 12:43:03,KYR0991,PC-0061,Disconnect
{00000001C731-17498CFE},2010-01-05 13:17:36,DNM3159,PC-0019,Connect
{00000001DF0B-183303B5},2010-01-05 13:18:59,HVG7968,PC-0044,Disconnect
{00000001D57A-0702B67B},2010-01-05 13:24:18,USS4618,PC-0121,Connect
{00000001DD32-37FF4341},2010-01-05 13:49:36,DNM3159,PC-0019,Disconnect
{00000001D62C-3FA159E3},2010-01-05 14:00:57,VNI5142,PC-0129,Connect
{00000001EB7B-1D0C9FB1},2010-01-05 14:32:18,USS4618,PC-0121,Disconnect
{00000001D730-2ED8F502},2010-01-05 14:34:05,XGF2493,PC-0139,Connect
{00000001CAB0-05F62BF0},2010-01-05 14:38:13,JDE8246,PC-0052,Connect
{00000001C369-08EE71D9},2010-01-05 14:48:40,ADG1145,PC-0001,Connect
{00000001EC2D-21AAE0CC},2010-01-05 14:51:57,VNI5142,PC-0129,Disconnect
{00000001D3E5-0F6F0F61},2010-01-05 15:26:40,TWU8511,PC-0115,Connect
{00000001C5B4-15093D04},2010-01-05 15:28:48,CVC0519,PC-0015,Connect
{00000001E0B1-00D43608},2010-01-05 15:31:13,JDE8246,PC-0052,Disconnect
{00000001CC07-379E1D04},2010-01-05 15:33:01,KIX3704,PC-0058,Connect
{00000001C36A-253393A1},2010-01-05 15:34:12,ADG1145,PC-0001,Connect
{00000001D2AD-2EAB8547},2010-01-05 15:35:32,SDT4191,PC-0106,Connect
{00000001D96B-17C9C55D},2010-01-05 15:38:12,ADG1145,PC-0001,Disconnect
{00000001CAAF-0526C252},2010-01-05 15:40:30,JDE8246,PC-0052,Connect
{00000001D62B-0C50B8EB},2010-01-05 15:43:34,VNI5142,PC-0129,Connect
{00000001CB20-2F5BFDF5},2010-01-05 15:44:39,JMM0438,PC-0053,Connect
{00000001ED31-0252DE17},2010-01-05 15:46:05,XGF2493,PC-0139,Disconnect
{00000001CFE1-35231195},2010-01-05 15:53:59,OLN5687,PC-0088,Connect
{00000001D96A-3D27B690},2010-01-05 16:09:40,ADG1145,PC-0001,Disconnect
{00000001E8AE-37A7D65C},2010-01-05 16:10:32,SDT4191,PC-0106,Disconnect
{00000001E208-172B3E2B},2010-01-05 16:13:01,KIX3704,PC-0058,Disconnect
{00000001E0B0-2E1393E1},2010-01-05 16:27:30,JDE8246,PC-0052,Disconnect
{00000001E9E6-0861EF0C},2010-01-05 16:28:40,TWU8511,PC-0115,Disconnect
{00000001D786-071CBAFD},2010-01-05 16:37:00,YDM6963,PC-0145,Connect
{00000001C47B-1D0C90AF},2010-01-05 16:39:09,AZE5960,PC-0006,Connect
{00000001E5E2-07D1A36B},2010-01-05 16:46:59,OLN5687,PC-0088,Disconnect
{00000001DBB5-06270BBB},2010-01-05 16:49:48,CVC0519,PC-0015,Disconnect
{00000001D347-3BBB371D},2010-01-05 17:01:15,SHV5792,PC-0108,Connect
{00000001C3FF-13F2E26A},2010-01-05 17:01:40,AUI6616,PC-0004,Connect
{00000001EC2C-341F85E7},2010-01-05 17:02:34,VNI5142,PC-0129,Disconnect
{00000001ED87-215C5792},2010-01-05 17:08:00,YDM6963,PC-0145,Disconnect
{00000001E121-04EA0F8F},2010-01-05 17:08:39,JMM0438,PC-0053,Disconnect
{00000001CA61-065863C0},2010-01-05 17:21:59,IVL8082,PC-0051,Connect
{00000001DA7C-352A4DBA},2010-01-05 17:39:09,AZE5960,PC-0006,Disconnect
{00000001E948-1F37DAFC},2010-01-05 17:51:15,SHV5792,PC-0108,Disconnect
{00000001D349-089E13F1},2010-01-05 17:59:01,SHV5792,PC-0108,Connect
{00000001E94A-03AC7C7C},2010-01-05 18:15:01,SHV5792,PC-0108,Disconnect
{00000001E062-3C4F37C3},2010-01-05 18:21:59,IVL8082,PC-0051,Disconnect
{00000001DA00-11661ADD},2010-01-05 18:22:40,AUI6616,PC-0004,Disconnect
{00000001C84F-10DC2918},2010-01-06 07:40:47,GRQ1397,PC-0036,Connect
{00000001CED6-1E2D1C05},2010-01-06 07:43:56,NRU3936,PC-0083,Connect
{00000001D731-355F55B4},2010-01-06 07:49:08,XGF2493,PC-0139,Connect
{00000001E4D7-290549C8},2010-01-06 07:49:56,NRU3936,PC-0083,Disconnect
{00000001D788-2D00519B},2010-01-06 07:50:15,YDM6963,PC-0145,Connect
{00000001ED32-03E5EAD0},2010-01-06 07:55:08,XGF2493,PC-0139,Disconnect
{00000001D62E-34324C91},2010-01-06 08:17:05,VNI5142,PC-0129,Connect
{00000001ED89-1349B06B},2010-01-06 08:19:15,YDM6963,PC-0145,Disconnect
{00000001CFE3-20D5AC9F},2010-01-06 08:21:18,OLN5687,PC-0088,Connect
{00000001EC2F-0D2B2228},2010-01-06 08:27:05,VNI5142,PC-0129,Disconnect
{00000001DE50-3083D946},2010-01-06 08:32:47,GRQ1397,PC-0036,Disconnect
{00000001C90C-27060BAE},2010-01-06 08:50:32,HVG7968,PC-0044,Connect
{00000001E5E4-321D37D8},2010-01-06 09:00:18,OLN5687,PC-0088,Disconnect
{00000001CCD7-383CEE55},2010-01-06 09:17:50,KYR0991,PC-0061,Connect
{00000001CD8B-1F58BE8D},2010-01-06 09:22:41,LRR4710,PC-0067,Connect
{00000001D941-0A3A82EE},2010-01-06 09:41:37,ZWA2339,PC-0158,Connect
{00000001DF0D-2CD90984},2010-01-06 09:47:32,HVG7968,PC-0044,Disconnect
{00000001C3D9-362FD094},2010-01-06 10:09:26,ATM7194,PC-0003,Connect
{00000001E38C-210CD9A6},2010-01-06 10:26:41,LRR4710,PC-0067,Disconnect
{00000001C400-2A7450AF},2010-01-06 10:28:56,AUI6616,PC-0004,Connect
{00000001C850-173B4766},2010-01-06 10:29:45,GRQ1397,PC-0036,Connect
{00000001EF42-3834BEDF},2010-01-06 10:30:37,ZWA2339,PC-0158,Disconnect
{00000001E2D8-29AF7717},2010-01-06 10:46:50,KYR0991,PC-0061,Disconnect
{00000001CE61-247B296F},2010-01-06 10:50:35,NBM1814,PC-0077,Connect
{00000001C90D-19FB20BA},2010-01-06 11:03:41,HVG7968,PC-0044,Connect
{00000001D170-1E6A20F6},2010-01-06 11:18:09,QSC3123,PC-0100,Connect
{00000001D9DA-2CB0E4CD},2010-01-06 11:22:26,ATM7194,PC-0003,Disconnect
{00000001D787-0E2B9F9C},2010-01-06 11:28:20,YDM6963,PC-0145,Connect
{00000001E462-059E37C3},2010-01-06 11:39:35,NBM1814,PC-0077,Disconnect
{00000001CC09-2A27381C},2010-01-06 11:42:16,KIX3704,PC-0058,Connect
{00000001DA01-12914227},2010-01-06 11:46:56,AUI6616,PC-0004,Disconnect
{00000001CD6C-147DD1DB},2010-01-06 11:51:52,LGT9691,PC-0063,Connect
{00000001E36D-13DAA5AB},2010-01-06 11:53:52,LGT9691,PC-0063,Disconnect
{00000001DE51-07C1F5C5},2010-01-06 11:58:45,GRQ1397,PC-0036,Disconnect
{00000001CC0B-13926441},2010-01-06 11:59:13,KIX3704,PC-0058,Connect
{00000001E771-227802E6},2010-01-06 12:03:09,QSC3123,PC-0100,Disconnect
{00000001ED88-2AB5C5ED},2010-01-06 12:05:20,YDM6963,PC-0145,Disconnect
{00000001C41C-1DD3E8C6},2010-01-06 12:16:39,AYY2409,PC-0005,Connect
{00000001DF0E-2D5F8968},2010-01-06 12:23:41,HVG7968,PC-0044,Disconnect
{00000001C766-248EAD6D},2010-01-06 12:41:06,EHP1536,PC-0027,Connect
{00000001E20C-3D5B1EC4},2010-01-06 12:42:13,KIX3704,PC-0058,Disconnect
{00000001DD67-14194F69},2010-01-06 12:50:06,EHP1536,PC-0027,Disconnect
{00000001E20A-345F8B89},2010-01-06 12:51:16,KIX3704,PC-0058,Disconnect
{00000001D942-0EDBED7E},2010-01-06 12:54:11,ZWA2339,PC-0158,Connect
{00000001DA1D-3D78FB31},2010-01-06 13:24:39,AYY2409,PC-0005,Disconnect
{00000001D34C-3F779B59},2010-01-06 14:01:37,SHV5792,PC-0108,Connect
{00000001EF43-2B8F96C0},2010-01-06 14:03:11,ZWA2339,PC-0158,Disconnect
{00000001D8D7-139A5AF7},2010-01-06 14:21:29,ZUI9718,PC-0157,Connect
{00000001D57B-3DF8C134},2010-01-06 14:24:19,USS4618,PC-0121,Connect
{00000001EB7C-31BED915},2010-01-06 14:38:19,USS4618,PC-0121,Disconnect
{00000001C765-27B37953},2010-01-06 14:39:46,EHP1536,PC-0027,Connect
{00000001EED8-1254BF90},2010-01-06 14:59:29,ZUI9718,PC-0157,Disconnect
{00000001DD66-2FEE2D2A},2010-01-06 15:17:46,EHP1536,PC-0027,Disconnect
{00000001E94D-00F82972},2010-01-06 15:23:37,SHV5792,PC-0108,Disconnect
{00000001CCD8-01983EB7},2010-01-06 15:28:19,KYR0991,PC-0061,Connect
{00000001CC0A-02055CAD},2010-01-06 15:45:29,KIX3704,PC-0058,Connect
{00000001D34B-1873AF70},2010-01-06 15:53:50,SHV5792,PC-0108,Connect
{00000001E2D9-02968024},2010-01-06 15:59:19,KYR0991,PC-0061,Disconnect
{00000001CED8-103B94E4},2010-01-06 16:05:46,NRU3936,PC-0083,Connect
{00000001D2AE-1418E801},2010-01-06 16:11:12,SDT4191,PC-0106,Connect
{00000001D83D-2FACBF33},2010-01-06 16:15:38,YLE8326,PC-0147,Connect
{00000001E4D9-22FE89C3},2010-01-06 16:17:46,NRU3936,PC-0083,Disconnect
{00000001D62D-16A378E2},2010-01-06 16:32:49,VNI5142,PC-0129,Connect
{00000001EE3E-3F159C9E},2010-01-06 16:41:38,YLE8326,PC-0147,Disconnect
{00000001E20B-10B7C0A1},2010-01-06 16:51:29,KIX3704,PC-0058,Disconnect
{00000001E8AF-0EE59C16},2010-01-06 16:56:12,SDT4191,PC-0106,Disconnect
{00000001D3E7-18B0C6F4},2010-01-06 16:57:08,TWU8511,PC-0115,Connect
{00000001E9E8-367FFFC5},2010-01-06 17:05:08,TWU8511,PC-0115,Disconnect
{00000001E94C-121AE9D8},2010-01-06 17:18:50,SHV5792,PC-0108,Disconnect
{00000001C90B-1F1B328E},2010-01-06 17:38:59,HVG7968,PC-0044,Connect
{00000001EC2E-0C27AB71},2010-01-06 17:43:49,VNI5142,PC-0129,Disconnect
{00000001CC08-0D37C02A},2010-01-06 17:44:33,KIX3704,PC-0058,Connect
{00000001CED7-2CC71C68},2010-01-06 17:56:20,NRU3936,PC-0083,Connect
{00000001DF0C-1177B819},2010-01-06 18:38:59,HVG7968,PC-0044,Disconnect
{00000001E4D8-38E1BAB1},2010-01-06 18:45:20,NRU3936,PC-0083,Disconnect
{00000001E209-34DB12B7},2010-01-06 19:01:33,KIX3704,PC-0058,Disconnect
{00000001CF9D-3EB7ECAF},2010-01-07 07:51:12,OET6830,PC-0086,Connect
{00000001D344-2C8D8730},2010-01-07 08:15:30,SEX5010,PC-0107,Connect
{00000001E59E-05DC8755},2010-01-07 08:43:12,OET6830,PC-0086,Disconnect
{00000001D83E-00C33D0F},2010-01-07 08:50:46,YLE8326,PC-0147,Connect
{00000001E945-0CC1C9AC},2010-01-07 09:23:30,SEX5010,PC-0107,Disconnect
{00000001CB21-3CB7A69C},2010-01-07 09:37:36,JMM0438,PC-0053,Connect
{00000001EE3F-04E97F87},2010-01-07 09:40:46,YLE8326,PC-0147,Disconnect
{00000001D2AF-37575EE4},2010-01-07 10:06:13,SDT4191,PC-0106,Connect
{00000001C768-387613C4},2010-01-07 10:09:19,EHP1536,PC-0027,Connect
{00000001E122-30C6A4E3},2010-01-07 10:25:36,JMM0438,PC-0053,Disconnect
{00000001D52D-39B153A9},2010-01-07 10:36:14,UQK8227,PC-0120,Connect
{00000001CCBF-173E72B9},2010-01-07 10:37:29,KJX0944,PC-0059,Connect
{00000001DD69-15C9E257},2010-01-07 10:50:19,EHP1536,PC-0027,Disconnect
{00000001D57C-04ADC177},2010-01-07 10:51:49,USS4618,PC-0121,Connect
{00000001EB7D-2BF60378},2010-01-07 11:02:49,USS4618,PC-0121,Disconnect
{00000001CF9C-3D567A5B},2010-01-07 11:10:16,OET6830,PC-0086,Connect
{00000001E8B0-21328E09},2010-01-07 11:11:13,SDT4191,PC-0106,Disconnect
{00000001CF80-0EBED8E9},2010-01-07 11:17:36,OEM8566,PC-0085,Connect
{00000001C767-06BB8D6A},2010-01-07 11:19:09,EHP1536,PC-0027,Connect
{00000001C41E-1C783462},2010-01-07 11:25:47,AYY2409,PC-0005,Connect
{00000001DD68-213E5CC0},2010-01-07 11:33:09,EHP1536,PC-0027,Disconnect
{00000001DA1F-23AC181A},2010-01-07 11:33:47,AYY2409,PC-0005,Disconnect
{00000001E2C0-3396EEC3},2010-01-07 11:49:29,KJX0944,PC-0059,Disconnect
{00000001EB2E-1CD52171},2010-01-07 11:56:14,UQK8227,PC-0120,Disconnect
{00000001E59D-22D6F2A3},2010-01-07 12:06:16,OET6830,PC-0086,Disconnect
{00000001C4BF-39957613},2010-01-07 12:11:57,COU3039,PC-0011,Connect
{00000001CA62-07B3B426},2010-01-07 12:32:14,IVL8082,PC-0051,Connect
{00000001C47C-13B976C5},2010-01-07 12:32:24,AZE5960,PC-0006,Connect
{00000001E063-17E9D7E9},2010-01-07 12:35:14,IVL8082,PC-0051,Disconnect
{00000001E581-35457746},2010-01-07 12:41:36,OEM8566,PC-0085,Disconnect
{00000001CC0D-21C9C957},2010-01-07 12:43:21,KIX3704,PC-0058,Connect
{00000001CC0C-2B1FD6CE},2010-01-07 12:48:33,KIX3704,PC-0058,Connect
{00000001E20D-2941502E},2010-01-07 12:57:33,KIX3704,PC-0058,Disconnect
{00000001DA7D-22AC8485},2010-01-07 12:59:24,AZE5960,PC-0006,Disconnect
{00000001DAC0-28F1B780},2010-01-07 13:23:57,COU3039,PC-0011,Disconnect
{00000001E20E-03AF7DFB},2010-01-07 13:34:21,KIX3704,PC-0058,Disconnect
{00000001D29B-2C92FFB1},2010-01-07 13:47:29,SBF1746,PC-0105,Connect
{00000001E89C-3ED1C5FE},2010-01-07 13:54:29,SBF1746,PC-0105,Disconnect
{00000001D6CD-0114C165},2010-01-07 14:08:50,WLH0216,PC-0135,Connect
{00000001CF9B-1DD3E2D6},2010-01-07 14:11:05,OET6830,PC-0086,Connect
{00000001E59C-03A650BB},2010-01-07 14:19:05,OET6830,PC-0086,Disconnect
{00000001CDE7-07601F42},2010-01-07 14:39:00,MDR4757,PC-0071,Connect
{00000001D943-10A55412},2010-01-07 14:59:24,ZWA2339,PC-0158,Connect
{00000001ECCE-13D82880},2010-01-07 15:10:50,WLH0216,PC-0135,Disconnect
{00000001D205-01B4532F},2010-01-07 15:25:36,RUT1946,PC-0104,Connect
{00000001EF44-2AF74CCB},2010-01-07 15:31:24,ZWA2339,PC-0158,Disconnect
{00000001E806-399A88DD},2010-01-07 15:37:36,RUT1946,PC-0104,Disconnect
{00000001E3E8-14BEA7CB},2010-01-07 15:41:00,MDR4757,PC-0071,Disconnect
{00000001CFE4-3473E859},2010-01-07 15:43:33,OLN5687,PC-0088,Connect
{00000001D204-3188F2EE},2010-01-07 15:53:33,RUT1946,PC-0104,Connect
{00000001E805-1ECD62AF},2010-01-07 16:08:33,RUT1946,PC-0104,Disconnect
{00000001D49B-1541F52A},2010-01-07 16:13:08,UEH9251,PC-0117,Connect
{00000001E5E5-16E8C55B},2010-01-07 16:33:33,OLN5687,PC-0088,Disconnect
{00000001C642-1670F3D2},2010-01-07 16:36:17,DHG6594,PC-0016,Connect
{00000001C41D-130FDD17},2010-01-07 16:45:40,AYY2409,PC-0005,Connect
{00000001D8A2-3AA91146},2010-01-07 16:46:53,ZIF9528,PC-0154,Connect
{00000001DC43-0B2EB5B2},2010-01-07 17:19:17,DHG6594,PC-0016,Disconnect
{00000001EA9C-03A5E088},2010-01-07 17:24:08,UEH9251,PC-0117,Disconnect
{00000001C643-1EC91E1D},2010-01-07 17:26:05,DHG6594,PC-0016,Connect
{00000001CAB1-0E766D0F},2010-01-07 17:33:25,JDE8246,PC-0052,Connect
{00000001EEA3-2AA2A072},2010-01-07 17:42:53,ZIF9528,PC-0154,Disconnect
{00000001E0B2-292DF6AC},2010-01-07 17:53:25,JDE8246,PC-0052,Disconnect
{00000001DA1E-142142DD},2010-01-07 17:54:40,AYY2409,PC-0005,Disconnect
{00000001DC44-33A9EE90},2010-01-07 18:10:05,DHG6594,PC-0016,Disconnect
{00000001CD8C-3A274B9E},2010-01-08 07:01:08,LRR4710,PC-0067,Connect
{00000001E38D-321024DB},2010-01-08 07:18:08,LRR4710,PC-0067,Disconnect
{00000001D34E-218692B5},2010-01-08 07:33:27,SHV5792,PC-0108,Connect
{00000001CA13-3BC17B22},2010-01-08 07:50:36,IDI9618,PC-0048,Connect
{00000001CD7F-2B99336F},2010-01-08 07:53:18,LMQ7847,PC-0066,Connect
{00000001E94F-3913ADAC},2010-01-08 08:15:27,SHV5792,PC-0108,Disconnect
{00000001D6CE-1A99C349},2010-01-08 08:24:42,WLH0216,PC-0135,Connect
{00000001C90E-343F4EF9},2010-01-08 08:36:58,HVG7968,PC-0044,Connect
{00000001CC0F-2620C05F},2010-01-08 08:46:40,KIX3704,PC-0058,Connect
{00000001D944-1A2FB71E},2010-01-08 08:51:41,ZWA2339,PC-0158,Connect
{00000001CA63-05C8FE35},2010-01-08 09:04:41,IVL8082,PC-0051,Connect
{00000001E380-35F2F870},2010-01-08 09:11:18,LMQ7847,PC-0066,Disconnect
{00000001E014-2A932D04},2010-01-08 09:13:36,IDI9618,PC-0048,Disconnect
{00000001ECCF-2AF612F1},2010-01-08 09:16:42,WLH0216,PC-0135,Disconnect
{00000001DF0F-18935540},2010-01-08 09:22:58,HVG7968,PC-0044,Disconnect
{00000001C5B5-0D13E325},2010-01-08 09:26:30,CVC0519,PC-0015,Connect
{00000001EF45-0CF2F8D6},2010-01-08 09:26:41,ZWA2339,PC-0158,Disconnect
{00000001E064-29D9EDEF},2010-01-08 09:33:41,IVL8082,PC-0051,Disconnect
{00000001E210-1A2FEFD6},2010-01-08 09:53:40,KIX3704,PC-0058,Disconnect
{00000001C4C0-1AE07D6F},2010-01-08 10:00:00,COU3039,PC-0011,Connect
{00000001C5B6-102DE077},2010-01-08 10:26:05,CVC0519,PC-0015,Connect
{00000001DBB6-03CAA2B2},2010-01-08 10:30:30,CVC0519,PC-0015,Disconnect
{00000001DBB7-28EC2485},2010-01-08 10:32:05,CVC0519,PC-0015,Disconnect
{00000001C5A9-315E60FC},2010-01-08 11:13:15,CUR4388,PC-0014,Connect
{00000001DAC1-01DFC61B},2010-01-08 11:26:00,COU3039,PC-0011,Disconnect
{00000001D3E8-2A9D0A3E},2010-01-08 11:50:15,TWU8511,PC-0115,Connect
{00000001CED9-2B133319},2010-01-08 11:52:11,NRU3936,PC-0083,Connect
{00000001DBAA-2E9FC917},2010-01-08 11:57:15,CUR4388,PC-0014,Disconnect
{00000001E9E9-0ED05FE5},2010-01-08 12:01:15,TWU8511,PC-0115,Disconnect
{00000001D3E9-39CE7F39},2010-01-08 12:23:59,TWU8511,PC-0115,Connect
{00000001D8D8-01B0A159},2010-01-08 12:24:37,ZUI9718,PC-0157,Connect
{00000001CB22-0514C0B7},2010-01-08 12:28:26,JMM0438,PC-0053,Connect
{00000001E4DA-250F0A9D},2010-01-08 12:30:11,NRU3936,PC-0083,Disconnect
{00000001D4D0-177064C7},2010-01-08 12:52:43,UKR6395,PC-0118,Connect
{00000001D34D-205F2478},2010-01-08 12:57:10,SHV5792,PC-0108,Connect
{00000001CC0E-3FB82F08},2010-01-08 12:59:04,KIX3704,PC-0058,Connect
{00000001E123-3DF62EB1},2010-01-08 13:02:26,JMM0438,PC-0053,Disconnect
{00000001E9EA-15DA994B},2010-01-08 13:06:59,TWU8511,PC-0115,Disconnect
{00000001CFE5-2B5E023F},2010-01-08 13:10:47,OLN5687,PC-0088,Connect
{00000001EAD1-1AA171DA},2010-01-08 13:35:43,UKR6395,PC-0118,Disconnect
{00000001D870-25BE6919},2010-01-08 13:44:42,YST5811,PC-0149,Connect
{00000001EED9-09140C56},2010-01-08 13:45:37,ZUI9718,PC-0157,Disconnect
{00000001E94E-1079B7BD},2010-01-08 14:12:10,SHV5792,PC-0108,Disconnect
{00000001E20F-09C2E498},2010-01-08 14:13:04,KIX3704,PC-0058,Disconnect
{00000001E5E6-2D98E6C2},2010-01-08 14:26:47,OLN5687,PC-0088,Disconnect
{00000001D5D6-0000527E},2010-01-08 15:01:21,UUU6648,PC-0122,Connect
{00000001EE71-167AF922},2010-01-08 15:09:42,YST5811,PC-0149,Disconnect
{00000001EBD7-359003B0},2010-01-08 15:49:21,UUU6648,PC-0122,Disconnect
{00000001C90F-317BED0C},2010-01-08 15:50:26,HVG7968,PC-0044,Connect
{00000001D52E-3C832CC4},2010-01-08 16:02:59,UQK8227,PC-0120,Connect
{00000001CB23-14821B56},2010-01-08 16:12:50,JMM0438,PC-0053,Connect
{00000001E124-3BCAAACE},2010-01-08 16:21:50,JMM0438,PC-0053,Disconnect
{00000001D62F-02E50807},2010-01-08 16:22:52,VNI5142,PC-0129,Connect
{00000001D4CF-211CD6BB},2010-01-08 16:27:12,UKR6395,PC-0118,Connect
{00000001D171-1FEA8804},2010-01-08 16:32:21,QSC3123,PC-0100,Connect
{00000001DF10-3347D5D8},2010-01-08 16:42:26,HVG7968,PC-0044,Disconnect
{00000001EB2F-1FEC655C},2010-01-08 16:53:59,UQK8227,PC-0120,Disconnect
{00000001EAD0-1407669E},2010-01-08 17:00:12,UKR6395,PC-0118,Disconnect
{00000001D125-0D4097D5},2010-01-08 17:00:19,QCT4158,PC-0097,Connect
{00000001E772-0019F720},2010-01-08 17:00:21,QSC3123,PC-0100,Disconnect
{00000001D206-2FFDB222},2010-01-08 17:03:25,RUT1946,PC-0104,Connect
{00000001EC30-20382533},2010-01-08 17:13:52,VNI5142,PC-0129,Disconnect
{00000001D5D7-15AA69BF},2010-01-08 17:24:39,UUU6648,PC-0122,Connect
{00000001E807-11204C15},2010-01-08 17:27:25,RUT1946,PC-0104,Disconnect
{00000001D732-00FD2086},2010-01-08 17:30:06,XGF2493,PC-0139,Connect
{00000001C3DA-20AE2954},2010-01-08 17:43:29,ATM7194,PC-0003,Connect
{00000001C50C-052EBA54},2010-01-08 17:53:32,CQZ8674,PC-0013,Connect
{00000001E726-0E5E7797},2010-01-08 18:22:19,QCT4158,PC-0097,Disconnect
{00000001EBD8-05A41FA9},2010-01-08 18:27:39,UUU6648,PC-0122,Disconnect
{00000001DB0D-3DB99DD6},2010-01-08 18:40:32,CQZ8674,PC-0013,Disconnect
{00000001ED33-001C719F},2010-01-08 18:48:06,XGF2493,PC-0139,Disconnect
{00000001D9DB-3726FE05},2010-01-08 19:03:29,ATM7194,PC-0003,Disconnect
{00000001CA64-1D3AD220},2010-01-11 07:06:49,IVL8082,PC-0051,Connect
{00000001C851-07B04194},2010-01-11 07:13:14,GRQ1397,PC-0036,Connect
{00000001C5B7-28B82898},2010-01-11 07:13:37,CVC0519,PC-0015,Connect
{00000001DBB8-2363A074},2010-01-11 07:26:37,CVC0519,PC-0015,Disconnect
{00000001D4D1-0E36B280},2010-01-11 07:27:38,UKR6395,PC-0118,Connect
{00000001D6CF-21E06B22},2010-01-11 07:28:18,WLH0216,PC-0135,Connect
{00000001DE52-1B5B5281},2010-01-11 07:30:14,GRQ1397,PC-0036,Disconnect
{00000001EAD2-284F7446},2010-01-11 07:34:38,UKR6395,PC-0118,Disconnect
{00000001E065-2E1F8662},2010-01-11 07:40:49,IVL8082,PC-0051,Disconnect
{00000001ECD0-3E716134},2010-01-11 07:51:18,WLH0216,PC-0135,Disconnect
{00000001C41F-10798039},2010-01-11 08:32:58,AYY2409,PC-0005,Connect
{00000001D858-3A8F66E0},2010-01-11 09:12:11,YNX1016,PC-0148,Connect
{00000001D3EA-19DEB5E8},2010-01-11 09:33:41,TWU8511,PC-0115,Connect
{00000001E9EB-1BDC5076},2010-01-11 09:36:41,TWU8511,PC-0115,Disconnect
{00000001DA20-13194E1E},2010-01-11 09:37:58,AYY2409,PC-0005,Disconnect
{00000001EE59-35AF1862},2010-01-11 09:42:11,YNX1016,PC-0148,Disconnect
{00000001CDA0-070D0C88},2010-01-11 10:15:52,LYE5717,PC-0069,Connect
{00000001CC03-31EF625D},2010-01-11 10:19:13,JVA8961,PC-0055,Connect
{00000001E3A1-030A98CF},2010-01-11 11:07:52,LYE5717,PC-0069,Disconnect
{00000001CA49-34C9C916},2010-01-11 11:15:35,IIY1438,PC-0050,Connect
{00000001E204-193AE8A7},2010-01-11 11:30:13,JVA8961,PC-0055,Disconnect
{00000001CD9F-2A206BBA},2010-01-11 11:48:40,LYE5717,PC-0069,Connect
{00000001E04A-32748CD9},2010-01-11 11:55:35,IIY1438,PC-0050,Disconnect
{00000001D945-26397869},2010-01-11 12:26:04,ZWA2339,PC-0158,Connect
{00000001EF46-16166B36},2010-01-11 12:43:04,ZWA2339,PC-0158,Disconnect
{00000001E3A0-0EE5D41F},2010-01-11 12:56:40,LYE5717,PC-0069,Disconnect
{00000001C910-2A94D792},2010-01-11 13:23:19,HVG7968,PC-0044,Connect
{00000001C50F-0B4D537F},2010-01-11 13:30:44,CQZ8674,PC-0013,Connect
{00000001D57D-1E32D1D8},2010-01-11 13:37:24,USS4618,PC-0121,Connect
{00000001D7FF-0A10C7EF},2010-01-11 14:00:21,YIO5206,PC-0146,Connect
{00000001D6D0-36AFF2A9},2010-01-11 14:00:44,WLH0216,PC-0135,Connect
{00000001C50E-29B9C6F9},2010-01-11 14:00:47,CQZ8674,PC-0013,Connect
{00000001DB10-1FEEACEA},2010-01-11 14:15:44,CQZ8674,PC-0013,Disconnect
{00000001C644-166D0354},2010-01-11 14:16:22,DHG6594,PC-0016,Connect
{00000001D34F-0D982AB4},2010-01-11 14:21:20,SHV5792,PC-0108,Connect
{00000001EB7E-0C1B971E},2010-01-11 14:33:24,USS4618,PC-0121,Disconnect
{00000001DF11-303AB41C},2010-01-11 14:35:19,HVG7968,PC-0044,Disconnect
{00000001EE00-14CBC4A3},2010-01-11 14:38:21,YIO5206,PC-0146,Disconnect
{00000001D857-045BD044},2010-01-11 14:54:48,YNX1016,PC-0148,Connect
{00000001ECD1-0F797712},2010-01-11 15:00:44,WLH0216,PC-0135,Disconnect
{00000001D350-121698A8},2010-01-11 15:07:46,SHV5792,PC-0108,Connect
{00000001CB25-3BEEAE5C},2010-01-11 15:08:24,JMM0438,PC-0053,Connect
{00000001EE58-30BEC4E4},2010-01-11 15:08:48,YNX1016,PC-0148,Disconnect
{00000001E950-021D3EF0},2010-01-11 15:10:20,SHV5792,PC-0108,Disconnect
{00000001C4C1-23ADA252},2010-01-11 15:11:40,COU3039,PC-0011,Connect
{00000001DB0F-3971E2AC},2010-01-11 15:23:47,CQZ8674,PC-0013,Disconnect
{00000001D3EB-1751FD65},2010-01-11 15:29:22,TWU8511,PC-0115,Connect
{00000001E9EC-103C0DE5},2010-01-11 15:31:22,TWU8511,PC-0115,Disconnect
{00000001DC45-37D50F58},2010-01-11 15:32:22,DHG6594,PC-0016,Disconnect
{00000001CE12-2E761B11},2010-01-11 15:55:46,MGI5307,PC-0072,Connect
{00000001C50D-021BA4F6},2010-01-11 15:57:58,CQZ8674,PC-0013,Connect
{00000001E951-1BD70406},2010-01-11 16:00:46,SHV5792,PC-0108,Disconnect
{00000001E126-3A608999},2010-01-11 16:18:24,JMM0438,PC-0053,Disconnect
{00000001DB0E-369FCD6F},2010-01-11 16:20:58,CQZ8674,PC-0013,Disconnect
{00000001DAC2-2F795E2B},2010-01-11 16:37:40,COU3039,PC-0011,Disconnect
{00000001E413-07AB338A},2010-01-11 16:52:46,MGI5307,PC-0072,Disconnect
{00000001C911-2CE24F63},2010-01-11 16:59:05,HVG7968,PC-0044,Connect
{00000001C912-02F49CDB},2010-01-11 16:59:14,HVG7968,PC-0044,Connect
{00000001D83F-24D078F6},2010-01-11 17:27:58,YLE8326,PC-0147,Connect
{00000001CB24-11B680A8},2010-01-11 17:28:02,JMM0438,PC-0053,Connect
{00000001DF12-3980B343},2010-01-11 17:36:05,HVG7968,PC-0044,Disconnect
{00000001D789-29FD1D9F},2010-01-11 17:39:13,YDM6963,PC-0145,Connect
{00000001CFE6-04F6EDEF},2010-01-11 17:56:59,OLN5687,PC-0088,Connect
{00000001EE40-024BD4B8},2010-01-11 18:08:58,YLE8326,PC-0147,Disconnect
{00000001DF13-12AFAE02},2010-01-11 18:21:14,HVG7968,PC-0044,Disconnect
{00000001E125-3A20B996},2010-01-11 18:30:02,JMM0438,PC-0053,Disconnect
{00000001ED8A-2CA72390},2010-01-11 18:37:13,YDM6963,PC-0145,Disconnect
{00000001E5E7-01F29A40},2010-01-11 18:39:59,OLN5687,PC-0088,Disconnect
{00000001C510-1EF489DA},2010-01-12 09:02:56,CQZ8674,PC-0013,Connect
{00000001D8D9-024AE754},2010-01-12 09:09:59,ZUI9718,PC-0157,Connect
{00000001C511-2BE11F07},2010-01-12 09:15:55,CQZ8674,PC-0013,Connect
{00000001D840-1F06FD02},2010-01-12 09:24:06,YLE8326,PC-0147,Connect
{00000001D3C1-2D88E58F},2010-01-12 09:24:54,TTJ2624,PC-0112,Connect
{00000001EE41-0BA3006A},2010-01-12 09:39:06,YLE8326,PC-0147,Disconnect
{00000001DB11-32315811},2010-01-12 09:40:56,CQZ8674,PC-0013,Disconnect
{00000001D8A3-3E9FDBB0},2010-01-12 09:51:21,ZIF9528,PC-0154,Connect
{00000001EEDA-30AD4A6D},2010-01-12 10:02:59,ZUI9718,PC-0157,Disconnect
{00000001C913-0CEE0A2F},2010-01-12 10:16:53,HVG7968,PC-0044,Connect
{00000001E9C2-3C1312B2},2010-01-12 10:27:54,TTJ2624,PC-0112,Disconnect
{00000001DB12-239C3520},2010-01-12 10:44:55,CQZ8674,PC-0013,Disconnect
{00000001D57E-164D6337},2010-01-12 10:55:51,USS4618,PC-0121,Connect
{00000001CDD5-1191E4D8},2010-01-12 11:02:08,MAP5551,PC-0070,Connect
{00000001C4F9-0EC76477},2010-01-12 11:02:47,COX0638,PC-0012,Connect
{00000001EEA4-1CE51CAC},2010-01-12 11:18:21,ZIF9528,PC-0154,Disconnect
{00000001CE62-07FF3B2A},2010-01-12 11:18:44,NBM1814,PC-0077,Connect
{00000001CC10-2394A022},2010-01-12 11:25:57,KIX3704,PC-0058,Connect
{00000001CEDA-10EDB6A1},2010-01-12 11:41:37,NRU3936,PC-0083,Connect
{00000001DF14-157A10DE},2010-01-12 11:43:53,HVG7968,PC-0044,Disconnect
{00000001DAFA-3C935CD6},2010-01-12 11:45:47,COX0638,PC-0012,Disconnect
{00000001E211-39D40425},2010-01-12 11:50:57,KIX3704,PC-0058,Disconnect
{00000001E463-2EAC7B75},2010-01-12 11:56:44,NBM1814,PC-0077,Disconnect
{00000001CCD9-01977B49},2010-01-12 11:59:18,KYR0991,PC-0061,Connect
{00000001EB7F-3D3F35E6},2010-01-12 12:11:51,USS4618,PC-0121,Disconnect
{00000001E3D6-0158070D},2010-01-12 12:13:08,MAP5551,PC-0070,Disconnect
{00000001E4DB-3973E7C3},2010-01-12 12:16:37,NRU3936,PC-0083,Disconnect
{00000001C805-35026386},2010-01-12 12:27:36,ETS3545,PC-0029,Connect
{00000001E2DA-21348517},2010-01-12 12:29:18,KYR0991,PC-0061,Disconnect
{00000001DE06-106D0DF1},2010-01-12 12:45:36,ETS3545,PC-0029,Disconnect
{00000001D57F-3F0184A1},2010-01-12 13:04:31,USS4618,PC-0121,Connect
{00000001EB80-24A3CA82},2010-01-12 13:45:31,USS4618,PC-0121,Disconnect
{00000001CA14-153D2195},2010-01-12 13:51:18,IDI9618,PC-0048,Connect
{00000001E015-3A0397EB},2010-01-12 14:20:18,IDI9618,PC-0048,Disconnect
{00000001C645-3210609E},2010-01-12 14:50:18,DHG6594,PC-0016,Connect
{00000001D4D2-123CC192},2010-01-12 15:00:47,UKR6395,PC-0118,Connect
{00000001CAB2-0708A66D},2010-01-12 15:23:44,JDE8246,PC-0052,Connect
{00000001DC46-12BAF0C4},2010-01-12 15:45:18,DHG6594,PC-0016,Disconnect
{00000001CB26-23DE7851},2010-01-12 15:46:15,JMM0438,PC-0053,Connect
{00000001EAD3-11A51CCC},2010-01-12 15:47:47,UKR6395,PC-0118,Disconnect
{00000001D172-3BFDF37D},2010-01-12 15:48:24,QSC3123,PC-0100,Connect
{00000001E127-3CC57FC5},2010-01-12 15:56:15,JMM0438,PC-0053,Disconnect
{00000001E0B3-1BC03C23},2010-01-12 16:13:44,JDE8246,PC-0052,Disconnect
{00000001D29C-1D75F5F1},2010-01-12 16:36:33,SBF1746,PC-0105,Connect
{00000001C36B-1CDEE83C},2010-01-12 16:41:38,ADG1145,PC-0001,Connect
{00000001D96C-0230C647},2010-01-12 16:56:38,ADG1145,PC-0001,Disconnect
{00000001D207-3580B060},2010-01-12 16:58:08,RUT1946,PC-0104,Connect
{00000001E773-2D992FA5},2010-01-12 17:08:24,QSC3123,PC-0100,Disconnect
{00000001C401-1F12593F},2010-01-12 17:09:49,AUI6616,PC-0004,Connect
{00000001E89D-0FCCF607},2010-01-12 17:10:33,SBF1746,PC-0105,Disconnect
{00000001C852-14A8114E},2010-01-12 17:19:27,GRQ1397,PC-0036,Connect
{00000001D0C4-088939DC},2010-01-12 17:28:07,OMU2669,PC-0089,Connect
{00000001D13C-2E6DE108},2010-01-12 17:30:11,QHQ5150,PC-0098,Connect
{00000001CE63-1391AAC3},2010-01-12 17:41:18,NBM1814,PC-0077,Connect
{00000001CE93-000D955C},2010-01-12 17:48:15,NDV4503,PC-0078,Connect
{00000001DA02-04D91F0B},2010-01-12 18:04:49,AUI6616,PC-0004,Disconnect
{00000001E808-30183096},2010-01-12 18:06:08,RUT1946,PC-0104,Disconnect
{00000001DE53-013FFF4E},2010-01-12 18:16:27,GRQ1397,PC-0036,Disconnect
{00000001E6C5-10B4DCA3},2010-01-12 18:27:07,OMU2669,PC-0089,Disconnect
{00000001E73D-2A18F6F3},2010-01-12 18:34:11,QHQ5150,PC-0098,Disconnect
{00000001E464-28A6189E},2010-01-12 18:36:18,NBM1814,PC-0077,Disconnect
{00000001E494-25E009A1},2010-01-12 18:38:15,NDV4503,PC-0078,Disconnect
{00000001CE94-0994DB9A},2010-01-13 07:07:13,NDV4503,PC-0078,Connect
{00000001CD6D-37EB3592},2010-01-13 07:10:55,LGT9691,PC-0063,Connect
{00000001E495-2A5E6781},2010-01-13 07:23:13,NDV4503,PC-0078,Disconnect
{00000001CD6E-2924CE8A},2010-01-13 07:40:36,LGT9691,PC-0063,Connect
{00000001CE65-1B68FFB2},2010-01-13 07:52:18,NBM1814,PC-0077,Connect
{00000001E36E-294DA7C5},2010-01-13 08:01:55,LGT9691,PC-0063,Disconnect
{00000001D13D-303F7DDF},2010-01-13 08:05:59,QHQ5150,PC-0098,Connect
{00000001E466-0B2BAE7C},2010-01-13 08:15:18,NBM1814,PC-0077,Disconnect
{00000001E73E-1BD994EA},2010-01-13 08:47:59,QHQ5150,PC-0098,Disconnect
{00000001E36F-12379072},2010-01-13 09:00:36,LGT9691,PC-0063,Disconnect
{00000001D78A-080BFCFA},2010-01-13 09:05:38,YDM6963,PC-0145,Connect
{00000001D631-3E71B906},2010-01-13 09:30:24,VNI5142,PC-0129,Connect
{00000001ED8B-10388DD3},2010-01-13 09:48:38,YDM6963,PC-0145,Disconnect
{00000001C5B8-23355904},2010-01-13 09:48:39,CVC0519,PC-0015,Connect
{00000001EC32-2C202DD2},2010-01-13 09:58:24,VNI5142,PC-0129,Disconnect
{00000001C8F4-2D0018CA},2010-01-13 10:25:35,HMR4907,PC-0043,Connect
{00000001D630-25DECC62},2010-01-13 10:36:28,VNI5142,PC-0129,Connect
{00000001D6D1-10D915F3},2010-01-13 10:51:28,WLH0216,PC-0135,Connect
{00000001DBB9-1D73A2C9},2010-01-13 10:57:39,CVC0519,PC-0015,Disconnect
{00000001ECD2-1F26FFE6},2010-01-13 11:00:28,WLH0216,PC-0135,Disconnect
{00000001DEF5-27B52F14},2010-01-13 11:00:35,HMR4907,PC-0043,Disconnect
{00000001CEDB-3C4D86CA},2010-01-13 11:06:38,NRU3936,PC-0083,Connect
{00000001CB29-1DC99765},2010-01-13 11:07:38,JMM0438,PC-0053,Connect
{00000001EC31-2307D006},2010-01-13 11:09:28,VNI5142,PC-0129,Disconnect
{00000001D2B0-3EBB1D08},2010-01-13 11:12:13,SDT4191,PC-0106,Connect
{00000001D3EC-04D2367F},2010-01-13 11:16:56,TWU8511,PC-0115,Connect
{00000001D8A4-232681EA},2010-01-13 11:22:16,ZIF9528,PC-0154,Connect
{00000001E8B1-110104E4},2010-01-13 11:33:13,SDT4191,PC-0106,Disconnect
{00000001EEA5-0985A9BA},2010-01-13 11:33:16,ZIF9528,PC-0154,Disconnect
{00000001E9ED-319C8A05},2010-01-13 11:43:56,TWU8511,PC-0115,Disconnect
{00000001C646-32C9CA69},2010-01-13 11:44:14,DHG6594,PC-0016,Connect
{00000001E4DC-325278B0},2010-01-13 11:46:38,NRU3936,PC-0083,Disconnect
{00000001E12A-3FC9828B},2010-01-13 11:56:38,JMM0438,PC-0053,Disconnect
{00000001D580-2DFCC727},2010-01-13 11:57:44,USS4618,PC-0121,Connect
{00000001CFE7-01312CBF},2010-01-13 12:18:43,OLN5687,PC-0088,Connect
{00000001DC47-2EA199AD},2010-01-13 12:30:14,DHG6594,PC-0016,Disconnect
{00000001C853-22B3B41E},2010-01-13 12:39:10,GRQ1397,PC-0036,Connect
{00000001E5E8-3763CDA9},2010-01-13 12:57:43,OLN5687,PC-0088,Disconnect
{00000001C5B9-3096CB91},2010-01-13 13:02:21,CVC0519,PC-0015,Connect
{00000001CE64-3BF0F596},2010-01-13 13:12:43,NBM1814,PC-0077,Connect
{00000001D2B1-23C5A119},2010-01-13 13:20:10,SDT4191,PC-0106,Connect
{00000001EB81-252CF7C8},2010-01-13 13:21:44,USS4618,PC-0121,Disconnect
{00000001E8B2-15074497},2010-01-13 13:31:10,SDT4191,PC-0106,Disconnect
{00000001D581-3C411283},2010-01-13 13:32:44,USS4618,PC-0121,Connect
{00000001DE54-3B565AD9},2010-01-13 13:48:10,GRQ1397,PC-0036,Disconnect
{00000001D0EF-28A6AE63},2010-01-13 13:52:18,OQO5535,PC-0090,Connect
{00000001DBBA-0E2505B1},2010-01-13 13:57:21,CVC0519,PC-0015,Disconnect
{00000001EB82-3A46B109},2010-01-13 14:05:44,USS4618,PC-0121,Disconnect
{00000001E465-3ECA719E},2010-01-13 14:08:43,NBM1814,PC-0077,Disconnect
{00000001D173-2507B4A6},2010-01-13 14:28:15,QSC3123,PC-0100,Connect
{00000001E6F0-15ECC97D},2010-01-13 14:46:18,OQO5535,PC-0090,Disconnect
{00000001CB27-32D611B4},2010-01-13 14:47:44,JMM0438,PC-0053,Connect
{00000001CE3B-0A3B19E1},2010-01-13 14:56:25,MSH7807,PC-0075,Connect
{00000001E774-004B9B8F},2010-01-13 15:09:15,QSC3123,PC-0100,Disconnect
{00000001E128-32E45BB0},2010-01-13 15:10:44,JMM0438,PC-0053,Disconnect
{00000001C420-0217B84C},2010-01-13 15:11:10,AYY2409,PC-0005,Connect
{00000001C36C-048E4032},2010-01-13 15:51:18,ADG1145,PC-0001,Connect
{00000001DA21-1EAE2959},2010-01-13 15:58:10,AYY2409,PC-0005,Disconnect
{00000001E43C-07997A83},2010-01-13 16:04:25,MSH7807,PC-0075,Disconnect
{00000001D96D-2D2C086E},2010-01-13 16:11:18,ADG1145,PC-0001,Disconnect
{00000001CFE8-2AAB6539},2010-01-13 16:26:03,OLN5687,PC-0088,Connect
{00000001CB28-1D3FCA43},2010-01-13 16:43:51,JMM0438,PC-0053,Connect
{00000001E129-1DC9348D},2010-01-13 17:02:51,JMM0438,PC-0053,Disconnect
{00000001C914-1987ED93},2010-01-13 17:05:05,HVG7968,PC-0044,Connect
{00000001E5E9-31C7E502},2010-01-13 17:12:03,OLN5687,PC-0088,Disconnect
{00000001CFE9-08EFF8E0},2010-01-13 17:15:14,OLN5687,PC-0088,Connect
{00000001CDE8-24EE017F},2010-01-13 17:28:18,MDR4757,PC-0071,Connect
{00000001DF15-3CC3B103},2010-01-13 17:32:05,HVG7968,PC-0044,Disconnect
{00000001E3E9-3A4A3FB9},2010-01-13 17:43:18,MDR4757,PC-0071,Disconnect
{00000001E5EA-0B5225C7},2010-01-13 17:59:14,OLN5687,PC-0088,Disconnect
{00000001D604-13B806A6},2010-01-14 07:30:31,VDL1237,PC-0125,Connect
{00000001C769-2C47AC31},2010-01-14 07:31:51,EHP1536,PC-0027,Connect
{00000001EC05-0C2E22ED},2010-01-14 07:41:31,VDL1237,PC-0125,Disconnect
{00000001CB2A-1B228B7D},2010-01-14 07:42:52,JMM0438,PC-0053,Connect
{00000001D632-25873719},2010-01-14 07:53:47,VNI5142,PC-0129,Connect
{00000001DD6A-294D9CA2},2010-01-14 07:57:51,EHP1536,PC-0027,Disconnect
{00000001E12B-18D54433},2010-01-14 08:30:52,JMM0438,PC-0053,Disconnect
{00000001CE95-3DDCC1D4},2010-01-14 08:35:58,NDV4503,PC-0078,Connect
{00000001C854-1565F8E7},2010-01-14 08:54:55,GRQ1397,PC-0036,Connect
{00000001EC33-27490A2F},2010-01-14 08:59:47,VNI5142,PC-0129,Disconnect
{00000001DE55-20B89BE8},2010-01-14 09:10:55,GRQ1397,PC-0036,Disconnect
{00000001E496-2669C04C},2010-01-14 09:21:58,NDV4503,PC-0078,Disconnect
{00000001D209-2F59B2D8},2010-01-14 09:41:40,RUT1946,PC-0104,Connect
{00000001D8DA-3C8A6526},2010-01-14 10:14:54,ZUI9718,PC-0157,Connect
{00000001E80A-0328ED60},2010-01-14 10:30:40,RUT1946,PC-0104,Disconnect
{00000001D0C5-321BD06D},2010-01-14 10:42:55,OMU2669,PC-0089,Connect
{00000001D733-09610993},2010-01-14 10:45:44,XGF2493,PC-0139,Connect
{00000001C9D8-1B1A2BF9},2010-01-14 10:47:16,IAC0900,PC-0045,Connect
{00000001D5D8-102B02DF},2010-01-14 10:49:26,UUU6648,PC-0122,Connect
{00000001C421-277D527B},2010-01-14 10:54:01,AYY2409,PC-0005,Connect
{00000001DFD9-1618C125},2010-01-14 11:12:16,IAC0900,PC-0045,Disconnect
{00000001EBD9-3BF6C1C9},2010-01-14 11:12:26,UUU6648,PC-0122,Disconnect
{00000001E6C6-30E3227F},2010-01-14 11:17:55,OMU2669,PC-0089,Disconnect
{00000001C647-15111C4B},2010-01-14 11:19:49,DHG6594,PC-0016,Connect
{00000001ED34-21117B7B},2010-01-14 11:27:44,XGF2493,PC-0139,Disconnect
{00000001EEDB-375A6D16},2010-01-14 11:27:54,ZUI9718,PC-0157,Disconnect
{00000001DC48-1C4EB707},2010-01-14 11:31:49,DHG6594,PC-0016,Disconnect
{00000001DA22-3BA0C29E},2010-01-14 11:32:01,AYY2409,PC-0005,Disconnect
{00000001D2B2-36BFAF81},2010-01-14 12:10:37,SDT4191,PC-0106,Connect
{00000001D8A6-07EF6077},2010-01-14 12:33:24,ZIF9528,PC-0154,Connect
{00000001E8B3-38A69A5C},2010-01-14 12:56:37,SDT4191,PC-0106,Disconnect
{00000001EEA7-379D8E03},2010-01-14 13:05:24,ZIF9528,PC-0154,Disconnect
{00000001D208-115D28E0},2010-01-14 13:11:45,RUT1946,PC-0104,Connect
{00000001D2B3-07E6085B},2010-01-14 13:18:05,SDT4191,PC-0106,Connect
{00000001E809-2DC3481A},2010-01-14 13:22:45,RUT1946,PC-0104,Disconnect
{00000001C4B9-31EEC29F},2010-01-14 14:04:52,CCL9026,PC-0010,Connect
{00000001E8B4-2113CBAF},2010-01-14 14:23:05,SDT4191,PC-0106,Disconnect
{00000001DABA-1C786565},2010-01-14 14:28:52,CCL9026,PC-0010,Disconnect
{00000001CCDA-2F4C53DB},2010-01-14 14:31:01,KYR0991,PC-0061,Connect
{00000001CB2B-0246BCB1},2010-01-14 14:53:31,JMM0438,PC-0053,Connect
{00000001D633-32563D1D},2010-01-14 14:57:57,VNI5142,PC-0129,Connect
{00000001D8A5-1F9CE98C},2010-01-14 15:04:11,ZIF9528,PC-0154,Connect
{00000001D6D2-11D497C6},2010-01-14 15:06:51,WLH0216,PC-0135,Connect
{00000001D11E-2E9ED508},2010-01-14 15:11:41,PAJ4367,PC-0092,Connect
{00000001EC34-11E516C1},2010-01-14 15:15:57,VNI5142,PC-0129,Disconnect
{00000001E12C-13EA6670},2010-01-14 15:28:31,JMM0438,PC-0053,Disconnect
{00000001C9D7-2455A04D},2010-01-14 15:35:05,IAC0900,PC-0045,Connect
{00000001ECD3-3C9494B4},2010-01-14 15:47:51,WLH0216,PC-0135,Disconnect
{00000001E2DB-335BB752},2010-01-14 15:48:01,KYR0991,PC-0061,Disconnect
{00000001EEA6-28D02A26},2010-01-14 16:19:11,ZIF9528,PC-0154,Disconnect
{00000001D605-0D9BC8C1},2010-01-14 16:20:14,VDL1237,PC-0125,Connect
{00000001D20A-352DB297},2010-01-14 16:26:13,RUT1946,PC-0104,Connect
{00000001E71F-01CBFDB6},2010-01-14 16:27:41,PAJ4367,PC-0092,Disconnect
{00000001DFD8-1BEB5D86},2010-01-14 16:40:05,IAC0900,PC-0045,Disconnect
{00000001E80B-3B72DEA0},2010-01-14 17:21:13,RUT1946,PC-0104,Disconnect
{00000001D5D9-1E5D1C78},2010-01-14 17:22:50,UUU6648,PC-0122,Connect
{00000001EC06-0F81CCBA},2010-01-14 17:46:14,VDL1237,PC-0125,Disconnect
{00000001EBDA-3B1D5084},2010-01-14 17:51:50,UUU6648,PC-0122,Disconnect
{00000001C513-0FCCDE80},2010-01-15 07:14:28,CQZ8674,PC-0013,Connect
{00000001D4D3-2754872A},2010-01-15 07:29:29,UKR6395,PC-0118,Connect
{00000001D5DA-1E4FE3AB},2010-01-15 07:36:43,UUU6648,PC-0122,Connect
{00000001C64A-17A39322},2010-01-15 07:38:57,DHG6594,PC-0016,Connect
{00000001EAD4-38561643},2010-01-15 07:53:29,UKR6395,PC-0118,Disconnect
{00000001DC4B-11917DA0},2010-01-15 07:56:57,DHG6594,PC-0016,Disconnect
{00000001EBDB-38AC5E07},2010-01-15 08:02:43,UUU6648,PC-0122,Disconnect
{00000001DB14-0FDD280A},2010-01-15 08:27:28,CQZ8674,PC-0013,Disconnect
{00000001D946-0853A7C7},2010-01-15 10:16:44,ZWA2339,PC-0158,Connect
{00000001D13E-1F8A5602},2010-01-15 10:33:40,QHQ5150,PC-0098,Connect
{00000001C649-0A8243FE},2010-01-15 10:46:29,DHG6594,PC-0016,Connect
{00000001DC4A-07836129},2010-01-15 10:51:29,DHG6594,PC-0016,Disconnect
{00000001EF47-230E6553},2010-01-15 10:53:44,ZWA2339,PC-0158,Disconnect
{00000001D947-3F5A3A21},2010-01-15 11:06:46,ZWA2339,PC-0158,Connect
{00000001C8F5-2B3D8593},2010-01-15 11:07:12,HMR4907,PC-0043,Connect
{00000001C47D-181419E5},2010-01-15 11:12:02,AZE5960,PC-0006,Connect
{00000001CA65-04A847B3},2010-01-15 11:27:37,IVL8082,PC-0051,Connect
{00000001D6D3-2BB07671},2010-01-15 11:32:22,WLH0216,PC-0135,Connect
{00000001E73F-0A136A04},2010-01-15 11:38:40,QHQ5150,PC-0098,Disconnect
{00000001DA7E-0633EE7E},2010-01-15 12:02:02,AZE5960,PC-0006,Disconnect
{00000001D734-0734200A},2010-01-15 12:10:08,XGF2493,PC-0139,Connect
{00000001D3EE-1AB62756},2010-01-15 12:10:41,TWU8511,PC-0115,Connect
{00000001EF48-38C13B29},2010-01-15 12:14:46,ZWA2339,PC-0158,Disconnect
{00000001E066-394C5D19},2010-01-15 12:24:37,IVL8082,PC-0051,Disconnect
{00000001DEF6-24F17F91},2010-01-15 12:29:12,HMR4907,PC-0043,Disconnect
{00000001E9EF-05B75F4D},2010-01-15 12:49:41,TWU8511,PC-0115,Disconnect
{00000001C9DA-231CA827},2010-01-15 12:51:00,IAC0900,PC-0045,Connect
{00000001ECD4-27A53228},2010-01-15 13:00:22,WLH0216,PC-0135,Disconnect
{00000001DFDB-09B181FA},2010-01-15 13:01:00,IAC0900,PC-0045,Disconnect
{00000001C915-28C32AF7},2010-01-15 13:07:25,HVG7968,PC-0044,Connect
{00000001ED35-31D1B694},2010-01-15 13:36:08,XGF2493,PC-0139,Disconnect
{00000001C5BA-0476BFEE},2010-01-15 13:46:38,CVC0519,PC-0015,Connect
{00000001C512-2B473F74},2010-01-15 13:57:00,CQZ8674,PC-0013,Connect
{00000001DB13-1F7CAC5D},2010-01-15 14:00:00,CQZ8674,PC-0013,Disconnect
{00000001DF16-0C3A74EA},2010-01-15 14:07:25,HVG7968,PC-0044,Disconnect
{00000001D606-0C5BF478},2010-01-15 14:17:41,VDL1237,PC-0125,Connect
{00000001EC07-11829249},2010-01-15 14:25:41,VDL1237,PC-0125,Disconnect
{00000001D126-03646E6D},2010-01-15 14:33:14,QCT4158,PC-0097,Connect
{00000001DBBB-399A1437},2010-01-15 14:37:38,CVC0519,PC-0015,Disconnect
{00000001E727-165781E7},2010-01-15 15:05:14,QCT4158,PC-0097,Disconnect
{00000001CFEA-21E26F33},2010-01-15 15:08:51,OLN5687,PC-0088,Connect
{00000001D2B4-3DC27A3C},2010-01-15 15:21:59,SDT4191,PC-0106,Connect
{00000001D52F-31C730D1},2010-01-15 15:28:30,UQK8227,PC-0120,Connect
{00000001D634-1F97B122},2010-01-15 16:05:28,VNI5142,PC-0129,Connect
{00000001CCDB-06EDDB77},2010-01-15 16:21:31,KYR0991,PC-0061,Connect
{00000001C8F6-017BC0C8},2010-01-15 16:22:37,HMR4907,PC-0043,Connect
{00000001E8B5-18195411},2010-01-15 16:23:59,SDT4191,PC-0106,Disconnect
{00000001C9D9-248F0669},2010-01-15 16:29:07,IAC0900,PC-0045,Connect
{00000001EB30-3FF76DBA},2010-01-15 16:30:30,UQK8227,PC-0120,Disconnect
{00000001C514-28B2452B},2010-01-15 16:32:02,CQZ8674,PC-0013,Connect
{00000001E5EB-17F032B3},2010-01-15 16:35:51,OLN5687,PC-0088,Disconnect
{00000001CB2C-0B94CCB1},2010-01-15 16:56:08,JMM0438,PC-0053,Connect
{00000001E2DC-083CD9FA},2010-01-15 17:02:31,KYR0991,PC-0061,Disconnect
{00000001C648-3F21DB5D},2010-01-15 17:09:14,DHG6594,PC-0016,Connect
{00000001DFDA-3B712070},2010-01-15 17:12:07,IAC0900,PC-0045,Disconnect
{00000001EC35-21895015},2010-01-15 17:12:28,VNI5142,PC-0129,Disconnect
{00000001DEF7-3CD9F3CE},2010-01-15 17:15:37,HMR4907,PC-0043,Disconnect
{00000001CAB3-14D4F486},2010-01-15 17:21:52,JDE8246,PC-0052,Connect
{00000001C422-27F99BCE},2010-01-15 17:21:58,AYY2409,PC-0005,Connect
{00000001D3ED-0ADD2FDC},2010-01-15 17:22:06,TWU8511,PC-0115,Connect
{00000001D127-04EBE8A6},2010-01-15 17:35:45,QCT4158,PC-0097,Connect
{00000001E12D-33FB8E4B},2010-01-15 17:42:08,JMM0438,PC-0053,Disconnect
{00000001E0B4-1B39C781},2010-01-15 17:45:52,JDE8246,PC-0052,Disconnect
{00000001C5BB-179145A1},2010-01-15 17:58:36,CVC0519,PC-0015,Connect
{00000001DB15-374EF12A},2010-01-15 18:01:02,CQZ8674,PC-0013,Disconnect
{00000001DBBC-034BAB6A},2010-01-15 18:25:36,CVC0519,PC-0015,Disconnect
{00000001DA23-3404261C},2010-01-15 18:26:58,AYY2409,PC-0005,Disconnect
{00000001DC49-1D8CA774},2010-01-15 18:29:14,DHG6594,PC-0016,Disconnect
{00000001E9EE-265CFD6B},2010-01-15 18:43:06,TWU8511,PC-0115,Disconnect
{00000001E728-1C8BB4D5},2010-01-15 18:52:45,QCT4158,PC-0097,Disconnect
{00000001D29D-2E0F0CA7},2010-01-18 07:14:52,SBF1746,PC-0105,Connect
{00000001D949-3A6B4240},2010-01-18 07:28:50,ZWA2339,PC-0158,Connect
{00000001CA67-2421C5F8},2010-01-18 07:35:09,IVL8082,PC-0051,Connect
{00000001CCDC-38D1DCB5},2010-01-18 07:53:57,KYR0991,PC-0061,Connect
{00000001E89E-1D6BC5CC},2010-01-18 08:00:52,SBF1746,PC-0105,Disconnect
{00000001CEDC-3BC013AD},2010-01-18 08:03:52,NRU3936,PC-0083,Connect
{00000001C9DB-26B7884C},2010-01-18 08:29:40,IAC0900,PC-0045,Connect
{00000001E068-11EFAED3},2010-01-18 08:31:09,IVL8082,PC-0051,Disconnect
{00000001E4DD-2267ECC6},2010-01-18 08:36:52,NRU3936,PC-0083,Disconnect
{00000001EF4A-2A3505FB},2010-01-18 08:50:50,ZWA2339,PC-0158,Disconnect
{00000001D735-36B9E1D6},2010-01-18 08:55:55,XGF2493,PC-0139,Connect
{00000001CD6F-16208988},2010-01-18 09:10:12,LGT9691,PC-0063,Connect
{00000001C917-26B76169},2010-01-18 09:14:46,HVG7968,PC-0044,Connect
{00000001E2DD-1E9C2090},2010-01-18 09:17:57,KYR0991,PC-0061,Disconnect
{00000001DFDC-0141E2B0},2010-01-18 09:24:40,IAC0900,PC-0045,Disconnect
{00000001ED36-1DDD8304},2010-01-18 09:35:55,XGF2493,PC-0139,Disconnect
{00000001E370-02C5FCC7},2010-01-18 09:48:12,LGT9691,PC-0063,Disconnect
{00000001C916-15BECBD7},2010-01-18 10:03:44,HVG7968,PC-0044,Connect
{00000001DF18-00436EA3},2010-01-18 10:10:46,HVG7968,PC-0044,Disconnect
{00000001DF17-14BC9242},2010-01-18 10:17:44,HVG7968,PC-0044,Disconnect
{00000001C732-2A5268AA},2010-01-18 10:34:28,DNM3159,PC-0019,Connect
{00000001D871-2FF8C1AE},2010-01-18 11:00:42,YST5811,PC-0149,Connect
{00000001D948-3F822C84},2010-01-18 11:15:19,ZWA2339,PC-0158,Connect
{00000001C64B-08648CDA},2010-01-18 11:19:41,DHG6594,PC-0016,Connect
{00000001D2B5-14C9ED55},2010-01-18 11:32:00,SDT4191,PC-0106,Connect
{00000001DD33-3150D7D1},2010-01-18 11:52:28,DNM3159,PC-0019,Disconnect
{00000001EF49-15BD8C27},2010-01-18 12:05:19,ZWA2339,PC-0158,Disconnect
{00000001DC4C-12B71017},2010-01-18 12:07:41,DHG6594,PC-0016,Disconnect
{00000001C423-134FCEF0},2010-01-18 12:12:55,AYY2409,PC-0005,Connect
{00000001EE72-2CBD2923},2010-01-18 12:29:42,YST5811,PC-0149,Disconnect
{00000001CF9E-30EB45B9},2010-01-18 12:38:20,OET6830,PC-0086,Connect
{00000001E8B6-03307C87},2010-01-18 12:48:00,SDT4191,PC-0106,Disconnect
{00000001D872-311F2ABC},2010-01-18 12:57:11,YST5811,PC-0149,Connect
{00000001C76A-337FD2CF},2010-01-18 13:27:08,EHP1536,PC-0027,Connect
{00000001CAB4-027E3DE4},2010-01-18 13:37:06,JDE8246,PC-0052,Connect
{00000001DA24-1BC67DF6},2010-01-18 13:38:55,AYY2409,PC-0005,Disconnect
{00000001EE73-0ECCC54B},2010-01-18 13:52:11,YST5811,PC-0149,Disconnect
{00000001E59F-38B523BE},2010-01-18 13:52:20,OET6830,PC-0086,Disconnect
{00000001D49C-03847CEB},2010-01-18 13:53:04,UEH9251,PC-0117,Connect
{00000001D3EF-04B384BB},2010-01-18 14:01:25,TWU8511,PC-0115,Connect
{00000001C47E-37335FAC},2010-01-18 14:02:28,AZE5960,PC-0006,Connect
{00000001CA66-0374F311},2010-01-18 14:13:23,IVL8082,PC-0051,Connect
{00000001C855-3F459FAB},2010-01-18 14:18:59,GRQ1397,PC-0036,Connect
{00000001C918-2C42DB8B},2010-01-18 14:26:50,HVG7968,PC-0044,Connect
{00000001E0B5-0A6D4691},2010-01-18 14:28:06,JDE8246,PC-0052,Disconnect
{00000001DD6B-08FAE8A5},2010-01-18 14:28:08,EHP1536,PC-0027,Disconnect
{00000001DA7F-06B393E7},2010-01-18 14:28:28,AZE5960,PC-0006,Disconnect
{00000001DE56-00198F59},2010-01-18 14:35:59,GRQ1397,PC-0036,Disconnect
{00000001C515-11527150},2010-01-18 14:39:57,CQZ8674,PC-0013,Connect
{00000001E9F0-0ACEC0CD},2010-01-18 14:42:25,TWU8511,PC-0115,Disconnect
{00000001EA9D-39CB738F},2010-01-18 14:59:04,UEH9251,PC-0117,Disconnect
{00000001E067-173F5F1F},2010-01-18 15:17:23,IVL8082,PC-0051,Disconnect
{00000001DF19-3FADF796},2010-01-18 15:33:50,HVG7968,PC-0044,Disconnect
{00000001DB16-2F264808},2010-01-18 15:45:57,CQZ8674,PC-0013,Disconnect
{00000001CAB5-2944C729},2010-01-18 16:04:08,JDE8246,PC-0052,Connect
{00000001CF9F-20EB174A},2010-01-18 16:11:47,OET6830,PC-0086,Connect
{00000001C8D8-30A83B7E},2010-01-18 16:41:10,GUG7168,PC-0037,Connect
{00000001D174-0B61E234},2010-01-18 16:44:16,QSC3123,PC-0100,Connect
{00000001E0B6-3CAD022F},2010-01-18 16:50:08,JDE8246,PC-0052,Disconnect
{00000001E775-369B16B3},2010-01-18 16:57:16,QSC3123,PC-0100,Disconnect
{00000001D736-09B30DF9},2010-01-18 16:59:33,XGF2493,PC-0139,Connect
{00000001E5A0-24957CA9},2010-01-18 17:12:47,OET6830,PC-0086,Disconnect
{00000001C856-0997664A},2010-01-18 17:21:15,GRQ1397,PC-0036,Connect
{00000001ED37-0727A2E6},2010-01-18 17:28:33,XGF2493,PC-0139,Disconnect
{00000001DE57-267617FE},2010-01-18 17:31:15,GRQ1397,PC-0036,Disconnect
{00000001D635-0AB31222},2010-01-18 17:50:04,VNI5142,PC-0129,Connect
{00000001CC11-3BB2AE20},2010-01-18 17:51:04,KIX3704,PC-0058,Connect
{00000001DED9-05052A1C},2010-01-18 17:57:10,GUG7168,PC-0037,Disconnect
{00000001E212-3D534AA1},2010-01-18 17:58:04,KIX3704,PC-0058,Disconnect
{00000001EC36-3643A084},2010-01-18 18:20:04,VNI5142,PC-0129,Disconnect
{00000001C818-0FFA0E4C},2010-01-19 07:10:26,FCN9756,PC-0031,Connect
{00000001CFEB-3A59C406},2010-01-19 07:26:42,OLN5687,PC-0088,Connect
{00000001CD8D-31D3C783},2010-01-19 07:29:44,LRR4710,PC-0067,Connect
{00000001DE19-3E817B9C},2010-01-19 07:30:26,FCN9756,PC-0031,Disconnect
{00000001D78C-14631DED},2010-01-19 07:47:09,YDM6963,PC-0145,Connect
{00000001C80E-1C0FE90F},2010-01-19 07:54:42,EYT8043,PC-0030,Connect
{00000001D6D4-38C6BFF4},2010-01-19 08:03:08,WLH0216,PC-0135,Connect
{00000001E38E-3E9DB4B1},2010-01-19 08:03:44,LRR4710,PC-0067,Disconnect
{00000001ED8D-1BF2F5E4},2010-01-19 08:12:09,YDM6963,PC-0145,Disconnect
{00000001D128-164A8ABB},2010-01-19 08:16:35,QCT4158,PC-0097,Connect
{00000001D607-30FD608D},2010-01-19 08:20:33,VDL1237,PC-0125,Connect
{00000001DE0F-31858530},2010-01-19 08:34:42,EYT8043,PC-0030,Disconnect
{00000001D636-1E71F568},2010-01-19 08:34:59,VNI5142,PC-0129,Connect
{00000001D582-32B68F93},2010-01-19 08:35:18,USS4618,PC-0121,Connect
{00000001E5EC-1EE95DD8},2010-01-19 08:39:42,OLN5687,PC-0088,Disconnect
{00000001EB83-04314A36},2010-01-19 08:43:18,USS4618,PC-0121,Disconnect
{00000001ECD5-0A5F33D9},2010-01-19 09:08:08,WLH0216,PC-0135,Disconnect
{00000001EC37-3CECBDAD},2010-01-19 09:08:59,VNI5142,PC-0129,Disconnect
{00000001EC08-2AA53B71},2010-01-19 09:13:33,VDL1237,PC-0125,Disconnect
{00000001D8DB-37BD70F2},2010-01-19 09:30:45,ZUI9718,PC-0157,Connect
{00000001E729-0916CE25},2010-01-19 09:31:35,QCT4158,PC-0097,Disconnect
{00000001D3F0-2034FA06},2010-01-19 09:57:51,TWU8511,PC-0115,Connect
{00000001E9F1-0C355B75},2010-01-19 10:01:51,TWU8511,PC-0115,Disconnect
{00000001EEDC-059ACBA2},2010-01-19 10:02:45,ZUI9718,PC-0157,Disconnect
{00000001D0F2-018C5346},2010-01-19 10:06:21,OYC3975,PC-0091,Connect
{00000001E6F3-3AB5D527},2010-01-19 10:21:21,OYC3975,PC-0091,Disconnect
{00000001CDE9-213FBEC6},2010-01-19 10:47:01,MDR4757,PC-0071,Connect
{00000001C516-3A47FF5D},2010-01-19 11:01:47,CQZ8674,PC-0013,Connect
{00000001D530-00C0CEEE},2010-01-19 11:04:41,UQK8227,PC-0120,Connect
{00000001CEDD-3D23EAB1},2010-01-19 11:08:17,NRU3936,PC-0083,Connect
{00000001EB31-0114165D},2010-01-19 11:15:41,UQK8227,PC-0120,Disconnect
{00000001C517-3886050E},2010-01-19 11:39:59,CQZ8674,PC-0013,Connect
{00000001E3EA-242B2245},2010-01-19 11:51:01,MDR4757,PC-0071,Disconnect
{00000001DB17-11507E7A},2010-01-19 12:06:47,CQZ8674,PC-0013,Disconnect
{00000001DB18-08109548},2010-01-19 12:10:59,CQZ8674,PC-0013,Disconnect
{00000001E4DE-223C393F},2010-01-19 12:14:17,NRU3936,PC-0083,Disconnect
{00000001D8A7-002F043E},2010-01-19 12:30:38,ZIF9528,PC-0154,Connect
{00000001D78B-08AC5E7E},2010-01-19 12:51:32,YDM6963,PC-0145,Connect
{00000001D3C2-2A0926FD},2010-01-19 13:12:40,TTJ2624,PC-0112,Connect
{00000001EEA8-2F6079F2},2010-01-19 13:16:38,ZIF9528,PC-0154,Disconnect
{00000001C5BC-3570D217},2010-01-19 13:22:29,CVC0519,PC-0015,Connect
{00000001E9C3-0FECBDBD},2010-01-19 13:29:40,TTJ2624,PC-0112,Disconnect
{00000001CC12-16E35BBC},2010-01-19 13:41:49,KIX3704,PC-0058,Connect
{00000001DBBD-3BA01F08},2010-01-19 13:52:29,CVC0519,PC-0015,Disconnect
{00000001ED8C-3A259411},2010-01-19 13:56:32,YDM6963,PC-0145,Disconnect
{00000001E213-38CA8483},2010-01-19 14:08:49,KIX3704,PC-0058,Disconnect
{00000001CA68-0444455C},2010-01-19 14:58:33,IVL8082,PC-0051,Connect
{00000001D737-090A7B89},2010-01-19 15:01:06,XGF2493,PC-0139,Connect
{00000001C64C-1ACDBA69},2010-01-19 15:12:35,DHG6594,PC-0016,Connect
{00000001D859-268E5EF4},2010-01-19 15:17:22,YNX1016,PC-0148,Connect
{00000001E069-10056442},2010-01-19 15:36:33,IVL8082,PC-0051,Disconnect
{00000001EE5A-18371ECF},2010-01-19 15:45:22,YNX1016,PC-0148,Disconnect
{00000001C817-0653E1E8},2010-01-19 15:49:58,FCN9756,PC-0031,Connect
{00000001ED38-311457F9},2010-01-19 16:02:06,XGF2493,PC-0139,Disconnect
{00000001D531-2F2C3D3E},2010-01-19 16:19:54,UQK8227,PC-0120,Connect
{00000001DC4D-01D6695B},2010-01-19 16:27:35,DHG6594,PC-0016,Disconnect
{00000001DE18-31E2C750},2010-01-19 17:04:58,FCN9756,PC-0031,Disconnect
{00000001EB32-32627BA0},2010-01-19 17:06:54,UQK8227,PC-0120,Disconnect
{00000001D2B6-0CF2A70B},2010-01-19 17:42:51,SDT4191,PC-0106,Connect
{00000001E8B7-344D4FBE},2010-01-19 17:58:51,SDT4191,PC-0106,Disconnect
{00000001C919-0226C66C},2010-01-19 17:58:55,HVG7968,PC-0044,Connect
{00000001DF1A-0BADF235},2010-01-19 18:08:55,HVG7968,PC-0044,Disconnect
{00000001C64E-2C5BD23A},2010-01-20 07:09:40,DHG6594,PC-0016,Connect
{00000001D2B7-24D04870},2010-01-20 07:10:01,SDT4191,PC-0106,Connect
{00000001E8B8-1108516E},2010-01-20 07:48:01,SDT4191,PC-0106,Disconnect
{00000001DC4F-1C31EE07},2010-01-20 07:49:40,DHG6594,PC-0016,Disconnect
{00000001D0F3-21365512},2010-01-20 08:27:18,OYC3975,PC-0091,Connect
{00000001CB2D-2AD4DCFB},2010-01-20 08:30:18,JMM0438,PC-0053,Connect
{00000001D8DC-3298510A},2010-01-20 08:45:57,ZUI9718,PC-0157,Connect
{00000001CA16-3218A0FC},2010-01-20 08:48:48,IDI9618,PC-0048,Connect
{00000001EEDD-322A6C03},2010-01-20 08:54:57,ZUI9718,PC-0157,Disconnect
{00000001C402-3276DB7C},2010-01-20 09:16:36,AUI6616,PC-0004,Connect
{00000001CEDE-225B351D},2010-01-20 09:20:02,NRU3936,PC-0083,Connect
{00000001CE96-2D1229E7},2010-01-20 09:21:10,NDV4503,PC-0078,Connect
{00000001E6F4-18F11A77},2010-01-20 09:22:18,OYC3975,PC-0091,Disconnect
{00000001C76B-0DB6C6A8},2010-01-20 09:22:21,EHP1536,PC-0027,Connect
{00000001E017-3A9B4707},2010-01-20 09:44:48,IDI9618,PC-0048,Disconnect
{00000001E497-09AD8CA0},2010-01-20 09:45:10,NDV4503,PC-0078,Disconnect
{00000001C64D-3A21DF85},2010-01-20 09:46:40,DHG6594,PC-0016,Connect
{00000001E12E-23CE1AE6},2010-01-20 09:48:18,JMM0438,PC-0053,Disconnect
{00000001C733-1A5120DB},2010-01-20 09:53:14,DNM3159,PC-0019,Connect
{00000001D6D6-2961EC9C},2010-01-20 09:55:07,WLH0216,PC-0135,Connect
{00000001DC4E-2B3C7879},2010-01-20 09:56:40,DHG6594,PC-0016,Disconnect
{00000001DA03-36C8A609},2010-01-20 10:00:36,AUI6616,PC-0004,Disconnect
{00000001DD34-00482182},2010-01-20 10:15:14,DNM3159,PC-0019,Disconnect
{00000001DD6C-33F6E138},2010-01-20 10:17:21,EHP1536,PC-0027,Disconnect
{00000001CFEE-35C5FCA3},2010-01-20 10:18:59,OLN5687,PC-0088,Connect
{00000001ECD7-06E1E040},2010-01-20 10:39:07,WLH0216,PC-0135,Disconnect
{00000001D8DD-31E0FBF8},2010-01-20 10:41:25,ZUI9718,PC-0157,Connect
{00000001D6D5-1AB6DFE7},2010-01-20 10:42:57,WLH0216,PC-0135,Connect
{00000001E4DF-117A725E},2010-01-20 10:47:02,NRU3936,PC-0083,Disconnect
{00000001C91C-1D1FC38A},2010-01-20 11:00:30,HVG7968,PC-0044,Connect
{00000001EEDE-30E221DC},2010-01-20 11:17:25,ZUI9718,PC-0157,Disconnect
{00000001E5EF-37E05D23},2010-01-20 11:23:59,OLN5687,PC-0088,Disconnect
{00000001ECD6-3AEF9A90},2010-01-20 11:43:57,WLH0216,PC-0135,Disconnect
{00000001D4D4-082E22E5},2010-01-20 11:50:41,UKR6395,PC-0118,Connect
{00000001DF1D-1ADBCED5},2010-01-20 11:58:30,HVG7968,PC-0044,Disconnect
{00000001D175-1FA0CD20},2010-01-20 12:02:48,QSC3123,PC-0100,Connect
{00000001D738-376A306D},2010-01-20 12:13:51,XGF2493,PC-0139,Connect
{00000001ED39-13265C34},2010-01-20 12:37:51,XGF2493,PC-0139,Disconnect
{00000001EAD5-30B94F3C},2010-01-20 12:40:41,UKR6395,PC-0118,Disconnect
{00000001CFEC-09E995D8},2010-01-20 12:44:40,OLN5687,PC-0088,Connect
{00000001C519-3BA757E1},2010-01-20 12:47:35,CQZ8674,PC-0013,Connect
{00000001E776-047BC330},2010-01-20 13:07:48,QSC3123,PC-0100,Disconnect
{00000001DB1A-01074982},2010-01-20 13:14:35,CQZ8674,PC-0013,Disconnect
{00000001D637-315170B3},2010-01-20 13:22:53,VNI5142,PC-0129,Connect
{00000001E5ED-32226A4B},2010-01-20 13:30:40,OLN5687,PC-0088,Disconnect
{00000001CFED-0BB6974D},2010-01-20 13:41:30,OLN5687,PC-0088,Connect
{00000001C857-3ADEF528},2010-01-20 13:41:41,GRQ1397,PC-0036,Connect
{00000001D532-1F4BE9A2},2010-01-20 13:44:54,UQK8227,PC-0120,Connect
{00000001D20B-31FA08DD},2010-01-20 13:45:27,RUT1946,PC-0104,Connect
{00000001D11F-3D8BC19E},2010-01-20 13:51:27,PAJ4367,PC-0092,Connect
{00000001C91B-2C074267},2010-01-20 13:56:57,HVG7968,PC-0044,Connect
{00000001EC38-3473708E},2010-01-20 14:05:53,VNI5142,PC-0129,Disconnect
{00000001C518-23E362EE},2010-01-20 14:09:06,CQZ8674,PC-0013,Connect
{00000001E720-30BC9CE7},2010-01-20 14:13:27,PAJ4367,PC-0092,Disconnect
{00000001EB33-1235FB8F},2010-01-20 14:13:54,UQK8227,PC-0120,Disconnect
{00000001C91D-22AC8BCA},2010-01-20 14:15:57,HVG7968,PC-0044,Connect
{00000001DE58-3E689BC8},2010-01-20 14:22:41,GRQ1397,PC-0036,Disconnect
{00000001DB19-073A40A8},2010-01-20 14:45:06,CQZ8674,PC-0013,Disconnect
{00000001D638-25E2027E},2010-01-20 14:52:59,VNI5142,PC-0129,Connect
{00000001E5EE-09D6648B},2010-01-20 14:53:30,OLN5687,PC-0088,Disconnect
{00000001CA69-02110060},2010-01-20 14:53:45,IVL8082,PC-0051,Connect
{00000001E80C-05763077},2010-01-20 14:54:27,RUT1946,PC-0104,Disconnect
{00000001DF1C-07BA79CC},2010-01-20 14:54:57,HVG7968,PC-0044,Disconnect
{00000001CB2E-38F61A29},2010-01-20 15:01:20,JMM0438,PC-0053,Connect
{00000001E12F-033DF17F},2010-01-20 15:06:20,JMM0438,PC-0053,Disconnect
{00000001C403-164797AA},2010-01-20 15:16:05,AUI6616,PC-0004,Connect
{00000001C91A-36DE1702},2010-01-20 15:17:48,HVG7968,PC-0044,Connect
{00000001CAB7-3DF60608},2010-01-20 15:20:31,JDE8246,PC-0052,Connect
{00000001DA04-272EE9BA},2010-01-20 15:21:05,AUI6616,PC-0004,Disconnect
{00000001EC39-25F0F956},2010-01-20 15:23:59,VNI5142,PC-0129,Disconnect
{00000001DF1E-2C2903B7},2010-01-20 15:30:57,HVG7968,PC-0044,Disconnect
{00000001CEDF-3DD794CE},2010-01-20 15:43:58,NRU3936,PC-0083,Connect
{00000001D5DB-159B097E},2010-01-20 15:45:33,UUU6648,PC-0122,Connect
{00000001E06A-05000462},2010-01-20 15:48:45,IVL8082,PC-0051,Disconnect
{00000001E4E0-2BD1E242},2010-01-20 15:54:58,NRU3936,PC-0083,Disconnect
{00000001CEC4-39960AC1},2010-01-20 16:18:55,NRI9556,PC-0082,Connect
{00000001DF1B-2F4CA325},2010-01-20 16:23:48,HVG7968,PC-0044,Disconnect
{00000001CA15-0E391DF8},2010-01-20 16:31:51,IDI9618,PC-0048,Connect
{00000001CAB6-3C50B2AF},2010-01-20 16:34:55,JDE8246,PC-0052,Connect
{00000001E0B7-1C3BCDF5},2010-01-20 16:40:55,JDE8246,PC-0052,Disconnect
{00000001E4C5-2AF0433A},2010-01-20 16:41:55,NRI9556,PC-0082,Disconnect
{00000001E016-17386A3F},2010-01-20 16:42:51,IDI9618,PC-0048,Disconnect
{00000001C47F-02CA775F},2010-01-20 16:44:17,AZE5960,PC-0006,Connect
{00000001D0F4-29DF47A3},2010-01-20 16:45:25,OYC3975,PC-0091,Connect
{00000001E0B8-2743E90E},2010-01-20 16:45:31,JDE8246,PC-0052,Disconnect
{00000001EBDC-2FC3132C},2010-01-20 16:45:33,UUU6648,PC-0122,Disconnect
{00000001D13F-1C938DC1},2010-01-20 17:07:53,QHQ5150,PC-0098,Connect
{00000001DA80-095B1C5B},2010-01-20 17:21:17,AZE5960,PC-0006,Disconnect
{00000001E6F5-33E84C18},2010-01-20 17:21:25,OYC3975,PC-0091,Disconnect
{00000001E740-3E059C11},2010-01-20 18:36:53,QHQ5150,PC-0098,Disconnect
{00000001D78D-0E69F763},2010-01-21 07:04:02,YDM6963,PC-0145,Connect
{00000001CB2F-3EE3CC85},2010-01-21 07:08:00,JMM0438,PC-0053,Connect
{00000001C8D9-1EF27E4B},2010-01-21 07:29:22,GUG7168,PC-0037,Connect
{00000001E130-0751DEC1},2010-01-21 07:42:00,JMM0438,PC-0053,Disconnect
{00000001ED8E-1E3C712C},2010-01-21 07:59:02,YDM6963,PC-0145,Disconnect
{00000001D533-1C10AA60},2010-01-21 08:21:52,UQK8227,PC-0120,Connect
{00000001DEDA-396B3893},2010-01-21 08:27:22,GUG7168,PC-0037,Disconnect
{00000001D3F1-2521B423},2010-01-21 08:35:23,TWU8511,PC-0115,Connect
{00000001EB34-1C47D96E},2010-01-21 08:51:52,UQK8227,PC-0120,Disconnect
{00000001CB32-386BFA74},2010-01-21 08:56:13,JMM0438,PC-0053,Connect
{00000001CB30-10D0A661},2010-01-21 09:06:14,JMM0438,PC-0053,Connect
{00000001D20C-27F14696},2010-01-21 09:14:34,RUT1946,PC-0104,Connect
{00000001E80D-23D3E283},2010-01-21 09:22:34,RUT1946,PC-0104,Disconnect
{00000001D841-2B1B5BA0},2010-01-21 09:26:10,YLE8326,PC-0147,Connect
{00000001E9F2-1E8A5CB0},2010-01-21 09:28:23,TWU8511,PC-0115,Disconnect
{00000001E131-012F93AB},2010-01-21 09:29:14,JMM0438,PC-0053,Disconnect
{00000001D176-21DD9FD4},2010-01-21 09:40:22,QSC3123,PC-0100,Connect
{00000001E133-21361176},2010-01-21 10:07:13,JMM0438,PC-0053,Disconnect
{00000001EE42-248A082E},2010-01-21 10:22:10,YLE8326,PC-0147,Disconnect
{00000001D129-2D049CE8},2010-01-21 10:28:44,QCT4158,PC-0097,Connect
{00000001D583-3EB99F1F},2010-01-21 10:41:20,USS4618,PC-0121,Connect
{00000001EB84-233AA028},2010-01-21 10:46:20,USS4618,PC-0121,Disconnect
{00000001C51A-10270CD5},2010-01-21 10:49:32,CQZ8674,PC-0013,Connect
{00000001E777-01E90DD9},2010-01-21 11:06:22,QSC3123,PC-0100,Disconnect
{00000001DB1B-02AC61C2},2010-01-21 11:37:32,CQZ8674,PC-0013,Disconnect
{00000001E72A-14FC1594},2010-01-21 11:55:44,QCT4158,PC-0097,Disconnect
{00000001C4C2-38F592A4},2010-01-21 11:57:07,COU3039,PC-0011,Connect
{00000001DAC3-0E3C02AC},2010-01-21 13:01:07,COU3039,PC-0011,Disconnect
{00000001CB31-3E951975},2010-01-21 13:45:06,JMM0438,PC-0053,Connect
{00000001CCDD-3AC65663},2010-01-21 13:45:49,KYR0991,PC-0061,Connect
{00000001E132-0348B79B},2010-01-21 13:54:06,JMM0438,PC-0053,Disconnect
{00000001C76C-3ECED178},2010-01-21 13:55:48,EHP1536,PC-0027,Connect
{00000001DD6D-13199AE1},2010-01-21 14:28:48,EHP1536,PC-0027,Disconnect
{00000001D534-3905AF26},2010-01-21 14:34:32,UQK8227,PC-0120,Connect
{00000001EB35-1A2926FE},2010-01-21 14:41:32,UQK8227,PC-0120,Disconnect
{00000001D49D-36E962BB},2010-01-21 14:49:39,UEH9251,PC-0117,Connect
{00000001EA9E-1D77E40B},2010-01-21 15:02:39,UEH9251,PC-0117,Disconnect
{00000001E2DE-2CD5A5F4},2010-01-21 15:12:49,KYR0991,PC-0061,Disconnect
{00000001CF81-0428D5AC},2010-01-21 15:38:03,OEM8566,PC-0085,Connect
{00000001CFF0-02A76328},2010-01-21 15:50:21,OLN5687,PC-0088,Connect
{00000001D800-03EFF30E},2010-01-21 16:04:24,YIO5206,PC-0146,Connect
{00000001D8DE-0D92B406},2010-01-21 16:12:40,ZUI9718,PC-0157,Connect
{00000001EE01-2993319E},2010-01-21 16:13:24,YIO5206,PC-0146,Disconnect
{00000001E582-3493742A},2010-01-21 16:16:03,OEM8566,PC-0085,Disconnect
{00000001EEDF-330B3481},2010-01-21 16:23:40,ZUI9718,PC-0157,Disconnect
{00000001E5F1-29CB626D},2010-01-21 16:27:21,OLN5687,PC-0088,Disconnect
{00000001CCDE-13176050},2010-01-21 16:50:49,KYR0991,PC-0061,Connect
{00000001CFEF-3B274EB7},2010-01-21 17:02:51,OLN5687,PC-0088,Connect
{00000001C91E-2F4EC9A5},2010-01-21 17:08:49,HVG7968,PC-0044,Connect
{00000001E2DF-2A10D2BA},2010-01-21 17:11:49,KYR0991,PC-0061,Disconnect
{00000001C36D-27725333},2010-01-21 17:17:51,ADG1145,PC-0001,Connect
{00000001CA6A-0B93A0DA},2010-01-21 17:39:18,IVL8082,PC-0051,Connect
{00000001D584-38E8495F},2010-01-21 17:40:39,USS4618,PC-0121,Connect
{00000001E5F0-2724CC5B},2010-01-21 17:44:51,OLN5687,PC-0088,Disconnect
{00000001D96E-03273F9A},2010-01-21 17:47:51,ADG1145,PC-0001,Disconnect
{00000001DF1F-0062E7F9},2010-01-21 17:52:49,HVG7968,PC-0044,Disconnect
{00000001EB85-358C304E},2010-01-21 17:57:39,USS4618,PC-0121,Disconnect
{00000001E06B-304BE2F8},2010-01-21 18:18:18,IVL8082,PC-0051,Disconnect
{00000001CFF1-17F5B62B},2010-01-22 07:01:43,OLN5687,PC-0088,Connect
{00000001CEE2-07B4D7B8},2010-01-22 07:07:50,NRU3936,PC-0083,Connect
{00000001C858-3C501903},2010-01-22 07:16:51,GRQ1397,PC-0036,Connect
{00000001D2B8-11EF7FD5},2010-01-22 07:27:37,SDT4191,PC-0106,Connect
{00000001E5F2-15195D5A},2010-01-22 07:31:43,OLN5687,PC-0088,Disconnect
{00000001CB35-18DC4229},2010-01-22 07:37:33,JMM0438,PC-0053,Connect
{00000001E136-08AF4032},2010-01-22 07:52:33,JMM0438,PC-0053,Disconnect
{00000001D20E-2CB19D94},2010-01-22 07:52:51,RUT1946,PC-0104,Connect
{00000001DE59-1575D771},2010-01-22 08:06:51,GRQ1397,PC-0036,Disconnect
{00000001C64F-16A9DFE1},2010-01-22 08:11:20,DHG6594,PC-0016,Connect
{00000001D873-24D4FCD5},2010-01-22 08:16:46,YST5811,PC-0149,Connect
{00000001E80F-3FA7E7F8},2010-01-22 08:25:51,RUT1946,PC-0104,Disconnect
{00000001E4E3-3009EC7D},2010-01-22 08:34:50,NRU3936,PC-0083,Disconnect
{00000001E8B9-08330E62},2010-01-22 08:38:37,SDT4191,PC-0106,Disconnect
{00000001CE3C-3459C4D4},2010-01-22 08:53:48,MSH7807,PC-0075,Connect
{00000001C404-13D1CAB0},2010-01-22 09:00:29,AUI6616,PC-0004,Connect
{00000001EE74-1A3D5AD8},2010-01-22 09:07:46,YST5811,PC-0149,Disconnect
{00000001E43D-283632F2},2010-01-22 09:19:48,MSH7807,PC-0075,Disconnect
{00000001DC50-08089680},2010-01-22 09:25:20,DHG6594,PC-0016,Disconnect
{00000001DA05-34B3A892},2010-01-22 09:33:29,AUI6616,PC-0004,Disconnect
{00000001D177-393A8F71},2010-01-22 09:38:48,QSC3123,PC-0100,Connect
{00000001C5BD-14D0A840},2010-01-22 09:43:20,CVC0519,PC-0015,Connect
{00000001CB33-2FF26E88},2010-01-22 10:16:35,JMM0438,PC-0053,Connect
{00000001DBBE-2ACC74CB},2010-01-22 10:28:20,CVC0519,PC-0015,Disconnect
{00000001E134-32B4B3B4},2010-01-22 10:35:35,JMM0438,PC-0053,Disconnect
{00000001E778-129D8079},2010-01-22 10:37:48,QSC3123,PC-0100,Disconnect
{00000001C4C4-165C80D0},2010-01-22 10:39:31,COU3039,PC-0011,Connect
{00000001D20D-338BC023},2010-01-22 10:41:35,RUT1946,PC-0104,Connect
{00000001C4C3-14E9F7E5},2010-01-22 10:49:11,COU3039,PC-0011,Connect
{00000001E80E-0F51837E},2010-01-22 11:01:35,RUT1946,PC-0104,Disconnect
{00000001DAC4-083958AC},2010-01-22 11:04:11,COU3039,PC-0011,Disconnect
{00000001D8E0-05B79236},2010-01-22 11:09:14,ZUI9718,PC-0157,Connect
{00000001C51B-324AAEE0},2010-01-22 11:24:24,CQZ8674,PC-0013,Connect
{00000001CAB8-2CD3B51F},2010-01-22 11:27:36,JDE8246,PC-0052,Connect
{00000001DAC5-3A6FD0EF},2010-01-22 11:29:31,COU3039,PC-0011,Disconnect
{00000001EEE1-29E2FF3C},2010-01-22 11:51:14,ZUI9718,PC-0157,Disconnect
{00000001D8A8-0E134A06},2010-01-22 11:58:46,ZIF9528,PC-0154,Connect
{00000001C806-29B8839B},2010-01-22 12:05:01,ETS3545,PC-0029,Connect
{00000001E0B9-140DFB54},2010-01-22 12:26:36,JDE8246,PC-0052,Disconnect
{00000001EEA9-07AC3087},2010-01-22 12:30:46,ZIF9528,PC-0154,Disconnect
{00000001DB1C-28034054},2010-01-22 12:32:24,CQZ8674,PC-0013,Disconnect
{00000001D639-315C5678},2010-01-22 12:36:34,VNI5142,PC-0129,Connect
{00000001DE07-253DAD2D},2010-01-22 12:37:01,ETS3545,PC-0029,Disconnect
{00000001CEE1-34C262B9},2010-01-22 12:38:06,NRU3936,PC-0083,Connect
{00000001E4E2-1EB2F781},2010-01-22 12:41:06,NRU3936,PC-0083,Disconnect
{00000001CEE0-31A607B7},2010-01-22 13:10:26,NRU3936,PC-0083,Connect
{00000001C650-245E7293},2010-01-22 13:21:13,DHG6594,PC-0016,Connect
{00000001D3F2-24AE01FB},2010-01-22 13:21:22,TWU8511,PC-0115,Connect
{00000001EC3A-229EA2A9},2010-01-22 13:37:34,VNI5142,PC-0129,Disconnect
{00000001E9F3-3207329A},2010-01-22 13:49:22,TWU8511,PC-0115,Disconnect
{00000001DC51-2532D7C1},2010-01-22 13:56:13,DHG6594,PC-0016,Disconnect
{00000001CB34-05778EA0},2010-01-22 13:57:39,JMM0438,PC-0053,Connect
{00000001D29E-0ADB6A1E},2010-01-22 14:10:16,SBF1746,PC-0105,Connect
{00000001E135-131BE30A},2010-01-22 14:15:39,JMM0438,PC-0053,Disconnect
{00000001E4E1-0EFBFD9E},2010-01-22 14:21:26,NRU3936,PC-0083,Disconnect
{00000001E89F-3DFA8FB5},2010-01-22 14:31:16,SBF1746,PC-0105,Disconnect
{00000001D78E-28AD0215},2010-01-22 15:46:35,YDM6963,PC-0145,Connect
{00000001D49E-1AE452C3},2010-01-22 16:08:08,UEH9251,PC-0117,Connect
{00000001D8DF-35CB962C},2010-01-22 16:34:56,ZUI9718,PC-0157,Connect
{00000001ED8F-3821F47F},2010-01-22 16:47:35,YDM6963,PC-0145,Disconnect
{00000001EA9F-16479EB0},2010-01-22 16:55:08,UEH9251,PC-0117,Disconnect
{00000001C4C5-15345C95},2010-01-22 17:18:22,COU3039,PC-0011,Connect
{00000001EEE0-211D1FE0},2010-01-22 17:25:56,ZUI9718,PC-0157,Disconnect
{00000001DAC6-390C17C4},2010-01-22 18:31:22,COU3039,PC-0011,Disconnect
{00000001C5BE-27B50BF5},2010-01-25 07:00:15,CVC0519,PC-0015,Connect
{00000001C51C-1766CB06},2010-01-25 07:09:08,CQZ8674,PC-0013,Connect
{00000001C920-1C8D0DB3},2010-01-25 07:09:43,HVG7968,PC-0044,Connect
{00000001D85A-2BA34898},2010-01-25 07:17:39,YNX1016,PC-0148,Connect
{00000001DB1D-159FEBDE},2010-01-25 07:19:08,CQZ8674,PC-0013,Disconnect
{00000001DF21-15FFE01E},2010-01-25 07:49:43,HVG7968,PC-0044,Disconnect
{00000001D49F-00ACC9AF},2010-01-25 07:54:23,UEH9251,PC-0117,Connect
{00000001EAA0-2B319D94},2010-01-25 07:58:23,UEH9251,PC-0117,Disconnect
{00000001C921-24FB7D80},2010-01-25 07:59:37,HVG7968,PC-0044,Connect
{00000001DBBF-39DB4BDA},2010-01-25 08:07:15,CVC0519,PC-0015,Disconnect
{00000001CEE3-00E61B81},2010-01-25 08:09:12,NRU3936,PC-0083,Connect
{00000001CAB9-0FF48E2D},2010-01-25 08:16:36,JDE8246,PC-0052,Connect
{00000001D3F4-07911006},2010-01-25 08:18:15,TWU8511,PC-0115,Connect
{00000001DF22-331F965D},2010-01-25 08:27:37,HVG7968,PC-0044,Disconnect
{00000001EE5B-3D26F043},2010-01-25 08:34:39,YNX1016,PC-0148,Disconnect
{00000001CE3D-363B73F7},2010-01-25 08:42:37,MSH7807,PC-0075,Connect
{00000001D536-096B6A8B},2010-01-25 08:53:09,UQK8227,PC-0120,Connect
{00000001E43E-3F3E5978},2010-01-25 08:58:37,MSH7807,PC-0075,Disconnect
{00000001E4E4-1BEE7B4B},2010-01-25 09:09:12,NRU3936,PC-0083,Disconnect
{00000001E0BA-355CC269},2010-01-25 09:20:36,JDE8246,PC-0052,Disconnect
{00000001CFF4-07897770},2010-01-25 09:21:45,OLN5687,PC-0088,Connect
{00000001CB38-195DCC01},2010-01-25 09:25:23,JMM0438,PC-0053,Connect
{00000001E9F5-206961C3},2010-01-25 09:32:15,TWU8511,PC-0115,Disconnect
{00000001D178-2C8EDDFE},2010-01-25 09:38:03,QSC3123,PC-0100,Connect
{00000001E139-1C1D8AA4},2010-01-25 09:41:23,JMM0438,PC-0053,Disconnect
{00000001D351-174FC27E},2010-01-25 09:43:28,SHV5792,PC-0108,Connect
{00000001C76D-232DA94A},2010-01-25 09:51:07,EHP1536,PC-0027,Connect
{00000001E5F5-0AB74E62},2010-01-25 10:00:45,OLN5687,PC-0088,Disconnect
{00000001EB37-0FA91B28},2010-01-25 10:10:09,UQK8227,PC-0120,Disconnect
{00000001C91F-317C9102},2010-01-25 10:22:01,HVG7968,PC-0044,Connect
{00000001D20F-044FA660},2010-01-25 10:33:46,RUT1946,PC-0104,Connect
{00000001C36E-2E949488},2010-01-25 10:44:55,ADG1145,PC-0001,Connect
{00000001DD6E-053E61E6},2010-01-25 10:48:07,EHP1536,PC-0027,Disconnect
{00000001CC13-06D18540},2010-01-25 10:49:29,KIX3704,PC-0058,Connect
{00000001DF20-2B71A2BD},2010-01-25 10:55:01,HVG7968,PC-0044,Disconnect
{00000001D96F-0DE5D62F},2010-01-25 10:57:55,ADG1145,PC-0001,Disconnect
{00000001E779-3CF33995},2010-01-25 11:06:03,QSC3123,PC-0100,Disconnect
{00000001CEE4-1B5264D1},2010-01-25 11:07:51,NRU3936,PC-0083,Connect
{00000001E952-16D7BC36},2010-01-25 11:10:28,SHV5792,PC-0108,Disconnect
{00000001D2B9-029CEC07},2010-01-25 11:18:31,SDT4191,PC-0106,Connect
{00000001E810-1EE227D7},2010-01-25 11:31:46,RUT1946,PC-0104,Disconnect
{00000001D63C-0003F396},2010-01-25 11:37:29,VNI5142,PC-0129,Connect
{00000001E214-28830714},2010-01-25 11:45:29,KIX3704,PC-0058,Disconnect
{00000001E8BA-36F17D0C},2010-01-25 12:07:31,SDT4191,PC-0106,Disconnect
{00000001E4E5-3BB2F5DE},2010-01-25 12:12:51,NRU3936,PC-0083,Disconnect
{00000001CFF2-0B0A832C},2010-01-25 12:33:37,OLN5687,PC-0088,Connect
{00000001D210-1D86A6CF},2010-01-25 12:43:38,RUT1946,PC-0104,Connect
{00000001E811-2625BF18},2010-01-25 12:48:38,RUT1946,PC-0104,Disconnect
{00000001D63A-0B11FFEF},2010-01-25 12:58:28,VNI5142,PC-0129,Connect
{00000001EC3D-2997F21D},2010-01-25 13:01:29,VNI5142,PC-0129,Disconnect
{00000001E5F3-36381588},2010-01-25 13:11:37,OLN5687,PC-0088,Disconnect
{00000001CA17-1FA395A9},2010-01-25 13:15:49,IDI9618,PC-0048,Connect
{00000001D3F5-34A0F0B8},2010-01-25 13:17:24,TWU8511,PC-0115,Connect
{00000001CCDF-38C5EC18},2010-01-25 13:19:51,KYR0991,PC-0061,Connect
{00000001D535-0106B79C},2010-01-25 13:35:25,UQK8227,PC-0120,Connect
{00000001CB36-24129024},2010-01-25 14:04:47,JMM0438,PC-0053,Connect
{00000001D6D7-01E477B1},2010-01-25 14:16:55,WLH0216,PC-0135,Connect
{00000001E018-09A39654},2010-01-25 14:18:49,IDI9618,PC-0048,Disconnect
{00000001D3F3-3712DD43},2010-01-25 14:19:59,TWU8511,PC-0115,Connect
{00000001EC3B-2C52DCBE},2010-01-25 14:20:28,VNI5142,PC-0129,Disconnect
{00000001E9F6-080D966E},2010-01-25 14:21:24,TWU8511,PC-0115,Disconnect
{00000001E137-1040847E},2010-01-25 14:21:47,JMM0438,PC-0053,Disconnect
{00000001E2E0-37BD6796},2010-01-25 14:24:51,KYR0991,PC-0061,Disconnect
{00000001ECD8-362A87E6},2010-01-25 14:29:55,WLH0216,PC-0135,Disconnect
{00000001E9F4-3D489355},2010-01-25 14:29:59,TWU8511,PC-0115,Disconnect
{00000001EB36-2C1764F2},2010-01-25 14:42:25,UQK8227,PC-0120,Disconnect
{00000001D63B-3B6CDD08},2010-01-25 15:34:01,VNI5142,PC-0129,Connect
{00000001EC3C-2CEF1F86},2010-01-25 15:36:01,VNI5142,PC-0129,Disconnect
{00000001CB37-22776918},2010-01-25 15:44:49,JMM0438,PC-0053,Connect
{00000001C480-11DC8485},2010-01-25 15:45:10,AZE5960,PC-0006,Connect
{00000001D739-086242F6},2010-01-25 15:50:20,XGF2493,PC-0139,Connect
{00000001DA81-24977468},2010-01-25 16:16:10,AZE5960,PC-0006,Disconnect
{00000001ED3A-1FFF8A20},2010-01-25 16:24:20,XGF2493,PC-0139,Disconnect
{00000001C922-287D0C4F},2010-01-25 16:25:27,HVG7968,PC-0044,Connect
{00000001DF23-1603BA33},2010-01-25 16:54:27,HVG7968,PC-0044,Disconnect
{00000001E138-149D7615},2010-01-25 17:01:49,JMM0438,PC-0053,Disconnect
{00000001CFF3-0F6AB47D},2010-01-25 17:17:19,OLN5687,PC-0088,Connect
{00000001C51D-21080727},2010-01-25 17:21:06,CQZ8674,PC-0013,Connect
{00000001E5F4-3DF7698E},2010-01-25 17:34:19,OLN5687,PC-0088,Disconnect
{00000001DB1E-278311ED},2010-01-25 18:08:06,CQZ8674,PC-0013,Disconnect
{00000001D352-0D1574BE},2010-01-26 07:19:35,SHV5792,PC-0108,Connect
{00000001E953-2AD0E724},2010-01-26 07:37:35,SHV5792,PC-0108,Disconnect
{00000001CABA-0F6DCC9E},2010-01-26 07:53:59,JDE8246,PC-0052,Connect
{00000001E0BB-2AEE8D76},2010-01-26 07:58:59,JDE8246,PC-0052,Disconnect
{00000001C424-29DD2679},2010-01-26 08:07:02,AYY2409,PC-0005,Connect
{00000001C652-14EC70F2},2010-01-26 08:07:51,DHG6594,PC-0016,Connect
{00000001C4C6-09674CE5},2010-01-26 08:33:16,COU3039,PC-0011,Connect
{00000001DAC7-23C4F44D},2010-01-26 08:48:16,COU3039,PC-0011,Disconnect
{00000001DA25-0E653706},2010-01-26 09:12:02,AYY2409,PC-0005,Disconnect
{00000001CD8E-3D989D6E},2010-01-26 09:24:13,LRR4710,PC-0067,Connect
{00000001DC53-1DBA0EC4},2010-01-26 09:28:51,DHG6594,PC-0016,Disconnect
{00000001E38F-116BC1D5},2010-01-26 09:31:13,LRR4710,PC-0067,Disconnect
{00000001CEE5-35AF426B},2010-01-26 10:13:15,NRU3936,PC-0083,Connect
{00000001CC14-31957BB5},2010-01-26 10:19:25,KIX3704,PC-0058,Connect
{00000001D354-2221C926},2010-01-26 10:24:29,SHV5792,PC-0108,Connect
{00000001E955-31C7DA2D},2010-01-26 10:43:29,SHV5792,PC-0108,Disconnect
{00000001E215-2344BA5C},2010-01-26 10:53:25,KIX3704,PC-0058,Disconnect
{00000001E4E6-3CA3F5B1},2010-01-26 11:06:15,NRU3936,PC-0083,Disconnect
{00000001D78F-1B84A594},2010-01-26 11:41:49,YDM6963,PC-0145,Connect
{00000001CE66-110484BB},2010-01-26 12:00:21,NBM1814,PC-0077,Connect
{00000001C651-13E48BD7},2010-01-26 12:05:22,DHG6594,PC-0016,Connect
{00000001D179-070E0449},2010-01-26 12:05:31,QSC3123,PC-0100,Connect
{00000001E77A-262F15E9},2010-01-26 12:20:31,QSC3123,PC-0100,Disconnect
{00000001ED90-2811C585},2010-01-26 12:37:49,YDM6963,PC-0145,Disconnect
{00000001D8E2-05E9734F},2010-01-26 12:46:20,ZUI9718,PC-0157,Connect
{00000001D140-1E7DCE8B},2010-01-26 12:47:12,QHQ5150,PC-0098,Connect
{00000001D8E1-02A878A4},2010-01-26 12:57:30,ZUI9718,PC-0157,Connect
{00000001EEE2-158A3006},2010-01-26 12:59:30,ZUI9718,PC-0157,Disconnect
{00000001DC52-283F2137},2010-01-26 13:10:22,DHG6594,PC-0016,Disconnect
{00000001D640-06017E5D},2010-01-26 13:10:49,VNI5142,PC-0129,Connect
{00000001EEE3-3794FD77},2010-01-26 13:21:20,ZUI9718,PC-0157,Disconnect
{00000001E741-2D28C0E9},2010-01-26 13:25:12,QHQ5150,PC-0098,Disconnect
{00000001E467-2593CB7B},2010-01-26 13:25:21,NBM1814,PC-0077,Disconnect
{00000001CCE0-15B6CC80},2010-01-26 13:32:12,KYR0991,PC-0061,Connect
{00000001EC41-1BFDBA50},2010-01-26 13:33:49,VNI5142,PC-0129,Disconnect
{00000001CA6B-2AF26AE4},2010-01-26 13:41:44,IVL8082,PC-0051,Connect
{00000001E2E1-3546F250},2010-01-26 13:45:12,KYR0991,PC-0061,Disconnect
{00000001D585-3009C87A},2010-01-26 13:48:05,USS4618,PC-0121,Connect
{00000001E06C-23AA2CC8},2010-01-26 14:17:44,IVL8082,PC-0051,Disconnect
{00000001D29F-0E2C30C7},2010-01-26 14:35:44,SBF1746,PC-0105,Connect
{00000001EB86-1FB5EC13},2010-01-26 14:39:05,USS4618,PC-0121,Disconnect
{00000001D63D-299E5D0C},2010-01-26 14:44:08,VNI5142,PC-0129,Connect
{00000001D63E-178FF65F},2010-01-26 14:57:57,VNI5142,PC-0129,Connect
{00000001D353-33A76079},2010-01-26 15:04:28,SHV5792,PC-0108,Connect
{00000001CFF5-25FCE816},2010-01-26 15:06:09,OLN5687,PC-0088,Connect
{00000001E8A0-0578E643},2010-01-26 15:17:44,SBF1746,PC-0105,Disconnect
{00000001EC3E-17FD0BB1},2010-01-26 15:22:08,VNI5142,PC-0129,Disconnect
{00000001E5F6-267F6405},2010-01-26 15:25:09,OLN5687,PC-0088,Disconnect
{00000001D801-11394EC8},2010-01-26 15:35:58,YIO5206,PC-0146,Connect
{00000001EC3F-2AADAF3F},2010-01-26 15:43:57,VNI5142,PC-0129,Disconnect
{00000001D2BA-338C4EFD},2010-01-26 15:49:33,SDT4191,PC-0106,Connect
{00000001EE02-2F0BED88},2010-01-26 16:19:58,YIO5206,PC-0146,Disconnect
{00000001D537-308E7D0F},2010-01-26 16:25:36,UQK8227,PC-0120,Connect
{00000001CDD6-13403BB5},2010-01-26 16:26:36,MAP5551,PC-0070,Connect
{00000001E954-1E98962C},2010-01-26 16:31:28,SHV5792,PC-0108,Disconnect
{00000001E8BB-2AFB7799},2010-01-26 16:45:33,SDT4191,PC-0106,Disconnect
{00000001EB38-13C8509E},2010-01-26 17:24:36,UQK8227,PC-0120,Disconnect
{00000001E3D7-00DB8FFE},2010-01-26 17:29:36,MAP5551,PC-0070,Disconnect
{00000001D63F-147C5ACB},2010-01-26 17:39:58,VNI5142,PC-0129,Connect
{00000001EC40-2A5C6431},2010-01-26 18:29:58,VNI5142,PC-0129,Disconnect
{00000001CEE7-3CF89E35},2010-01-27 07:05:44,NRU3936,PC-0083,Connect
{00000001CDA2-368563DF},2010-01-27 07:12:30,LYE5717,PC-0069,Connect
{00000001D212-3DC6EDB5},2010-01-27 07:14:15,RUT1946,PC-0104,Connect
{00000001C85A-2B998ADC},2010-01-27 07:23:08,GRQ1397,PC-0036,Connect
{00000001E4E8-2875F907},2010-01-27 07:24:44,NRU3936,PC-0083,Disconnect
{00000001E813-31599C56},2010-01-27 07:26:15,RUT1946,PC-0104,Disconnect
{00000001D793-25BAA9DF},2010-01-27 07:27:46,YDM6963,PC-0145,Connect
{00000001ED94-1D59EFBB},2010-01-27 07:37:46,YDM6963,PC-0145,Disconnect
{00000001C859-29077956},2010-01-27 07:52:01,GRQ1397,PC-0036,Connect
{00000001E3A3-1F914D37},2010-01-27 08:05:30,LYE5717,PC-0069,Disconnect
{00000001D3F7-124C0BD7},2010-01-27 08:15:28,TWU8511,PC-0115,Connect
{00000001DE5B-3CDB81B0},2010-01-27 08:25:08,GRQ1397,PC-0036,Disconnect
{00000001CB3A-038BF284},2010-01-27 09:08:20,JMM0438,PC-0053,Connect
{00000001DE5A-2765DC18},2010-01-27 09:14:01,GRQ1397,PC-0036,Disconnect
{00000001E9F8-11031D58},2010-01-27 09:15:28,TWU8511,PC-0115,Disconnect
{00000001D3F6-2FB2EF95},2010-01-27 09:25:48,TWU8511,PC-0115,Connect
{00000001D641-22290ECD},2010-01-27 09:38:44,VNI5142,PC-0129,Connect
{00000001D538-2EE875CA},2010-01-27 09:48:47,UQK8227,PC-0120,Connect
{00000001E13B-21701F47},2010-01-27 09:50:20,JMM0438,PC-0053,Disconnect
{00000001E9F7-2FB378C7},2010-01-27 09:54:48,TWU8511,PC-0115,Disconnect
{00000001EC42-27349655},2010-01-27 10:03:44,VNI5142,PC-0129,Disconnect
{00000001EB39-3D00A9E0},2010-01-27 10:26:47,UQK8227,PC-0120,Disconnect
{00000001C425-3C9990AA},2010-01-27 10:28:26,AYY2409,PC-0005,Connect
{00000001D211-016506F2},2010-01-27 10:32:34,RUT1946,PC-0104,Connect
{00000001C370-12BE51E4},2010-01-27 10:36:40,ADG1145,PC-0001,Connect
{00000001DA26-39888B32},2010-01-27 10:58:26,AYY2409,PC-0005,Disconnect
{00000001E812-38366DFF},2010-01-27 10:58:34,RUT1946,PC-0104,Disconnect
{00000001CFF7-0C942BCC},2010-01-27 11:00:23,OLN5687,PC-0088,Connect
{00000001CB3B-2BB7B31D},2010-01-27 11:17:45,JMM0438,PC-0053,Connect
{00000001D971-1EF4D4FD},2010-01-27 11:19:40,ADG1145,PC-0001,Disconnect
{00000001D2A0-3A1219F3},2010-01-27 11:47:38,SBF1746,PC-0105,Connect
{00000001CB39-07723B8B},2010-01-27 11:50:31,JMM0438,PC-0053,Connect
{00000001E13A-3675591A},2010-01-27 11:56:31,JMM0438,PC-0053,Disconnect
{00000001D794-1467969E},2010-01-27 12:04:37,YDM6963,PC-0145,Connect
{00000001CCE1-310850A0},2010-01-27 12:19:53,KYR0991,PC-0061,Connect
{00000001E5F8-21C329F3},2010-01-27 12:24:23,OLN5687,PC-0088,Disconnect
{00000001E2E2-1E3C8EE5},2010-01-27 12:30:53,KYR0991,PC-0061,Disconnect
{00000001E8A1-1CA40E8A},2010-01-27 12:31:38,SBF1746,PC-0105,Disconnect
{00000001E13C-1A9A357C},2010-01-27 12:32:45,JMM0438,PC-0053,Disconnect
{00000001C426-343A716C},2010-01-27 12:36:32,AYY2409,PC-0005,Connect
{00000001D790-0DE614F6},2010-01-27 12:56:02,YDM6963,PC-0145,Connect
{00000001DA27-07B67C4D},2010-01-27 13:02:32,AYY2409,PC-0005,Disconnect
{00000001D213-3BE73D0E},2010-01-27 13:04:37,RUT1946,PC-0104,Connect
{00000001ED95-3FEA02FC},2010-01-27 13:09:37,YDM6963,PC-0145,Disconnect
{00000001C4C7-2DFBE599},2010-01-27 13:21:25,COU3039,PC-0011,Connect
{00000001DAC8-30B04781},2010-01-27 13:25:25,COU3039,PC-0011,Disconnect
{00000001E814-0C49F2D0},2010-01-27 13:29:37,RUT1946,PC-0104,Disconnect
{00000001ED91-1CF179DE},2010-01-27 13:45:02,YDM6963,PC-0145,Disconnect
{00000001CEE6-31C5A5AE},2010-01-27 13:55:59,NRU3936,PC-0083,Connect
{00000001CABB-16425E80},2010-01-27 14:08:48,JDE8246,PC-0052,Connect
{00000001E4E7-04FD95D5},2010-01-27 14:13:59,NRU3936,PC-0083,Disconnect
{00000001CFF8-0849EB41},2010-01-27 14:25:43,OLN5687,PC-0088,Connect
{00000001D792-03FC1016},2010-01-27 14:26:08,YDM6963,PC-0145,Connect
{00000001CDA1-07D344FB},2010-01-27 14:37:35,LYE5717,PC-0069,Connect
{00000001ED93-083EBEC3},2010-01-27 14:42:08,YDM6963,PC-0145,Disconnect
{00000001E0BC-1FD0AEF5},2010-01-27 14:54:48,JDE8246,PC-0052,Disconnect
{00000001D2BB-09E2E704},2010-01-27 15:06:17,SDT4191,PC-0106,Connect
{00000001E5F9-1EE7B229},2010-01-27 15:22:43,OLN5687,PC-0088,Disconnect
{00000001CFF9-2A664B4B},2010-01-27 15:25:20,OLN5687,PC-0088,Connect
{00000001E3A2-2A1D7CBB},2010-01-27 15:31:35,LYE5717,PC-0069,Disconnect
{00000001CFF6-19A374D7},2010-01-27 15:52:04,OLN5687,PC-0088,Connect
{00000001D6BE-2A3F3871},2010-01-27 15:58:37,VVU9026,PC-0130,Connect
{00000001E8BC-36EB74F4},2010-01-27 15:59:17,SDT4191,PC-0106,Disconnect
{00000001ECBF-30F32667},2010-01-27 16:24:37,VVU9026,PC-0130,Disconnect
{00000001C653-1AD22FBA},2010-01-27 16:43:28,DHG6594,PC-0016,Connect
{00000001E5FA-0A84CA7D},2010-01-27 16:51:20,OLN5687,PC-0088,Disconnect
{00000001DC54-17FC2FDD},2010-01-27 16:52:28,DHG6594,PC-0016,Disconnect
{00000001C36F-09138E64},2010-01-27 17:01:09,ADG1145,PC-0001,Connect
{00000001CA6C-1E0836C6},2010-01-27 17:06:04,IVL8082,PC-0051,Connect
{00000001D17A-20DDE875},2010-01-27 17:07:51,QSC3123,PC-0100,Connect
{00000001CEE8-22FB9922},2010-01-27 17:14:45,NRU3936,PC-0083,Connect
{00000001E5F7-166E2F91},2010-01-27 17:18:04,OLN5687,PC-0088,Disconnect
{00000001E77B-070F5DA4},2010-01-27 17:28:51,QSC3123,PC-0100,Disconnect
{00000001E4E9-151E0628},2010-01-27 17:39:45,NRU3936,PC-0083,Disconnect
{00000001D791-1B69EC6A},2010-01-27 17:53:33,YDM6963,PC-0145,Connect
{00000001D970-1CA8E50F},2010-01-27 18:14:09,ADG1145,PC-0001,Disconnect
{00000001E06D-23293C6F},2010-01-27 18:33:04,IVL8082,PC-0051,Disconnect
{00000001ED92-1AD2391D},2010-01-27 19:17:33,YDM6963,PC-0145,Disconnect
{00000001CFFB-2D9D0E03},2010-01-28 07:02:36,OLN5687,PC-0088,Connect
{00000001E5FC-0C61BEF6},2010-01-28 07:34:36,OLN5687,PC-0088,Disconnect
{00000001CE67-1A2158F2},2010-01-28 07:49:24,NBM1814,PC-0077,Connect
{00000001E468-207B2132},2010-01-28 08:38:24,NBM1814,PC-0077,Disconnect
{00000001C9DC-1CB7F905},2010-01-28 09:11:06,IAC0900,PC-0045,Connect
{00000001CFFA-34EF0A13},2010-01-28 09:33:42,OLN5687,PC-0088,Connect
{00000001E5FB-391611F4},2010-01-28 09:35:42,OLN5687,PC-0088,Disconnect
{00000001D874-2AA434DE},2010-01-28 10:07:31,YST5811,PC-0149,Connect
{00000001D5DC-110D6A16},2010-01-28 10:09:08,UUU6648,PC-0122,Connect
{00000001DFDD-23C0EAF4},2010-01-28 10:13:06,IAC0900,PC-0045,Disconnect
{00000001CE97-0434F054},2010-01-28 10:26:26,NDV4503,PC-0078,Connect
{00000001CDEB-3FF80827},2010-01-28 10:33:26,MDR4757,PC-0071,Connect
{00000001EE75-198C8234},2010-01-28 10:40:31,YST5811,PC-0149,Disconnect
{00000001E498-27B3CB5C},2010-01-28 10:41:26,NDV4503,PC-0078,Disconnect
{00000001D2BD-021EDA85},2010-01-28 10:44:43,SDT4191,PC-0106,Connect
{00000001D356-29ED862B},2010-01-28 10:47:24,SHV5792,PC-0108,Connect
{00000001D17C-3CA98A7A},2010-01-28 10:51:44,QSC3123,PC-0100,Connect
{00000001EBDD-23E47DBE},2010-01-28 11:01:08,UUU6648,PC-0122,Disconnect
{00000001CEAB-0F30749E},2010-01-28 11:13:47,NJT3274,PC-0081,Connect
{00000001E3EC-3CC1A51B},2010-01-28 11:18:26,MDR4757,PC-0071,Disconnect
{00000001E957-04CCF2E4},2010-01-28 11:35:24,SHV5792,PC-0108,Disconnect
{00000001CA19-022E6EFE},2010-01-28 11:36:32,IDI9618,PC-0048,Connect
{00000001E77D-35CF9FC0},2010-01-28 11:46:44,QSC3123,PC-0100,Disconnect
{00000001CCE2-1D98B057},2010-01-28 11:46:50,KYR0991,PC-0061,Connect
{00000001E4AC-14EBF4B9},2010-01-28 11:52:47,NJT3274,PC-0081,Disconnect
{00000001C76E-33BD4510},2010-01-28 11:59:09,EHP1536,PC-0027,Connect
{00000001E8BE-3FAFD7FE},2010-01-28 12:00:43,SDT4191,PC-0106,Disconnect
{00000001D642-2A31AB27},2010-01-28 12:03:03,VNI5142,PC-0129,Connect
{00000001D795-31676077},2010-01-28 12:42:21,YDM6963,PC-0145,Connect
{00000001C51F-14B40339},2010-01-28 12:42:31,CQZ8674,PC-0013,Connect
{00000001EC43-3FABA483},2010-01-28 12:51:03,VNI5142,PC-0129,Disconnect
{00000001CDEA-33FBC11D},2010-01-28 12:53:36,MDR4757,PC-0071,Connect
{00000001DB20-17D355B6},2010-01-28 12:54:31,CQZ8674,PC-0013,Disconnect
{00000001CA18-31D6A02A},2010-01-28 12:58:03,IDI9618,PC-0048,Connect
{00000001D586-37CDEA8A},2010-01-28 12:58:52,USS4618,PC-0121,Connect
{00000001E2E3-2690FCCC},2010-01-28 13:01:50,KYR0991,PC-0061,Disconnect
{00000001E01A-1250719B},2010-01-28 13:05:32,IDI9618,PC-0048,Disconnect
{00000001CA6D-19563D69},2010-01-28 13:09:17,IVL8082,PC-0051,Connect
{00000001DD6F-2FE04B5A},2010-01-28 13:18:09,EHP1536,PC-0027,Disconnect
{00000001EB87-2C788DB2},2010-01-28 13:36:52,USS4618,PC-0121,Disconnect
{00000001ED96-2B1B36A1},2010-01-28 13:37:21,YDM6963,PC-0145,Disconnect
{00000001CC17-137798D6},2010-01-28 13:47:58,KIX3704,PC-0058,Connect
{00000001C655-1BA63751},2010-01-28 14:06:00,DHG6594,PC-0016,Connect
{00000001E06E-178E5347},2010-01-28 14:13:17,IVL8082,PC-0051,Disconnect
{00000001E3EB-1315AAE7},2010-01-28 14:20:36,MDR4757,PC-0071,Disconnect
{00000001C76F-32F6491B},2010-01-28 14:24:54,EHP1536,PC-0027,Connect
{00000001E019-1546B3A5},2010-01-28 14:27:03,IDI9618,PC-0048,Disconnect
{00000001D2BE-215A1304},2010-01-28 14:33:06,SDT4191,PC-0106,Connect
{00000001C85B-3DD46644},2010-01-28 14:50:44,GRQ1397,PC-0036,Connect
{00000001E8BF-38A75F22},2010-01-28 14:55:06,SDT4191,PC-0106,Disconnect
{00000001CC16-1FD905CB},2010-01-28 14:56:20,KIX3704,PC-0058,Connect
{00000001E218-1FE10167},2010-01-28 15:07:58,KIX3704,PC-0058,Disconnect
{00000001DD70-0EC13240},2010-01-28 15:10:54,EHP1536,PC-0027,Disconnect
{00000001C371-3B75910C},2010-01-28 15:13:33,ADG1145,PC-0001,Connect
{00000001CD70-03BCDBBE},2010-01-28 15:21:25,LGT9691,PC-0063,Connect
{00000001D842-123A9C37},2010-01-28 15:22:44,YLE8326,PC-0147,Connect
{00000001DC56-3A607F9B},2010-01-28 15:29:00,DHG6594,PC-0016,Disconnect
{00000001E217-28F46D7C},2010-01-28 15:45:20,KIX3704,PC-0058,Disconnect
{00000001D972-2C7DEE9E},2010-01-28 15:46:33,ADG1145,PC-0001,Disconnect
{00000001DE5C-2756A91D},2010-01-28 15:49:44,GRQ1397,PC-0036,Disconnect
{00000001C51E-0C6A4C71},2010-01-28 15:52:45,CQZ8674,PC-0013,Connect
{00000001D6D8-3DE5CB23},2010-01-28 16:03:57,WLH0216,PC-0135,Connect
{00000001E371-01F73A50},2010-01-28 16:10:25,LGT9691,PC-0063,Disconnect
{00000001D643-0BE11D04},2010-01-28 16:25:05,VNI5142,PC-0129,Connect
{00000001D539-3C3AD335},2010-01-28 16:32:08,UQK8227,PC-0120,Connect
{00000001CC15-2FB8A81A},2010-01-28 16:32:19,KIX3704,PC-0058,Connect
{00000001D2BC-2371F07C},2010-01-28 16:34:38,SDT4191,PC-0106,Connect
{00000001EE43-3DAF9F60},2010-01-28 16:34:44,YLE8326,PC-0147,Disconnect
{00000001D355-06AE9BEF},2010-01-28 16:36:53,SHV5792,PC-0108,Connect
{00000001E216-30E55DF0},2010-01-28 16:37:19,KIX3704,PC-0058,Disconnect
{00000001D17B-121DCCBB},2010-01-28 16:40:10,QSC3123,PC-0100,Connect
{00000001EC44-38931FEF},2010-01-28 16:44:05,VNI5142,PC-0129,Disconnect
{00000001ECD9-3F542DF1},2010-01-28 16:48:57,WLH0216,PC-0135,Disconnect
{00000001DB1F-1F83F4D7},2010-01-28 16:49:45,CQZ8674,PC-0013,Disconnect
{00000001E956-04B2269F},2010-01-28 17:00:53,SHV5792,PC-0108,Disconnect
{00000001C656-275424F4},2010-01-28 17:06:47,DHG6594,PC-0016,Connect
{00000001DC57-0D285B2E},2010-01-28 17:15:47,DHG6594,PC-0016,Disconnect
{00000001CE3E-1E145C88},2010-01-28 17:24:32,MSH7807,PC-0075,Connect
{00000001E8BD-2880F69E},2010-01-28 17:24:38,SDT4191,PC-0106,Disconnect
{00000001D214-1B0AD788},2010-01-28 17:25:58,RUT1946,PC-0104,Connect
{00000001E77C-1AC571F5},2010-01-28 17:27:10,QSC3123,PC-0100,Disconnect
{00000001EB3A-09EBBAB2},2010-01-28 17:40:08,UQK8227,PC-0120,Disconnect
{00000001C654-35189731},2010-01-28 17:44:20,DHG6594,PC-0016,Connect
{00000001E43F-3D6B7576},2010-01-28 17:52:32,MSH7807,PC-0075,Disconnect
{00000001E815-0C273819},2010-01-28 18:28:58,RUT1946,PC-0104,Disconnect
{00000001DC55-072FE2F4},2010-01-28 18:45:20,DHG6594,PC-0016,Disconnect
{00000001C65B-3A442A29},2010-01-29 07:00:40,DHG6594,PC-0016,Connect
{00000001DC5C-0EF39B2C},2010-01-29 07:11:40,DHG6594,PC-0016,Disconnect
{00000001D17E-28AD8516},2010-01-29 07:21:21,QSC3123,PC-0100,Connect
{00000001C657-1088484D},2010-01-29 07:27:36,DHG6594,PC-0016,Connect
{00000001DC58-1E3B2972},2010-01-29 07:35:36,DHG6594,PC-0016,Disconnect
{00000001D357-3361DF74},2010-01-29 07:56:19,SHV5792,PC-0108,Connect
{00000001E77F-10C2F9C6},2010-01-29 08:01:21,QSC3123,PC-0100,Disconnect
{00000001D73A-2D52C196},2010-01-29 08:07:09,XGF2493,PC-0139,Connect
{00000001D94A-2BB508E6},2010-01-29 08:30:53,ZWA2339,PC-0158,Connect
{00000001C923-3B258F12},2010-01-29 08:32:22,HVG7968,PC-0044,Connect
{00000001D4D5-049A6379},2010-01-29 08:37:56,UKR6395,PC-0118,Connect
{00000001ED3B-3AFFC915},2010-01-29 08:41:09,XGF2493,PC-0139,Disconnect
{00000001C428-1C9C72B9},2010-01-29 08:43:17,AYY2409,PC-0005,Connect
{00000001C372-159523E8},2010-01-29 08:46:18,ADG1145,PC-0001,Connect
{00000001E958-1B4B77F5},2010-01-29 08:56:19,SHV5792,PC-0108,Disconnect
{00000001D645-0B4E6167},2010-01-29 09:08:09,VNI5142,PC-0129,Connect
{00000001EAD6-13C85869},2010-01-29 09:08:56,UKR6395,PC-0118,Disconnect
{00000001EF4B-2D9B5179},2010-01-29 09:25:53,ZWA2339,PC-0158,Disconnect
{00000001DA29-0D4FF970},2010-01-29 09:26:17,AYY2409,PC-0005,Disconnect
{00000001D973-12B98EDE},2010-01-29 09:27:18,ADG1145,PC-0001,Disconnect
{00000001CEEA-3ECAF48F},2010-01-29 09:52:12,NRU3936,PC-0083,Connect
{00000001CEE9-005101E8},2010-01-29 09:54:35,NRU3936,PC-0083,Connect
{00000001E4EB-34FCA7BD},2010-01-29 09:55:12,NRU3936,PC-0083,Disconnect
{00000001DF24-2E5BE0A9},2010-01-29 09:55:22,HVG7968,PC-0044,Disconnect
{00000001EC46-2B3EE21D},2010-01-29 10:09:09,VNI5142,PC-0129,Disconnect
{00000001D53B-152D6028},2010-01-29 10:17:36,UQK8227,PC-0120,Connect
{00000001CCE5-2887FF47},2010-01-29 10:21:19,KYR0991,PC-0061,Connect
{00000001EB3C-2B103FD6},2010-01-29 10:23:36,UQK8227,PC-0120,Disconnect
{00000001D8A9-2204D3C0},2010-01-29 10:35:19,ZIF9528,PC-0154,Connect
{00000001E4EA-179163A5},2010-01-29 10:39:35,NRU3936,PC-0083,Disconnect
{00000001EEAA-23131DC6},2010-01-29 10:41:19,ZIF9528,PC-0154,Disconnect
{00000001D3F8-3003B133},2010-01-29 10:42:35,TWU8511,PC-0115,Connect
{00000001E9F9-14EB1555},2010-01-29 10:45:35,TWU8511,PC-0115,Disconnect
{00000001CFFC-069D9297},2010-01-29 10:51:16,OLN5687,PC-0088,Connect
{00000001D53A-3B79FF5A},2010-01-29 11:00:41,UQK8227,PC-0120,Connect
{00000001E5FD-0E693A83},2010-01-29 11:26:16,OLN5687,PC-0088,Disconnect
{00000001E2E6-0D65220F},2010-01-29 11:29:19,KYR0991,PC-0061,Disconnect
{00000001C770-29413BC4},2010-01-29 11:34:56,EHP1536,PC-0027,Connect
{00000001D875-2D8FE414},2010-01-29 11:49:11,YST5811,PC-0149,Connect
{00000001EB3B-018FFD85},2010-01-29 11:55:41,UQK8227,PC-0120,Disconnect
{00000001DD71-28FC05C2},2010-01-29 11:55:56,EHP1536,PC-0027,Disconnect
{00000001D17D-018A5BE1},2010-01-29 12:00:31,QSC3123,PC-0100,Connect
{00000001CB3C-2C617819},2010-01-29 12:09:47,JMM0438,PC-0053,Connect
{00000001D141-139EC9F8},2010-01-29 12:13:16,QHQ5150,PC-0098,Connect
{00000001E77E-0DA5F882},2010-01-29 12:18:31,QSC3123,PC-0100,Disconnect
{00000001D3F9-36475CB8},2010-01-29 12:24:45,TWU8511,PC-0115,Connect
{00000001EFD1-115BC511},2010-01-29 12:26:21,QSC3123,PC-0100,Connect
{00000001EFD5-3EB11009},2010-01-29 12:28:45,QSC3123,PC-0100,Connect
{00000001D2BF-18C975A0},2010-01-29 12:34:14,SDT4191,PC-0106,Connect
{00000001E742-359683CD},2010-01-29 12:40:16,QHQ5150,PC-0098,Disconnect
{00000001EE76-3C1F592C},2010-01-29 12:49:11,YST5811,PC-0149,Disconnect
{00000001E13D-178B2BA4},2010-01-29 12:56:47,JMM0438,PC-0053,Disconnect
{00000001F15B-1BA4D623},2010-01-29 13:09:21,QSC3123,PC-0100,Disconnect
{00000001E9FA-3BD871B8},2010-01-29 13:13:45,TWU8511,PC-0115,Disconnect
{00000001D802-1B7CED9F},2010-01-29 13:26:51,YIO5206,PC-0146,Connect
{00000001F15F-27095EB1},2010-01-29 13:32:45,QSC3123,PC-0100,Disconnect
{00000001C427-218D6F45},2010-01-29 13:40:40,AYY2409,PC-0005,Connect
{00000001E8C0-27339E7C},2010-01-29 13:46:14,SDT4191,PC-0106,Disconnect
{00000001DA28-1CC0CA4F},2010-01-29 13:52:40,AYY2409,PC-0005,Disconnect
{00000001CB3E-1A997789},2010-01-29 13:54:12,JMM0438,PC-0053,Connect
{00000001CCE3-2CA544A9},2010-01-29 14:04:51,KYR0991,PC-0061,Connect
{00000001EE03-3DD7AA26},2010-01-29 14:16:51,YIO5206,PC-0146,Disconnect
{00000001E2E4-1ADBA5FF},2010-01-29 14:17:51,KYR0991,PC-0061,Disconnect
{00000001E13F-2FD317F8},2010-01-29 14:26:12,JMM0438,PC-0053,Disconnect
{00000001D644-2156E0A7},2010-01-29 14:58:17,VNI5142,PC-0129,Connect
{00000001D587-2891703C},2010-01-29 15:05:24,USS4618,PC-0121,Connect
{00000001CCE4-1B2AD07D},2010-01-29 15:08:24,KYR0991,PC-0061,Connect
{00000001C65A-082A5BB2},2010-01-29 15:09:36,DHG6594,PC-0016,Connect
{00000001CB3D-0E75AE2A},2010-01-29 15:27:26,JMM0438,PC-0053,Connect
{00000001E13E-12A1563E},2010-01-29 15:33:26,JMM0438,PC-0053,Disconnect
{00000001EB88-0E999A91},2010-01-29 15:38:24,USS4618,PC-0121,Disconnect
{00000001EC45-255B0356},2010-01-29 15:43:17,VNI5142,PC-0129,Disconnect
{00000001DC5B-189F63D2},2010-01-29 15:43:36,DHG6594,PC-0016,Disconnect
{00000001D215-1A54266D},2010-01-29 15:47:54,RUT1946,PC-0104,Connect
{00000001E2E5-34A5AFB7},2010-01-29 15:48:24,KYR0991,PC-0061,Disconnect
{00000001D2C0-1780C902},2010-01-29 15:51:38,SDT4191,PC-0106,Connect
{00000001E8C1-146EB0E5},2010-01-29 16:02:38,SDT4191,PC-0106,Disconnect
{00000001C658-15528C92},2010-01-29 16:25:57,DHG6594,PC-0016,Connect
{00000001C659-3A3A16C4},2010-01-29 16:36:12,DHG6594,PC-0016,Connect
{00000001DC5A-115EB160},2010-01-29 16:53:12,DHG6594,PC-0016,Disconnect
{00000001EFD3-1AD68BF3},2010-01-29 17:02:24,QSC3123,PC-0100,Connect
{00000001F15D-2E80502A},2010-01-29 17:06:24,QSC3123,PC-0100,Disconnect
{00000001E816-2E518A5F},2010-01-29 17:11:54,RUT1946,PC-0104,Disconnect
{00000001EFD4-394FD827},2010-01-29 17:13:40,QSC3123,PC-0100,Connect
{00000001F15E-1EA17936},2010-01-29 17:20:40,QSC3123,PC-0100,Disconnect
{00000001CEAC-37BE6B01},2010-01-29 17:31:03,NJT3274,PC-0081,Connect
{00000001C5BF-15226958},2010-01-29 17:40:53,CVC0519,PC-0015,Connect
{00000001DC59-3943B8CC},2010-01-29 17:43:57,DHG6594,PC-0016,Disconnect
{00000001E4AD-212BF479},2010-01-29 17:48:03,NJT3274,PC-0081,Disconnect
{00000001EFD2-1C425B47},2010-01-29 17:52:20,QSC3123,PC-0100,Connect
{00000001F15C-098B93AB},2010-01-29 17:58:20,QSC3123,PC-0100,Disconnect
{00000001DBC0-0E3C5C13},2010-01-29 18:07:53,CVC0519,PC-0015,Disconnect
{00000001F299-1DBFA56C},2010-01-29 19:35:12,QSC3123,PC-0100,Connect
{00000001F362-2E00AF7F},2010-01-29 20:25:12,QSC3123,PC-0100,Disconnect
{00000001F298-3A86584C},2010-01-29 21:11:33,QSC3123,PC-0100,Connect
{00000001F361-2EB8EC55},2010-01-29 22:09:33,QSC3123,PC-0100,Disconnect
{00000001C520-2029C991},2010-02-01 07:00:27,CQZ8674,PC-0013,Connect
{00000001DB21-06A260DB},2010-02-01 07:10:27,CQZ8674,PC-0013,Disconnect
{00000001CFFD-1D6ADED6},2010-02-01 07:13:20,OLN5687,PC-0088,Connect
{00000001CEEB-0CDDB2AD},2010-02-01 07:46:59,NRU3936,PC-0083,Connect
{00000001EFD6-0207E2B6},2010-02-01 08:06:25,QSC3123,PC-0100,Connect
{00000001E5FE-3D862DFE},2010-02-01 08:12:20,OLN5687,PC-0088,Disconnect
{00000001E4EC-219F282C},2010-02-01 08:22:59,NRU3936,PC-0083,Disconnect
{00000001D803-3E10715F},2010-02-01 08:46:26,YIO5206,PC-0146,Connect
{00000001EE04-2DDB7AA5},2010-02-01 09:04:26,YIO5206,PC-0146,Disconnect
{00000001D0C6-3963618D},2010-02-01 09:05:09,OMU2669,PC-0089,Connect
{00000001CA4A-21C03590},2010-02-01 09:17:31,IIY1438,PC-0050,Connect
{00000001F160-250EE31A},2010-02-01 09:19:25,QSC3123,PC-0100,Disconnect
{00000001C373-0FB83B31},2010-02-01 09:34:00,ADG1145,PC-0001,Connect
{00000001E6C7-10475878},2010-02-01 09:38:09,OMU2669,PC-0089,Disconnect
{00000001C49A-0470B1E8},2010-02-01 10:01:25,BFH3103,PC-0007,Connect
{00000001C5C0-2CCE3C22},2010-02-01 10:08:24,CVC0519,PC-0015,Connect
{00000001E04B-0D9639E4},2010-02-01 10:12:31,IIY1438,PC-0050,Disconnect
{00000001DA9B-334C1BFB},2010-02-01 10:30:25,BFH3103,PC-0007,Disconnect
{00000001D974-0D02D303},2010-02-01 10:42:00,ADG1145,PC-0001,Disconnect
{00000001DBC1-04E9CD6F},2010-02-01 10:54:24,CVC0519,PC-0015,Disconnect
{00000001CA1B-3B1B484D},2010-02-01 11:05:24,IDI9618,PC-0048,Connect
{00000001CB40-371BDC5A},2010-02-01 11:45:22,JMM0438,PC-0053,Connect
{00000001CDEC-13497766},2010-02-01 11:53:25,MDR4757,PC-0071,Connect
{00000001CE3F-3939F17B},2010-02-01 12:06:52,MSH7807,PC-0075,Connect
{00000001E01C-3AD65B5F},2010-02-01 12:14:24,IDI9618,PC-0048,Disconnect
{00000001D6D9-3C069414},2010-02-01 12:23:28,WLH0216,PC-0135,Connect
{00000001ECDA-01DAF4A6},2010-02-01 12:50:28,WLH0216,PC-0135,Disconnect
{00000001CABC-1BAFB37B},2010-02-01 12:53:12,JDE8246,PC-0052,Connect
{00000001E141-20DD74E7},2010-02-01 12:57:22,JMM0438,PC-0053,Disconnect
{00000001CCE6-334AB1AF},2010-02-01 12:58:23,KYR0991,PC-0061,Connect
{00000001E440-3F81246C},2010-02-01 13:11:52,MSH7807,PC-0075,Disconnect
{00000001E3ED-37D754F3},2010-02-01 13:15:25,MDR4757,PC-0071,Disconnect
{00000001E2E7-179FE9CE},2010-02-01 13:18:23,KYR0991,PC-0061,Disconnect
{00000001CC18-3D308DDA},2010-02-01 13:18:34,KIX3704,PC-0058,Connect
{00000001C521-182D2A64},2010-02-01 13:18:50,CQZ8674,PC-0013,Connect
{00000001C522-127C7FEA},2010-02-01 13:29:36,CQZ8674,PC-0013,Connect
{00000001D6DA-1D379E50},2010-02-01 13:45:47,WLH0216,PC-0135,Connect
{00000001E219-29E6BED5},2010-02-01 13:47:34,KIX3704,PC-0058,Disconnect
{00000001DB23-2A2AE308},2010-02-01 13:51:36,CQZ8674,PC-0013,Disconnect
{00000001CFA0-18884212},2010-02-01 14:06:53,OET6830,PC-0086,Connect
{00000001DB22-249C953F},2010-02-01 14:08:50,CQZ8674,PC-0013,Disconnect
{00000001CA1A-044A5C43},2010-02-01 14:10:41,IDI9618,PC-0048,Connect
{00000001E0BD-1324A1AB},2010-02-01 14:12:12,JDE8246,PC-0052,Disconnect
{00000001D5DD-2C71E8FA},2010-02-01 14:21:45,UUU6648,PC-0122,Connect
{00000001ECDB-2EEF999F},2010-02-01 14:25:47,WLH0216,PC-0135,Disconnect
{00000001D608-3BD67E5B},2010-02-01 14:34:30,VDL1237,PC-0125,Connect
{00000001E5A1-027A55B3},2010-02-01 14:40:53,OET6830,PC-0086,Disconnect
{00000001C9DD-35FC4B5C},2010-02-01 14:41:04,IAC0900,PC-0045,Connect
{00000001EBDE-3484DFDB},2010-02-01 14:41:45,UUU6648,PC-0122,Disconnect
{00000001D73B-0DCC30CE},2010-02-01 14:50:43,XGF2493,PC-0139,Connect
{00000001E01B-3D64111D},2010-02-01 15:09:41,IDI9618,PC-0048,Disconnect
{00000001D358-00E3BD27},2010-02-01 15:15:53,SHV5792,PC-0108,Connect
{00000001E959-2CA19F74},2010-02-01 15:21:53,SHV5792,PC-0108,Disconnect
{00000001ED3C-070B08F5},2010-02-01 15:26:43,XGF2493,PC-0139,Disconnect
{00000001DFDE-1BB46348},2010-02-01 15:33:04,IAC0900,PC-0045,Disconnect
{00000001EC09-0239BB67},2010-02-01 15:41:30,VDL1237,PC-0125,Disconnect
{00000001D3FB-1462B7CE},2010-02-01 16:43:34,TWU8511,PC-0115,Connect
{00000001CB3F-2627D14C},2010-02-01 16:57:19,JMM0438,PC-0053,Connect
{00000001C65C-3AA76407},2010-02-01 17:04:17,DHG6594,PC-0016,Connect
{00000001EFD7-3F339421},2010-02-01 17:05:48,QSC3123,PC-0100,Connect
{00000001D0F5-06E643C3},2010-02-01 17:11:53,OYC3975,PC-0091,Connect
{00000001E9FC-356D6F9A},2010-02-01 17:12:34,TWU8511,PC-0115,Disconnect
{00000001D2C1-16BA274F},2010-02-01 17:27:04,SDT4191,PC-0106,Connect
{00000001F161-1AAFDCEB},2010-02-01 17:27:48,QSC3123,PC-0100,Disconnect
{00000001E8C2-2C27594B},2010-02-01 17:34:04,SDT4191,PC-0106,Disconnect
{00000001D3FA-0DA97E9F},2010-02-01 17:36:45,TWU8511,PC-0115,Connect
{00000001E140-23A13A2B},2010-02-01 17:44:19,JMM0438,PC-0053,Disconnect
{00000001DC5D-2EA3E3DB},2010-02-01 17:56:17,DHG6594,PC-0016,Disconnect
{00000001E9FB-3B4AADC9},2010-02-01 18:31:45,TWU8511,PC-0115,Disconnect
{00000001E6F6-3B2D0431},2010-02-01 18:35:53,OYC3975,PC-0091,Disconnect
{00000001F29A-3FE35B14},2010-02-01 21:41:49,QSC3123,PC-0100,Connect
{00000001F363-305A3FA3},2010-02-01 22:19:49,QSC3123,PC-0100,Disconnect
{00000001EFDA-2790C0E7},2010-02-02 07:06:26,QSC3123,PC-0100,Connect
{00000001CEEC-254D9F93},2010-02-02 07:10:04,NRU3936,PC-0083,Connect
{00000001D2C4-0EEB49B1},2010-02-02 07:21:30,SDT4191,PC-0106,Connect
{00000001E4ED-16B955FF},2010-02-02 07:23:04,NRU3936,PC-0083,Disconnect
{00000001E8C5-3325A379},2010-02-02 07:25:30,SDT4191,PC-0106,Disconnect
{00000001D144-119DC556},2010-02-02 07:43:14,QHQ5150,PC-0098,Connect
{00000001D001-341BDECD},2010-02-02 07:43:15,OLN5687,PC-0088,Connect
{00000001D3FC-03421D06},2010-02-02 07:55:51,TWU8511,PC-0115,Connect
{00000001F164-04C2DD88},2010-02-02 07:56:26,QSC3123,PC-0100,Disconnect
{00000001CCE8-351B737F},2010-02-02 07:58:21,KYR0991,PC-0061,Connect
{00000001CA6E-28DC1F18},2010-02-02 08:03:49,IVL8082,PC-0051,Connect
{00000001D217-20582F9D},2010-02-02 08:07:39,RUT1946,PC-0104,Connect
{00000001D216-3C8BBFCE},2010-02-02 08:07:44,RUT1946,PC-0104,Connect
{00000001E817-2008D667},2010-02-02 08:10:44,RUT1946,PC-0104,Disconnect
{00000001D804-1DC57C7C},2010-02-02 08:18:14,YIO5206,PC-0146,Connect
{00000001E2E9-22D2528D},2010-02-02 08:28:21,KYR0991,PC-0061,Disconnect
{00000001E745-3B26DFC0},2010-02-02 08:43:14,QHQ5150,PC-0098,Disconnect
{00000001E602-10B856AC},2010-02-02 08:49:15,OLN5687,PC-0088,Disconnect
{00000001E9FD-13AEA758},2010-02-02 08:56:51,TWU8511,PC-0115,Disconnect
{00000001E818-0CCCB414},2010-02-02 09:00:39,RUT1946,PC-0104,Disconnect
{00000001E06F-014B57E9},2010-02-02 09:03:49,IVL8082,PC-0051,Disconnect
{00000001CE98-18D3EDEB},2010-02-02 09:10:36,NDV4503,PC-0078,Connect
{00000001D000-1422BE95},2010-02-02 09:20:57,OLN5687,PC-0088,Connect
{00000001EE05-17ED4790},2010-02-02 09:33:14,YIO5206,PC-0146,Disconnect
{00000001E499-3F0F202E},2010-02-02 09:39:36,NDV4503,PC-0078,Disconnect
{00000001EFD8-0E1A036E},2010-02-02 09:49:51,QSC3123,PC-0100,Connect
{00000001E601-2C47115A},2010-02-02 10:07:57,OLN5687,PC-0088,Disconnect
{00000001CE40-2A43C99E},2010-02-02 10:27:28,MSH7807,PC-0075,Connect
{00000001F162-3B7C38D5},2010-02-02 10:31:51,QSC3123,PC-0100,Disconnect
{00000001E441-3CD1C0E0},2010-02-02 10:38:28,MSH7807,PC-0075,Disconnect
{00000001C481-393DD5E3},2010-02-02 11:00:05,AZE5960,PC-0006,Connect
{00000001CB41-11AD42C9},2010-02-02 11:04:49,JMM0438,PC-0053,Connect
{00000001CFA1-3FB7741A},2010-02-02 11:10:20,OET6830,PC-0086,Connect
{00000001E5A2-2BF12D53},2010-02-02 11:38:20,OET6830,PC-0086,Disconnect
{00000001D53C-1CC13D5F},2010-02-02 11:59:27,UQK8227,PC-0120,Connect
{00000001D8E3-3946274A},2010-02-02 12:07:40,ZUI9718,PC-0157,Connect
{00000001DA82-0BFF4087},2010-02-02 12:10:05,AZE5960,PC-0006,Disconnect
{00000001E142-27BFEF88},2010-02-02 12:10:49,JMM0438,PC-0053,Disconnect
{00000001EFD9-21CF5DB4},2010-02-02 12:20:11,QSC3123,PC-0100,Connect
{00000001C4C8-25FEAEFD},2010-02-02 12:25:13,COU3039,PC-0011,Connect
{00000001EB3D-3AA91FC4},2010-02-02 12:45:27,UQK8227,PC-0120,Disconnect
{00000001EEE4-3A8D9764},2010-02-02 12:54:40,ZUI9718,PC-0157,Disconnect
{00000001CEC5-1490DD25},2010-02-02 12:54:44,NRI9556,PC-0082,Connect
{00000001C374-006F4BA6},2010-02-02 12:56:09,ADG1145,PC-0001,Connect
{00000001C771-00A5989D},2010-02-02 12:58:56,EHP1536,PC-0027,Connect
{00000001D2C2-1B30AA91},2010-02-02 13:08:27,SDT4191,PC-0106,Connect
{00000001F163-14C2EA56},2010-02-02 13:20:11,QSC3123,PC-0100,Disconnect
{00000001D975-3476DFF1},2010-02-02 13:22:09,ADG1145,PC-0001,Disconnect
{00000001CFFE-21C99A12},2010-02-02 13:35:03,OLN5687,PC-0088,Connect
{00000001DAC9-26218CB8},2010-02-02 13:35:13,COU3039,PC-0011,Disconnect
{00000001E4C6-338A3F7F},2010-02-02 13:36:44,NRI9556,PC-0082,Disconnect
{00000001D2C3-3E8634BB},2010-02-02 13:47:14,SDT4191,PC-0106,Connect
{00000001DD72-03739ED8},2010-02-02 13:49:56,EHP1536,PC-0027,Disconnect
{00000001E8C3-2BF0470D},2010-02-02 14:15:27,SDT4191,PC-0106,Disconnect
{00000001C49C-3A8F052B},2010-02-02 14:20:26,BFH3103,PC-0007,Connect
{00000001CDA3-087E82C9},2010-02-02 14:28:16,LYE5717,PC-0069,Connect
{00000001E5FF-06AF5F72},2010-02-02 14:32:03,OLN5687,PC-0088,Disconnect
{00000001CCC0-1DE3E90E},2010-02-02 14:37:04,KJX0944,PC-0059,Connect
{00000001CDD7-27893F50},2010-02-02 14:45:54,MAP5551,PC-0070,Connect
{00000001D142-088D5B25},2010-02-02 14:47:36,QHQ5150,PC-0098,Connect
{00000001E3A4-27319628},2010-02-02 14:48:16,LYE5717,PC-0069,Disconnect
{00000001D35A-123FA2C9},2010-02-02 14:55:19,SHV5792,PC-0108,Connect
{00000001E8C4-3FF8E75B},2010-02-02 15:03:14,SDT4191,PC-0106,Disconnect
{00000001CCE7-0377DA6F},2010-02-02 15:04:22,KYR0991,PC-0061,Connect
{00000001E3D8-2AFA7A77},2010-02-02 15:09:54,MAP5551,PC-0070,Disconnect
{00000001C523-29CF35CD},2010-02-02 15:17:21,CQZ8674,PC-0013,Connect
{00000001C773-103442CD},2010-02-02 15:20:15,EHP1536,PC-0027,Connect
{00000001DA9D-095FC2F9},2010-02-02 15:22:26,BFH3103,PC-0007,Disconnect
{00000001D359-02519464},2010-02-02 15:26:15,SHV5792,PC-0108,Connect
{00000001C772-2376F422},2010-02-02 15:28:25,EHP1536,PC-0027,Connect
{00000001E2E8-00EA496E},2010-02-02 15:30:22,KYR0991,PC-0061,Disconnect
{00000001DB24-22455400},2010-02-02 15:31:21,CQZ8674,PC-0013,Disconnect
{00000001E95B-140AB3E5},2010-02-02 15:35:19,SHV5792,PC-0108,Disconnect
{00000001DD73-07466C09},2010-02-02 15:45:25,EHP1536,PC-0027,Disconnect
{00000001EFDB-3D92085C},2010-02-02 15:47:34,QSC3123,PC-0100,Connect
{00000001E2C1-25988861},2010-02-02 15:49:04,KJX0944,PC-0059,Disconnect
{00000001CFFF-358886C5},2010-02-02 15:55:45,OLN5687,PC-0088,Connect
{00000001CF82-24E94FFD},2010-02-02 16:00:44,OEM8566,PC-0085,Connect
{00000001F165-2EBF84EE},2010-02-02 16:01:34,QSC3123,PC-0100,Disconnect
{00000001E743-1C37BD3B},2010-02-02 16:01:36,QHQ5150,PC-0098,Disconnect
{00000001DD74-33D06961},2010-02-02 16:16:15,EHP1536,PC-0027,Disconnect
{00000001E95A-0C63A439},2010-02-02 16:22:15,SHV5792,PC-0108,Disconnect
{00000001E600-3608859D},2010-02-02 16:26:45,OLN5687,PC-0088,Disconnect
{00000001CE68-13669744},2010-02-02 16:48:29,NBM1814,PC-0077,Connect
{00000001E583-1CBAE4A9},2010-02-02 17:02:44,OEM8566,PC-0085,Disconnect
{00000001D143-38F9C09A},2010-02-02 17:10:51,QHQ5150,PC-0098,Connect
{00000001E744-2289EB4B},2010-02-02 17:33:51,QHQ5150,PC-0098,Disconnect
{00000001E469-342C78C4},2010-02-02 17:40:29,NBM1814,PC-0077,Disconnect
{00000001C49B-2D8A8CDC},2010-02-02 17:44:25,BFH3103,PC-0007,Connect
{00000001CEED-0B8E9011},2010-02-02 17:59:22,NRU3936,PC-0083,Connect
{00000001DA9C-11C3E702},2010-02-02 18:15:25,BFH3103,PC-0007,Disconnect
{00000001E4EE-3AC8B0D9},2010-02-02 18:32:22,NRU3936,PC-0083,Disconnect
{00000001CCC1-31A31914},2010-02-03 07:03:32,KJX0944,PC-0059,Connect
{00000001EFDC-162B335E},2010-02-03 07:14:25,QSC3123,PC-0100,Connect
{00000001D2C6-3EF74B4F},2010-02-03 07:20:55,SDT4191,PC-0106,Connect
{00000001F166-1FF8C7B0},2010-02-03 07:46:25,QSC3123,PC-0100,Disconnect
{00000001E8C7-1AB5BEFF},2010-02-03 07:48:55,SDT4191,PC-0106,Disconnect
{00000001E2C2-1CAA844F},2010-02-03 07:59:32,KJX0944,PC-0059,Disconnect
{00000001C924-2AA96F73},2010-02-03 08:04:05,HVG7968,PC-0044,Connect
{00000001C926-2AC1E33A},2010-02-03 08:05:21,HVG7968,PC-0044,Connect
{00000001C8DA-3B870A3B},2010-02-03 08:16:47,GUG7168,PC-0037,Connect
{00000001C65F-23CD98DD},2010-02-03 08:22:07,DHG6594,PC-0016,Connect
{00000001DEDB-2B5CB1AD},2010-02-03 08:22:47,GUG7168,PC-0037,Disconnect
{00000001DF27-0D8C52A6},2010-02-03 08:23:21,HVG7968,PC-0044,Disconnect
{00000001DC60-27191EE2},2010-02-03 08:26:07,DHG6594,PC-0016,Disconnect
{00000001C65D-21A1F15F},2010-02-03 08:28:39,DHG6594,PC-0016,Connect
{00000001EFDD-170B6C38},2010-02-03 08:30:33,QSC3123,PC-0100,Connect
{00000001DF25-291F6554},2010-02-03 08:36:05,HVG7968,PC-0044,Disconnect
{00000001C734-13D157B4},2010-02-03 08:43:10,DNM3159,PC-0019,Connect
{00000001DC5E-19F9E4C5},2010-02-03 08:56:39,DHG6594,PC-0016,Disconnect
{00000001F167-21B6409C},2010-02-03 08:58:33,QSC3123,PC-0100,Disconnect
{00000001CB45-287EF6AB},2010-02-03 09:06:10,JMM0438,PC-0053,Connect
{00000001CDA4-1ABB6B0F},2010-02-03 09:09:29,LYE5717,PC-0069,Connect
{00000001DD35-1270F380},2010-02-03 09:14:10,DNM3159,PC-0019,Disconnect
{00000001E146-0AD7D555},2010-02-03 09:17:10,JMM0438,PC-0053,Disconnect
{00000001D8AA-21CB656D},2010-02-03 09:36:10,ZIF9528,PC-0154,Connect
{00000001EFDF-350D71EF},2010-02-03 09:36:58,QSC3123,PC-0100,Connect
{00000001CDA5-0E8C0264},2010-02-03 10:06:18,LYE5717,PC-0069,Connect
{00000001D2C5-3E98A7AA},2010-02-03 10:15:45,SDT4191,PC-0106,Connect
{00000001C9DE-04F9FA48},2010-02-03 10:22:07,IAC0900,PC-0045,Connect
{00000001E3A5-08A1C177},2010-02-03 10:22:29,LYE5717,PC-0069,Disconnect
{00000001E8C6-2409AD78},2010-02-03 10:22:45,SDT4191,PC-0106,Disconnect
{00000001EEAB-1B68B190},2010-02-03 10:24:10,ZIF9528,PC-0154,Disconnect
{00000001D805-03C4F2CC},2010-02-03 10:25:34,YIO5206,PC-0146,Connect
{00000001DFDF-0B14A676},2010-02-03 10:34:07,IAC0900,PC-0045,Disconnect
{00000001D4A1-0DCB0D13},2010-02-03 10:46:47,UEH9251,PC-0117,Connect
{00000001D218-31756A23},2010-02-03 10:50:24,RUT1946,PC-0104,Connect
{00000001F169-3AB2DDE8},2010-02-03 10:55:58,QSC3123,PC-0100,Disconnect
{00000001EE06-3BB0BCDE},2010-02-03 11:00:34,YIO5206,PC-0146,Disconnect
{00000001D0F6-0362F4DB},2010-02-03 11:18:09,OYC3975,PC-0091,Connect
{00000001E6F7-216E2069},2010-02-03 11:27:09,OYC3975,PC-0091,Disconnect
{00000001E3A6-0704B731},2010-02-03 11:30:18,LYE5717,PC-0069,Disconnect
{00000001C925-11E7168A},2010-02-03 11:34:18,HVG7968,PC-0044,Connect
{00000001EAA2-2F342E91},2010-02-03 11:41:47,UEH9251,PC-0117,Disconnect
{00000001D843-348470ED},2010-02-03 11:47:03,YLE8326,PC-0147,Connect
{00000001D35B-2322659E},2010-02-03 11:49:38,SHV5792,PC-0108,Connect
{00000001EE44-35ECF0CA},2010-02-03 12:03:03,YLE8326,PC-0147,Disconnect
{00000001CB43-22212B33},2010-02-03 12:04:12,JMM0438,PC-0053,Connect
{00000001E819-1E1BEFCF},2010-02-03 12:07:24,RUT1946,PC-0104,Disconnect
{00000001DF26-215A9EB5},2010-02-03 12:14:18,HVG7968,PC-0044,Disconnect
{00000001C774-1868307E},2010-02-03 12:14:46,EHP1536,PC-0027,Connect
{00000001E95C-3043ED64},2010-02-03 12:26:38,SHV5792,PC-0108,Disconnect
{00000001E144-2316638D},2010-02-03 12:55:12,JMM0438,PC-0053,Disconnect
{00000001DD75-187C4BC0},2010-02-03 13:01:46,EHP1536,PC-0027,Disconnect
{00000001D4A0-26A32CBA},2010-02-03 13:04:46,UEH9251,PC-0117,Connect
{00000001EFDE-0F21AAE2},2010-02-03 13:46:29,QSC3123,PC-0100,Connect
{00000001D588-3DEDAB5E},2010-02-03 13:56:58,USS4618,PC-0121,Connect
{00000001CEEE-3E471951},2010-02-03 14:04:08,NRU3936,PC-0083,Connect
{00000001EAA1-10E17E76},2010-02-03 14:16:46,UEH9251,PC-0117,Disconnect
{00000001C85C-3D9D812C},2010-02-03 14:19:29,GRQ1397,PC-0036,Connect
{00000001F168-04D97CB7},2010-02-03 14:55:29,QSC3123,PC-0100,Disconnect
{00000001EB89-2464E469},2010-02-03 14:55:58,USS4618,PC-0121,Disconnect
{00000001C3DB-33A5EB06},2010-02-03 14:59:55,ATM7194,PC-0003,Connect
{00000001CB44-103EA1A5},2010-02-03 15:06:03,JMM0438,PC-0053,Connect
{00000001CA70-1BED57B1},2010-02-03 15:07:56,IVL8082,PC-0051,Connect
{00000001E071-3579B61A},2010-02-03 15:11:56,IVL8082,PC-0051,Disconnect
{00000001D6DB-0E7F48A4},2010-02-03 15:21:51,WLH0216,PC-0135,Connect
{00000001E4EF-3E6B1A4C},2010-02-03 15:23:08,NRU3936,PC-0083,Disconnect
{00000001ECDC-0526F667},2010-02-03 15:30:51,WLH0216,PC-0135,Disconnect
{00000001D9DC-3E155264},2010-02-03 15:40:55,ATM7194,PC-0003,Disconnect
{00000001D2C7-360A1142},2010-02-03 15:43:58,SDT4191,PC-0106,Connect
{00000001D3FD-3C98B729},2010-02-03 15:44:59,TWU8511,PC-0115,Connect
{00000001DE5D-0D3D8136},2010-02-03 15:46:29,GRQ1397,PC-0036,Disconnect
{00000001D3FE-2AE5F371},2010-02-03 15:53:23,TWU8511,PC-0115,Connect
{00000001E145-1568A909},2010-02-03 15:56:03,JMM0438,PC-0053,Disconnect
{00000001E8C8-3D85F6C0},2010-02-03 16:15:58,SDT4191,PC-0106,Disconnect
{00000001E9FE-19EDCB4D},2010-02-03 16:29:59,TWU8511,PC-0115,Disconnect
{00000001E9FF-13DE46F4},2010-02-03 16:30:23,TWU8511,PC-0115,Disconnect
{00000001D002-1B3B2F52},2010-02-03 17:05:51,OLN5687,PC-0088,Connect
{00000001C85D-22CF86D2},2010-02-03 17:11:04,GRQ1397,PC-0036,Connect
{00000001CA6F-302A6D4F},2010-02-03 17:15:20,IVL8082,PC-0051,Connect
{00000001E603-266C29C6},2010-02-03 17:24:51,OLN5687,PC-0088,Disconnect
{00000001EFE0-16D6E304},2010-02-03 17:35:40,QSC3123,PC-0100,Connect
{00000001CB42-1595074F},2010-02-03 17:37:59,JMM0438,PC-0053,Connect
{00000001D796-19F94C1E},2010-02-03 17:43:03,YDM6963,PC-0145,Connect
{00000001C65E-1F84A4D0},2010-02-03 17:47:09,DHG6594,PC-0016,Connect
{00000001F16A-3F0AB709},2010-02-03 18:03:40,QSC3123,PC-0100,Disconnect
{00000001E070-31959350},2010-02-03 18:04:20,IVL8082,PC-0051,Disconnect
{00000001ED97-27730FFB},2010-02-03 18:08:03,YDM6963,PC-0145,Disconnect
{00000001DE5E-39037812},2010-02-03 18:30:04,GRQ1397,PC-0036,Disconnect
{00000001E143-1AE9CC7A},2010-02-03 18:34:59,JMM0438,PC-0053,Disconnect
{00000001DC5F-0D9BB281},2010-02-03 18:52:09,DHG6594,PC-0016,Disconnect
{00000001F29B-2CFB09FA},2010-02-03 20:26:27,QSC3123,PC-0100,Connect
{00000001F364-260B5F99},2010-02-03 21:16:27,QSC3123,PC-0100,Disconnect
{00000001F29C-1F0B6C9B},2010-02-04 04:46:11,QSC3123,PC-0100,Connect
{00000001F365-21C6793D},2010-02-04 05:07:11,QSC3123,PC-0100,Disconnect
{00000001D2C9-10DE09F3},2010-02-04 07:06:23,SDT4191,PC-0106,Connect
{00000001C928-33B513DA},2010-02-04 07:23:08,HVG7968,PC-0044,Connect
{00000001D3FF-19C0B378},2010-02-04 07:36:12,TWU8511,PC-0115,Connect
{00000001E8CA-15A80A2B},2010-02-04 07:46:23,SDT4191,PC-0106,Disconnect
{00000001D219-2C932535},2010-02-04 07:48:24,RUT1946,PC-0104,Connect
{00000001D004-26818B19},2010-02-04 07:49:03,OLN5687,PC-0088,Connect
{00000001EFE1-23C289F9},2010-02-04 08:05:13,QSC3123,PC-0100,Connect
{00000001E605-0747B28E},2010-02-04 08:17:03,OLN5687,PC-0088,Disconnect
{00000001EA00-36A39F2C},2010-02-04 08:17:12,TWU8511,PC-0115,Disconnect
{00000001C429-07EA0BF5},2010-02-04 08:25:34,AYY2409,PC-0005,Connect
{00000001CCEA-00E2AF84},2010-02-04 08:31:34,KYR0991,PC-0061,Connect
{00000001E81A-0782A828},2010-02-04 08:34:24,RUT1946,PC-0104,Disconnect
{00000001DF29-19F2C1E0},2010-02-04 08:40:08,HVG7968,PC-0044,Disconnect
{00000001C375-000DE4EC},2010-02-04 08:51:05,ADG1145,PC-0001,Connect
{00000001E2EB-13BF52BC},2010-02-04 08:54:34,KYR0991,PC-0061,Disconnect
{00000001F16B-3C626EA9},2010-02-04 08:59:13,QSC3123,PC-0100,Disconnect
{00000001D976-2C228C61},2010-02-04 09:01:05,ADG1145,PC-0001,Disconnect
{00000001DA2A-220E41D9},2010-02-04 09:13:34,AYY2409,PC-0005,Disconnect
{00000001EFE3-296D9141},2010-02-04 09:24:38,QSC3123,PC-0100,Connect
{00000001C8DB-17FAF2F3},2010-02-04 09:31:07,GUG7168,PC-0037,Connect
{00000001F16D-08611479},2010-02-04 10:04:38,QSC3123,PC-0100,Disconnect
{00000001C4C9-0BC35A07},2010-02-04 10:13:27,COU3039,PC-0011,Connect
{00000001D401-1A29F4D7},2010-02-04 10:22:01,TWU8511,PC-0115,Connect
{00000001DEDC-188B82F0},2010-02-04 10:29:07,GUG7168,PC-0037,Disconnect
{00000001D73C-05291195},2010-02-04 10:29:34,XGF2493,PC-0139,Connect
{00000001ED3D-13B3BC97},2010-02-04 10:35:34,XGF2493,PC-0139,Disconnect
{00000001CB46-2F6D9E22},2010-02-04 10:35:54,JMM0438,PC-0053,Connect
{00000001EA02-200D2C2F},2010-02-04 10:58:01,TWU8511,PC-0115,Disconnect
{00000001E147-257E1610},2010-02-04 11:02:54,JMM0438,PC-0053,Disconnect
{00000001D003-3D8E3C74},2010-02-04 11:05:04,OLN5687,PC-0088,Connect
{00000001C775-1F8FA1BE},2010-02-04 11:05:41,EHP1536,PC-0027,Connect
{00000001DD76-3E15C363},2010-02-04 11:12:41,EHP1536,PC-0027,Disconnect
{00000001CEEF-2B555036},2010-02-04 11:17:32,NRU3936,PC-0083,Connect
{00000001D402-16EF7C0B},2010-02-04 11:23:54,TWU8511,PC-0115,Connect
{00000001EFE2-101CEE43},2010-02-04 11:25:37,QSC3123,PC-0100,Connect
{00000001E4F0-0C5DCA25},2010-02-04 11:26:32,NRU3936,PC-0083,Disconnect
{00000001F16C-1658733E},2010-02-04 11:29:37,QSC3123,PC-0100,Disconnect
{00000001CCE9-3B76C2B8},2010-02-04 11:32:58,KYR0991,PC-0061,Connect
{00000001DACA-3DF2E027},2010-02-04 11:39:27,COU3039,PC-0011,Disconnect
{00000001C660-2CC80F8F},2010-02-04 11:40:45,DHG6594,PC-0016,Connect
{00000001C9DF-2B599C78},2010-02-04 11:42:30,IAC0900,PC-0045,Connect
{00000001C49E-08AE1B0F},2010-02-04 11:47:01,BFH3103,PC-0007,Connect
{00000001E604-0F0557A7},2010-02-04 11:51:04,OLN5687,PC-0088,Disconnect
{00000001D400-1E3A2783},2010-02-04 11:56:27,TWU8511,PC-0115,Connect
{00000001DA9F-3B4BD3B2},2010-02-04 12:01:01,BFH3103,PC-0007,Disconnect
{00000001DFE0-34641E20},2010-02-04 12:02:30,IAC0900,PC-0045,Disconnect
{00000001DC61-1DF9B54F},2010-02-04 12:08:45,DHG6594,PC-0016,Disconnect
{00000001E2EA-3915D3BB},2010-02-04 12:13:58,KYR0991,PC-0061,Disconnect
{00000001D35C-2D101277},2010-02-04 12:15:13,SHV5792,PC-0108,Connect
{00000001C85E-2A225968},2010-02-04 12:23:16,GRQ1397,PC-0036,Connect
{00000001E95D-1B3F57E2},2010-02-04 12:49:13,SHV5792,PC-0108,Disconnect
{00000001EA03-0036C8E2},2010-02-04 12:49:54,TWU8511,PC-0115,Disconnect
{00000001EA01-38C6C083},2010-02-04 12:53:27,TWU8511,PC-0115,Disconnect
{00000001C49D-2115553E},2010-02-04 13:15:00,BFH3103,PC-0007,Connect
{00000001DA9E-1B1FC8C1},2010-02-04 13:25:00,BFH3103,PC-0007,Disconnect
{00000001DE5F-3B61B32E},2010-02-04 13:34:16,GRQ1397,PC-0036,Disconnect
{00000001CB47-3D393ACF},2010-02-04 14:06:03,JMM0438,PC-0053,Connect
{00000001C776-193B68F3},2010-02-04 14:12:46,EHP1536,PC-0027,Connect
{00000001D797-1CD587BE},2010-02-04 14:21:27,YDM6963,PC-0145,Connect
{00000001D2C8-021BA8F4},2010-02-04 14:32:38,SDT4191,PC-0106,Connect
{00000001C927-102D5592},2010-02-04 14:58:11,HVG7968,PC-0044,Connect
{00000001D798-26C1513C},2010-02-04 15:02:04,YDM6963,PC-0145,Connect
{00000001E8C9-379B48D4},2010-02-04 15:03:38,SDT4191,PC-0106,Disconnect
{00000001ED98-1AC7CEFE},2010-02-04 15:06:27,YDM6963,PC-0145,Disconnect
{00000001ED99-27012CF4},2010-02-04 15:09:04,YDM6963,PC-0145,Disconnect
{00000001D17F-134513F4},2010-02-04 15:19:34,QSC3123,PC-0100,Connect
{00000001E148-2B3BD4F6},2010-02-04 15:28:03,JMM0438,PC-0053,Disconnect
{00000001CABE-17879F5C},2010-02-04 15:28:33,JDE8246,PC-0052,Connect
{00000001DD77-0737BA23},2010-02-04 15:35:46,EHP1536,PC-0027,Disconnect
{00000001D0C7-33C171C0},2010-02-04 15:59:15,OMU2669,PC-0089,Connect
{00000001DF28-2CD0BE9B},2010-02-04 16:00:11,HVG7968,PC-0044,Disconnect
{00000001D005-3689F657},2010-02-04 16:11:00,OLN5687,PC-0088,Connect
{00000001E780-37D9F748},2010-02-04 16:30:34,QSC3123,PC-0100,Disconnect
{00000001E6C8-3DEE24EE},2010-02-04 16:38:15,OMU2669,PC-0089,Disconnect
{00000001CE69-0A6A6B03},2010-02-04 16:47:59,NBM1814,PC-0077,Connect
{00000001CABD-06BB4958},2010-02-04 16:49:30,JDE8246,PC-0052,Connect
{00000001E0BE-24489E05},2010-02-04 16:55:30,JDE8246,PC-0052,Disconnect
{00000001E0BF-1CEA912B},2010-02-04 16:57:33,JDE8246,PC-0052,Disconnect
{00000001E46A-11DECB44},2010-02-04 17:01:59,NBM1814,PC-0077,Disconnect
{00000001D53D-31B890DA},2010-02-04 17:07:03,UQK8227,PC-0120,Connect
{00000001CEC6-3B0B8553},2010-02-04 17:23:05,NRI9556,PC-0082,Connect
{00000001CC19-3D30460E},2010-02-04 17:29:57,KIX3704,PC-0058,Connect
{00000001E606-0316C6C4},2010-02-04 17:31:00,OLN5687,PC-0088,Disconnect
{00000001E4C7-306F1244},2010-02-04 17:43:05,NRI9556,PC-0082,Disconnect
{00000001EB3E-36DA99C1},2010-02-04 18:11:03,UQK8227,PC-0120,Disconnect
{00000001E21A-1079E0DE},2010-02-04 18:29:57,KIX3704,PC-0058,Disconnect
{00000001F29D-22FEFB57},2010-02-04 19:19:11,QSC3123,PC-0100,Connect
{00000001F366-3BB952CB},2010-02-04 19:56:11,QSC3123,PC-0100,Disconnect
{00000001CEF0-3A66456C},2010-02-05 07:22:35,NRU3936,PC-0083,Connect
{00000001C5C1-11A64577},2010-02-05 07:49:53,CVC0519,PC-0015,Connect
{00000001E4F1-33BB843E},2010-02-05 07:58:35,NRU3936,PC-0083,Disconnect
{00000001D73D-34838EDC},2010-02-05 08:43:00,XGF2493,PC-0139,Connect
{00000001C524-23FE252C},2010-02-05 08:46:34,CQZ8674,PC-0013,Connect
{00000001DB25-0713E1E8},2010-02-05 08:49:34,CQZ8674,PC-0013,Disconnect
{00000001EFE4-2E14B40C},2010-02-05 08:51:02,QSC3123,PC-0100,Connect
{00000001D35D-0066DF30},2010-02-05 08:57:50,SHV5792,PC-0108,Connect
{00000001C819-187686BD},2010-02-05 09:05:49,FCN9756,PC-0031,Connect
{00000001D008-2FC9E2C3},2010-02-05 09:08:17,OLN5687,PC-0088,Connect
{00000001DBC2-0E62853A},2010-02-05 09:17:53,CVC0519,PC-0015,Disconnect
{00000001DE1A-278C4F9B},2010-02-05 09:19:49,FCN9756,PC-0031,Disconnect
{00000001F16E-16F4ED13},2010-02-05 09:26:02,QSC3123,PC-0100,Disconnect
{00000001E609-28157370},2010-02-05 09:28:17,OLN5687,PC-0088,Disconnect
{00000001ED3E-38367A1A},2010-02-05 09:47:00,XGF2493,PC-0139,Disconnect
{00000001D180-1FC74E9B},2010-02-05 09:47:32,QSC3123,PC-0100,Connect
{00000001C42A-3479E695},2010-02-05 09:52:37,AYY2409,PC-0005,Connect
{00000001D404-0BF4C761},2010-02-05 09:59:30,TWU8511,PC-0115,Connect
{00000001D007-10440028},2010-02-05 10:05:19,OLN5687,PC-0088,Connect
{00000001E95E-20ADE6E7},2010-02-05 10:08:50,SHV5792,PC-0108,Disconnect
{00000001CAC0-2355EDD2},2010-02-05 10:14:54,JDE8246,PC-0052,Connect
{00000001E781-249C857D},2010-02-05 10:25:32,QSC3123,PC-0100,Disconnect
{00000001E608-0A60D6CD},2010-02-05 10:32:19,OLN5687,PC-0088,Disconnect
{00000001D181-2286B14D},2010-02-05 10:36:56,QSC3123,PC-0100,Connect
{00000001EA05-35FABAF5},2010-02-05 11:05:30,TWU8511,PC-0115,Disconnect
{00000001D006-04151D4F},2010-02-05 11:05:47,OLN5687,PC-0088,Connect
{00000001E782-25637501},2010-02-05 11:15:56,QSC3123,PC-0100,Disconnect
{00000001E0C1-000903D0},2010-02-05 11:17:54,JDE8246,PC-0052,Disconnect
{00000001DA2B-23527EFE},2010-02-05 11:21:37,AYY2409,PC-0005,Disconnect
{00000001CD80-1A569FED},2010-02-05 11:25:07,LMQ7847,PC-0066,Connect
{00000001E381-3F57A53A},2010-02-05 11:44:07,LMQ7847,PC-0066,Disconnect
{00000001CABF-0F79B0FF},2010-02-05 11:54:31,JDE8246,PC-0052,Connect
{00000001E0C0-0517DB48},2010-02-05 11:59:31,JDE8246,PC-0052,Disconnect
{00000001E607-3E44BA81},2010-02-05 12:11:47,OLN5687,PC-0088,Disconnect
{00000001D403-28F86FAC},2010-02-05 12:12:18,TWU8511,PC-0115,Connect
{00000001EA04-212D6381},2010-02-05 12:21:18,TWU8511,PC-0115,Disconnect
{00000001D8E4-085F5798},2010-02-05 12:59:29,ZUI9718,PC-0157,Connect
{00000001C777-24DC6A9D},2010-02-05 13:04:28,EHP1536,PC-0027,Connect
{00000001D85B-18F419D9},2010-02-05 13:06:47,YNX1016,PC-0148,Connect
{00000001C3DC-02E15132},2010-02-05 13:07:28,ATM7194,PC-0003,Connect
{00000001D73E-2724EEB4},2010-02-05 13:14:35,XGF2493,PC-0139,Connect
{00000001DD78-14F01275},2010-02-05 13:34:28,EHP1536,PC-0027,Disconnect
{00000001EEE5-33D0AF01},2010-02-05 13:36:29,ZUI9718,PC-0157,Disconnect
{00000001D589-29A4072D},2010-02-05 13:36:31,USS4618,PC-0121,Connect
{00000001EE5C-18E4E487},2010-02-05 13:49:47,YNX1016,PC-0148,Disconnect
{00000001D12A-24FD4979},2010-02-05 14:01:18,QCT4158,PC-0097,Connect
{00000001CC1A-0A36374D},2010-02-05 14:02:02,KIX3704,PC-0058,Connect
{00000001ED3F-2BFB00A0},2010-02-05 14:04:35,XGF2493,PC-0139,Disconnect
{00000001D9DD-05462BF0},2010-02-05 14:18:28,ATM7194,PC-0003,Disconnect
{00000001E72B-174ACD10},2010-02-05 14:28:18,QCT4158,PC-0097,Disconnect
{00000001EB8A-1D182004},2010-02-05 14:35:31,USS4618,PC-0121,Disconnect
{00000001CA71-3B82F3C1},2010-02-05 14:50:21,IVL8082,PC-0051,Connect
{00000001C376-12A895C1},2010-02-05 14:54:32,ADG1145,PC-0001,Connect
{00000001D405-13A3125B},2010-02-05 15:12:02,TWU8511,PC-0115,Connect
{00000001E21B-32E0C0C3},2010-02-05 15:18:02,KIX3704,PC-0058,Disconnect
{00000001D977-2C3CD457},2010-02-05 15:24:32,ADG1145,PC-0001,Disconnect
{00000001E072-3B38836A},2010-02-05 15:26:21,IVL8082,PC-0051,Disconnect
{00000001CFA2-38181A48},2010-02-05 15:35:58,OET6830,PC-0086,Connect
{00000001EA06-3990ED62},2010-02-05 15:53:02,TWU8511,PC-0115,Disconnect
{00000001D8E5-3DC4B095},2010-02-05 16:06:06,ZUI9718,PC-0157,Connect
{00000001C377-2AF426E7},2010-02-05 16:17:01,ADG1145,PC-0001,Connect
{00000001E5A3-2DC3D913},2010-02-05 16:44:58,OET6830,PC-0086,Disconnect
{00000001C4CA-1FB42607},2010-02-05 16:45:06,COU3039,PC-0011,Connect
{00000001C807-2060213D},2010-02-05 16:49:28,ETS3545,PC-0029,Connect
{00000001DE08-22ADF647},2010-02-05 16:56:28,ETS3545,PC-0029,Disconnect
{00000001EFE5-03552311},2010-02-05 16:59:09,QSC3123,PC-0100,Connect
{00000001C929-0EB9109E},2010-02-05 17:01:56,HVG7968,PC-0044,Connect
{00000001F16F-362FAFF6},2010-02-05 17:08:09,QSC3123,PC-0100,Disconnect
{00000001D978-090F118E},2010-02-05 17:12:01,ADG1145,PC-0001,Disconnect
{00000001C405-3A892112},2010-02-05 17:20:51,AUI6616,PC-0004,Connect
{00000001EEE6-3F7D50A3},2010-02-05 17:23:06,ZUI9718,PC-0157,Disconnect
{00000001DF2A-332B792C},2010-02-05 17:59:56,HVG7968,PC-0044,Disconnect
{00000001DACB-11C32446},2010-02-05 18:10:06,COU3039,PC-0011,Disconnect
{00000001DA06-08DF9D35},2010-02-05 18:32:51,AUI6616,PC-0004,Disconnect
{00000001F29E-2DDCFC97},2010-02-05 23:43:32,QSC3123,PC-0100,Connect
{00000001F367-005D6AC2},2010-02-06 00:44:32,QSC3123,PC-0100,Disconnect
{00000001CCEB-2C8F47C5},2010-02-08 07:08:00,KYR0991,PC-0061,Connect
{00000001D35E-198E9E7D},2010-02-08 07:09:07,SHV5792,PC-0108,Connect
{00000001CB4A-283FD2F2},2010-02-08 07:48:55,JMM0438,PC-0053,Connect
{00000001D6DC-17C2110B},2010-02-08 08:00:58,WLH0216,PC-0135,Connect
{00000001CB4B-2AAC6A79},2010-02-08 08:05:51,JMM0438,PC-0053,Connect
{00000001ECDD-2DE662A5},2010-02-08 08:06:58,WLH0216,PC-0135,Disconnect
{00000001E2EC-394E1110},2010-02-08 08:12:00,KYR0991,PC-0061,Disconnect
{00000001D806-06B0904E},2010-02-08 08:19:04,YIO5206,PC-0146,Connect
{00000001C42B-2C70DF7A},2010-02-08 08:29:55,AYY2409,PC-0005,Connect
{00000001E14B-3C8B3F42},2010-02-08 08:29:55,JMM0438,PC-0053,Disconnect
{00000001E95F-32AD6390},2010-02-08 08:30:07,SHV5792,PC-0108,Disconnect
{00000001D0F7-36DC8308},2010-02-08 08:37:58,OYC3975,PC-0091,Connect
{00000001E14C-28B0087E},2010-02-08 08:41:51,JMM0438,PC-0053,Disconnect
{00000001EFE9-177B7088},2010-02-08 08:46:15,QSC3123,PC-0100,Connect
{00000001C735-35FB58FA},2010-02-08 08:49:22,DNM3159,PC-0019,Connect
{00000001D182-07941C4C},2010-02-08 08:51:35,QSC3123,PC-0100,Connect
{00000001E783-051DAA54},2010-02-08 08:53:35,QSC3123,PC-0100,Disconnect
{00000001DA2C-3C144CA4},2010-02-08 08:53:55,AYY2409,PC-0005,Disconnect
{00000001DD36-27EDAC6A},2010-02-08 09:02:22,DNM3159,PC-0019,Disconnect
{00000001EE07-22C17BBA},2010-02-08 09:27:04,YIO5206,PC-0146,Disconnect
{00000001CEF1-375D5E28},2010-02-08 09:38:18,NRU3936,PC-0083,Connect
{00000001E6F8-0BE0ECBA},2010-02-08 09:41:58,OYC3975,PC-0091,Disconnect
{00000001F173-20530EE3},2010-02-08 09:57:15,QSC3123,PC-0100,Disconnect
{00000001C5C2-2BDE0DB5},2010-02-08 10:19:30,CVC0519,PC-0015,Connect
{00000001D2CA-1E2700DC},2010-02-08 10:56:28,SDT4191,PC-0106,Connect
{00000001E4F2-03EE78C5},2010-02-08 10:58:18,NRU3936,PC-0083,Disconnect
{00000001DBC3-1A87BF3F},2010-02-08 11:24:30,CVC0519,PC-0015,Disconnect
{00000001EFE6-3CD29832},2010-02-08 11:29:05,QSC3123,PC-0100,Connect
{00000001D8AB-11F8A2C1},2010-02-08 11:42:34,ZIF9528,PC-0154,Connect
{00000001F170-0B1CDD3C},2010-02-08 11:47:05,QSC3123,PC-0100,Disconnect
{00000001C92A-20C26C88},2010-02-08 11:59:01,HVG7968,PC-0044,Connect
{00000001CE99-395A3FCD},2010-02-08 12:02:05,NDV4503,PC-0078,Connect
{00000001D407-07E6447B},2010-02-08 12:09:13,TWU8511,PC-0115,Connect
{00000001E8CB-17637189},2010-02-08 12:20:28,SDT4191,PC-0106,Disconnect
{00000001E49A-146A13EE},2010-02-08 12:24:05,NDV4503,PC-0078,Disconnect
{00000001C92B-18C19705},2010-02-08 12:59:39,HVG7968,PC-0044,Connect
{00000001EEAC-0DA042F8},2010-02-08 13:02:34,ZIF9528,PC-0154,Disconnect
{00000001EA08-3A88FB5F},2010-02-08 13:06:13,TWU8511,PC-0115,Disconnect
{00000001DF2B-007D142A},2010-02-08 13:20:01,HVG7968,PC-0044,Disconnect
{00000001D799-1982B0AE},2010-02-08 13:41:53,YDM6963,PC-0145,Connect
{00000001CF83-01E67F23},2010-02-08 13:52:07,OEM8566,PC-0085,Connect
{00000001D844-1CB8CE5E},2010-02-08 14:08:14,YLE8326,PC-0147,Connect
{00000001ED9A-2D0AAA14},2010-02-08 14:12:53,YDM6963,PC-0145,Disconnect
{00000001E584-3BE35182},2010-02-08 14:26:07,OEM8566,PC-0085,Disconnect
{00000001DF2C-1EA4C8E7},2010-02-08 14:28:39,HVG7968,PC-0044,Disconnect
{00000001CEAD-1D5541CC},2010-02-08 14:29:28,NJT3274,PC-0081,Connect
{00000001D21A-0003FA52},2010-02-08 14:33:19,RUT1946,PC-0104,Connect
{00000001CB49-11AA0F05},2010-02-08 14:41:15,JMM0438,PC-0053,Connect
{00000001C3DD-2AC05C93},2010-02-08 15:05:50,ATM7194,PC-0003,Connect
{00000001D646-06ECF6FA},2010-02-08 15:07:50,VNI5142,PC-0129,Connect
{00000001EE45-07876963},2010-02-08 15:10:14,YLE8326,PC-0147,Disconnect
{00000001D4D6-0E884354},2010-02-08 15:11:10,UKR6395,PC-0118,Connect
{00000001C778-2A91C8FE},2010-02-08 15:14:51,EHP1536,PC-0027,Connect
{00000001E4AE-39A89F59},2010-02-08 15:16:28,NJT3274,PC-0081,Disconnect
{00000001EC47-31522037},2010-02-08 15:27:50,VNI5142,PC-0129,Disconnect
{00000001C378-35DFA692},2010-02-08 15:32:58,ADG1145,PC-0001,Connect
{00000001DD79-0CB0E0E7},2010-02-08 15:33:51,EHP1536,PC-0027,Disconnect
{00000001E81B-3F727B16},2010-02-08 15:47:19,RUT1946,PC-0104,Disconnect
{00000001E14A-0CB9252F},2010-02-08 16:01:15,JMM0438,PC-0053,Disconnect
{00000001D9DE-3A7C75C1},2010-02-08 16:03:50,ATM7194,PC-0003,Disconnect
{00000001EAD7-1528DC2C},2010-02-08 16:14:10,UKR6395,PC-0118,Disconnect
{00000001D979-0FF03966},2010-02-08 16:15:58,ADG1145,PC-0001,Disconnect
{00000001D876-2073C3C0},2010-02-08 16:16:40,YST5811,PC-0149,Connect
{00000001CB48-275E4011},2010-02-08 16:22:23,JMM0438,PC-0053,Connect
{00000001D406-2F14B665},2010-02-08 16:42:41,TWU8511,PC-0115,Connect
{00000001EA07-358DC2F1},2010-02-08 16:46:41,TWU8511,PC-0115,Disconnect
{00000001C85F-01439384},2010-02-08 16:53:31,GRQ1397,PC-0036,Connect
{00000001DE60-0B949326},2010-02-08 17:03:31,GRQ1397,PC-0036,Disconnect
{00000001E149-0151F749},2010-02-08 17:08:23,JMM0438,PC-0053,Disconnect
{00000001CB4C-18EE303C},2010-02-08 17:11:27,JMM0438,PC-0053,Connect
{00000001C42C-1CDE4180},2010-02-08 17:24:21,AYY2409,PC-0005,Connect
{00000001D009-04A6AF29},2010-02-08 17:34:21,OLN5687,PC-0088,Connect
{00000001EE77-261AD092},2010-02-08 17:34:40,YST5811,PC-0149,Disconnect
{00000001C80F-0CE55A88},2010-02-08 17:37:10,EYT8043,PC-0030,Connect
{00000001EFE7-2C6F86C8},2010-02-08 17:45:00,QSC3123,PC-0100,Connect
{00000001EFE8-0517A02D},2010-02-08 17:52:55,QSC3123,PC-0100,Connect
{00000001E60A-1CED10F3},2010-02-08 17:56:21,OLN5687,PC-0088,Disconnect
{00000001F171-0BA6CE43},2010-02-08 18:00:00,QSC3123,PC-0100,Disconnect
{00000001F29F-2378283E},2010-02-08 18:11:19,QSC3123,PC-0100,Connect
{00000001E14D-228D6F6E},2010-02-08 18:30:27,JMM0438,PC-0053,Disconnect
{00000001F172-21EB27AC},2010-02-08 18:30:55,QSC3123,PC-0100,Disconnect
{00000001DA2D-09BC59B8},2010-02-08 18:31:21,AYY2409,PC-0005,Disconnect
{00000001DE10-0209BE82},2010-02-08 18:32:10,EYT8043,PC-0030,Disconnect
{00000001F368-1234CEDD},2010-02-08 19:28:19,QSC3123,PC-0100,Disconnect
{00000001C525-296C72D6},2010-02-09 07:01:28,CQZ8674,PC-0013,Connect
{00000001EFEA-1B47FD8B},2010-02-09 07:13:05,QSC3123,PC-0100,Connect
{00000001C379-394A5507},2010-02-09 07:14:11,ADG1145,PC-0001,Connect
{00000001D807-04D4EBB8},2010-02-09 07:17:19,YIO5206,PC-0146,Connect
{00000001EFEB-3048A495},2010-02-09 07:20:24,QSC3123,PC-0100,Connect
{00000001C5C3-27B93F93},2010-02-09 07:33:20,CVC0519,PC-0015,Connect
{00000001CA72-0E6304A0},2010-02-09 07:56:29,IVL8082,PC-0051,Connect
{00000001F175-2F27B050},2010-02-09 08:03:24,QSC3123,PC-0100,Disconnect
{00000001F174-10364B80},2010-02-09 08:12:05,QSC3123,PC-0100,Disconnect
{00000001DBC4-1067CBF3},2010-02-09 08:25:20,CVC0519,PC-0015,Disconnect
{00000001CAC1-30D65367},2010-02-09 08:27:21,JDE8246,PC-0052,Connect
{00000001DB26-0521E289},2010-02-09 08:27:28,CQZ8674,PC-0013,Disconnect
{00000001D97A-2E690584},2010-02-09 08:38:11,ADG1145,PC-0001,Disconnect
{00000001EE08-0DADCAD5},2010-02-09 08:46:19,YIO5206,PC-0146,Disconnect
{00000001C4CB-28097C86},2010-02-09 08:49:31,COU3039,PC-0011,Connect
{00000001E073-3FC598D0},2010-02-09 08:53:29,IVL8082,PC-0051,Disconnect
{00000001DACC-2241BCAA},2010-02-09 09:26:31,COU3039,PC-0011,Disconnect
{00000001E0C2-20F08AE4},2010-02-09 09:32:21,JDE8246,PC-0052,Disconnect
{00000001D408-112DC576},2010-02-09 09:34:21,TWU8511,PC-0115,Connect
{00000001C92C-0648AECE},2010-02-09 09:34:28,HVG7968,PC-0044,Connect
{00000001C860-2114CB9C},2010-02-09 09:35:55,GRQ1397,PC-0036,Connect
{00000001DF2D-3DDE72DA},2010-02-09 09:41:28,HVG7968,PC-0044,Disconnect
{00000001EA09-34A6285B},2010-02-09 09:55:21,TWU8511,PC-0115,Disconnect
{00000001C3DE-13FF4417},2010-02-09 10:14:40,ATM7194,PC-0003,Connect
{00000001CFA3-0DDFB992},2010-02-09 10:15:37,OET6830,PC-0086,Connect
{00000001C661-36BFAB3C},2010-02-09 10:17:57,DHG6594,PC-0016,Connect
{00000001DE61-36D0FEC6},2010-02-09 10:20:55,GRQ1397,PC-0036,Disconnect
{00000001DC62-272D40E6},2010-02-09 10:35:57,DHG6594,PC-0016,Disconnect
{00000001D35F-2A118B66},2010-02-09 10:56:21,SHV5792,PC-0108,Connect
{00000001D9DF-32846ECF},2010-02-09 10:59:40,ATM7194,PC-0003,Disconnect
{00000001E5A4-3766BDE0},2010-02-09 11:02:37,OET6830,PC-0086,Disconnect
{00000001E960-3F952E39},2010-02-09 11:25:21,SHV5792,PC-0108,Disconnect
{00000001CA1C-343E16FC},2010-02-09 11:52:02,IDI9618,PC-0048,Connect
{00000001E01D-12228854},2010-02-09 12:06:02,IDI9618,PC-0048,Disconnect
{00000001D2CB-0BD88F26},2010-02-09 12:08:55,SDT4191,PC-0106,Connect
{00000001D79A-14D8B096},2010-02-09 12:26:19,YDM6963,PC-0145,Connect
{00000001D00A-037783F8},2010-02-09 12:55:18,OLN5687,PC-0088,Connect
{00000001D184-2FF7CA63},2010-02-09 12:57:20,QSC3123,PC-0100,Connect
{00000001E60B-2AAC73E7},2010-02-09 13:01:18,OLN5687,PC-0088,Disconnect
{00000001ED9B-0655170B},2010-02-09 13:18:19,YDM6963,PC-0145,Disconnect
{00000001E8CC-1ACE7704},2010-02-09 13:27:55,SDT4191,PC-0106,Disconnect
{00000001E785-06A5CBD4},2010-02-09 13:34:20,QSC3123,PC-0100,Disconnect
{00000001CCEC-32703FE7},2010-02-09 14:42:18,KYR0991,PC-0061,Connect
{00000001CB4D-1A91360A},2010-02-09 15:13:14,JMM0438,PC-0053,Connect
{00000001E2ED-03F524F1},2010-02-09 15:19:18,KYR0991,PC-0061,Disconnect
{00000001C9E0-294E9737},2010-02-09 15:24:41,IAC0900,PC-0045,Connect
{00000001D648-0E9CB4EA},2010-02-09 15:56:43,VNI5142,PC-0129,Connect
{00000001D183-13182F9F},2010-02-09 16:09:30,QSC3123,PC-0100,Connect
{00000001CEF2-1EC34108},2010-02-09 16:11:33,NRU3936,PC-0083,Connect
{00000001C37A-31FEACA1},2010-02-09 16:12:31,ADG1145,PC-0001,Connect
{00000001E14E-11CB06E4},2010-02-09 16:22:14,JMM0438,PC-0053,Disconnect
{00000001DFE1-3319B790},2010-02-09 16:29:41,IAC0900,PC-0045,Disconnect
{00000001CCED-21DE3BC6},2010-02-09 16:57:18,KYR0991,PC-0061,Connect
{00000001EC49-01A3E198},2010-02-09 17:01:43,VNI5142,PC-0129,Disconnect
{00000001CA4B-39E89495},2010-02-09 17:18:30,IIY1438,PC-0050,Connect
{00000001E784-2869851B},2010-02-09 17:20:30,QSC3123,PC-0100,Disconnect
{00000001E2EE-104805FB},2010-02-09 17:32:18,KYR0991,PC-0061,Disconnect
{00000001E4F3-1B9F537B},2010-02-09 17:32:33,NRU3936,PC-0083,Disconnect
{00000001D97B-23667A89},2010-02-09 17:39:31,ADG1145,PC-0001,Disconnect
{00000001D647-1C5C2AA2},2010-02-09 17:47:04,VNI5142,PC-0129,Connect
{00000001E04C-305328C2},2010-02-09 18:02:30,IIY1438,PC-0050,Disconnect
{00000001F2A0-3C31C867},2010-02-09 18:19:00,QSC3123,PC-0100,Connect
{00000001EC48-0526E88E},2010-02-09 18:45:04,VNI5142,PC-0129,Disconnect
{00000001F369-24C275A6},2010-02-09 19:05:00,QSC3123,PC-0100,Disconnect
{00000001F2A1-18D9CB51},2010-02-09 23:51:37,QSC3123,PC-0100,Connect
{00000001F36A-26103F7A},2010-02-10 00:51:37,QSC3123,PC-0100,Disconnect
{00000001CC1B-291C0D15},2010-02-10 07:21:39,KIX3704,PC-0058,Connect
{00000001D845-1B28F738},2010-02-10 07:24:38,YLE8326,PC-0147,Connect
{00000001EE46-05140EC3},2010-02-10 07:26:38,YLE8326,PC-0147,Disconnect
{00000001C526-0FD1D83B},2010-02-10 07:40:11,CQZ8674,PC-0013,Connect
{00000001D00B-1330294E},2010-02-10 07:45:23,OLN5687,PC-0088,Connect
{00000001E21C-06C66910},2010-02-10 07:45:39,KIX3704,PC-0058,Disconnect
{00000001D73F-330645BC},2010-02-10 07:56:38,XGF2493,PC-0139,Connect
{00000001CB4E-0196E9E0},2010-02-10 08:02:35,JMM0438,PC-0053,Connect
{00000001ED40-255B8FBD},2010-02-10 08:03:38,XGF2493,PC-0139,Disconnect
{00000001E60C-2F1278F0},2010-02-10 08:05:23,OLN5687,PC-0088,Disconnect
{00000001DB27-28D0C1C1},2010-02-10 08:06:11,CQZ8674,PC-0013,Disconnect
{00000001E14F-01E3E5BA},2010-02-10 08:08:35,JMM0438,PC-0053,Disconnect
{00000001C37B-2AAC16EC},2010-02-10 08:34:14,ADG1145,PC-0001,Connect
{00000001CB4F-0D2A8D0B},2010-02-10 08:34:29,JMM0438,PC-0053,Connect
{00000001E150-30AC0AD3},2010-02-10 08:44:29,JMM0438,PC-0053,Disconnect
{00000001D97C-25DB9492},2010-02-10 09:04:14,ADG1145,PC-0001,Disconnect
{00000001CA73-2792DF4E},2010-02-10 09:16:36,IVL8082,PC-0051,Connect
{00000001C5C4-3CD3D192},2010-02-10 09:18:12,CVC0519,PC-0015,Connect
{00000001C92D-15043F60},2010-02-10 09:56:38,HVG7968,PC-0044,Connect
{00000001E074-39DFE089},2010-02-10 09:59:36,IVL8082,PC-0051,Disconnect
{00000001DBC5-2E0EAC19},2010-02-10 10:03:12,CVC0519,PC-0015,Disconnect
{00000001D40A-2FB2D4D2},2010-02-10 10:15:24,TWU8511,PC-0115,Connect
{00000001EFEF-2DCD4BB9},2010-02-10 10:23:07,QSC3123,PC-0100,Connect
{00000001D4D7-30C47B21},2010-02-10 10:37:17,UKR6395,PC-0118,Connect
{00000001EFEC-25A395BE},2010-02-10 10:51:52,QSC3123,PC-0100,Connect
{00000001F176-1AC32E34},2010-02-10 11:00:52,QSC3123,PC-0100,Disconnect
{00000001DF2E-2C6D166C},2010-02-10 11:08:38,HVG7968,PC-0044,Disconnect
{00000001D186-1BD51C61},2010-02-10 11:29:30,QSC3123,PC-0100,Connect
{00000001E787-35DA2796},2010-02-10 11:32:30,QSC3123,PC-0100,Disconnect
{00000001F179-2AC43180},2010-02-10 11:35:07,QSC3123,PC-0100,Disconnect
{00000001EA0B-080E2B18},2010-02-10 11:36:24,TWU8511,PC-0115,Disconnect
{00000001EAD8-08EB5D69},2010-02-10 11:39:17,UKR6395,PC-0118,Disconnect
{00000001C664-0094EE0F},2010-02-10 12:05:39,DHG6594,PC-0016,Connect
{00000001C662-35342301},2010-02-10 12:28:01,DHG6594,PC-0016,Connect
{00000001D2CC-062052C9},2010-02-10 12:28:24,SDT4191,PC-0106,Connect
{00000001C864-073728C9},2010-02-10 12:35:02,GRQ1397,PC-0036,Connect
{00000001D79C-29DC03F2},2010-02-10 12:38:09,YDM6963,PC-0145,Connect
{00000001ED9D-391FE7B5},2010-02-10 12:42:09,YDM6963,PC-0145,Disconnect
{00000001CCC2-24EDD81C},2010-02-10 12:43:27,KJX0944,PC-0059,Connect
{00000001C862-25DA957B},2010-02-10 12:57:01,GRQ1397,PC-0036,Connect
{00000001E2C3-00A2E32F},2010-02-10 13:00:27,KJX0944,PC-0059,Disconnect
{00000001E8CD-2B2488D2},2010-02-10 13:04:24,SDT4191,PC-0106,Disconnect
{00000001DC65-2EC5FEFD},2010-02-10 13:13:39,DHG6594,PC-0016,Disconnect
{00000001DC63-1F0FE789},2010-02-10 13:17:01,DHG6594,PC-0016,Disconnect
{00000001D361-204EA7EA},2010-02-10 13:19:27,SHV5792,PC-0108,Connect
{00000001D185-1FD1F52F},2010-02-10 13:29:40,QSC3123,PC-0100,Connect
{00000001D409-2886A00B},2010-02-10 13:31:12,TWU8511,PC-0115,Connect
{00000001EFEE-3C6EF576},2010-02-10 13:40:54,QSC3123,PC-0100,Connect
{00000001DE65-1487FDC1},2010-02-10 13:55:02,GRQ1397,PC-0036,Disconnect
{00000001DE63-2750AAFB},2010-02-10 13:56:01,GRQ1397,PC-0036,Disconnect
{00000001D8AC-212691BA},2010-02-10 13:59:46,ZIF9528,PC-0154,Connect
{00000001CB50-20022AAD},2010-02-10 14:04:20,JMM0438,PC-0053,Connect
{00000001EA0A-22DC799D},2010-02-10 14:12:12,TWU8511,PC-0115,Disconnect
{00000001EEAD-0A5EA5B7},2010-02-10 14:21:46,ZIF9528,PC-0154,Disconnect
{00000001F178-147DC995},2010-02-10 14:22:54,QSC3123,PC-0100,Disconnect
{00000001E962-1F082BA4},2010-02-10 14:32:27,SHV5792,PC-0108,Disconnect
{00000001E151-18EF6357},2010-02-10 14:40:20,JMM0438,PC-0053,Disconnect
{00000001E786-3597A79F},2010-02-10 14:49:40,QSC3123,PC-0100,Disconnect
{00000001D21B-3C6917A0},2010-02-10 15:09:34,RUT1946,PC-0104,Connect
{00000001E81C-2856564A},2010-02-10 15:18:34,RUT1946,PC-0104,Disconnect
{00000001C77A-3FB5949D},2010-02-10 15:22:05,EHP1536,PC-0027,Connect
{00000001C482-0AD4A818},2010-02-10 15:31:25,AZE5960,PC-0006,Connect
{00000001DA83-0A892160},2010-02-10 15:34:25,AZE5960,PC-0006,Disconnect
{00000001C779-2F2F4A3B},2010-02-10 15:34:38,EHP1536,PC-0027,Connect
{00000001EFED-35B17E48},2010-02-10 15:39:58,QSC3123,PC-0100,Connect
{00000001C861-3E9FF207},2010-02-10 15:49:05,GRQ1397,PC-0036,Connect
{00000001D360-1858868A},2010-02-10 15:54:39,SHV5792,PC-0108,Connect
{00000001E961-14CC3094},2010-02-10 16:25:39,SHV5792,PC-0108,Disconnect
{00000001F177-343D0107},2010-02-10 16:25:58,QSC3123,PC-0100,Disconnect
{00000001DD7B-1527F144},2010-02-10 16:26:05,EHP1536,PC-0027,Disconnect
{00000001DD7A-0CB96A6E},2010-02-10 16:28:38,EHP1536,PC-0027,Disconnect
{00000001D21C-37120DD6},2010-02-10 16:30:19,RUT1946,PC-0104,Connect
{00000001C865-0C26A082},2010-02-10 16:31:10,GRQ1397,PC-0036,Connect
{00000001DE62-2C6E2392},2010-02-10 16:49:05,GRQ1397,PC-0036,Disconnect
{00000001DE66-2CDACBFF},2010-02-10 16:54:10,GRQ1397,PC-0036,Disconnect
{00000001D58A-0A51A2F8},2010-02-10 16:57:26,USS4618,PC-0121,Connect
{00000001C863-1508461D},2010-02-10 17:00:12,GRQ1397,PC-0036,Connect
{00000001DE64-360EF945},2010-02-10 17:10:12,GRQ1397,PC-0036,Disconnect
{00000001D79B-3379B9E7},2010-02-10 17:13:22,YDM6963,PC-0145,Connect
{00000001CFA4-0509675C},2010-02-10 17:13:49,OET6830,PC-0086,Connect
{00000001D85C-17B49A33},2010-02-10 17:25:12,YNX1016,PC-0148,Connect
{00000001E81D-3E547C66},2010-02-10 17:35:19,RUT1946,PC-0104,Disconnect
{00000001D0F8-2FE60D5F},2010-02-10 17:48:09,OYC3975,PC-0091,Connect
{00000001EB8B-209DB947},2010-02-10 17:51:26,USS4618,PC-0121,Disconnect
{00000001C663-0FE1F1E1},2010-02-10 17:55:24,DHG6594,PC-0016,Connect
{00000001E6F9-188314C1},2010-02-10 18:05:09,OYC3975,PC-0091,Disconnect
{00000001DC64-3249B440},2010-02-10 18:05:24,DHG6594,PC-0016,Disconnect
{00000001E5A5-29993890},2010-02-10 18:19:49,OET6830,PC-0086,Disconnect
{00000001ED9C-08B9192E},2010-02-10 18:34:22,YDM6963,PC-0145,Disconnect
{00000001EE5D-3527A069},2010-02-10 18:40:12,YNX1016,PC-0148,Disconnect
{00000001F2A2-174B9E82},2010-02-10 21:28:38,QSC3123,PC-0100,Connect
{00000001F36B-165E1F39},2010-02-10 22:20:38,QSC3123,PC-0100,Disconnect
{00000001EFF3-0EA6619D},2010-02-11 07:36:22,QSC3123,PC-0100,Connect
{00000001CB52-13439407},2010-02-11 07:44:38,JMM0438,PC-0053,Connect
{00000001F17D-2AA512F8},2010-02-11 07:46:22,QSC3123,PC-0100,Disconnect
{00000001D40B-1D219B8E},2010-02-11 07:48:06,TWU8511,PC-0115,Connect
{00000001D808-1084B586},2010-02-11 08:01:56,YIO5206,PC-0146,Connect
{00000001C49F-0B6F810E},2010-02-11 08:30:05,BFH3103,PC-0007,Connect
{00000001EA0C-071628B8},2010-02-11 08:42:06,TWU8511,PC-0115,Disconnect
{00000001EE09-255C6944},2010-02-11 09:00:56,YIO5206,PC-0146,Disconnect
{00000001D4A2-13452BAC},2010-02-11 09:02:33,UEH9251,PC-0117,Connect
{00000001E153-0269DDC3},2010-02-11 09:05:38,JMM0438,PC-0053,Disconnect
{00000001DAA0-2C52385D},2010-02-11 09:08:05,BFH3103,PC-0007,Disconnect
{00000001D21D-1DB7BEED},2010-02-11 09:31:02,RUT1946,PC-0104,Connect
{00000001EAA3-16F499B0},2010-02-11 09:55:33,UEH9251,PC-0117,Disconnect
{00000001CCEF-205C63C7},2010-02-11 09:58:04,KYR0991,PC-0061,Connect
{00000001E2F0-1D70962C},2010-02-11 10:21:04,KYR0991,PC-0061,Disconnect
{00000001E81E-278FF789},2010-02-11 10:36:02,RUT1946,PC-0104,Disconnect
{00000001CB53-21D9845B},2010-02-11 10:41:04,JMM0438,PC-0053,Connect
{00000001D5DE-3442E791},2010-02-11 10:41:58,UUU6648,PC-0122,Connect
{00000001D79D-163E527C},2010-02-11 10:46:39,YDM6963,PC-0145,Connect
{00000001EBDF-2B1B6ADD},2010-02-11 10:58:58,UUU6648,PC-0122,Disconnect
{00000001C866-1FFFA089},2010-02-11 11:03:09,GRQ1397,PC-0036,Connect
{00000001E154-3D411332},2010-02-11 11:05:04,JMM0438,PC-0053,Disconnect
{00000001C4CC-19E84401},2010-02-11 11:08:01,COU3039,PC-0011,Connect
{00000001ED9E-1D6C38D3},2010-02-11 11:23:39,YDM6963,PC-0145,Disconnect
{00000001C77B-2CE34688},2010-02-11 11:25:56,EHP1536,PC-0027,Connect
{00000001DD7C-3575B6F4},2010-02-11 11:31:56,EHP1536,PC-0027,Disconnect
{00000001C81A-329B92BE},2010-02-11 11:38:00,FCN9756,PC-0031,Connect
{00000001DACD-2787276F},2010-02-11 11:43:01,COU3039,PC-0011,Disconnect
{00000001D2CD-1158FA75},2010-02-11 11:51:28,SDT4191,PC-0106,Connect
{00000001EFF2-36EC2557},2010-02-11 12:00:48,QSC3123,PC-0100,Connect
{00000001DE67-27C486D3},2010-02-11 12:01:09,GRQ1397,PC-0036,Disconnect
{00000001F17C-3F214F7D},2010-02-11 12:14:48,QSC3123,PC-0100,Disconnect
{00000001CE13-0BF18175},2010-02-11 12:20:50,MGI5307,PC-0072,Connect
{00000001CCC3-1E3B811E},2010-02-11 12:34:42,KJX0944,PC-0059,Connect
{00000001E414-2427C695},2010-02-11 12:35:50,MGI5307,PC-0072,Disconnect
{00000001DE1B-01C7616E},2010-02-11 12:37:00,FCN9756,PC-0031,Disconnect
{00000001EFF0-258DC06A},2010-02-11 12:44:50,QSC3123,PC-0100,Connect
{00000001EFF1-2F1DAD60},2010-02-11 12:50:01,QSC3123,PC-0100,Connect
{00000001CCEE-1E8CB6EE},2010-02-11 12:59:09,KYR0991,PC-0061,Connect
{00000001E2C4-297CD3B5},2010-02-11 13:00:42,KJX0944,PC-0059,Disconnect
{00000001E8CE-21435476},2010-02-11 13:01:28,SDT4191,PC-0106,Disconnect
{00000001F17A-0941C15C},2010-02-11 13:02:50,QSC3123,PC-0100,Disconnect
{00000001E2EF-3D60271D},2010-02-11 13:36:09,KYR0991,PC-0061,Disconnect
{00000001F17B-0C1F5ED7},2010-02-11 13:54:01,QSC3123,PC-0100,Disconnect
{00000001CB51-05BC2A80},2010-02-11 14:11:30,JMM0438,PC-0053,Connect
{00000001D8E6-1510A0F4},2010-02-11 14:37:20,ZUI9718,PC-0157,Connect
{00000001EEE7-3EB87DD4},2010-02-11 15:09:20,ZUI9718,PC-0157,Disconnect
{00000001E152-2BACE453},2010-02-11 15:12:30,JMM0438,PC-0053,Disconnect
{00000001D00C-04607A4C},2010-02-11 15:26:07,OLN5687,PC-0088,Connect
{00000001C4FA-04E5ADC2},2010-02-11 15:28:40,COX0638,PC-0012,Connect
{00000001D780-0452E4A7},2010-02-11 15:30:19,XHL6619,PC-0141,Connect
{00000001D0F9-28CB6770},2010-02-11 15:39:30,OYC3975,PC-0091,Connect
{00000001ED81-03F2B3A6},2010-02-11 15:45:19,XHL6619,PC-0141,Disconnect
{00000001E6FA-0BED084D},2010-02-11 15:46:30,OYC3975,PC-0091,Disconnect
{00000001CC1C-24DCFBC7},2010-02-11 16:01:15,KIX3704,PC-0058,Connect
{00000001CD8F-0A1DD7C2},2010-02-11 16:03:54,LRR4710,PC-0067,Connect
{00000001D60A-21CC9582},2010-02-11 16:05:47,VDL1237,PC-0125,Connect
{00000001C736-363B3E71},2010-02-11 16:06:48,DNM3159,PC-0019,Connect
{00000001D00E-2C5D2699},2010-02-11 16:14:01,OLN5687,PC-0088,Connect
{00000001DAFB-06A7B0E2},2010-02-11 16:16:40,COX0638,PC-0012,Disconnect
{00000001C665-210746BF},2010-02-11 16:25:13,DHG6594,PC-0016,Connect
{00000001CA4C-220BC4FA},2010-02-11 16:25:25,IIY1438,PC-0050,Connect
{00000001E60F-35B2FD43},2010-02-11 16:45:01,OLN5687,PC-0088,Disconnect
{00000001E60D-3D72FFF7},2010-02-11 16:47:07,OLN5687,PC-0088,Disconnect
{00000001DC66-394F87FF},2010-02-11 16:56:13,DHG6594,PC-0016,Disconnect
{00000001E390-20FB81ED},2010-02-11 17:08:54,LRR4710,PC-0067,Disconnect
{00000001D187-19803C25},2010-02-11 17:11:34,QSC3123,PC-0100,Connect
{00000001DD37-26364921},2010-02-11 17:21:48,DNM3159,PC-0019,Disconnect
{00000001EC0B-287D10B2},2010-02-11 17:22:47,VDL1237,PC-0125,Disconnect
{00000001E21D-3CF2A7AD},2010-02-11 17:30:15,KIX3704,PC-0058,Disconnect
{00000001E04D-3F9FD10D},2010-02-11 17:31:25,IIY1438,PC-0050,Disconnect
{00000001D53E-187E01EB},2010-02-11 17:35:59,UQK8227,PC-0120,Connect
{00000001D609-1714C066},2010-02-11 17:42:26,VDL1237,PC-0125,Connect
{00000001E788-023CCCCF},2010-02-11 17:46:34,QSC3123,PC-0100,Disconnect
{00000001D00D-2D6BBB78},2010-02-11 17:48:43,OLN5687,PC-0088,Connect
{00000001C42D-3EF6332D},2010-02-11 17:49:36,AYY2409,PC-0005,Connect
{00000001EB3F-1BCE8154},2010-02-11 17:55:59,UQK8227,PC-0120,Disconnect
{00000001DA2E-3822A714},2010-02-11 17:56:36,AYY2409,PC-0005,Disconnect
{00000001F2A3-18BAC3A2},2010-02-11 18:20:27,QSC3123,PC-0100,Connect
{00000001E60E-216D9CC7},2010-02-11 18:23:43,OLN5687,PC-0088,Disconnect
{00000001EC0A-2539E3DC},2010-02-11 18:53:26,VDL1237,PC-0125,Disconnect
{00000001F36C-130D4DC0},2010-02-11 19:48:27,QSC3123,PC-0100,Disconnect
{00000001F2A4-375B3386},2010-02-11 23:32:23,QSC3123,PC-0100,Connect
{00000001F36D-1095E868},2010-02-12 00:14:23,QSC3123,PC-0100,Disconnect
{00000001D188-2936142D},2010-02-12 07:01:06,QSC3123,PC-0100,Connect
{00000001CCC4-1F98D7C3},2010-02-12 07:11:03,KJX0944,PC-0059,Connect
{00000001D00F-16BD926A},2010-02-12 07:13:31,OLN5687,PC-0088,Connect
{00000001E789-31903549},2010-02-12 07:22:06,QSC3123,PC-0100,Disconnect
{00000001D21E-38E34370},2010-02-12 07:29:43,RUT1946,PC-0104,Connect
{00000001CE14-1E47E3FD},2010-02-12 07:37:52,MGI5307,PC-0072,Connect
{00000001D649-088CDCD1},2010-02-12 07:42:49,VNI5142,PC-0129,Connect
{00000001E610-09564A1E},2010-02-12 07:57:31,OLN5687,PC-0088,Disconnect
{00000001CE41-10A4828C},2010-02-12 07:59:28,MSH7807,PC-0075,Connect
{00000001E2C5-2BCE1D7F},2010-02-12 08:13:03,KJX0944,PC-0059,Disconnect
{00000001CCF0-3AE25650},2010-02-12 08:20:04,KYR0991,PC-0061,Connect
{00000001E81F-3D27F95E},2010-02-12 08:27:43,RUT1946,PC-0104,Disconnect
{00000001CEF3-32F7E6FF},2010-02-12 08:45:05,NRU3936,PC-0083,Connect
{00000001EC4A-1C2205B5},2010-02-12 08:46:49,VNI5142,PC-0129,Disconnect
{00000001E415-00655ED2},2010-02-12 08:54:52,MGI5307,PC-0072,Disconnect
{00000001D8E7-0CC32047},2010-02-12 08:58:00,ZUI9718,PC-0157,Connect
{00000001EEE8-3A61043E},2010-02-12 09:10:00,ZUI9718,PC-0157,Disconnect
{00000001CFA5-23B413EE},2010-02-12 09:13:43,OET6830,PC-0086,Connect
{00000001E442-28CA27AC},2010-02-12 09:18:28,MSH7807,PC-0075,Disconnect
{00000001E5A6-09693704},2010-02-12 09:20:43,OET6830,PC-0086,Disconnect
{00000001E2F1-30ADDBB6},2010-02-12 09:24:04,KYR0991,PC-0061,Disconnect
{00000001D4A4-1E047EB9},2010-02-12 09:35:14,UEH9251,PC-0117,Connect
{00000001CF84-30FD6702},2010-02-12 09:40:47,OEM8566,PC-0085,Connect
{00000001E4F4-16BECBC8},2010-02-12 09:49:05,NRU3936,PC-0083,Disconnect
{00000001EAA5-0EC84C24},2010-02-12 09:52:14,UEH9251,PC-0117,Disconnect
{00000001E585-2DBD56D8},2010-02-12 09:53:47,OEM8566,PC-0085,Disconnect
{00000001CB55-30F55476},2010-02-12 10:01:13,JMM0438,PC-0053,Connect
{00000001E156-28173241},2010-02-12 10:11:13,JMM0438,PC-0053,Disconnect
{00000001D4A3-0D7638A0},2010-02-12 10:25:18,UEH9251,PC-0117,Connect
{00000001C5C6-01609D8B},2010-02-12 10:29:31,CVC0519,PC-0015,Connect
{00000001C37D-1C2ACE10},2010-02-12 10:44:16,ADG1145,PC-0001,Connect
{00000001C37C-0A9B8989},2010-02-12 10:50:28,ADG1145,PC-0001,Connect
{00000001C77C-2624D2DF},2010-02-12 11:00:02,EHP1536,PC-0027,Connect
{00000001EAA4-05E75422},2010-02-12 11:06:18,UEH9251,PC-0117,Disconnect
{00000001D97E-22D08048},2010-02-12 11:09:16,ADG1145,PC-0001,Disconnect
{00000001D97D-10B1A983},2010-02-12 11:21:28,ADG1145,PC-0001,Disconnect
{00000001D6DD-334284D4},2010-02-12 11:22:39,WLH0216,PC-0135,Connect
{00000001C867-137AA9E7},2010-02-12 11:27:14,GRQ1397,PC-0036,Connect
{00000001D0C8-0C0FAF79},2010-02-12 11:29:25,OMU2669,PC-0089,Connect
{00000001DBC7-3468BB73},2010-02-12 11:45:31,CVC0519,PC-0015,Disconnect
{00000001CA1D-0AB40776},2010-02-12 11:45:38,IDI9618,PC-0048,Connect
{00000001CDED-2515490E},2010-02-12 11:53:57,MDR4757,PC-0071,Connect
{00000001E3EE-32250FCD},2010-02-12 11:55:57,MDR4757,PC-0071,Disconnect
{00000001E01E-1700DEA0},2010-02-12 11:58:38,IDI9618,PC-0048,Disconnect
{00000001DD7D-22C1062E},2010-02-12 12:02:02,EHP1536,PC-0027,Disconnect
{00000001D21F-26B512BF},2010-02-12 12:14:07,RUT1946,PC-0104,Connect
{00000001ECDE-07441BA0},2010-02-12 12:14:39,WLH0216,PC-0135,Disconnect
{00000001DE68-06665A9C},2010-02-12 12:18:14,GRQ1397,PC-0036,Disconnect
{00000001E820-3C23333D},2010-02-12 12:42:07,RUT1946,PC-0104,Disconnect
{00000001C930-0C9C7E37},2010-02-12 12:52:57,HVG7968,PC-0044,Connect
{00000001E6C9-395392E8},2010-02-12 12:55:25,OMU2669,PC-0089,Disconnect
{00000001EFF4-07CB7261},2010-02-12 13:01:38,QSC3123,PC-0100,Connect
{00000001CB54-2F91B6C9},2010-02-12 13:03:50,JMM0438,PC-0053,Connect
{00000001D877-1AC6F408},2010-02-12 13:19:48,YST5811,PC-0149,Connect
{00000001DF31-1668E760},2010-02-12 13:19:57,HVG7968,PC-0044,Disconnect
{00000001D0FA-3F334A97},2010-02-12 13:25:41,OYC3975,PC-0091,Connect
{00000001C92F-05FAED2C},2010-02-12 13:39:34,HVG7968,PC-0044,Connect
{00000001E155-3CC76ECB},2010-02-12 14:00:50,JMM0438,PC-0053,Disconnect
{00000001E6FB-3BB71140},2010-02-12 14:03:41,OYC3975,PC-0091,Disconnect
{00000001CA74-1EBFE371},2010-02-12 14:07:48,IVL8082,PC-0051,Connect
{00000001D740-143DA50F},2010-02-12 14:09:04,XGF2493,PC-0139,Connect
{00000001F17E-202E5D8E},2010-02-12 14:17:38,QSC3123,PC-0100,Disconnect
{00000001C92E-1EA9B339},2010-02-12 14:22:41,HVG7968,PC-0044,Connect
{00000001DF2F-093CC72D},2010-02-12 14:32:41,HVG7968,PC-0044,Disconnect
{00000001ED41-195EDD10},2010-02-12 14:36:04,XGF2493,PC-0139,Disconnect
{00000001DF30-3489C7A5},2010-02-12 14:46:34,HVG7968,PC-0044,Disconnect
{00000001EE78-31E6F2FA},2010-02-12 14:46:48,YST5811,PC-0149,Disconnect
{00000001CE42-1FCF35D0},2010-02-12 15:07:57,MSH7807,PC-0075,Connect
{00000001CEF4-0C4AE341},2010-02-12 15:10:04,NRU3936,PC-0083,Connect
{00000001E075-0F0131B2},2010-02-12 15:31:48,IVL8082,PC-0051,Disconnect
{00000001C5C5-3D24CA40},2010-02-12 15:39:42,CVC0519,PC-0015,Connect
{00000001DBC6-029F7B2C},2010-02-12 15:56:42,CVC0519,PC-0015,Disconnect
{00000001E4F5-31B1FA96},2010-02-12 16:16:04,NRU3936,PC-0083,Disconnect
{00000001E443-0CB64636},2010-02-12 16:26:57,MSH7807,PC-0075,Disconnect
{00000001EFF5-175736CB},2010-02-12 16:46:09,QSC3123,PC-0100,Connect
{00000001C4CD-27C1E4AF},2010-02-12 16:57:28,COU3039,PC-0011,Connect
{00000001F17F-14AADE7C},2010-02-12 17:32:09,QSC3123,PC-0100,Disconnect
{00000001C868-3E9947AE},2010-02-12 17:35:55,GRQ1397,PC-0036,Connect
{00000001C666-12193DE7},2010-02-12 17:58:26,DHG6594,PC-0016,Connect
{00000001DACE-384C1855},2010-02-12 18:04:28,COU3039,PC-0011,Disconnect
{00000001DE69-05EABDC5},2010-02-12 18:36:55,GRQ1397,PC-0036,Disconnect
{00000001DC67-026FD727},2010-02-12 18:48:26,DHG6594,PC-0016,Disconnect
{00000001F2A5-2E28F4FA},2010-02-12 21:28:12,QSC3123,PC-0100,Connect
{00000001F36E-0D0DD2D0},2010-02-12 22:07:12,QSC3123,PC-0100,Disconnect
{00000001CEF6-0B9305F6},2010-02-15 07:02:11,NRU3936,PC-0083,Connect
{00000001D189-161F6FDC},2010-02-15 07:04:50,QSC3123,PC-0100,Connect
{00000001D0C9-0AF4F187},2010-02-15 07:16:20,OMU2669,PC-0089,Connect
{00000001D64A-2D38042F},2010-02-15 07:17:52,VNI5142,PC-0129,Connect
{00000001E6CA-207F78F6},2010-02-15 07:30:20,OMU2669,PC-0089,Disconnect
{00000001CB57-178B16C4},2010-02-15 07:34:45,JMM0438,PC-0053,Connect
{00000001E78A-0245C4C4},2010-02-15 07:34:50,QSC3123,PC-0100,Disconnect
{00000001E4F7-13256576},2010-02-15 07:43:11,NRU3936,PC-0083,Disconnect
{00000001E158-04495621},2010-02-15 07:45:45,JMM0438,PC-0053,Disconnect
{00000001D220-0524E815},2010-02-15 07:58:11,RUT1946,PC-0104,Connect
{00000001C81B-1669D64C},2010-02-15 08:15:13,FCN9756,PC-0031,Connect
{00000001C667-32DB8156},2010-02-15 08:21:21,DHG6594,PC-0016,Connect
{00000001C527-253BB6B9},2010-02-15 08:23:30,CQZ8674,PC-0013,Connect
{00000001C8F7-38247159},2010-02-15 08:31:08,HMR4907,PC-0043,Connect
{00000001CDA6-27D2CC28},2010-02-15 08:32:10,LYE5717,PC-0069,Connect
{00000001E821-16AA40D9},2010-02-15 08:39:11,RUT1946,PC-0104,Disconnect
{00000001EC4B-0D963B96},2010-02-15 08:40:52,VNI5142,PC-0129,Disconnect
{00000001DC68-1179C2C6},2010-02-15 08:45:21,DHG6594,PC-0016,Disconnect
{00000001D79E-3B1CBCDD},2010-02-15 08:51:30,YDM6963,PC-0145,Connect
{00000001D742-34529103},2010-02-15 08:58:25,XGF2493,PC-0139,Connect
{00000001DEF8-158CDD28},2010-02-15 09:00:08,HMR4907,PC-0043,Disconnect
{00000001C9E1-0F0F773A},2010-02-15 09:04:29,IAC0900,PC-0045,Connect
{00000001ED9F-194C8461},2010-02-15 09:11:30,YDM6963,PC-0145,Disconnect
{00000001E3A7-1AAB1C33},2010-02-15 09:13:10,LYE5717,PC-0069,Disconnect
{00000001CDA7-37119BEA},2010-02-15 09:29:33,LYE5717,PC-0069,Connect
{00000001DE1C-038E03D6},2010-02-15 09:37:13,FCN9756,PC-0031,Disconnect
{00000001DB28-114A9083},2010-02-15 09:41:30,CQZ8674,PC-0013,Disconnect
{00000001C528-004AFE14},2010-02-15 09:49:24,CQZ8674,PC-0013,Connect
{00000001ED43-27676C5B},2010-02-15 09:58:25,XGF2493,PC-0139,Disconnect
{00000001E3A8-346763C9},2010-02-15 10:04:33,LYE5717,PC-0069,Disconnect
{00000001D2CF-227EE2AB},2010-02-15 10:06:01,SDT4191,PC-0106,Connect
{00000001CCF1-244825ED},2010-02-15 10:06:24,KYR0991,PC-0061,Connect
{00000001E8D0-20F8FAAE},2010-02-15 10:09:01,SDT4191,PC-0106,Disconnect
{00000001D741-1D3DE152},2010-02-15 10:10:41,XGF2493,PC-0139,Connect
{00000001C77E-1E0A888E},2010-02-15 10:16:58,EHP1536,PC-0027,Connect
{00000001DFE2-314A0678},2010-02-15 10:28:29,IAC0900,PC-0045,Disconnect
{00000001D010-137CC0D4},2010-02-15 10:33:54,OLN5687,PC-0088,Connect
{00000001E2F2-3D121BEC},2010-02-15 10:34:24,KYR0991,PC-0061,Disconnect
{00000001EFF6-31407888},2010-02-15 10:36:54,QSC3123,PC-0100,Connect
{00000001CEF5-355543AD},2010-02-15 10:39:42,NRU3936,PC-0083,Connect
{00000001DB29-32B80DE0},2010-02-15 10:45:24,CQZ8674,PC-0013,Disconnect
{00000001ED42-04FCBA2B},2010-02-15 10:49:41,XGF2493,PC-0139,Disconnect
{00000001E4F6-0117A600},2010-02-15 10:56:42,NRU3936,PC-0083,Disconnect
{00000001C5C7-336182D9},2010-02-15 11:07:30,CVC0519,PC-0015,Connect
{00000001F180-3A6F70B4},2010-02-15 11:07:54,QSC3123,PC-0100,Disconnect
{00000001EFF9-3342AB94},2010-02-15 11:13:23,QSC3123,PC-0100,Connect
{00000001DBC8-3FE98C73},2010-02-15 11:23:30,CVC0519,PC-0015,Disconnect
{00000001E611-2C33E93D},2010-02-15 11:30:54,OLN5687,PC-0088,Disconnect
{00000001DD7F-1ED27AE5},2010-02-15 11:39:58,EHP1536,PC-0027,Disconnect
{00000001D2CE-270CEB14},2010-02-15 11:51:58,SDT4191,PC-0106,Connect
{00000001C669-0FC523D4},2010-02-15 11:55:52,DHG6594,PC-0016,Connect
{00000001F183-1DD1F7EF},2010-02-15 12:17:23,QSC3123,PC-0100,Disconnect
{00000001E8CF-08C8C56D},2010-02-15 12:17:58,SDT4191,PC-0106,Disconnect
{00000001EFF8-07110C53},2010-02-15 12:31:39,QSC3123,PC-0100,Connect
{00000001DC6A-3772C4D6},2010-02-15 12:35:52,DHG6594,PC-0016,Disconnect
{00000001C668-0099D37A},2010-02-15 12:50:21,DHG6594,PC-0016,Connect
{00000001D809-3824BAE9},2010-02-15 12:53:39,YIO5206,PC-0146,Connect
{00000001EFF7-05EA75D3},2010-02-15 13:01:30,QSC3123,PC-0100,Connect
{00000001F182-2FFD1ADC},2010-02-15 13:30:39,QSC3123,PC-0100,Disconnect
{00000001CB58-3DB271A8},2010-02-15 13:43:33,JMM0438,PC-0053,Connect
{00000001EE0A-15636D9B},2010-02-15 13:45:39,YIO5206,PC-0146,Disconnect
{00000001F181-1E30EFF9},2010-02-15 13:57:30,QSC3123,PC-0100,Disconnect
{00000001DC69-0A40E354},2010-02-15 14:06:21,DHG6594,PC-0016,Disconnect
{00000001CA75-15F1C06E},2010-02-15 14:59:14,IVL8082,PC-0051,Connect
{00000001E159-2BC7C923},2010-02-15 15:03:33,JMM0438,PC-0053,Disconnect
{00000001C77D-0F8276C1},2010-02-15 15:04:36,EHP1536,PC-0027,Connect
{00000001CC1D-15188583},2010-02-15 15:05:32,KIX3704,PC-0058,Connect
{00000001D362-23CB8D81},2010-02-15 15:34:48,SHV5792,PC-0108,Connect
{00000001E076-18156259},2010-02-15 15:36:14,IVL8082,PC-0051,Disconnect
{00000001E963-13AB110F},2010-02-15 15:38:48,SHV5792,PC-0108,Disconnect
{00000001E21E-245DD7DA},2010-02-15 15:45:32,KIX3704,PC-0058,Disconnect
{00000001C5AA-321D4AE5},2010-02-15 15:52:20,CUR4388,PC-0014,Connect
{00000001C8DC-1D2E8B55},2010-02-15 16:18:23,GUG7168,PC-0037,Connect
{00000001D6DE-1263E106},2010-02-15 16:21:08,WLH0216,PC-0135,Connect
{00000001DD7E-31EFF3C9},2010-02-15 16:30:36,EHP1536,PC-0027,Disconnect
{00000001CB56-0698E9B6},2010-02-15 16:31:29,JMM0438,PC-0053,Connect
{00000001ECDF-3AD3E424},2010-02-15 16:36:08,WLH0216,PC-0135,Disconnect
{00000001DBAB-3EEE0A3A},2010-02-15 16:55:20,CUR4388,PC-0014,Disconnect
{00000001E157-2DA56B7B},2010-02-15 16:57:29,JMM0438,PC-0053,Disconnect
{00000001C931-15A33F49},2010-02-15 17:12:49,HVG7968,PC-0044,Connect
{00000001C869-2F609390},2010-02-15 17:30:51,GRQ1397,PC-0036,Connect
{00000001DEDD-1864E533},2010-02-15 17:32:23,GUG7168,PC-0037,Disconnect
{00000001DE6A-1FD8B29B},2010-02-15 18:21:51,GRQ1397,PC-0036,Disconnect
{00000001DF32-177EF94F},2010-02-15 18:26:49,HVG7968,PC-0044,Disconnect
{00000001F2A6-34A89295},2010-02-15 19:02:46,QSC3123,PC-0100,Connect
{00000001F36F-245776BC},2010-02-15 19:12:46,QSC3123,PC-0100,Disconnect
{00000001F2A8-1683B799},2010-02-15 19:52:56,QSC3123,PC-0100,Connect
{00000001F371-3F2D3AC9},2010-02-15 19:54:56,QSC3123,PC-0100,Disconnect
{00000001F2A7-24742052},2010-02-15 22:40:37,QSC3123,PC-0100,Connect
{00000001F370-1DE22544},2010-02-15 23:10:37,QSC3123,PC-0100,Disconnect
{00000001F2A9-13E47199},2010-02-16 03:03:18,QSC3123,PC-0100,Connect
{00000001F372-0D998B08},2010-02-16 03:35:18,QSC3123,PC-0100,Disconnect
{00000001F2AA-04C56C6B},2010-02-16 05:27:55,QSC3123,PC-0100,Connect
{00000001F2B2-37CAE541},2010-02-16 05:39:17,RUT1946,PC-0104,Connect
{00000001F373-34E6152B},2010-02-16 06:07:55,QSC3123,PC-0100,Disconnect
{00000001F37B-1B250A51},2010-02-16 06:50:17,RUT1946,PC-0104,Disconnect
{00000001C4BA-1BEAA400},2010-02-16 07:53:17,CCL9026,PC-0010,Connect
{00000001CC1E-2EB01F8A},2010-02-16 08:18:17,KIX3704,PC-0058,Connect
{00000001C66A-39DDFD60},2010-02-16 08:57:04,DHG6594,PC-0016,Connect
{00000001DABB-00F5E830},2010-02-16 09:03:17,CCL9026,PC-0010,Disconnect
{00000001E21F-2B197A76},2010-02-16 09:08:17,KIX3704,PC-0058,Disconnect
{00000001CCF2-16FA2EE3},2010-02-16 09:23:57,KYR0991,PC-0061,Connect
{00000001DC6B-3BE288A3},2010-02-16 09:25:04,DHG6594,PC-0016,Disconnect
{00000001D8E8-3AAFADDE},2010-02-16 09:54:01,ZUI9718,PC-0157,Connect
{00000001EEE9-31B46937},2010-02-16 10:27:01,ZUI9718,PC-0157,Disconnect
{00000001C86A-1708891B},2010-02-16 10:39:56,GRQ1397,PC-0036,Connect
{00000001CC1F-35BB4857},2010-02-16 10:42:31,KIX3704,PC-0058,Connect
{00000001E2F3-3CE410AA},2010-02-16 10:48:57,KYR0991,PC-0061,Disconnect
{00000001D3C3-31209A1B},2010-02-16 11:36:19,TTJ2624,PC-0112,Connect
{00000001DE6B-29B11CF6},2010-02-16 11:39:56,GRQ1397,PC-0036,Disconnect
{00000001CB59-024B432E},2010-02-16 11:44:11,JMM0438,PC-0053,Connect
{00000001D011-2841165F},2010-02-16 11:46:11,OLN5687,PC-0088,Connect
{00000001E15A-0EDF95B0},2010-02-16 11:51:11,JMM0438,PC-0053,Disconnect
{00000001E9C4-17D84812},2010-02-16 11:53:19,TTJ2624,PC-0112,Disconnect
{00000001E220-310C781B},2010-02-16 12:11:31,KIX3704,PC-0058,Disconnect
{00000001CC20-2811B830},2010-02-16 12:12:19,KIX3704,PC-0058,Connect
{00000001E612-24D7A00C},2010-02-16 12:22:11,OLN5687,PC-0088,Disconnect
{00000001F008-2527E7EF},2010-02-16 13:20:55,RUT1946,PC-0104,Connect
{00000001E221-218D21A7},2010-02-16 13:37:19,KIX3704,PC-0058,Disconnect
{00000001D6E0-282AB01A},2010-02-16 13:37:23,WLH0216,PC-0135,Connect
{00000001EFFA-30AD0B17},2010-02-16 13:39:40,QSC3123,PC-0100,Connect
{00000001CA1E-1AAFB6B7},2010-02-16 13:51:36,IDI9618,PC-0048,Connect
{00000001F192-3712C099},2010-02-16 14:03:55,RUT1946,PC-0104,Disconnect
{00000001D5DF-153C0BB7},2010-02-16 14:04:44,UUU6648,PC-0122,Connect
{00000001D40C-17490489},2010-02-16 14:18:07,TWU8511,PC-0115,Connect
{00000001F184-0B5684A4},2010-02-16 14:18:40,QSC3123,PC-0100,Disconnect
{00000001ECE1-101A59DC},2010-02-16 14:36:23,WLH0216,PC-0135,Disconnect
{00000001EBE0-0A387E21},2010-02-16 15:06:44,UUU6648,PC-0122,Disconnect
{00000001F009-2AF489B4},2010-02-16 15:15:18,RUT1946,PC-0104,Connect
{00000001CE6A-04A6DE45},2010-02-16 15:17:15,NBM1814,PC-0077,Connect
{00000001E01F-25DC78FE},2010-02-16 15:18:36,IDI9618,PC-0048,Disconnect
{00000001EA0D-0206834E},2010-02-16 15:20:07,TWU8511,PC-0115,Disconnect
{00000001E46B-1D9AFBF5},2010-02-16 15:36:15,NBM1814,PC-0077,Disconnect
{00000001C66B-3700C75D},2010-02-16 15:45:12,DHG6594,PC-0016,Connect
{00000001F006-380CA055},2010-02-16 15:51:59,RUT1946,PC-0104,Connect
{00000001CCF3-058BC889},2010-02-16 15:55:23,KYR0991,PC-0061,Connect
{00000001F190-3DB71CE1},2010-02-16 16:13:59,RUT1946,PC-0104,Disconnect
{00000001E2F4-2ADB8D66},2010-02-16 16:21:23,KYR0991,PC-0061,Disconnect
{00000001F193-17F3A1A8},2010-02-16 16:22:18,RUT1946,PC-0104,Disconnect
{00000001C77F-18517A3D},2010-02-16 16:30:35,EHP1536,PC-0027,Connect
{00000001DC6C-31D74EC3},2010-02-16 16:41:12,DHG6594,PC-0016,Disconnect
{00000001D6DF-184F9F5F},2010-02-16 16:45:45,WLH0216,PC-0135,Connect
{00000001DD80-1216CEFB},2010-02-16 16:54:35,EHP1536,PC-0027,Disconnect
{00000001ECE0-11663DA5},2010-02-16 17:03:45,WLH0216,PC-0135,Disconnect
{00000001CEF7-1B51F962},2010-02-16 17:05:22,NRU3936,PC-0083,Connect
{00000001E4F8-2036E43B},2010-02-16 17:20:22,NRU3936,PC-0083,Disconnect
{00000001D012-18F11833},2010-02-16 17:48:47,OLN5687,PC-0088,Connect
{00000001E613-16056927},2010-02-16 17:54:47,OLN5687,PC-0088,Disconnect
{00000001F007-07C060A7},2010-02-16 17:58:34,RUT1946,PC-0104,Connect
{00000001F191-3E88B492},2010-02-16 18:23:34,RUT1946,PC-0104,Disconnect
{00000001F2B1-25D2BE42},2010-02-16 18:33:29,RUT1946,PC-0104,Connect
{00000001F37A-1BAF1A94},2010-02-16 18:53:29,RUT1946,PC-0104,Disconnect
{00000001F2AB-19DA8A5E},2010-02-17 00:16:14,QSC3123,PC-0100,Connect
{00000001F374-26E8E06B},2010-02-17 00:36:14,QSC3123,PC-0100,Disconnect
{00000001CC22-373384B2},2010-02-17 07:19:00,KIX3704,PC-0058,Connect
{00000001E223-027AC702},2010-02-17 07:42:00,KIX3704,PC-0058,Disconnect
{00000001CCF5-39D02E10},2010-02-17 07:58:58,KYR0991,PC-0061,Connect
{00000001CAC2-1F859D8B},2010-02-17 07:59:39,JDE8246,PC-0052,Connect
{00000001E2F6-3DE0E5AE},2010-02-17 08:42:58,KYR0991,PC-0061,Disconnect
{00000001D3CF-38D3DD48},2010-02-17 08:56:08,TVL8047,PC-0114,Connect
{00000001E0C3-2B0BE383},2010-02-17 09:00:39,JDE8246,PC-0052,Disconnect
{00000001E9D0-3429F5CE},2010-02-17 09:04:08,TVL8047,PC-0114,Disconnect
{00000001F00A-1DB7D0A9},2010-02-17 09:06:31,RUT1946,PC-0104,Connect
{00000001C42F-11A4668D},2010-02-17 09:19:18,AYY2409,PC-0005,Connect
{00000001C932-0BF692F1},2010-02-17 09:26:15,HVG7968,PC-0044,Connect
{00000001D015-3D382419},2010-02-17 09:27:42,OLN5687,PC-0088,Connect
{00000001D4A5-17B934C8},2010-02-17 09:38:04,UEH9251,PC-0117,Connect
{00000001E616-0223F5DD},2010-02-17 09:46:42,OLN5687,PC-0088,Disconnect
{00000001DF33-1815BCEE},2010-02-17 09:57:15,HVG7968,PC-0044,Disconnect
{00000001F194-0576BD0C},2010-02-17 09:57:31,RUT1946,PC-0104,Disconnect
{00000001C66D-3A7D7618},2010-02-17 09:59:13,DHG6594,PC-0016,Connect
{00000001CCF4-02407020},2010-02-17 10:08:06,KYR0991,PC-0061,Connect
{00000001CB5A-30ED8CA4},2010-02-17 10:17:53,JMM0438,PC-0053,Connect
{00000001DA30-1635C289},2010-02-17 10:32:18,AYY2409,PC-0005,Disconnect
{00000001EAA6-133E126B},2010-02-17 10:33:04,UEH9251,PC-0117,Disconnect
{00000001C780-094C8CFC},2010-02-17 10:43:25,EHP1536,PC-0027,Connect
{00000001E15B-08559BF1},2010-02-17 10:43:53,JMM0438,PC-0053,Disconnect
{00000001D2D0-2A38091C},2010-02-17 10:48:55,SDT4191,PC-0106,Connect
{00000001C42E-12D65CCB},2010-02-17 10:57:48,AYY2409,PC-0005,Connect
{00000001C933-09351118},2010-02-17 10:59:27,HVG7968,PC-0044,Connect
{00000001E8D1-1760283A},2010-02-17 11:00:55,SDT4191,PC-0106,Disconnect
{00000001DF34-3E2A0896},2010-02-17 11:01:27,HVG7968,PC-0044,Disconnect
{00000001DA2F-117652D3},2010-02-17 11:06:48,AYY2409,PC-0005,Disconnect
{00000001C9E2-0B5748B6},2010-02-17 11:07:06,IAC0900,PC-0045,Connect
{00000001DC6E-2C3EDC2D},2010-02-17 11:10:13,DHG6594,PC-0016,Disconnect
{00000001DFE3-026124A8},2010-02-17 11:31:06,IAC0900,PC-0045,Disconnect
{00000001E2F5-3B0B3596},2010-02-17 11:33:06,KYR0991,PC-0061,Disconnect
{00000001D013-313AB0B3},2010-02-17 11:36:59,OLN5687,PC-0088,Connect
{00000001DD81-0A1318E0},2010-02-17 11:46:25,EHP1536,PC-0027,Disconnect
{00000001E614-09A777D4},2010-02-17 11:54:59,OLN5687,PC-0088,Disconnect
{00000001C37F-1D321718},2010-02-17 12:24:40,ADG1145,PC-0001,Connect
{00000001D980-1F031E00},2010-02-17 12:58:40,ADG1145,PC-0001,Disconnect
{00000001D64B-121A4527},2010-02-17 13:11:09,VNI5142,PC-0129,Connect
{00000001D18A-21E3E917},2010-02-17 13:17:25,QSC3123,PC-0100,Connect
{00000001F00C-2193A2B3},2010-02-17 13:24:25,RUT1946,PC-0104,Connect
{00000001CA4D-1FA082C5},2010-02-17 13:26:36,IIY1438,PC-0050,Connect
{00000001F196-0C3BEE37},2010-02-17 13:29:25,RUT1946,PC-0104,Disconnect
{00000001E78B-39FB9A92},2010-02-17 14:17:25,QSC3123,PC-0100,Disconnect
{00000001C66C-044FAF2F},2010-02-17 14:18:03,DHG6594,PC-0016,Connect
{00000001C86B-227A4A5C},2010-02-17 14:30:21,GRQ1397,PC-0036,Connect
{00000001EC4C-08578D73},2010-02-17 14:34:09,VNI5142,PC-0129,Disconnect
{00000001E04E-34FC2045},2010-02-17 14:55:36,IIY1438,PC-0050,Disconnect
{00000001D014-0102E223},2010-02-17 15:10:27,OLN5687,PC-0088,Connect
{00000001C37E-272A7DC8},2010-02-17 15:19:24,ADG1145,PC-0001,Connect
{00000001DE6C-2A902337},2010-02-17 15:39:21,GRQ1397,PC-0036,Disconnect
{00000001D878-1A613755},2010-02-17 15:45:37,YST5811,PC-0149,Connect
{00000001DC6D-035235B2},2010-02-17 15:47:03,DHG6594,PC-0016,Disconnect
{00000001EE79-3BBBBC95},2010-02-17 15:56:37,YST5811,PC-0149,Disconnect
{00000001D97F-21346EA8},2010-02-17 16:12:24,ADG1145,PC-0001,Disconnect
{00000001D221-36B789CE},2010-02-17 16:13:43,RUT1946,PC-0104,Connect
{00000001E615-144A6F1E},2010-02-17 16:23:27,OLN5687,PC-0088,Disconnect
{00000001F00B-05C2DF79},2010-02-17 16:27:50,RUT1946,PC-0104,Connect
{00000001EFFB-1EE74BCF},2010-02-17 16:33:24,QSC3123,PC-0100,Connect
{00000001F195-0E5CE37F},2010-02-17 16:53:50,RUT1946,PC-0104,Disconnect
{00000001C8F8-05D48FB0},2010-02-17 16:55:04,HMR4907,PC-0043,Connect
{00000001D79F-21EE86F6},2010-02-17 16:59:26,YDM6963,PC-0145,Connect
{00000001DEF9-1AEF0598},2010-02-17 17:09:04,HMR4907,PC-0043,Disconnect
{00000001C3DF-3E5E01E5},2010-02-17 17:19:27,ATM7194,PC-0003,Connect
{00000001EDA0-383ADB07},2010-02-17 17:24:26,YDM6963,PC-0145,Disconnect
{00000001F185-1B63EF5E},2010-02-17 17:27:24,QSC3123,PC-0100,Disconnect
{00000001D40D-3D39F9EB},2010-02-17 17:31:49,TWU8511,PC-0115,Connect
{00000001D18B-3A9C9FE6},2010-02-17 17:32:04,QSC3123,PC-0100,Connect
{00000001E822-053C54EF},2010-02-17 17:37:43,RUT1946,PC-0104,Disconnect
{00000001D6E1-2065037C},2010-02-17 17:41:22,WLH0216,PC-0135,Connect
{00000001CC21-3D15480E},2010-02-17 17:45:38,KIX3704,PC-0058,Connect
{00000001E78C-3F14E1DB},2010-02-17 18:07:04,QSC3123,PC-0100,Disconnect
{00000001E222-33E1C074},2010-02-17 18:13:38,KIX3704,PC-0058,Disconnect
{00000001EA0E-3E981BF0},2010-02-17 18:30:49,TWU8511,PC-0115,Disconnect
{00000001D9E0-2D1F1EBA},2010-02-17 18:41:27,ATM7194,PC-0003,Disconnect
{00000001ECE2-1FEC12A8},2010-02-17 18:42:22,WLH0216,PC-0135,Disconnect
{00000001F2AD-10A55030},2010-02-17 18:52:14,QSC3123,PC-0100,Connect
{00000001F376-248618FE},2010-02-17 19:43:14,QSC3123,PC-0100,Disconnect
{00000001F2AC-3B283201},2010-02-17 20:02:41,QSC3123,PC-0100,Connect
{00000001F375-07C4D5DF},2010-02-17 20:29:41,QSC3123,PC-0100,Disconnect
{00000001C934-3D167AE4},2010-02-18 07:07:21,HVG7968,PC-0044,Connect
{00000001C529-083B08E4},2010-02-18 07:10:10,CQZ8674,PC-0013,Connect
{00000001C781-0677B843},2010-02-18 07:25:01,EHP1536,PC-0027,Connect
{00000001DF35-1D8713C8},2010-02-18 07:41:21,HVG7968,PC-0044,Disconnect
{00000001D2D2-00A701A6},2010-02-18 07:49:41,SDT4191,PC-0106,Connect
{00000001C66F-01C2091C},2010-02-18 07:55:36,DHG6594,PC-0016,Connect
{00000001F00E-067431B4},2010-02-18 08:00:41,RUT1946,PC-0104,Connect
{00000001CB5B-2CED0CAB},2010-02-18 08:04:56,JMM0438,PC-0053,Connect
{00000001DB2A-21D09787},2010-02-18 08:10:10,CQZ8674,PC-0013,Disconnect
{00000001DD82-0DF3562E},2010-02-18 08:14:01,EHP1536,PC-0027,Disconnect
{00000001DC70-12616CEB},2010-02-18 08:18:36,DHG6594,PC-0016,Disconnect
{00000001CA76-35698C22},2010-02-18 08:24:18,IVL8082,PC-0051,Connect
{00000001E8D3-02CED9BD},2010-02-18 08:27:41,SDT4191,PC-0106,Disconnect
{00000001C430-3E39F071},2010-02-18 08:31:10,AYY2409,PC-0005,Connect
{00000001F198-1C49B782},2010-02-18 08:35:41,RUT1946,PC-0104,Disconnect
{00000001C9E3-00C7A098},2010-02-18 09:06:45,IAC0900,PC-0045,Connect
{00000001EFFC-34E5957F},2010-02-18 09:07:24,QSC3123,PC-0100,Connect
{00000001F186-1EE2E905},2010-02-18 09:14:24,QSC3123,PC-0100,Disconnect
{00000001E15C-19EECA0F},2010-02-18 09:14:56,JMM0438,PC-0053,Disconnect
{00000001DA31-19859657},2010-02-18 09:15:10,AYY2409,PC-0005,Disconnect
{00000001E077-2ECB0A28},2010-02-18 09:46:18,IVL8082,PC-0051,Disconnect
{00000001DFE4-1CE960D9},2010-02-18 09:48:45,IAC0900,PC-0045,Disconnect
{00000001D5E1-0D13E3C8},2010-02-18 10:00:35,UUU6648,PC-0122,Connect
{00000001EFFD-09BD3C27},2010-02-18 10:29:37,QSC3123,PC-0100,Connect
{00000001C66E-0828847A},2010-02-18 10:42:16,DHG6594,PC-0016,Connect
{00000001F187-363C6F39},2010-02-18 10:44:37,QSC3123,PC-0100,Disconnect
{00000001C431-155834B9},2010-02-18 11:02:15,AYY2409,PC-0005,Connect
{00000001DA32-2C9B3539},2010-02-18 11:06:15,AYY2409,PC-0005,Disconnect
{00000001CDD8-2EE34269},2010-02-18 11:21:53,MAP5551,PC-0070,Connect
{00000001EBE2-0E0C167A},2010-02-18 11:27:35,UUU6648,PC-0122,Disconnect
{00000001D8E9-37A55270},2010-02-18 11:38:52,ZUI9718,PC-0157,Connect
{00000001F00D-014363F2},2010-02-18 12:01:45,RUT1946,PC-0104,Connect
{00000001DC6F-25BE3811},2010-02-18 12:08:16,DHG6594,PC-0016,Disconnect
{00000001F197-01ED7131},2010-02-18 12:22:45,RUT1946,PC-0104,Disconnect
{00000001D222-0FF3083C},2010-02-18 12:23:06,RUT1946,PC-0104,Connect
{00000001E3D9-1E719FF7},2010-02-18 12:30:53,MAP5551,PC-0070,Disconnect
{00000001C782-3417C433},2010-02-18 12:40:47,EHP1536,PC-0027,Connect
{00000001D64C-239BF84E},2010-02-18 12:57:43,VNI5142,PC-0129,Connect
{00000001EEEA-023F437C},2010-02-18 12:58:52,ZUI9718,PC-0157,Disconnect
{00000001D8EA-04026A00},2010-02-18 13:11:55,ZUI9718,PC-0157,Connect
{00000001DD83-3616687D},2010-02-18 13:21:47,EHP1536,PC-0027,Disconnect
{00000001D2D1-124165BE},2010-02-18 13:24:56,SDT4191,PC-0106,Connect
{00000001E823-32A54B74},2010-02-18 13:39:06,RUT1946,PC-0104,Disconnect
{00000001EEEB-13933637},2010-02-18 13:46:55,ZUI9718,PC-0157,Disconnect
{00000001EC4D-0E69D9FA},2010-02-18 13:54:43,VNI5142,PC-0129,Disconnect
{00000001E8D2-26EF7A7D},2010-02-18 14:14:56,SDT4191,PC-0106,Disconnect
{00000001CC23-29824509},2010-02-18 14:15:23,KIX3704,PC-0058,Connect
{00000001D5E0-266C23A6},2010-02-18 14:37:37,UUU6648,PC-0122,Connect
{00000001E224-3E6E8039},2010-02-18 14:54:23,KIX3704,PC-0058,Disconnect
{00000001D18C-08AD4D6A},2010-02-18 15:17:08,QSC3123,PC-0100,Connect
{00000001EBE1-35CACCC1},2010-02-18 15:18:37,UUU6648,PC-0122,Disconnect
{00000001D879-3510DE82},2010-02-18 15:24:04,YST5811,PC-0149,Connect
{00000001D80A-336388EB},2010-02-18 15:34:21,YIO5206,PC-0146,Connect
{00000001EE7A-2836C55F},2010-02-18 16:17:04,YST5811,PC-0149,Disconnect
{00000001E78D-0A53E17C},2010-02-18 16:39:08,QSC3123,PC-0100,Disconnect
{00000001CFA6-1BE944D9},2010-02-18 16:40:54,OET6830,PC-0086,Connect
{00000001EE0B-1071E4AE},2010-02-18 16:47:21,YIO5206,PC-0146,Disconnect
{00000001EFFE-2B4ECF5F},2010-02-18 16:59:19,QSC3123,PC-0100,Connect
{00000001F188-352346EC},2010-02-18 17:16:19,QSC3123,PC-0100,Disconnect
{00000001E5A7-07646C14},2010-02-18 17:43:54,OET6830,PC-0086,Disconnect
{00000001D016-2E9A63D6},2010-02-18 17:58:53,OLN5687,PC-0088,Connect
{00000001F2B5-263D7FAF},2010-02-18 18:31:51,RUT1946,PC-0104,Connect
{00000001F2AE-01C82889},2010-02-18 18:53:40,QSC3123,PC-0100,Connect
{00000001E617-26EFDE47},2010-02-18 19:00:53,OLN5687,PC-0088,Disconnect
{00000001F377-1D232FD0},2010-02-18 19:11:40,QSC3123,PC-0100,Disconnect
{00000001F37E-33242B60},2010-02-18 19:44:51,RUT1946,PC-0104,Disconnect
{00000001F2B4-179F10CC},2010-02-18 22:12:56,RUT1946,PC-0104,Connect
{00000001F37D-1A794A96},2010-02-18 22:29:56,RUT1946,PC-0104,Disconnect
{00000001F2B3-3C734575},2010-02-18 23:27:42,RUT1946,PC-0104,Connect
{00000001F37C-2BBDEF2F},2010-02-18 23:59:42,RUT1946,PC-0104,Disconnect
{00000001F2B6-2ABB1EDF},2010-02-19 05:13:54,RUT1946,PC-0104,Connect
{00000001F37F-2ABAC5E4},2010-02-19 05:33:54,RUT1946,PC-0104,Disconnect
{00000001C670-197990A4},2010-02-19 07:08:25,DHG6594,PC-0016,Connect
{00000001CAC4-3E51AC01},2010-02-19 07:15:59,JDE8246,PC-0052,Connect
{00000001CB5D-263DB823},2010-02-19 07:28:42,JMM0438,PC-0053,Connect
{00000001D8AD-2F3EDDD2},2010-02-19 07:29:32,ZIF9528,PC-0154,Connect
{00000001E0C5-02F8728B},2010-02-19 07:44:59,JDE8246,PC-0052,Disconnect
{00000001C86C-0606D853},2010-02-19 07:47:26,GRQ1397,PC-0036,Connect
{00000001CCF6-2B3ECEBA},2010-02-19 07:56:05,KYR0991,PC-0061,Connect
{00000001F000-14529D4B},2010-02-19 07:59:49,QSC3123,PC-0100,Connect
{00000001F18A-04C07A98},2010-02-19 08:01:49,QSC3123,PC-0100,Disconnect
{00000001DE6D-0EF1437E},2010-02-19 08:08:26,GRQ1397,PC-0036,Disconnect
{00000001EEAE-32A26896},2010-02-19 08:08:32,ZIF9528,PC-0154,Disconnect
{00000001CFA7-31945ECA},2010-02-19 08:17:31,OET6830,PC-0086,Connect
{00000001DC71-1313D6E6},2010-02-19 08:27:25,DHG6594,PC-0016,Disconnect
{00000001E15E-3DE0DA76},2010-02-19 08:35:42,JMM0438,PC-0053,Disconnect
{00000001E2F7-0333D805},2010-02-19 09:08:05,KYR0991,PC-0061,Disconnect
{00000001E5A8-24753EB2},2010-02-19 09:14:31,OET6830,PC-0086,Disconnect
{00000001F011-2656BE56},2010-02-19 09:34:01,RUT1946,PC-0104,Connect
{00000001F19B-07D715D3},2010-02-19 09:57:01,RUT1946,PC-0104,Disconnect
{00000001CA1F-3422FAE6},2010-02-19 10:04:54,IDI9618,PC-0048,Connect
{00000001C936-01B204A1},2010-02-19 10:11:48,HVG7968,PC-0044,Connect
{00000001E020-0CD10D13},2010-02-19 10:27:54,IDI9618,PC-0048,Disconnect
{00000001CB5C-0E0328B9},2010-02-19 10:39:33,JMM0438,PC-0053,Connect
{00000001C483-2DE0EDA6},2010-02-19 10:44:06,AZE5960,PC-0006,Connect
{00000001DA84-1933824E},2010-02-19 10:49:06,AZE5960,PC-0006,Disconnect
{00000001CDD9-08C4DE27},2010-02-19 10:49:58,MAP5551,PC-0070,Connect
{00000001E15D-3EF444D5},2010-02-19 10:52:33,JMM0438,PC-0053,Disconnect
{00000001E3DA-39A4B87D},2010-02-19 11:11:58,MAP5551,PC-0070,Disconnect
{00000001CB5E-2A4B935E},2010-02-19 11:12:25,JMM0438,PC-0053,Connect
{00000001DF37-03E01167},2010-02-19 11:17:48,HVG7968,PC-0044,Disconnect
{00000001CAC3-3C3A9F3E},2010-02-19 11:24:59,JDE8246,PC-0052,Connect
{00000001C4CE-3177EEE0},2010-02-19 11:28:04,COU3039,PC-0011,Connect
{00000001E0C4-0711091C},2010-02-19 11:36:59,JDE8246,PC-0052,Disconnect
{00000001C9E4-334E251B},2010-02-19 11:47:46,IAC0900,PC-0045,Connect
{00000001EFFF-029D4086},2010-02-19 11:55:14,QSC3123,PC-0100,Connect
{00000001E15F-14DFD594},2010-02-19 12:03:25,JMM0438,PC-0053,Disconnect
{00000001F004-2A151A9A},2010-02-19 12:12:20,QSC3123,PC-0100,Connect
{00000001F012-128DEA8F},2010-02-19 12:18:40,RUT1946,PC-0104,Connect
{00000001F19C-0495A292},2010-02-19 12:21:40,RUT1946,PC-0104,Disconnect
{00000001F189-3279AA75},2010-02-19 12:24:14,QSC3123,PC-0100,Disconnect
{00000001C5C9-21403387},2010-02-19 12:25:33,CVC0519,PC-0015,Connect
{00000001D4A6-13585D18},2010-02-19 12:38:27,UEH9251,PC-0117,Connect
{00000001DFE5-29C93C07},2010-02-19 12:38:46,IAC0900,PC-0045,Disconnect
{00000001DACF-050FE963},2010-02-19 12:39:04,COU3039,PC-0011,Disconnect
{00000001CEF8-3A12E88D},2010-02-19 12:45:43,NRU3936,PC-0083,Connect
{00000001D145-39CD2E53},2010-02-19 12:56:54,QHQ5150,PC-0098,Connect
{00000001EAA7-3901672A},2010-02-19 12:57:27,UEH9251,PC-0117,Disconnect
{00000001F003-2F6D11EE},2010-02-19 12:59:07,QSC3123,PC-0100,Connect
{00000001E746-1B9D6B79},2010-02-19 13:00:54,QHQ5150,PC-0098,Disconnect
{00000001F18D-10173E6C},2010-02-19 13:09:07,QSC3123,PC-0100,Disconnect
{00000001E4F9-2DFF8E6F},2010-02-19 13:13:43,NRU3936,PC-0083,Disconnect
{00000001F18E-1102C5F0},2010-02-19 13:38:20,QSC3123,PC-0100,Disconnect
{00000001DBCA-2C8B900B},2010-02-19 13:38:33,CVC0519,PC-0015,Disconnect
{00000001C935-05D8A7CA},2010-02-19 13:45:13,HVG7968,PC-0044,Connect
{00000001F00F-23AF6083},2010-02-19 13:47:39,RUT1946,PC-0104,Connect
{00000001F001-1C44177B},2010-02-19 13:50:31,QSC3123,PC-0100,Connect
{00000001F18B-0F0C2FF0},2010-02-19 14:17:31,QSC3123,PC-0100,Disconnect
{00000001DF36-22601158},2010-02-19 14:41:13,HVG7968,PC-0044,Disconnect
{00000001F199-0B50934D},2010-02-19 15:04:39,RUT1946,PC-0104,Disconnect
{00000001C52A-1BAEFD99},2010-02-19 15:06:25,CQZ8674,PC-0013,Connect
{00000001F002-2BE2BDAA},2010-02-19 15:22:42,QSC3123,PC-0100,Connect
{00000001C5C8-1160257C},2010-02-19 15:32:55,CVC0519,PC-0015,Connect
{00000001F18C-049EFC9B},2010-02-19 15:36:42,QSC3123,PC-0100,Disconnect
{00000001F013-1475ADBA},2010-02-19 15:56:56,RUT1946,PC-0104,Connect
{00000001DBC9-08E8C06E},2010-02-19 16:05:55,CVC0519,PC-0015,Disconnect
{00000001DB2B-1AA883B0},2010-02-19 16:16:25,CQZ8674,PC-0013,Disconnect
{00000001F010-261AA4B6},2010-02-19 16:28:25,RUT1946,PC-0104,Connect
{00000001C432-188B2E52},2010-02-19 16:28:48,AYY2409,PC-0005,Connect
{00000001DA33-1BC31B64},2010-02-19 16:30:48,AYY2409,PC-0005,Disconnect
{00000001F005-220EEB7A},2010-02-19 16:40:31,QSC3123,PC-0100,Connect
{00000001D8A0-0B43B7CB},2010-02-19 16:43:15,ZFG0374,PC-0151,Connect
{00000001C783-24FA199E},2010-02-19 16:44:45,EHP1536,PC-0027,Connect
{00000001F19D-1B2510E1},2010-02-19 16:59:56,RUT1946,PC-0104,Disconnect
{00000001DD84-252B12D2},2010-02-19 17:21:45,EHP1536,PC-0027,Disconnect
{00000001C671-2D16346C},2010-02-19 17:26:24,DHG6594,PC-0016,Connect
{00000001EEA1-082C1D57},2010-02-19 17:32:15,ZFG0374,PC-0151,Disconnect
{00000001F19A-0914725F},2010-02-19 17:40:25,RUT1946,PC-0104,Disconnect
{00000001D40E-2B562503},2010-02-19 17:50:19,TWU8511,PC-0115,Connect
{00000001D64D-245743B6},2010-02-19 17:55:07,VNI5142,PC-0129,Connect
{00000001F18F-072750B6},2010-02-19 18:03:31,QSC3123,PC-0100,Disconnect
{00000001EA0F-3C00127D},2010-02-19 18:09:19,TWU8511,PC-0115,Disconnect
{00000001EC4E-12EAF436},2010-02-19 18:16:07,VNI5142,PC-0129,Disconnect
{00000001DC72-2768E264},2010-02-19 18:53:24,DHG6594,PC-0016,Disconnect
{00000001F2B0-3CE6AB73},2010-02-19 20:19:10,QSC3123,PC-0100,Connect
{00000001F379-3D9DC144},2010-02-19 20:53:10,QSC3123,PC-0100,Disconnect
{00000001F2AF-0AC92525},2010-02-19 22:54:49,QSC3123,PC-0100,Connect
{00000001F378-01BBE330},2010-02-19 23:36:49,QSC3123,PC-0100,Disconnect
{00000001F2B7-088536E2},2010-02-22 01:43:21,RUT1946,PC-0104,Connect
{00000001F2BB-1D83EF0C},2010-02-22 02:52:35,RUT1946,PC-0104,Connect
{00000001F380-114170BF},2010-02-22 03:10:21,RUT1946,PC-0104,Disconnect
{00000001F384-2AF74810},2010-02-22 03:34:35,RUT1946,PC-0104,Disconnect
{00000001D743-2366E5E4},2010-02-22 07:16:57,XGF2493,PC-0139,Connect
{00000001C5CC-282272C2},2010-02-22 07:25:10,CVC0519,PC-0015,Connect
{00000001ED44-175F02A3},2010-02-22 08:08:57,XGF2493,PC-0139,Disconnect
{00000001C380-27B956D4},2010-02-22 08:13:59,ADG1145,PC-0001,Connect
{00000001D53F-379E5317},2010-02-22 08:17:20,UQK8227,PC-0120,Connect
{00000001DBCD-2F8252D5},2010-02-22 08:33:10,CVC0519,PC-0015,Disconnect
{00000001CC25-0B4613D6},2010-02-22 08:42:40,KIX3704,PC-0058,Connect
{00000001D981-03012C40},2010-02-22 08:48:59,ADG1145,PC-0001,Disconnect
{00000001EB40-2BE21EA6},2010-02-22 09:02:20,UQK8227,PC-0120,Disconnect
{00000001D411-2674BD20},2010-02-22 09:05:08,TWU8511,PC-0115,Connect
{00000001C938-1B16C668},2010-02-22 09:06:39,HVG7968,PC-0044,Connect
{00000001D3C9-02CD4A41},2010-02-22 09:16:14,TTS7860,PC-0113,Connect
{00000001E226-0136A6F5},2010-02-22 09:16:40,KIX3704,PC-0058,Disconnect
{00000001F014-372DC6BE},2010-02-22 09:17:21,RUT1946,PC-0104,Connect
{00000001C5AB-1A18B223},2010-02-22 09:17:24,CUR4388,PC-0014,Connect
{00000001EA12-2CA4905A},2010-02-22 09:33:08,TWU8511,PC-0115,Disconnect
{00000001D6E2-3ABD1F16},2010-02-22 09:43:15,WLH0216,PC-0135,Connect
{00000001D363-1289F14A},2010-02-22 09:45:52,SHV5792,PC-0108,Connect
{00000001D58B-3B4750ED},2010-02-22 09:50:25,USS4618,PC-0121,Connect
{00000001DF39-03F613C2},2010-02-22 09:59:39,HVG7968,PC-0044,Disconnect
{00000001C52C-02282713},2010-02-22 10:00:01,CQZ8674,PC-0013,Connect
{00000001EB8C-37C20738},2010-02-22 10:18:25,USS4618,PC-0121,Disconnect
{00000001C52B-32E01871},2010-02-22 10:26:03,CQZ8674,PC-0013,Connect
{00000001DBAC-2B809875},2010-02-22 10:26:24,CUR4388,PC-0014,Disconnect
{00000001E9CA-142AEED7},2010-02-22 10:29:14,TTS7860,PC-0113,Disconnect
{00000001DB2C-0B042ACD},2010-02-22 10:38:03,CQZ8674,PC-0013,Disconnect
{00000001F19E-3D873630},2010-02-22 10:43:21,RUT1946,PC-0104,Disconnect
{00000001E964-22291477},2010-02-22 10:46:52,SHV5792,PC-0108,Disconnect
{00000001ECE3-112FBB07},2010-02-22 10:50:15,WLH0216,PC-0135,Disconnect
{00000001DB2D-38557898},2010-02-22 11:13:01,CQZ8674,PC-0013,Disconnect
{00000001CC24-03676945},2010-02-22 11:30:37,KIX3704,PC-0058,Connect
{00000001CB5F-30163BCB},2010-02-22 11:36:27,JMM0438,PC-0053,Connect
{00000001D018-0AF16E58},2010-02-22 11:50:33,OLN5687,PC-0088,Connect
{00000001E160-1D58D9EE},2010-02-22 11:57:27,JMM0438,PC-0053,Disconnect
{00000001C52D-21169BC8},2010-02-22 12:21:38,CQZ8674,PC-0013,Connect
{00000001C672-3B6F06A2},2010-02-22 12:31:11,DHG6594,PC-0016,Connect
{00000001E619-1A88C07C},2010-02-22 12:40:33,OLN5687,PC-0088,Disconnect
{00000001D019-18D5D45B},2010-02-22 12:50:04,OLN5687,PC-0088,Connect
{00000001E225-1CC8A44F},2010-02-22 12:57:37,KIX3704,PC-0058,Disconnect
{00000001C939-13330ACB},2010-02-22 13:20:44,HVG7968,PC-0044,Connect
{00000001CA77-0F73C51F},2010-02-22 13:23:34,IVL8082,PC-0051,Connect
{00000001DB2E-2D450259},2010-02-22 13:40:38,CQZ8674,PC-0013,Disconnect
{00000001E078-0F63E367},2010-02-22 13:42:34,IVL8082,PC-0051,Disconnect
{00000001DF3A-3B3EBD27},2010-02-22 13:48:44,HVG7968,PC-0044,Disconnect
{00000001D410-1D12029C},2010-02-22 13:52:05,TWU8511,PC-0115,Connect
{00000001DC73-30EF8AEA},2010-02-22 13:52:11,DHG6594,PC-0016,Disconnect
{00000001CC26-01B6BB4F},2010-02-22 13:52:34,KIX3704,PC-0058,Connect
{00000001E61A-0AF5D797},2010-02-22 13:55:04,OLN5687,PC-0088,Disconnect
{00000001C5CB-091B8B32},2010-02-22 14:15:18,CVC0519,PC-0015,Connect
{00000001D017-3C6A93BD},2010-02-22 14:16:48,OLN5687,PC-0088,Connect
{00000001CB60-2E908A8B},2010-02-22 14:26:53,JMM0438,PC-0053,Connect
{00000001EA11-1F0D1D7A},2010-02-22 14:42:05,TWU8511,PC-0115,Disconnect
{00000001C937-27DE67BA},2010-02-22 14:56:20,HVG7968,PC-0044,Connect
{00000001D18D-258EAB1F},2010-02-22 15:05:49,QSC3123,PC-0100,Connect
{00000001DBCC-15AF9A3D},2010-02-22 15:07:18,CVC0519,PC-0015,Disconnect
{00000001E227-1691E889},2010-02-22 15:10:34,KIX3704,PC-0058,Disconnect
{00000001E161-2E8B1DC9},2010-02-22 15:11:53,JMM0438,PC-0053,Disconnect
{00000001E618-36448BC1},2010-02-22 15:21:48,OLN5687,PC-0088,Disconnect
{00000001DF38-22E461F5},2010-02-22 15:44:20,HVG7968,PC-0044,Disconnect
{00000001E78E-2273BCB7},2010-02-22 16:12:49,QSC3123,PC-0100,Disconnect
{00000001C5CA-1840159D},2010-02-22 16:35:57,CVC0519,PC-0015,Connect
{00000001CFA8-204858A2},2010-02-22 16:39:27,OET6830,PC-0086,Connect
{00000001E5A9-08316FB7},2010-02-22 17:16:27,OET6830,PC-0086,Disconnect
{00000001D40F-094DB7C8},2010-02-22 17:23:07,TWU8511,PC-0115,Connect
{00000001DBCB-2351F597},2010-02-22 17:29:57,CVC0519,PC-0015,Disconnect
{00000001EA10-3AF5A2BC},2010-02-22 18:07:07,TWU8511,PC-0115,Disconnect
{00000001F2BA-24D36100},2010-02-22 18:43:56,RUT1946,PC-0104,Connect
{00000001F383-06C3DF33},2010-02-22 19:22:56,RUT1946,PC-0104,Disconnect
{00000001F2B8-0B8664A4},2010-02-22 21:13:42,RUT1946,PC-0104,Connect
{00000001F381-0621CF07},2010-02-22 21:26:42,RUT1946,PC-0104,Disconnect
{00000001F2B9-3A1A4479},2010-02-22 22:33:13,RUT1946,PC-0104,Connect
{00000001F382-047F211C},2010-02-22 22:36:13,RUT1946,PC-0104,Disconnect
{00000001D7A0-3352FDBB},2010-02-23 07:09:01,YDM6963,PC-0145,Connect
{00000001CB62-0A889432},2010-02-23 07:15:12,JMM0438,PC-0053,Connect
{00000001E163-37E7EC3B},2010-02-23 07:37:12,JMM0438,PC-0053,Disconnect
{00000001CCF8-3E3A2DE7},2010-02-23 07:45:55,KYR0991,PC-0061,Connect
{00000001D58C-1F2BC764},2010-02-23 08:15:05,USS4618,PC-0121,Connect
{00000001CA4E-3ED91F92},2010-02-23 08:18:08,IIY1438,PC-0050,Connect
{00000001EDA1-36A9A02C},2010-02-23 08:22:01,YDM6963,PC-0145,Disconnect
{00000001E04F-277A00BE},2010-02-23 08:29:08,IIY1438,PC-0050,Disconnect
{00000001E2F9-3B0197FF},2010-02-23 08:49:55,KYR0991,PC-0061,Disconnect
{00000001CB63-05A84A8A},2010-02-23 09:06:41,JMM0438,PC-0053,Connect
{00000001C784-0007D8C2},2010-02-23 09:11:10,EHP1536,PC-0027,Connect
{00000001CB61-0B177968},2010-02-23 09:13:34,JMM0438,PC-0053,Connect
{00000001F016-00E4934A},2010-02-23 09:25:35,RUT1946,PC-0104,Connect
{00000001EB8D-3C27D162},2010-02-23 09:41:05,USS4618,PC-0121,Disconnect
{00000001E162-02D6AE4B},2010-02-23 09:46:34,JMM0438,PC-0053,Disconnect
{00000001D6E3-361926D5},2010-02-23 09:48:33,WLH0216,PC-0135,Connect
{00000001E164-24435E75},2010-02-23 09:54:41,JMM0438,PC-0053,Disconnect
{00000001D01B-3649267D},2010-02-23 10:05:25,OLN5687,PC-0088,Connect
{00000001F1A0-299566E1},2010-02-23 10:19:35,RUT1946,PC-0104,Disconnect
{00000001CA78-2CC34061},2010-02-23 10:23:07,IVL8082,PC-0051,Connect
{00000001D146-3265BECC},2010-02-23 10:23:47,QHQ5150,PC-0098,Connect
{00000001D64E-2CF7CA97},2010-02-23 10:32:26,VNI5142,PC-0129,Connect
{00000001DD85-357800A4},2010-02-23 10:37:10,EHP1536,PC-0027,Disconnect
{00000001ECE4-1CA4BA2E},2010-02-23 10:47:33,WLH0216,PC-0135,Disconnect
{00000001E61C-2C82005D},2010-02-23 10:59:25,OLN5687,PC-0088,Disconnect
{00000001EC4F-25B8D4E0},2010-02-23 11:18:26,VNI5142,PC-0129,Disconnect
{00000001E747-1AA88934},2010-02-23 11:26:47,QHQ5150,PC-0098,Disconnect
{00000001CB64-1F03E3C7},2010-02-23 11:32:27,JMM0438,PC-0053,Connect
{00000001C4CF-3AADE1BA},2010-02-23 11:34:59,COU3039,PC-0011,Connect
{00000001E079-2CDEE289},2010-02-23 11:35:07,IVL8082,PC-0051,Disconnect
{00000001DAD0-310DFAAB},2010-02-23 12:13:59,COU3039,PC-0011,Disconnect
{00000001E165-086A80E3},2010-02-23 12:27:27,JMM0438,PC-0053,Disconnect
{00000001D60B-099FF0B2},2010-02-23 12:28:18,VDL1237,PC-0125,Connect
{00000001D223-2CC085C7},2010-02-23 12:41:50,RUT1946,PC-0104,Connect
{00000001CE15-108368E1},2010-02-23 12:54:07,MGI5307,PC-0072,Connect
{00000001E824-1BC30EDC},2010-02-23 13:35:50,RUT1946,PC-0104,Disconnect
{00000001E416-0D6F7FA1},2010-02-23 13:36:07,MGI5307,PC-0072,Disconnect
{00000001EC0C-13A697F8},2010-02-23 13:39:18,VDL1237,PC-0125,Disconnect
{00000001C786-3352D8B6},2010-02-23 13:53:12,EHP1536,PC-0027,Connect
{00000001DD87-254E68DB},2010-02-23 14:02:12,EHP1536,PC-0027,Disconnect
{00000001D01A-043F61C2},2010-02-23 14:02:44,OLN5687,PC-0088,Connect
{00000001F015-1881730E},2010-02-23 14:25:24,RUT1946,PC-0104,Connect
{00000001E61B-2EBC001A},2010-02-23 14:32:44,OLN5687,PC-0088,Disconnect
{00000001CCF7-19DAED96},2010-02-23 14:53:38,KYR0991,PC-0061,Connect
{00000001D364-3F9F5500},2010-02-23 15:15:17,SHV5792,PC-0108,Connect
{00000001CAC5-39D04367},2010-02-23 15:16:15,JDE8246,PC-0052,Connect
{00000001F19F-37B3F995},2010-02-23 15:25:24,RUT1946,PC-0104,Disconnect
{00000001E0C6-23DA5B50},2010-02-23 15:34:15,JDE8246,PC-0052,Disconnect
{00000001E2F8-16C7924D},2010-02-23 15:46:38,KYR0991,PC-0061,Disconnect
{00000001CD71-268E3BF5},2010-02-23 15:58:59,LGT9691,PC-0063,Connect
{00000001D87A-3488D089},2010-02-23 15:59:25,YST5811,PC-0149,Connect
{00000001D8EB-05DF555C},2010-02-23 16:07:07,ZUI9718,PC-0157,Connect
{00000001E965-1352FEF1},2010-02-23 16:12:17,SHV5792,PC-0108,Disconnect
{00000001CE16-2D224AD2},2010-02-23 16:28:31,MGI5307,PC-0072,Connect
{00000001EEEC-3B46CDDB},2010-02-23 16:31:07,ZUI9718,PC-0157,Disconnect
{00000001CAC6-3294447E},2010-02-23 16:40:35,JDE8246,PC-0052,Connect
{00000001E0C7-2859C4D4},2010-02-23 16:46:35,JDE8246,PC-0052,Disconnect
{00000001C8DD-13F6BCE1},2010-02-23 16:49:06,GUG7168,PC-0037,Connect
{00000001EE7B-03D5CC22},2010-02-23 16:52:25,YST5811,PC-0149,Disconnect
{00000001C433-13946AD7},2010-02-23 16:55:33,AYY2409,PC-0005,Connect
{00000001C785-223DFFBB},2010-02-23 17:08:57,EHP1536,PC-0027,Connect
{00000001E372-2A920B49},2010-02-23 17:11:59,LGT9691,PC-0063,Disconnect
{00000001DEDE-26B95E60},2010-02-23 17:28:06,GUG7168,PC-0037,Disconnect
{00000001D365-14DA4798},2010-02-23 17:35:15,SHV5792,PC-0108,Connect
{00000001E417-0EA62A38},2010-02-23 17:53:31,MGI5307,PC-0072,Disconnect
{00000001DD86-33801E44},2010-02-23 17:54:57,EHP1536,PC-0027,Disconnect
{00000001DA34-03F46CEB},2010-02-23 18:00:33,AYY2409,PC-0005,Disconnect
{00000001E966-1663372A},2010-02-23 18:05:15,SHV5792,PC-0108,Disconnect
{00000001F2BD-34830B8E},2010-02-23 20:57:21,RUT1946,PC-0104,Connect
{00000001F2BC-148929AF},2010-02-23 21:33:10,RUT1946,PC-0104,Connect
{00000001F386-12713F96},2010-02-23 21:58:21,RUT1946,PC-0104,Disconnect
{00000001F385-146FA569},2010-02-23 22:13:10,RUT1946,PC-0104,Disconnect
{00000001F2BE-258B9EE5},2010-02-23 23:18:05,RUT1946,PC-0104,Connect
{00000001F387-10DE3095},2010-02-24 00:37:05,RUT1946,PC-0104,Disconnect
{00000001CF85-136C550D},2010-02-24 07:55:16,OEM8566,PC-0085,Connect
{00000001C673-11FDFD04},2010-02-24 07:59:12,DHG6594,PC-0016,Connect
{00000001CB66-00E4FB5C},2010-02-24 08:30:29,JMM0438,PC-0053,Connect
{00000001D846-23E352A5},2010-02-24 08:34:22,YLE8326,PC-0147,Connect
{00000001CB65-3967CC66},2010-02-24 08:35:30,JMM0438,PC-0053,Connect
{00000001DC74-2308F18B},2010-02-24 08:37:12,DHG6594,PC-0016,Disconnect
{00000001CCF9-08C15A46},2010-02-24 08:41:25,KYR0991,PC-0061,Connect
{00000001E586-34316380},2010-02-24 08:56:16,OEM8566,PC-0085,Disconnect
{00000001C787-22BFAF14},2010-02-24 09:03:43,EHP1536,PC-0027,Connect
{00000001E166-05A503E8},2010-02-24 09:18:30,JMM0438,PC-0053,Disconnect
{00000001EE47-177241D9},2010-02-24 09:31:22,YLE8326,PC-0147,Disconnect
{00000001D366-2385CFA1},2010-02-24 09:35:09,SHV5792,PC-0108,Connect
{00000001E167-1F462752},2010-02-24 09:45:29,JMM0438,PC-0053,Disconnect
{00000001E2FA-350DA440},2010-02-24 10:05:25,KYR0991,PC-0061,Disconnect
{00000001E967-1FE96359},2010-02-24 10:17:09,SHV5792,PC-0108,Disconnect
{00000001D8AE-391FB7AF},2010-02-24 10:22:50,ZIF9528,PC-0154,Connect
{00000001DD88-28FDA6C1},2010-02-24 10:30:43,EHP1536,PC-0027,Disconnect
{00000001CC27-2CB72A90},2010-02-24 10:36:20,KIX3704,PC-0058,Connect
{00000001EEAF-08FA71D0},2010-02-24 10:42:50,ZIF9528,PC-0154,Disconnect
{00000001D4A7-11A1F8EC},2010-02-24 10:46:21,UEH9251,PC-0117,Connect
{00000001C381-2BC9FFC3},2010-02-24 11:07:55,ADG1145,PC-0001,Connect
{00000001EAA8-06C13CF7},2010-02-24 11:21:21,UEH9251,PC-0117,Disconnect
{00000001F017-17CBAE76},2010-02-24 11:30:25,RUT1946,PC-0104,Connect
{00000001E228-17A76DCA},2010-02-24 11:34:20,KIX3704,PC-0058,Disconnect
{00000001D6E4-270D99DF},2010-02-24 11:38:10,WLH0216,PC-0135,Connect
{00000001D2D4-11DD36CA},2010-02-24 12:06:45,SDT4191,PC-0106,Connect
{00000001F018-3529E55E},2010-02-24 12:09:00,RUT1946,PC-0104,Connect
{00000001F1A1-3959BAA0},2010-02-24 12:17:25,RUT1946,PC-0104,Disconnect
{00000001D982-04C3B4A1},2010-02-24 12:23:55,ADG1145,PC-0001,Disconnect
{00000001ECE5-38B92FAC},2010-02-24 12:39:10,WLH0216,PC-0135,Disconnect
{00000001D147-03C7E562},2010-02-24 12:47:50,QHQ5150,PC-0098,Connect
{00000001E8D5-147CECC7},2010-02-24 13:06:45,SDT4191,PC-0106,Disconnect
{00000001CEF9-29B2D50D},2010-02-24 13:23:03,NRU3936,PC-0083,Connect
{00000001F1A2-15BF412B},2010-02-24 13:38:00,RUT1946,PC-0104,Disconnect
{00000001C788-2D6A3E16},2010-02-24 13:39:21,EHP1536,PC-0027,Connect
{00000001E748-0CA5C931},2010-02-24 13:41:50,QHQ5150,PC-0098,Disconnect
{00000001DD89-20ECE447},2010-02-24 14:29:21,EHP1536,PC-0027,Disconnect
{00000001E4FA-13E9FF92},2010-02-24 14:44:03,NRU3936,PC-0083,Disconnect
{00000001D18E-2D4269DB},2010-02-24 14:45:30,QSC3123,PC-0100,Connect
{00000001C674-11D09F0D},2010-02-24 14:47:42,DHG6594,PC-0016,Connect
{00000001CEFB-0A546AD4},2010-02-24 15:02:23,NRU3936,PC-0083,Connect
{00000001CC28-056E1037},2010-02-24 15:11:06,KIX3704,PC-0058,Connect
{00000001E4FC-35057901},2010-02-24 15:11:23,NRU3936,PC-0083,Disconnect
{00000001CEFA-2CEDB5C9},2010-02-24 15:13:57,NRU3936,PC-0083,Connect
{00000001C86D-0F4081CD},2010-02-24 15:16:57,GRQ1397,PC-0036,Connect
{00000001E229-13FF4122},2010-02-24 15:20:06,KIX3704,PC-0058,Disconnect
{00000001E4FB-08AD723A},2010-02-24 15:26:57,NRU3936,PC-0083,Disconnect
{00000001DC75-0F004D08},2010-02-24 15:30:42,DHG6594,PC-0016,Disconnect
{00000001E78F-152FC49C},2010-02-24 15:43:30,QSC3123,PC-0100,Disconnect
{00000001D2D3-249754F7},2010-02-24 15:53:43,SDT4191,PC-0106,Connect
{00000001D224-3B6D0035},2010-02-24 15:58:55,RUT1946,PC-0104,Connect
{00000001DE6E-33BD6D5D},2010-02-24 16:04:57,GRQ1397,PC-0036,Disconnect
{00000001E825-3C55A64B},2010-02-24 16:06:55,RUT1946,PC-0104,Disconnect
{00000001CAC8-2B108C92},2010-02-24 16:15:43,JDE8246,PC-0052,Connect
{00000001C93A-052D8E62},2010-02-24 16:23:11,HVG7968,PC-0044,Connect
{00000001DF3B-0342EB21},2010-02-24 17:02:11,HVG7968,PC-0044,Disconnect
{00000001C484-1E4EE450},2010-02-24 17:02:53,AZE5960,PC-0006,Connect
{00000001E8D4-2097CC3E},2010-02-24 17:19:43,SDT4191,PC-0106,Disconnect
{00000001DA85-2D8F2E6E},2010-02-24 17:28:53,AZE5960,PC-0006,Disconnect
{00000001E0C9-0FB694A0},2010-02-24 17:43:43,JDE8246,PC-0052,Disconnect
{00000001CAC7-34902A0C},2010-02-24 17:44:48,JDE8246,PC-0052,Connect
{00000001E0C8-29A7D5CA},2010-02-24 18:25:48,JDE8246,PC-0052,Disconnect
{00000001F2BF-0C584B85},2010-02-24 21:04:46,RUT1946,PC-0104,Connect
{00000001F388-1A8B7214},2010-02-24 22:01:46,RUT1946,PC-0104,Disconnect
{00000001F2C0-34B107F5},2010-02-24 23:40:53,RUT1946,PC-0104,Connect
{00000001F389-114C819F},2010-02-25 00:12:53,RUT1946,PC-0104,Disconnect
{00000001F2C3-3C95B805},2010-02-25 03:39:35,RUT1946,PC-0104,Connect
{00000001F38C-3A6F2551},2010-02-25 04:58:35,RUT1946,PC-0104,Disconnect
{00000001D0FB-126A09F4},2010-02-25 07:23:37,OYC3975,PC-0091,Connect
{00000001D4D8-3EEE35B4},2010-02-25 07:41:28,UKR6395,PC-0118,Connect
{00000001CFAA-15AE363F},2010-02-25 08:20:18,OET6830,PC-0086,Connect
{00000001E5AB-277D180B},2010-02-25 08:26:18,OET6830,PC-0086,Disconnect
{00000001E6FC-1087F598},2010-02-25 08:27:37,OYC3975,PC-0091,Disconnect
{00000001C4D0-32D03F1C},2010-02-25 08:27:39,COU3039,PC-0011,Connect
{00000001D01D-2BFD2DCF},2010-02-25 08:35:20,OLN5687,PC-0088,Connect
{00000001EAD9-0A334890},2010-02-25 08:38:28,UKR6395,PC-0118,Disconnect
{00000001E61E-16163858},2010-02-25 08:53:20,OLN5687,PC-0088,Disconnect
{00000001DAD1-1F62B9D9},2010-02-25 09:12:39,COU3039,PC-0011,Disconnect
{00000001D652-293A30A6},2010-02-25 09:30:19,VNI5142,PC-0129,Connect
{00000001C93B-0932609E},2010-02-25 09:41:49,HVG7968,PC-0044,Connect
{00000001DF3C-03AB5CF8},2010-02-25 09:44:49,HVG7968,PC-0044,Disconnect
{00000001F019-00E4C3E8},2010-02-25 09:53:47,RUT1946,PC-0104,Connect
{00000001F1A3-3133E2E3},2010-02-25 10:17:47,RUT1946,PC-0104,Disconnect
{00000001D01E-3495E93D},2010-02-25 10:30:02,OLN5687,PC-0088,Connect
{00000001D651-280F50A1},2010-02-25 10:31:31,VNI5142,PC-0129,Connect
{00000001F01A-336535E4},2010-02-25 10:32:14,RUT1946,PC-0104,Connect
{00000001EC53-0BB5C05B},2010-02-25 10:58:19,VNI5142,PC-0129,Disconnect
{00000001E61F-3229CBA2},2010-02-25 11:29:02,OLN5687,PC-0088,Disconnect
{00000001D540-0461BD93},2010-02-25 11:36:05,UQK8227,PC-0120,Connect
{00000001EC52-153F20F5},2010-02-25 11:48:31,VNI5142,PC-0129,Disconnect
{00000001F1A4-28D4A2C8},2010-02-25 11:56:14,RUT1946,PC-0104,Disconnect
{00000001EB41-3315FBF8},2010-02-25 12:57:05,UQK8227,PC-0120,Disconnect
{00000001D0CA-0D429AA0},2010-02-25 12:57:48,OMU2669,PC-0089,Connect
{00000001CFAB-12F3BA4D},2010-02-25 12:58:44,OET6830,PC-0086,Connect
{00000001E5AC-0DC5DCFB},2010-02-25 13:39:44,OET6830,PC-0086,Disconnect
{00000001F01B-16A5856C},2010-02-25 14:10:49,RUT1946,PC-0104,Connect
{00000001E6CB-0700D579},2010-02-25 14:11:48,OMU2669,PC-0089,Disconnect
{00000001F1A5-15C97C4F},2010-02-25 14:15:49,RUT1946,PC-0104,Disconnect
{00000001D1FA-1BE6550E},2010-02-25 14:23:16,RLI6273,PC-0103,Connect
{00000001D650-1F486139},2010-02-25 15:10:48,VNI5142,PC-0129,Connect
{00000001C789-1BBDF623},2010-02-25 15:18:04,EHP1536,PC-0027,Connect
{00000001D01C-03D66958},2010-02-25 15:18:40,OLN5687,PC-0088,Connect
{00000001CE9A-2573F926},2010-02-25 15:21:29,NDV4503,PC-0078,Connect
{00000001CFA9-19AEDDBA},2010-02-25 15:22:37,OET6830,PC-0086,Connect
{00000001E7FB-2F9B5E48},2010-02-25 15:25:16,RLI6273,PC-0103,Disconnect
{00000001D2D5-1BC7956C},2010-02-25 15:36:22,SDT4191,PC-0106,Connect
{00000001DD8A-03A91C7E},2010-02-25 15:38:04,EHP1536,PC-0027,Disconnect
{00000001E49B-2BFA782D},2010-02-25 15:51:29,NDV4503,PC-0078,Disconnect
{00000001C5CD-05147657},2010-02-25 15:59:37,CVC0519,PC-0015,Connect
{00000001EC51-237C153E},2010-02-25 16:11:48,VNI5142,PC-0129,Disconnect
{00000001D3CA-1B4FECD6},2010-02-25 16:12:45,TTS7860,PC-0113,Connect
{00000001E5AA-058FFFA7},2010-02-25 16:14:37,OET6830,PC-0086,Disconnect
{00000001E9CB-38D62642},2010-02-25 16:17:45,TTS7860,PC-0113,Disconnect
{00000001CF86-36B81BA3},2010-02-25 16:17:56,OEM8566,PC-0085,Connect
{00000001E587-3485A817},2010-02-25 16:22:56,OEM8566,PC-0085,Disconnect
{00000001E61D-24CBBACB},2010-02-25 16:27:40,OLN5687,PC-0088,Disconnect
{00000001E8D6-1E69186F},2010-02-25 16:46:22,SDT4191,PC-0106,Disconnect
{00000001D64F-37BCE1EB},2010-02-25 17:04:32,VNI5142,PC-0129,Connect
{00000001DBCE-0A0DAFBF},2010-02-25 17:05:37,CVC0519,PC-0015,Disconnect
{00000001C434-05B30E8A},2010-02-25 17:09:21,AYY2409,PC-0005,Connect
{00000001C382-3957E0E8},2010-02-25 17:18:59,ADG1145,PC-0001,Connect
{00000001C4D1-17801D1E},2010-02-25 17:45:46,COU3039,PC-0011,Connect
{00000001D983-34CF4244},2010-02-25 17:51:59,ADG1145,PC-0001,Disconnect
{00000001DAD2-06B3C5CE},2010-02-25 17:56:46,COU3039,PC-0011,Disconnect
{00000001DA35-1052928D},2010-02-25 18:18:21,AYY2409,PC-0005,Disconnect
{00000001EC50-0C7BB899},2010-02-25 18:26:32,VNI5142,PC-0129,Disconnect
{00000001F2C2-1A160E16},2010-02-25 18:32:04,RUT1946,PC-0104,Connect
{00000001F38B-314E5D1B},2010-02-25 18:39:04,RUT1946,PC-0104,Disconnect
{00000001F2C1-2285AAE3},2010-02-25 23:37:05,RUT1946,PC-0104,Connect
{00000001F2C4-1BDBF88B},2010-02-25 23:37:54,RUT1946,PC-0104,Connect
{00000001F38D-32E34C67},2010-02-26 00:23:54,RUT1946,PC-0104,Disconnect
{00000001F38A-2440EA29},2010-02-26 00:53:05,RUT1946,PC-0104,Disconnect
{00000001F2C6-195404FC},2010-02-26 04:05:54,RUT1946,PC-0104,Connect
{00000001F38F-30B8CBCC},2010-02-26 05:06:54,RUT1946,PC-0104,Disconnect
{00000001CEFE-29A1F74B},2010-02-26 07:58:37,NRU3936,PC-0083,Connect
{00000001E4FF-032A5B13},2010-02-26 08:03:37,NRU3936,PC-0083,Disconnect
{00000001D18F-3107344D},2010-02-26 08:37:02,QSC3123,PC-0100,Connect
{00000001D2D6-39C9DAC7},2010-02-26 08:39:18,SDT4191,PC-0106,Connect
{00000001D0FC-3043EBB2},2010-02-26 08:41:11,OYC3975,PC-0091,Connect
{00000001D4D9-127FF858},2010-02-26 09:00:37,UKR6395,PC-0118,Connect
{00000001E6FD-167A64FE},2010-02-26 09:04:11,OYC3975,PC-0091,Disconnect
{00000001EADA-32B74735},2010-02-26 09:13:37,UKR6395,PC-0118,Disconnect
{00000001E790-00A85354},2010-02-26 09:37:02,QSC3123,PC-0100,Disconnect
{00000001CE43-0933C5CE},2010-02-26 09:43:03,MSH7807,PC-0075,Connect
{00000001E8D7-1F011F51},2010-02-26 09:47:18,SDT4191,PC-0106,Disconnect
{00000001CE17-3C424038},2010-02-26 10:03:45,MGI5307,PC-0072,Connect
{00000001F020-092369F4},2010-02-26 10:08:37,RUT1946,PC-0104,Connect
{00000001E418-34CD2E90},2010-02-26 10:10:45,MGI5307,PC-0072,Disconnect
{00000001E444-264156F0},2010-02-26 10:11:03,MSH7807,PC-0075,Disconnect
{00000001D4DA-2212DEE5},2010-02-26 10:37:25,UKR6395,PC-0118,Connect
{00000001D2A1-1708C3C1},2010-02-26 10:45:33,SBF1746,PC-0105,Connect
{00000001D8AF-23B483A7},2010-02-26 11:05:09,ZIF9528,PC-0154,Connect
{00000001D01F-2CC31E25},2010-02-26 11:07:12,OLN5687,PC-0088,Connect
{00000001EADB-2561649F},2010-02-26 11:09:25,UKR6395,PC-0118,Disconnect
{00000001F1AA-3877F2FB},2010-02-26 11:11:37,RUT1946,PC-0104,Disconnect
{00000001D412-0782E3DD},2010-02-26 11:21:24,TWU8511,PC-0115,Connect
{00000001E8A2-229BBCE7},2010-02-26 11:21:33,SBF1746,PC-0105,Disconnect
{00000001EA13-0EAB7F75},2010-02-26 11:36:24,TWU8511,PC-0115,Disconnect
{00000001EEB0-364C9CD0},2010-02-26 11:40:09,ZIF9528,PC-0154,Disconnect
{00000001C5CE-228B8957},2010-02-26 11:45:22,CVC0519,PC-0015,Connect
{00000001E620-0872B29A},2010-02-26 11:52:12,OLN5687,PC-0088,Disconnect
{00000001C81C-187ECF5D},2010-02-26 12:06:54,FCN9756,PC-0031,Connect
{00000001DE1D-0B1702F4},2010-02-26 12:15:54,FCN9756,PC-0031,Disconnect
{00000001D020-3E7EEE16},2010-02-26 12:27:23,OLN5687,PC-0088,Connect
{00000001C435-3D149EF6},2010-02-26 12:29:04,AYY2409,PC-0005,Connect
{00000001E621-179FC3C7},2010-02-26 12:35:23,OLN5687,PC-0088,Disconnect
{00000001C383-38F51521},2010-02-26 12:36:23,ADG1145,PC-0001,Connect
{00000001DA36-3DF3CEB8},2010-02-26 12:41:04,AYY2409,PC-0005,Disconnect
{00000001DBCF-3909F84E},2010-02-26 13:02:22,CVC0519,PC-0015,Disconnect
{00000001CDA8-1C48311E},2010-02-26 13:33:10,LYE5717,PC-0069,Connect
{00000001F01D-36C532AD},2010-02-26 13:47:02,RUT1946,PC-0104,Connect
{00000001D8EC-2E4A131D},2010-02-26 13:51:38,ZUI9718,PC-0157,Connect
{00000001E3A9-25A3AA8E},2010-02-26 13:52:10,LYE5717,PC-0069,Disconnect
{00000001C9E5-0A35F4DD},2010-02-26 13:53:18,IAC0900,PC-0045,Connect
{00000001D984-18B55D1B},2010-02-26 14:00:23,ADG1145,PC-0001,Disconnect
{00000001D0CB-3901E4CD},2010-02-26 14:03:44,OMU2669,PC-0089,Connect
{00000001DFE6-16C0A316},2010-02-26 14:26:18,IAC0900,PC-0045,Disconnect
{00000001EEED-0F3F99DF},2010-02-26 14:35:38,ZUI9718,PC-0157,Disconnect
{00000001D192-250EC692},2010-02-26 14:40:53,QSC3123,PC-0100,Connect
{00000001E793-2DEFAF55},2010-02-26 14:55:53,QSC3123,PC-0100,Disconnect
{00000001F1A7-24E02128},2010-02-26 14:56:02,RUT1946,PC-0104,Disconnect
{00000001E6CC-3687F49D},2010-02-26 15:00:44,OMU2669,PC-0089,Disconnect
{00000001F01C-3DF28DCE},2010-02-26 15:02:02,RUT1946,PC-0104,Connect
{00000001D190-2AF2A00E},2010-02-26 15:08:16,QSC3123,PC-0100,Connect
{00000001F01F-3B29D8EC},2010-02-26 15:20:34,RUT1946,PC-0104,Connect
{00000001D653-13891C77},2010-02-26 15:30:18,VNI5142,PC-0129,Connect
{00000001F1A6-114250D4},2010-02-26 15:35:02,RUT1946,PC-0104,Disconnect
{00000001C3E0-25C60C42},2010-02-26 15:42:37,ATM7194,PC-0003,Connect
{00000001E791-02E6610D},2010-02-26 15:43:16,QSC3123,PC-0100,Disconnect
{00000001C4A0-3E9409E6},2010-02-26 15:47:04,BFH3103,PC-0007,Connect
{00000001C52E-27EDCA85},2010-02-26 15:51:47,CQZ8674,PC-0013,Connect
{00000001F1A9-34A6F839},2010-02-26 15:59:34,RUT1946,PC-0104,Disconnect
{00000001D191-38851473},2010-02-26 16:13:33,QSC3123,PC-0100,Connect
{00000001DAA1-04D16522},2010-02-26 16:14:04,BFH3103,PC-0007,Disconnect
{00000001D148-33DB9D8A},2010-02-26 16:17:18,QHQ5150,PC-0098,Connect
{00000001D9E1-113330A4},2010-02-26 16:21:37,ATM7194,PC-0003,Disconnect
{00000001EC54-013371AC},2010-02-26 16:22:18,VNI5142,PC-0129,Disconnect
{00000001E749-0B12E9B7},2010-02-26 16:31:18,QHQ5150,PC-0098,Disconnect
{00000001C843-25D8D819},2010-02-26 16:36:29,GGB1397,PC-0032,Connect
{00000001DB2F-2BC1410E},2010-02-26 16:39:47,CQZ8674,PC-0013,Disconnect
{00000001CE6B-3E08C6EE},2010-02-26 16:51:37,NBM1814,PC-0077,Connect
{00000001CEFC-279E44DD},2010-02-26 16:56:59,NRU3936,PC-0083,Connect
{00000001E792-10995BE0},2010-02-26 17:01:33,QSC3123,PC-0100,Disconnect
{00000001E4FD-2B7DCF87},2010-02-26 17:21:59,NRU3936,PC-0083,Disconnect
{00000001E46C-30CCB13B},2010-02-26 17:25:37,NBM1814,PC-0077,Disconnect
{00000001DE44-215B24A5},2010-02-26 17:31:29,GGB1397,PC-0032,Disconnect
{00000001CEFD-21D3D0B1},2010-02-26 17:34:18,NRU3936,PC-0083,Connect
{00000001F01E-209ECF76},2010-02-26 17:37:28,RUT1946,PC-0104,Connect
{00000001F1A8-1D425F46},2010-02-26 17:47:28,RUT1946,PC-0104,Disconnect
{00000001CB67-3AC3E32F},2010-02-26 17:58:27,JMM0438,PC-0053,Connect
{00000001E4FE-07CF161A},2010-02-26 18:42:18,NRU3936,PC-0083,Disconnect
{00000001E168-213F432B},2010-02-26 19:23:27,JMM0438,PC-0053,Disconnect
{00000001F2C5-258F53A2},2010-02-26 22:19:37,RUT1946,PC-0104,Connect
{00000001F2C7-141DF81B},2010-02-26 22:21:32,RUT1946,PC-0104,Connect
{00000001F390-348F77EF},2010-02-26 22:57:32,RUT1946,PC-0104,Disconnect
{00000001F38E-15C2F318},2010-02-26 23:11:37,RUT1946,PC-0104,Disconnect
{00000001F2C8-0227F937},2010-03-01 00:42:58,RUT1946,PC-0104,Connect
{00000001F391-04742C7C},2010-03-01 01:53:58,RUT1946,PC-0104,Disconnect
{00000001CCFA-28911C64},2010-03-01 07:10:55,KYR0991,PC-0061,Connect
{00000001D413-3197864C},2010-03-01 07:23:30,TWU8511,PC-0115,Connect
{00000001D4A8-34313D70},2010-03-01 07:53:07,UEH9251,PC-0117,Connect
{00000001D2D9-01E97EBD},2010-03-01 07:54:36,SDT4191,PC-0106,Connect
{00000001E2FB-11EF28D7},2010-03-01 08:09:55,KYR0991,PC-0061,Disconnect
{00000001F021-2846A716},2010-03-01 08:35:15,RUT1946,PC-0104,Connect
{00000001D2D7-23A95A5A},2010-03-01 08:39:39,SDT4191,PC-0106,Connect
{00000001EAA9-3BE7B1C9},2010-03-01 08:41:07,UEH9251,PC-0117,Disconnect
{00000001CA79-31F6D435},2010-03-01 08:44:54,IVL8082,PC-0051,Connect
{00000001EA14-2170150E},2010-03-01 08:46:30,TWU8511,PC-0115,Disconnect
{00000001CB69-219562EF},2010-03-01 08:48:12,JMM0438,PC-0053,Connect
{00000001E8DA-14C77D8C},2010-03-01 08:53:36,SDT4191,PC-0106,Disconnect
{00000001D654-0F4B7D3B},2010-03-01 09:25:03,VNI5142,PC-0129,Connect
{00000001D7A2-39B1A9F6},2010-03-01 09:35:41,YDM6963,PC-0145,Connect
{00000001D4DB-3115FCB0},2010-03-01 09:43:02,UKR6395,PC-0118,Connect
{00000001D6E5-2E05EA3B},2010-03-01 09:47:30,WLH0216,PC-0135,Connect
{00000001EADC-2B3AADF9},2010-03-01 09:51:02,UKR6395,PC-0118,Disconnect
{00000001C9E6-3C2C72EF},2010-03-01 09:52:01,IAC0900,PC-0045,Connect
{00000001E8D8-31087FA4},2010-03-01 09:56:39,SDT4191,PC-0106,Disconnect
{00000001E16A-2C310C46},2010-03-01 09:59:12,JMM0438,PC-0053,Disconnect
{00000001F1AB-2765055D},2010-03-01 10:01:15,RUT1946,PC-0104,Disconnect
{00000001ECE6-02B74814},2010-03-01 10:09:30,WLH0216,PC-0135,Disconnect
{00000001E07A-151E129C},2010-03-01 10:13:54,IVL8082,PC-0051,Disconnect
{00000001CD90-1D6500DD},2010-03-01 10:24:00,LRR4710,PC-0067,Connect
{00000001EC55-2E89093A},2010-03-01 10:28:03,VNI5142,PC-0129,Disconnect
{00000001D8ED-39552C3D},2010-03-01 10:39:27,ZUI9718,PC-0157,Connect
{00000001E391-1B821FE1},2010-03-01 10:51:00,LRR4710,PC-0067,Disconnect
{00000001EEEE-2A4B6F24},2010-03-01 10:51:27,ZUI9718,PC-0157,Disconnect
{00000001EDA3-1E702D58},2010-03-01 10:58:41,YDM6963,PC-0145,Disconnect
{00000001D2D8-313A65E5},2010-03-01 11:17:18,SDT4191,PC-0106,Connect
{00000001DFE7-2AADF402},2010-03-01 11:18:01,IAC0900,PC-0045,Disconnect
{00000001D0FD-3772CA72},2010-03-01 11:34:52,OYC3975,PC-0091,Connect
{00000001D7A1-1A42C9FB},2010-03-01 11:56:46,YDM6963,PC-0145,Connect
{00000001D367-207F4F32},2010-03-01 11:57:56,SHV5792,PC-0108,Connect
{00000001EDA2-25EE0D58},2010-03-01 11:58:46,YDM6963,PC-0145,Disconnect
{00000001D745-30CEBB5B},2010-03-01 12:12:07,XGF2493,PC-0139,Connect
{00000001E6FE-1AA98E99},2010-03-01 12:13:52,OYC3975,PC-0091,Disconnect
{00000001E968-27730062},2010-03-01 12:15:56,SHV5792,PC-0108,Disconnect
{00000001D60C-309E4755},2010-03-01 12:25:21,VDL1237,PC-0125,Connect
{00000001E8D9-0F551EE4},2010-03-01 12:31:18,SDT4191,PC-0106,Disconnect
{00000001D781-10F747A0},2010-03-01 12:35:14,XHL6619,PC-0141,Connect
{00000001ED46-21EA039F},2010-03-01 12:55:07,XGF2493,PC-0139,Disconnect
{00000001C86E-0FFACCDC},2010-03-01 12:55:48,GRQ1397,PC-0036,Connect
{00000001EC0D-0A53522F},2010-03-01 13:00:21,VDL1237,PC-0125,Disconnect
{00000001DE6F-027F31C4},2010-03-01 13:03:48,GRQ1397,PC-0036,Disconnect
{00000001ED82-02827763},2010-03-01 13:04:14,XHL6619,PC-0141,Disconnect
{00000001C436-15928330},2010-03-01 13:40:57,AYY2409,PC-0005,Connect
{00000001C52F-07B23C00},2010-03-01 13:42:24,CQZ8674,PC-0013,Connect
{00000001DA37-14B130F4},2010-03-01 13:58:57,AYY2409,PC-0005,Disconnect
{00000001D7A3-2DE7AFB5},2010-03-01 14:02:51,YDM6963,PC-0145,Connect
{00000001C675-05E5FEB3},2010-03-01 14:18:49,DHG6594,PC-0016,Connect
{00000001DC76-3A5A5319},2010-03-01 14:21:49,DHG6594,PC-0016,Disconnect
{00000001EDA4-20D212FF},2010-03-01 14:25:51,YDM6963,PC-0145,Disconnect
{00000001C81D-21FC8A01},2010-03-01 14:32:45,FCN9756,PC-0031,Connect
{00000001DB30-11DD1127},2010-03-01 14:56:24,CQZ8674,PC-0013,Disconnect
{00000001D8EE-189C5730},2010-03-01 15:01:43,ZUI9718,PC-0157,Connect
{00000001DE1E-1260F73A},2010-03-01 15:04:45,FCN9756,PC-0031,Disconnect
{00000001D744-16646CE9},2010-03-01 15:12:03,XGF2493,PC-0139,Connect
{00000001D12B-29980A7E},2010-03-01 15:30:38,QCT4158,PC-0097,Connect
{00000001D5E2-23AB91D8},2010-03-01 15:57:04,UUU6648,PC-0122,Connect
{00000001D021-0006CB4E},2010-03-01 16:05:34,OLN5687,PC-0088,Connect
{00000001C78A-3311D96B},2010-03-01 16:05:43,EHP1536,PC-0027,Connect
{00000001ED45-0E12719E},2010-03-01 16:06:03,XGF2493,PC-0139,Disconnect
{00000001F022-126B848F},2010-03-01 16:18:40,RUT1946,PC-0104,Connect
{00000001D58D-3C334D75},2010-03-01 16:18:41,USS4618,PC-0121,Connect
{00000001EEEF-05191466},2010-03-01 16:21:43,ZUI9718,PC-0157,Disconnect
{00000001DD8B-20683E4A},2010-03-01 16:28:43,EHP1536,PC-0027,Disconnect
{00000001E72C-1ACF4E99},2010-03-01 16:39:38,QCT4158,PC-0097,Disconnect
{00000001E622-3B128962},2010-03-01 16:45:34,OLN5687,PC-0088,Disconnect
{00000001F1AC-07E166D8},2010-03-01 16:53:40,RUT1946,PC-0104,Disconnect
{00000001EBE3-27A697DD},2010-03-01 16:57:04,UUU6648,PC-0122,Disconnect
{00000001EB8E-1804185B},2010-03-01 17:05:41,USS4618,PC-0121,Disconnect
{00000001C93C-10D3486A},2010-03-01 17:20:24,HVG7968,PC-0044,Connect
{00000001CEFF-2B92D560},2010-03-01 17:21:19,NRU3936,PC-0083,Connect
{00000001D149-37FA6D6C},2010-03-01 17:37:07,QHQ5150,PC-0098,Connect
{00000001E74A-3E7FA675},2010-03-01 17:41:07,QHQ5150,PC-0098,Disconnect
{00000001CB68-36F3C6C5},2010-03-01 17:46:46,JMM0438,PC-0053,Connect
{00000001D80B-056510E3},2010-03-01 17:55:16,YIO5206,PC-0146,Connect
{00000001E500-275F88AF},2010-03-01 17:58:19,NRU3936,PC-0083,Disconnect
{00000001DF3D-0B1E5A84},2010-03-01 18:24:24,HVG7968,PC-0044,Disconnect
{00000001E169-289F4297},2010-03-01 18:27:46,JMM0438,PC-0053,Disconnect
{00000001EE0C-22CD5908},2010-03-01 19:20:16,YIO5206,PC-0146,Disconnect
{00000001F2C9-10BCB3A2},2010-03-01 21:34:21,RUT1946,PC-0104,Connect
{00000001F392-2D5B63CD},2010-03-01 22:33:21,RUT1946,PC-0104,Disconnect
{00000001F2CB-05FB1D71},2010-03-02 03:26:02,RUT1946,PC-0104,Connect
{00000001F2CA-053DE8F0},2010-03-02 04:17:10,RUT1946,PC-0104,Connect
{00000001F393-116E0758},2010-03-02 04:39:10,RUT1946,PC-0104,Disconnect
{00000001F394-129D42F8},2010-03-02 04:43:02,RUT1946,PC-0104,Disconnect
{00000001C531-2DD623E4},2010-03-02 07:06:29,CQZ8674,PC-0013,Connect
{00000001C677-29EE68C2},2010-03-02 07:09:17,DHG6594,PC-0016,Connect
{00000001D345-0031B364},2010-03-02 07:14:28,SEX5010,PC-0107,Connect
{00000001C4D2-15C4C02F},2010-03-02 07:17:30,COU3039,PC-0011,Connect
{00000001DAD3-1D84FDD4},2010-03-02 07:19:30,COU3039,PC-0011,Disconnect
{00000001CB6B-2EB89408},2010-03-02 07:29:15,JMM0438,PC-0053,Connect
{00000001CE18-3F2BC6D1},2010-03-02 07:37:44,MGI5307,PC-0072,Connect
{00000001D194-277ED8E0},2010-03-02 07:39:19,QSC3123,PC-0100,Connect
{00000001E419-0D77976A},2010-03-02 07:49:44,MGI5307,PC-0072,Disconnect
{00000001CA20-28994C47},2010-03-02 07:56:30,IDI9618,PC-0048,Connect
{00000001CA7A-3B24944B},2010-03-02 07:56:34,IVL8082,PC-0051,Connect
{00000001E946-3EA79E3E},2010-03-02 07:59:28,SEX5010,PC-0107,Disconnect
{00000001DB32-3C6DE2D3},2010-03-02 08:12:29,CQZ8674,PC-0013,Disconnect
{00000001C530-0126237C},2010-03-02 08:12:40,CQZ8674,PC-0013,Connect
{00000001DC78-2E7D9D13},2010-03-02 08:23:17,DHG6594,PC-0016,Disconnect
{00000001E07B-2ED423D8},2010-03-02 08:23:34,IVL8082,PC-0051,Disconnect
{00000001D1FB-3DFDFC34},2010-03-02 08:26:10,RLI6273,PC-0103,Connect
{00000001DB31-1AA1D70C},2010-03-02 08:44:40,CQZ8674,PC-0013,Disconnect
{00000001CACA-3655E8FF},2010-03-02 08:47:30,JDE8246,PC-0052,Connect
{00000001E7FC-06E50CA9},2010-03-02 08:50:10,RLI6273,PC-0103,Disconnect
{00000001E795-085D7224},2010-03-02 08:51:19,QSC3123,PC-0100,Disconnect
{00000001D0CC-2907C3BC},2010-03-02 08:52:23,OMU2669,PC-0089,Connect
{00000001E16C-0F0E2F7D},2010-03-02 08:57:15,JMM0438,PC-0053,Disconnect
{00000001E0CB-04016FA5},2010-03-02 09:05:30,JDE8246,PC-0052,Disconnect
{00000001E6CD-3D9B9EB3},2010-03-02 09:06:23,OMU2669,PC-0089,Disconnect
{00000001E021-15261158},2010-03-02 09:12:30,IDI9618,PC-0048,Disconnect
{00000001D8B0-0944FB13},2010-03-02 09:19:48,ZIF9528,PC-0154,Connect
{00000001CCFB-32F04458},2010-03-02 09:30:57,KYR0991,PC-0061,Connect
{00000001CB6E-1E653BA0},2010-03-02 09:39:02,JMM0438,PC-0053,Connect
{00000001E16F-18AED95B},2010-03-02 09:45:02,JMM0438,PC-0053,Disconnect
{00000001CB6D-18098D92},2010-03-02 09:56:37,JMM0438,PC-0053,Connect
{00000001E2FC-3E0090A4},2010-03-02 09:58:57,KYR0991,PC-0061,Disconnect
{00000001C3E1-2DBBE0B9},2010-03-02 10:08:09,ATM7194,PC-0003,Connect
{00000001D368-05A1DA95},2010-03-02 10:08:50,SHV5792,PC-0108,Connect
{00000001E16E-2547AA2B},2010-03-02 10:16:37,JMM0438,PC-0053,Disconnect
{00000001C844-07B3487F},2010-03-02 10:22:28,GGB1397,PC-0032,Connect
{00000001EEB1-108DA62B},2010-03-02 10:25:48,ZIF9528,PC-0154,Disconnect
{00000001C810-244FDE8E},2010-03-02 10:38:01,EYT8043,PC-0030,Connect
{00000001DE11-2B38B49D},2010-03-02 10:43:01,EYT8043,PC-0030,Disconnect
{00000001D415-3EA55EE6},2010-03-02 10:43:12,TWU8511,PC-0115,Connect
{00000001D9E2-1C2BD9DE},2010-03-02 10:44:09,ATM7194,PC-0003,Disconnect
{00000001D193-2EF3616B},2010-03-02 10:51:26,QSC3123,PC-0100,Connect
{00000001C437-0273EF08},2010-03-02 11:01:50,AYY2409,PC-0005,Connect
{00000001CB6C-1DFA722A},2010-03-02 11:02:30,JMM0438,PC-0053,Connect
{00000001DE45-1AD53A9B},2010-03-02 11:13:28,GGB1397,PC-0032,Disconnect
{00000001D87B-00EC827E},2010-03-02 11:15:59,YST5811,PC-0149,Connect
{00000001EE7C-1A3EFCA3},2010-03-02 11:19:59,YST5811,PC-0149,Disconnect
{00000001E969-29516483},2010-03-02 11:21:50,SHV5792,PC-0108,Disconnect
{00000001DA38-0CFC5A49},2010-03-02 11:29:50,AYY2409,PC-0005,Disconnect
{00000001C870-27A42F75},2010-03-02 11:38:55,GRQ1397,PC-0036,Connect
{00000001CDDA-031B15D8},2010-03-02 11:39:32,MAP5551,PC-0070,Connect
{00000001EA16-3B628434},2010-03-02 11:45:12,TWU8511,PC-0115,Disconnect
{00000001CDA9-2DD4DEEF},2010-03-02 11:55:39,LYE5717,PC-0069,Connect
{00000001E794-1FBBA1E7},2010-03-02 12:06:26,QSC3123,PC-0100,Disconnect
{00000001CF00-15406641},2010-03-02 12:07:00,NRU3936,PC-0083,Connect
{00000001E16D-2954D6B4},2010-03-02 12:11:30,JMM0438,PC-0053,Disconnect
{00000001E501-01B89114},2010-03-02 12:18:00,NRU3936,PC-0083,Disconnect
{00000001D8EF-2BFAD0D3},2010-03-02 12:19:42,ZUI9718,PC-0157,Connect
{00000001CDEE-23514EB1},2010-03-02 12:24:38,MDR4757,PC-0071,Connect
{00000001D416-2782EA03},2010-03-02 12:32:58,TWU8511,PC-0115,Connect
{00000001F024-0257E933},2010-03-02 12:34:12,RUT1946,PC-0104,Connect
{00000001E3DB-19A0410C},2010-03-02 12:34:32,MAP5551,PC-0070,Disconnect
{00000001DE71-24D18E26},2010-03-02 12:35:55,GRQ1397,PC-0036,Disconnect
{00000001EA17-0C28E17E},2010-03-02 12:37:58,TWU8511,PC-0115,Disconnect
{00000001D022-2B866574},2010-03-02 12:46:44,OLN5687,PC-0088,Connect
{00000001E3AA-3B3F8C34},2010-03-02 13:02:39,LYE5717,PC-0069,Disconnect
{00000001EEF0-3B54AF1D},2010-03-02 13:03:42,ZUI9718,PC-0157,Disconnect
{00000001F1AE-006EBEDE},2010-03-02 13:17:12,RUT1946,PC-0104,Disconnect
{00000001E623-3074C29D},2010-03-02 13:20:44,OLN5687,PC-0088,Disconnect
{00000001CB6A-2DE4359D},2010-03-02 13:29:08,JMM0438,PC-0053,Connect
{00000001D6E6-0A6A372E},2010-03-02 13:33:30,WLH0216,PC-0135,Connect
{00000001ECE7-0A16BFB1},2010-03-02 13:41:30,WLH0216,PC-0135,Disconnect
{00000001E3EF-2438E2C6},2010-03-02 13:42:38,MDR4757,PC-0071,Disconnect
{00000001CFAC-272A86E2},2010-03-02 13:46:24,OET6830,PC-0086,Connect
{00000001E16B-3AFB4B65},2010-03-02 13:50:08,JMM0438,PC-0053,Disconnect
{00000001CE6C-33750743},2010-03-02 13:55:22,NBM1814,PC-0077,Connect
{00000001F023-297B00DF},2010-03-02 13:58:06,RUT1946,PC-0104,Connect
{00000001E5AD-268EFFF8},2010-03-02 14:21:24,OET6830,PC-0086,Disconnect
{00000001E46D-396BA6B4},2010-03-02 14:53:22,NBM1814,PC-0077,Disconnect
{00000001D2DA-190B39A1},2010-03-02 15:06:19,SDT4191,PC-0106,Connect
{00000001F1AD-14BB1F79},2010-03-02 15:13:06,RUT1946,PC-0104,Disconnect
{00000001E8DB-2B8F59A0},2010-03-02 16:27:19,SDT4191,PC-0106,Disconnect
{00000001D655-2D23C2F1},2010-03-02 16:59:28,VNI5142,PC-0129,Connect
{00000001CC29-2A59856A},2010-03-02 17:05:03,KIX3704,PC-0058,Connect
{00000001D414-0AFDCFDE},2010-03-02 17:12:02,TWU8511,PC-0115,Connect
{00000001C86F-1D1606EB},2010-03-02 17:13:18,GRQ1397,PC-0036,Connect
{00000001EA15-33D6E1DC},2010-03-02 17:14:02,TWU8511,PC-0115,Disconnect
{00000001CAC9-35FE5E5A},2010-03-02 17:24:40,JDE8246,PC-0052,Connect
{00000001CDAA-39E1BD63},2010-03-02 17:25:38,LYE5717,PC-0069,Connect
{00000001C676-2185CC4F},2010-03-02 17:40:20,DHG6594,PC-0016,Connect
{00000001E22A-231F96E5},2010-03-02 17:43:03,KIX3704,PC-0058,Disconnect
{00000001EC56-06D00FF5},2010-03-02 17:55:28,VNI5142,PC-0129,Disconnect
{00000001DC77-1EE373DE},2010-03-02 18:14:20,DHG6594,PC-0016,Disconnect
{00000001DE70-050D54EF},2010-03-02 18:21:18,GRQ1397,PC-0036,Disconnect
{00000001E0CA-0131B701},2010-03-02 18:41:40,JDE8246,PC-0052,Disconnect
{00000001E3AB-287C2596},2010-03-02 18:46:38,LYE5717,PC-0069,Disconnect
{00000001F2CC-09673F4E},2010-03-02 20:18:19,RUT1946,PC-0104,Connect
{00000001F395-0A0646CA},2010-03-02 21:37:19,RUT1946,PC-0104,Disconnect
{00000001D023-3B4F216E},2010-03-03 09:00:36,OLN5687,PC-0088,Connect
{00000001CC2A-36EAD3C2},2010-03-03 09:22:54,KIX3704,PC-0058,Connect
{00000001D14A-2BB8A490},2010-03-03 09:27:05,QHQ5150,PC-0098,Connect
{00000001E22B-09124DEF},2010-03-03 09:28:54,KIX3704,PC-0058,Disconnect
{00000001E624-14CF05C2},2010-03-03 09:46:36,OLN5687,PC-0088,Disconnect
{00000001C532-047BC0C4},2010-03-03 10:02:28,CQZ8674,PC-0013,Connect
{00000001F025-3F7918E7},2010-03-03 10:21:06,RUT1946,PC-0104,Connect
{00000001C679-051D3A92},2010-03-03 10:34:04,DHG6594,PC-0016,Connect
{00000001DB33-0E56FA97},2010-03-03 10:38:28,CQZ8674,PC-0013,Disconnect
{00000001E74B-0A059F7E},2010-03-03 10:39:05,QHQ5150,PC-0098,Disconnect
{00000001F1AF-1841B444},2010-03-03 11:22:06,RUT1946,PC-0104,Disconnect
{00000001DC7A-02740E92},2010-03-03 11:47:04,DHG6594,PC-0016,Disconnect
{00000001CE19-3843EFAB},2010-03-03 12:15:52,MGI5307,PC-0072,Connect
{00000001C533-08D4D0CA},2010-03-03 13:07:19,CQZ8674,PC-0013,Connect
{00000001E41A-2F7A51FA},2010-03-03 13:15:52,MGI5307,PC-0072,Disconnect
{00000001D6E7-34A467E0},2010-03-03 13:18:37,WLH0216,PC-0135,Connect
{00000001D541-048E1A9F},2010-03-03 13:37:13,UQK8227,PC-0120,Connect
{00000001EB42-16AEC53B},2010-03-03 13:41:13,UQK8227,PC-0120,Disconnect
{00000001ECE8-3AA0ABCC},2010-03-03 13:48:37,WLH0216,PC-0135,Disconnect
{00000001CE6D-21F3BEE3},2010-03-03 14:24:14,NBM1814,PC-0077,Connect
{00000001DB34-0FEAE01E},2010-03-03 14:32:19,CQZ8674,PC-0013,Disconnect
{00000001E46E-3BB1BFD1},2010-03-03 15:08:14,NBM1814,PC-0077,Disconnect
{00000001D87C-12887156},2010-03-03 15:11:36,YST5811,PC-0149,Connect
{00000001CACB-0141DF79},2010-03-03 15:14:42,JDE8246,PC-0052,Connect
{00000001EE7D-184C8AF9},2010-03-03 15:33:36,YST5811,PC-0149,Disconnect
{00000001D8F0-166EE14E},2010-03-03 15:34:23,ZUI9718,PC-0157,Connect
{00000001C438-303B6790},2010-03-03 15:36:48,AYY2409,PC-0005,Connect
{00000001D417-0A2BAC98},2010-03-03 15:55:35,TWU8511,PC-0115,Connect
{00000001DA39-0AD591E0},2010-03-03 15:55:48,AYY2409,PC-0005,Disconnect
{00000001EEF1-2917BE1C},2010-03-03 16:00:23,ZUI9718,PC-0157,Disconnect
{00000001EA18-1DD00C27},2010-03-03 16:06:35,TWU8511,PC-0115,Disconnect
{00000001D418-26C7CD7F},2010-03-03 16:10:07,TWU8511,PC-0115,Connect
{00000001EA19-2379CDBA},2010-03-03 16:16:07,TWU8511,PC-0115,Disconnect
{00000001C678-1580653D},2010-03-03 16:18:05,DHG6594,PC-0016,Connect
{00000001E0CC-21A206FF},2010-03-03 16:37:42,JDE8246,PC-0052,Disconnect
{00000001C534-02834CFA},2010-03-03 16:47:46,CQZ8674,PC-0013,Connect
{00000001DC79-1D33FDF1},2010-03-03 17:00:05,DHG6594,PC-0016,Disconnect
{00000001CE44-165BDBCC},2010-03-03 17:00:49,MSH7807,PC-0075,Connect
{00000001DB35-13982427},2010-03-03 17:03:46,CQZ8674,PC-0013,Disconnect
{00000001E445-058D4A8C},2010-03-03 17:07:49,MSH7807,PC-0075,Disconnect
{00000001D6BF-35CD38A8},2010-03-03 17:13:25,VVU9026,PC-0130,Connect
{00000001F026-2F7D74CA},2010-03-03 17:45:49,RUT1946,PC-0104,Connect
{00000001F1B0-28348D5D},2010-03-03 17:56:49,RUT1946,PC-0104,Disconnect
{00000001F2CF-3AB044B1},2010-03-03 18:07:27,RUT1946,PC-0104,Connect
{00000001ECC0-160CDF75},2010-03-03 18:41:25,VVU9026,PC-0130,Disconnect
{00000001F398-1ECB6225},2010-03-03 19:27:27,RUT1946,PC-0104,Disconnect
{00000001F2CD-14B87042},2010-03-03 19:57:25,RUT1946,PC-0104,Connect
{00000001F396-2E8F9FDF},2010-03-03 21:22:25,RUT1946,PC-0104,Disconnect
{00000001F2CE-3446BAC3},2010-03-03 23:19:43,RUT1946,PC-0104,Connect
{00000001F397-2E8A5E66},2010-03-03 23:33:43,RUT1946,PC-0104,Disconnect
{00000001F2D0-3C586687},2010-03-04 00:19:20,RUT1946,PC-0104,Connect
{00000001F399-35B72C11},2010-03-04 00:46:20,RUT1946,PC-0104,Disconnect
{00000001C78C-355DAAA5},2010-03-04 07:04:30,EHP1536,PC-0027,Connect
{00000001C5D0-244772C9},2010-03-04 07:17:10,CVC0519,PC-0015,Connect
{00000001CCFD-3D2BF8D0},2010-03-04 07:18:00,KYR0991,PC-0061,Connect
{00000001C384-21A300F0},2010-03-04 07:24:26,ADG1145,PC-0001,Connect
{00000001D985-2C8309AB},2010-03-04 07:34:26,ADG1145,PC-0001,Disconnect
{00000001DD8D-19FA97E7},2010-03-04 07:48:30,EHP1536,PC-0027,Disconnect
{00000001DBD1-1E1FCF63},2010-03-04 07:54:10,CVC0519,PC-0015,Disconnect
{00000001E2FE-3DA94D11},2010-03-04 07:59:00,KYR0991,PC-0061,Disconnect
{00000001D4DF-12C3DBE3},2010-03-04 08:02:14,UKR6395,PC-0118,Connect
{00000001C485-35C05677},2010-03-04 08:04:16,AZE5960,PC-0006,Connect
{00000001D0CD-2AA73D20},2010-03-04 08:26:12,OMU2669,PC-0089,Connect
{00000001DA86-15DE945F},2010-03-04 08:35:16,AZE5960,PC-0006,Disconnect
{00000001CF87-1D6A03E1},2010-03-04 08:41:34,OEM8566,PC-0085,Connect
{00000001EAE0-058E358E},2010-03-04 08:46:14,UKR6395,PC-0118,Disconnect
{00000001C9E7-3794D970},2010-03-04 08:55:57,IAC0900,PC-0045,Connect
{00000001D14B-1FDDC10C},2010-03-04 08:57:48,QHQ5150,PC-0098,Connect
{00000001F029-041C5570},2010-03-04 09:05:56,RUT1946,PC-0104,Connect
{00000001CFAD-04D3F1B7},2010-03-04 09:09:50,OET6830,PC-0086,Connect
{00000001C4A1-2C432072},2010-03-04 09:12:58,BFH3103,PC-0007,Connect
{00000001E588-25AB6CCE},2010-03-04 09:14:34,OEM8566,PC-0085,Disconnect
{00000001E6CE-232227F5},2010-03-04 09:25:12,OMU2669,PC-0089,Disconnect
{00000001D4A9-15CBFDF1},2010-03-04 09:50:42,UEH9251,PC-0117,Connect
{00000001EAAA-3111E8C1},2010-03-04 09:52:42,UEH9251,PC-0117,Disconnect
{00000001DAA2-153BE0C7},2010-03-04 10:02:58,BFH3103,PC-0007,Disconnect
{00000001F1B3-294273ED},2010-03-04 10:06:56,RUT1946,PC-0104,Disconnect
{00000001D024-1D26999A},2010-03-04 10:08:41,OLN5687,PC-0088,Connect
{00000001E74C-24A69760},2010-03-04 10:13:48,QHQ5150,PC-0098,Disconnect
{00000001E5AE-01BFDD76},2010-03-04 10:18:50,OET6830,PC-0086,Disconnect
{00000001DFE8-24ECA65D},2010-03-04 10:21:57,IAC0900,PC-0045,Disconnect
{00000001F027-159BD7BE},2010-03-04 10:24:00,RUT1946,PC-0104,Connect
{00000001C5CF-20B9C0F8},2010-03-04 10:34:40,CVC0519,PC-0015,Connect
{00000001C536-1ED30DFA},2010-03-04 10:36:14,CQZ8674,PC-0013,Connect
{00000001E625-0019084F},2010-03-04 10:46:41,OLN5687,PC-0088,Disconnect
{00000001D656-259409FA},2010-03-04 11:12:01,VNI5142,PC-0129,Connect
{00000001F1B1-0176E9D7},2010-03-04 11:13:00,RUT1946,PC-0104,Disconnect
{00000001CACC-05FDAEFF},2010-03-04 11:21:13,JDE8246,PC-0052,Connect
{00000001EC57-3E2836BE},2010-03-04 11:38:01,VNI5142,PC-0129,Disconnect
{00000001D7A4-0004D3CF},2010-03-04 11:39:32,YDM6963,PC-0145,Connect
{00000001DB37-0AC6BF91},2010-03-04 11:45:14,CQZ8674,PC-0013,Disconnect
{00000001DBD0-3E5F0AD5},2010-03-04 11:54:40,CVC0519,PC-0015,Disconnect
{00000001CDEF-3F1D3C6E},2010-03-04 11:55:08,MDR4757,PC-0071,Connect
{00000001E3F0-290C8175},2010-03-04 12:04:08,MDR4757,PC-0071,Disconnect
{00000001D0CF-1C93D43E},2010-03-04 12:04:46,OMU2669,PC-0089,Connect
{00000001EDA5-0A925376},2010-03-04 12:24:32,YDM6963,PC-0145,Disconnect
{00000001D0CE-11BDB014},2010-03-04 12:37:41,OMU2669,PC-0089,Connect
{00000001E0CD-017DE8E2},2010-03-04 12:46:13,JDE8246,PC-0052,Disconnect
{00000001D225-35546CEF},2010-03-04 12:50:41,RUT1946,PC-0104,Connect
{00000001D419-3C478B51},2010-03-04 12:52:27,TWU8511,PC-0115,Connect
{00000001E6CF-299887A4},2010-03-04 12:53:41,OMU2669,PC-0089,Disconnect
{00000001EA1A-27E7C621},2010-03-04 12:54:27,TWU8511,PC-0115,Disconnect
{00000001CCFC-104754C2},2010-03-04 12:57:03,KYR0991,PC-0061,Connect
{00000001C871-2B152C04},2010-03-04 12:59:43,GRQ1397,PC-0036,Connect
{00000001E6D0-24E82466},2010-03-04 13:03:46,OMU2669,PC-0089,Disconnect
{00000001CC2B-359FC1DF},2010-03-04 13:15:58,KIX3704,PC-0058,Connect
{00000001E2FD-055E3768},2010-03-04 13:22:03,KYR0991,PC-0061,Disconnect
{00000001E22C-2DB29441},2010-03-04 13:39:58,KIX3704,PC-0058,Disconnect
{00000001E826-21BADAD1},2010-03-04 13:55:41,RUT1946,PC-0104,Disconnect
{00000001CD81-1353613B},2010-03-04 14:04:49,LMQ7847,PC-0066,Connect
{00000001F02B-2D54F6A2},2010-03-04 14:05:38,RUT1946,PC-0104,Connect
{00000001F02A-177933DA},2010-03-04 14:11:37,RUT1946,PC-0104,Connect
{00000001F1B5-39DC9865},2010-03-04 14:23:38,RUT1946,PC-0104,Disconnect
{00000001DE72-21096B97},2010-03-04 14:28:43,GRQ1397,PC-0036,Disconnect
{00000001C78B-117B0230},2010-03-04 14:41:27,EHP1536,PC-0027,Connect
{00000001F1B4-35279CD0},2010-03-04 14:41:37,RUT1946,PC-0104,Disconnect
{00000001D369-36BE06BF},2010-03-04 14:46:52,SHV5792,PC-0108,Connect
{00000001CF01-0B9B9EBE},2010-03-04 14:49:56,NRU3936,PC-0083,Connect
{00000001DD8C-0EF163D6},2010-03-04 15:10:27,EHP1536,PC-0027,Disconnect
{00000001F028-245A6EB1},2010-03-04 15:14:17,RUT1946,PC-0104,Connect
{00000001E382-1AB09586},2010-03-04 15:16:49,LMQ7847,PC-0066,Disconnect
{00000001D195-221BB3F5},2010-03-04 15:20:43,QSC3123,PC-0100,Connect
{00000001E96A-03DC9BE0},2010-03-04 15:25:52,SHV5792,PC-0108,Disconnect
{00000001CD82-16DE015D},2010-03-04 15:33:17,LMQ7847,PC-0066,Connect
{00000001E502-2F7D0948},2010-03-04 15:33:56,NRU3936,PC-0083,Disconnect
{00000001D4DE-1DE1066A},2010-03-04 15:49:25,UKR6395,PC-0118,Connect
{00000001E796-2C9592A5},2010-03-04 15:51:43,QSC3123,PC-0100,Disconnect
{00000001F1B2-1059AB42},2010-03-04 15:55:17,RUT1946,PC-0104,Disconnect
{00000001D025-373A831A},2010-03-04 15:56:19,OLN5687,PC-0088,Connect
{00000001E626-3F0ADA04},2010-03-04 15:58:19,OLN5687,PC-0088,Disconnect
{00000001E383-310249C4},2010-03-04 16:00:17,LMQ7847,PC-0066,Disconnect
{00000001D4DD-3D0A6A99},2010-03-04 16:18:36,UKR6395,PC-0118,Connect
{00000001D027-27527288},2010-03-04 16:19:35,OLN5687,PC-0088,Connect
{00000001C535-15B46496},2010-03-04 16:27:32,CQZ8674,PC-0013,Connect
{00000001EADF-3634D521},2010-03-04 16:33:25,UKR6395,PC-0118,Disconnect
{00000001EADE-1117315A},2010-03-04 16:40:36,UKR6395,PC-0118,Disconnect
{00000001CFAE-3C596C0C},2010-03-04 16:44:51,OET6830,PC-0086,Connect
{00000001E5AF-0E6BBE56},2010-03-04 16:49:51,OET6830,PC-0086,Disconnect
{00000001D6E8-2C67FBD6},2010-03-04 16:59:52,WLH0216,PC-0135,Connect
{00000001D8F1-322DA80F},2010-03-04 17:12:22,ZUI9718,PC-0157,Connect
{00000001ECE9-2034A5C5},2010-03-04 17:16:52,WLH0216,PC-0135,Disconnect
{00000001D746-0DCA6A66},2010-03-04 17:29:21,XGF2493,PC-0139,Connect
{00000001E628-0AF6FD77},2010-03-04 17:44:35,OLN5687,PC-0088,Disconnect
{00000001D026-3AA031BE},2010-03-04 17:45:33,OLN5687,PC-0088,Connect
{00000001DB36-18E91B39},2010-03-04 17:51:32,CQZ8674,PC-0013,Disconnect
{00000001EEF2-122665EE},2010-03-04 17:53:22,ZUI9718,PC-0157,Disconnect
{00000001D4DC-173DF94D},2010-03-04 17:57:02,UKR6395,PC-0118,Connect
{00000001C93D-159CF12E},2010-03-04 17:59:07,HVG7968,PC-0044,Connect
{00000001ED47-1A35ADC6},2010-03-04 18:09:21,XGF2493,PC-0139,Disconnect
{00000001E627-2C139E56},2010-03-04 18:30:33,OLN5687,PC-0088,Disconnect
{00000001DF3E-21FD395D},2010-03-04 18:55:07,HVG7968,PC-0044,Disconnect
{00000001EADD-1F5AD86B},2010-03-04 18:58:02,UKR6395,PC-0118,Disconnect
{00000001F2D1-2A418FFD},2010-03-04 23:24:52,RUT1946,PC-0104,Connect
{00000001F39A-329360F1},2010-03-05 00:22:52,RUT1946,PC-0104,Disconnect
{00000001F2D2-181CA4B4},2010-03-05 00:25:04,RUT1946,PC-0104,Connect
{00000001F39B-0B0FF1B4},2010-03-05 00:27:04,RUT1946,PC-0104,Disconnect
{00000001CDF0-2A135A00},2010-03-05 07:08:37,MDR4757,PC-0071,Connect
{00000001CEAE-2A123565},2010-03-05 07:20:29,NJT3274,PC-0081,Connect
{00000001E3F1-2E59D52D},2010-03-05 07:28:37,MDR4757,PC-0071,Disconnect
{00000001D197-2C5E5B9A},2010-03-05 07:33:24,QSC3123,PC-0100,Connect
{00000001D748-21AC0C0C},2010-03-05 07:41:39,XGF2493,PC-0139,Connect
{00000001F02D-1E74659C},2010-03-05 07:43:51,RUT1946,PC-0104,Connect
{00000001E798-1267B2BA},2010-03-05 07:54:24,QSC3123,PC-0100,Disconnect
{00000001C537-30F460AE},2010-03-05 07:58:29,CQZ8674,PC-0013,Connect
{00000001E4AF-3EDA976C},2010-03-05 08:18:29,NJT3274,PC-0081,Disconnect
{00000001CE6E-05CC1FCB},2010-03-05 08:24:21,NBM1814,PC-0077,Connect
{00000001ED49-19A9B072},2010-03-05 08:27:39,XGF2493,PC-0139,Disconnect
{00000001D60D-3607219F},2010-03-05 08:42:47,VDL1237,PC-0125,Connect
{00000001D028-08D4AD9E},2010-03-05 08:49:13,OLN5687,PC-0088,Connect
{00000001DB38-28C03FE4},2010-03-05 08:59:29,CQZ8674,PC-0013,Disconnect
{00000001F1B7-184E6FC0},2010-03-05 09:00:51,RUT1946,PC-0104,Disconnect
{00000001C872-338C1A8A},2010-03-05 09:16:47,GRQ1397,PC-0036,Connect
{00000001D58E-1ABC16FF},2010-03-05 09:19:47,USS4618,PC-0121,Connect
{00000001C67B-349B7B58},2010-03-05 09:23:49,DHG6594,PC-0016,Connect
{00000001E46F-20DD17F8},2010-03-05 09:25:21,NBM1814,PC-0077,Disconnect
{00000001EC0E-3F1F69EA},2010-03-05 09:42:47,VDL1237,PC-0125,Disconnect
{00000001CE1A-073188CC},2010-03-05 09:43:32,MGI5307,PC-0072,Connect
{00000001E629-39DC3672},2010-03-05 09:53:13,OLN5687,PC-0088,Disconnect
{00000001DE73-232840C7},2010-03-05 10:17:47,GRQ1397,PC-0036,Disconnect
{00000001DC7C-37482A5B},2010-03-05 10:17:49,DHG6594,PC-0016,Disconnect
{00000001CF02-1DEB388E},2010-03-05 10:19:09,NRU3936,PC-0083,Connect
{00000001D85D-201F562F},2010-03-05 10:22:08,YNX1016,PC-0148,Connect
{00000001E41B-06CD2C81},2010-03-05 10:36:32,MGI5307,PC-0072,Disconnect
{00000001EB8F-23DEF0F6},2010-03-05 10:45:47,USS4618,PC-0121,Disconnect
{00000001C538-2B57BA4A},2010-03-05 10:48:04,CQZ8674,PC-0013,Connect
{00000001E503-061D82AC},2010-03-05 10:49:09,NRU3936,PC-0083,Disconnect
{00000001C873-21F75DD5},2010-03-05 11:27:41,GRQ1397,PC-0036,Connect
{00000001D657-017972D9},2010-03-05 11:29:07,VNI5142,PC-0129,Connect
{00000001EE5E-198ADD9C},2010-03-05 11:38:08,YNX1016,PC-0148,Disconnect
{00000001DB39-3461C9C1},2010-03-05 11:52:04,CQZ8674,PC-0013,Disconnect
{00000001C78D-379CA4F4},2010-03-05 11:52:17,EHP1536,PC-0027,Connect
{00000001DE74-1ACF33D2},2010-03-05 12:37:41,GRQ1397,PC-0036,Disconnect
{00000001EC58-136BB0EB},2010-03-05 12:42:07,VNI5142,PC-0129,Disconnect
{00000001DD8E-38B95B06},2010-03-05 12:54:17,EHP1536,PC-0027,Disconnect
{00000001F02C-1EB62F30},2010-03-05 12:58:05,RUT1946,PC-0104,Connect
{00000001F1B6-38BB51E2},2010-03-05 13:08:05,RUT1946,PC-0104,Disconnect
{00000001CF06-2EE7A664},2010-03-05 13:11:28,NRU3936,PC-0083,Connect
{00000001D747-21378A61},2010-03-05 13:12:40,XGF2493,PC-0139,Connect
{00000001C67A-1FD0BF9E},2010-03-05 13:33:41,DHG6594,PC-0016,Connect
{00000001E507-217508A3},2010-03-05 13:39:28,NRU3936,PC-0083,Disconnect
{00000001D7A5-358FCF92},2010-03-05 13:53:19,YDM6963,PC-0145,Connect
{00000001ED48-0E18AC62},2010-03-05 13:54:40,XGF2493,PC-0139,Disconnect
{00000001D196-16B46028},2010-03-05 13:58:29,QSC3123,PC-0100,Connect
{00000001F030-32437ADB},2010-03-05 13:59:21,RUT1946,PC-0104,Connect
{00000001F02E-09313A8D},2010-03-05 14:03:30,RUT1946,PC-0104,Connect
{00000001D7A6-0B0457CD},2010-03-05 14:19:27,YDM6963,PC-0145,Connect
{00000001CF04-0863E597},2010-03-05 14:25:54,NRU3936,PC-0083,Connect
{00000001C5D1-28057489},2010-03-05 14:30:55,CVC0519,PC-0015,Connect
{00000001CC2C-19E611F3},2010-03-05 14:36:24,KIX3704,PC-0058,Connect
{00000001DC7B-11D83F95},2010-03-05 14:39:41,DHG6594,PC-0016,Disconnect
{00000001CB6F-271175D6},2010-03-05 14:40:14,JMM0438,PC-0053,Connect
{00000001EDA6-2DB523E7},2010-03-05 14:44:19,YDM6963,PC-0145,Disconnect
{00000001E22D-031013BC},2010-03-05 14:54:24,KIX3704,PC-0058,Disconnect
{00000001E797-196887FD},2010-03-05 15:05:29,QSC3123,PC-0100,Disconnect
{00000001F1BA-376E2972},2010-03-05 15:08:21,RUT1946,PC-0104,Disconnect
{00000001EDA7-1BF4844A},2010-03-05 15:08:27,YDM6963,PC-0145,Disconnect
{00000001E505-2822FCA8},2010-03-05 15:18:54,NRU3936,PC-0083,Disconnect
{00000001F1B8-2AA23343},2010-03-05 15:19:30,RUT1946,PC-0104,Disconnect
{00000001DBD2-0333B04E},2010-03-05 15:24:55,CVC0519,PC-0015,Disconnect
{00000001D0D0-3EDB75E1},2010-03-05 15:31:14,OMU2669,PC-0089,Connect
{00000001CA21-236DDFAA},2010-03-05 15:34:06,IDI9618,PC-0048,Connect
{00000001E170-1097E189},2010-03-05 15:42:14,JMM0438,PC-0053,Disconnect
{00000001CACD-26A32FAD},2010-03-05 15:51:27,JDE8246,PC-0052,Connect
{00000001D36A-125C42C6},2010-03-05 16:15:20,SHV5792,PC-0108,Connect
{00000001E022-06897E04},2010-03-05 16:34:06,IDI9618,PC-0048,Disconnect
{00000001D227-38EA49FE},2010-03-05 16:46:18,RUT1946,PC-0104,Connect
{00000001E6D1-2BAF8B37},2010-03-05 16:48:14,OMU2669,PC-0089,Disconnect
{00000001E0CE-34F8EEC1},2010-03-05 16:51:27,JDE8246,PC-0052,Disconnect
{00000001CF05-39E65864},2010-03-05 17:26:32,NRU3936,PC-0083,Connect
{00000001D8B1-3DE826F1},2010-03-05 17:26:56,ZIF9528,PC-0154,Connect
{00000001E96B-0EFD15E2},2010-03-05 17:31:20,SHV5792,PC-0108,Disconnect
{00000001D226-204BE926},2010-03-05 17:34:51,RUT1946,PC-0104,Connect
{00000001F02F-0851748E},2010-03-05 17:35:16,RUT1946,PC-0104,Connect
{00000001E828-28D40E7D},2010-03-05 17:43:18,RUT1946,PC-0104,Disconnect
{00000001CF03-392996B4},2010-03-05 17:43:22,NRU3936,PC-0083,Connect
{00000001EEB2-20BA5EFC},2010-03-05 17:49:56,ZIF9528,PC-0154,Disconnect
{00000001E506-2A98B8C7},2010-03-05 18:20:32,NRU3936,PC-0083,Disconnect
{00000001F1B9-3F748542},2010-03-05 18:37:16,RUT1946,PC-0104,Disconnect
{00000001E827-10FA2B49},2010-03-05 18:50:51,RUT1946,PC-0104,Disconnect
{00000001E504-2D22F4E5},2010-03-05 19:02:22,NRU3936,PC-0083,Disconnect
{00000001F2D4-244E2D99},2010-03-08 02:17:16,RUT1946,PC-0104,Connect
{00000001F39D-38C6225D},2010-03-08 02:31:16,RUT1946,PC-0104,Disconnect
{00000001F2D3-0EE339FA},2010-03-08 04:38:24,RUT1946,PC-0104,Connect
{00000001F39C-33EABD82},2010-03-08 05:08:24,RUT1946,PC-0104,Disconnect
{00000001D4AA-21338B83},2010-03-08 07:38:30,UEH9251,PC-0117,Connect
{00000001EAAB-2129C0C8},2010-03-08 08:12:30,UEH9251,PC-0117,Disconnect
{00000001C385-19794F05},2010-03-08 09:37:38,ADG1145,PC-0001,Connect
{00000001D986-17F429CA},2010-03-08 09:55:38,ADG1145,PC-0001,Disconnect
{00000001C4D3-091A2A90},2010-03-08 10:18:11,COU3039,PC-0011,Connect
{00000001CCFE-231F7D4A},2010-03-08 10:24:40,KYR0991,PC-0061,Connect
{00000001C81E-0F41962F},2010-03-08 10:25:41,FCN9756,PC-0031,Connect
{00000001CCFF-11BE709D},2010-03-08 10:56:41,KYR0991,PC-0061,Connect
{00000001D2DB-37E2D62A},2010-03-08 11:00:33,SDT4191,PC-0106,Connect
{00000001F031-348CF223},2010-03-08 11:06:17,RUT1946,PC-0104,Connect
{00000001DAD4-112132F0},2010-03-08 11:24:11,COU3039,PC-0011,Disconnect
{00000001E8DC-2E8F2D96},2010-03-08 11:41:33,SDT4191,PC-0106,Disconnect
{00000001DE1F-3F311F56},2010-03-08 11:43:41,FCN9756,PC-0031,Disconnect
{00000001E2FF-1167026C},2010-03-08 11:45:40,KYR0991,PC-0061,Disconnect
{00000001F1BB-2CA8C4E2},2010-03-08 11:55:17,RUT1946,PC-0104,Disconnect
{00000001D36B-365CA09B},2010-03-08 12:01:56,SHV5792,PC-0108,Connect
{00000001E300-1524B41A},2010-03-08 12:05:41,KYR0991,PC-0061,Disconnect
{00000001C874-0C488D3E},2010-03-08 12:10:31,GRQ1397,PC-0036,Connect
{00000001E96C-33A1BACF},2010-03-08 12:11:56,SHV5792,PC-0108,Disconnect
{00000001D41C-1D0B509E},2010-03-08 12:42:39,TWU8511,PC-0115,Connect
{00000001D85F-3B61A6C3},2010-03-08 12:55:24,YNX1016,PC-0148,Connect
{00000001D58F-133B717F},2010-03-08 13:09:28,USS4618,PC-0121,Connect
{00000001CF07-2BB4F182},2010-03-08 13:10:08,NRU3936,PC-0083,Connect
{00000001DE75-0D2D5516},2010-03-08 13:13:31,GRQ1397,PC-0036,Disconnect
{00000001EE60-20891336},2010-03-08 13:14:24,YNX1016,PC-0148,Disconnect
{00000001C386-2B50EA56},2010-03-08 13:32:09,ADG1145,PC-0001,Connect
{00000001EA1D-13D4888C},2010-03-08 13:39:39,TWU8511,PC-0115,Disconnect
{00000001E508-1BC836F8},2010-03-08 13:47:08,NRU3936,PC-0083,Disconnect
{00000001C875-14E98F54},2010-03-08 14:00:21,GRQ1397,PC-0036,Connect
{00000001D41A-02D4F076},2010-03-08 14:02:59,TWU8511,PC-0115,Connect
{00000001EB90-04AF96F7},2010-03-08 14:19:28,USS4618,PC-0121,Disconnect
{00000001D987-1B14BCCC},2010-03-08 14:36:09,ADG1145,PC-0001,Disconnect
{00000001EA1B-1CDF7244},2010-03-08 14:42:59,TWU8511,PC-0115,Disconnect
{00000001D41B-1BE60468},2010-03-08 15:07:41,TWU8511,PC-0115,Connect
{00000001C67C-0DA54408},2010-03-08 15:09:48,DHG6594,PC-0016,Connect
{00000001D029-394197F6},2010-03-08 15:18:04,OLN5687,PC-0088,Connect
{00000001E62A-1CB0DBB4},2010-03-08 15:22:04,OLN5687,PC-0088,Disconnect
{00000001DE76-25B5D88E},2010-03-08 15:26:21,GRQ1397,PC-0036,Disconnect
{00000001D658-3E866299},2010-03-08 15:38:30,VNI5142,PC-0129,Connect
{00000001D590-3D7E6261},2010-03-08 15:38:53,USS4618,PC-0121,Connect
{00000001C5D2-38AFA806},2010-03-08 15:46:00,CVC0519,PC-0015,Connect
{00000001CB70-20949742},2010-03-08 15:47:37,JMM0438,PC-0053,Connect
{00000001DC7D-3D297551},2010-03-08 16:07:48,DHG6594,PC-0016,Disconnect
{00000001C5D3-14569DDE},2010-03-08 16:10:11,CVC0519,PC-0015,Connect
{00000001DBD4-3BFF4D5A},2010-03-08 16:17:11,CVC0519,PC-0015,Disconnect
{00000001DBD3-08897375},2010-03-08 16:33:00,CVC0519,PC-0015,Disconnect
{00000001EA1C-1F9E4AC3},2010-03-08 16:33:41,TWU8511,PC-0115,Disconnect
{00000001EB91-0C4E0480},2010-03-08 16:42:53,USS4618,PC-0121,Disconnect
{00000001E171-108393D1},2010-03-08 16:44:37,JMM0438,PC-0053,Disconnect
{00000001D41D-3A968675},2010-03-08 17:00:23,TWU8511,PC-0115,Connect
{00000001EC59-0937B06B},2010-03-08 17:00:30,VNI5142,PC-0129,Disconnect
{00000001D591-29398CB2},2010-03-08 17:16:12,USS4618,PC-0121,Connect
{00000001D85E-2A6BAED7},2010-03-08 17:31:33,YNX1016,PC-0148,Connect
{00000001EA1E-1E1B03E4},2010-03-08 17:38:23,TWU8511,PC-0115,Disconnect
{00000001EE5F-34CCF6EA},2010-03-08 18:31:33,YNX1016,PC-0148,Disconnect
{00000001EB92-283579AE},2010-03-08 18:44:12,USS4618,PC-0121,Disconnect
{00000001F2D6-2A236E79},2010-03-08 20:26:47,RUT1946,PC-0104,Connect
{00000001F39F-3774E354},2010-03-08 21:08:47,RUT1946,PC-0104,Disconnect
{00000001F2D7-050D7D35},2010-03-08 22:23:03,RUT1946,PC-0104,Connect
{00000001F3A0-00153A13},2010-03-08 23:05:03,RUT1946,PC-0104,Disconnect
{00000001F2D5-04A637AD},2010-03-08 23:15:45,RUT1946,PC-0104,Connect
{00000001F39E-0B430DA9},2010-03-09 00:04:45,RUT1946,PC-0104,Disconnect
{00000001F2D8-15D6DF52},2010-03-09 01:03:34,RUT1946,PC-0104,Connect
{00000001F2D9-11E96A0E},2010-03-09 01:28:19,RUT1946,PC-0104,Connect
{00000001F3A2-31DD2E65},2010-03-09 01:54:19,RUT1946,PC-0104,Disconnect
{00000001F3A1-0130AFC9},2010-03-09 02:25:34,RUT1946,PC-0104,Disconnect
{00000001D6E9-2B0EB736},2010-03-09 07:06:35,WLH0216,PC-0135,Connect
{00000001D65A-3A50C025},2010-03-09 07:17:32,VNI5142,PC-0129,Connect
{00000001CD01-0E687C8F},2010-03-09 07:18:25,KYR0991,PC-0061,Connect
{00000001D4E2-121400F9},2010-03-09 07:20:43,UKR6395,PC-0118,Connect
{00000001EAE3-049A589A},2010-03-09 07:28:43,UKR6395,PC-0118,Disconnect
{00000001ECEA-0C61EA3A},2010-03-09 07:38:35,WLH0216,PC-0135,Disconnect
{00000001E302-1557BEBC},2010-03-09 07:49:25,KYR0991,PC-0061,Disconnect
{00000001D36D-1E3D1628},2010-03-09 07:59:32,SHV5792,PC-0108,Connect
{00000001D659-0F385EE2},2010-03-09 08:05:35,VNI5142,PC-0129,Connect
{00000001EC5A-032B3A7D},2010-03-09 08:10:35,VNI5142,PC-0129,Disconnect
{00000001D60F-3FF87488},2010-03-09 08:11:54,VDL1237,PC-0125,Connect
{00000001EC10-0A994BC8},2010-03-09 08:20:54,VDL1237,PC-0125,Disconnect
{00000001E96E-07178DCB},2010-03-09 08:43:32,SHV5792,PC-0108,Disconnect
{00000001C78E-339C92CB},2010-03-09 08:43:54,EHP1536,PC-0027,Connect
{00000001EC5B-25A6A026},2010-03-09 08:46:32,VNI5142,PC-0129,Disconnect
{00000001C53B-3C8E03D0},2010-03-09 08:53:36,CQZ8674,PC-0013,Connect
{00000001DD8F-20FCC0D7},2010-03-09 08:53:54,EHP1536,PC-0027,Disconnect
{00000001C406-3AF67B81},2010-03-09 08:55:30,AUI6616,PC-0004,Connect
{00000001DA07-20B53ED2},2010-03-09 08:59:30,AUI6616,PC-0004,Disconnect
{00000001D228-112A4095},2010-03-09 09:02:12,RUT1946,PC-0104,Connect
{00000001DB3C-26354CCD},2010-03-09 09:10:36,CQZ8674,PC-0013,Disconnect
{00000001D4E0-2ACCF564},2010-03-09 09:12:20,UKR6395,PC-0118,Connect
{00000001D3D0-110F2F31},2010-03-09 09:26:12,TVL8047,PC-0114,Connect
{00000001CEC7-2D282353},2010-03-09 09:43:16,NRI9556,PC-0082,Connect
{00000001EAE1-32AEFAEB},2010-03-09 09:58:20,UKR6395,PC-0118,Disconnect
{00000001E4C8-1AC94513},2010-03-09 10:07:16,NRI9556,PC-0082,Disconnect
{00000001CD72-381708E1},2010-03-09 10:07:48,LGT9691,PC-0063,Connect
{00000001E829-057071A2},2010-03-09 10:14:12,RUT1946,PC-0104,Disconnect
{00000001E9D1-1B865ED0},2010-03-09 10:27:12,TVL8047,PC-0114,Disconnect
{00000001C877-2C0AF950},2010-03-09 10:31:58,GRQ1397,PC-0036,Connect
{00000001C940-27AEB79F},2010-03-09 10:50:33,HVG7968,PC-0044,Connect
{00000001CA22-04184840},2010-03-09 10:58:06,IDI9618,PC-0048,Connect
{00000001E373-28C03420},2010-03-09 11:11:48,LGT9691,PC-0063,Disconnect
{00000001D4E1-1B10C929},2010-03-09 11:15:58,UKR6395,PC-0118,Connect
{00000001C53A-092B83F5},2010-03-09 11:19:47,CQZ8674,PC-0013,Connect
{00000001DF41-2DF80287},2010-03-09 11:23:33,HVG7968,PC-0044,Disconnect
{00000001E023-1EDD242D},2010-03-09 11:37:06,IDI9618,PC-0048,Disconnect
{00000001F034-1F998F16},2010-03-09 11:38:29,RUT1946,PC-0104,Connect
{00000001EAE2-0AC8CC4C},2010-03-09 11:45:58,UKR6395,PC-0118,Disconnect
{00000001CD00-08F8D85C},2010-03-09 11:54:32,KYR0991,PC-0061,Connect
{00000001DE78-295EF5C7},2010-03-09 11:59:58,GRQ1397,PC-0036,Disconnect
{00000001E301-03A3C497},2010-03-09 12:08:32,KYR0991,PC-0061,Disconnect
{00000001D5E3-35BD598D},2010-03-09 12:09:18,UUU6648,PC-0122,Connect
{00000001C876-22AE69E9},2010-03-09 12:20:36,GRQ1397,PC-0036,Connect
{00000001F1BE-305A692C},2010-03-09 12:36:29,RUT1946,PC-0104,Disconnect
{00000001DE77-0BC9CF50},2010-03-09 12:47:36,GRQ1397,PC-0036,Disconnect
{00000001CDAB-2C896A0B},2010-03-09 12:48:22,LYE5717,PC-0069,Connect
{00000001DB3B-381B898D},2010-03-09 12:48:47,CQZ8674,PC-0013,Disconnect
{00000001C737-19817952},2010-03-09 12:49:32,DNM3159,PC-0019,Connect
{00000001D60E-34D14FB5},2010-03-09 12:59:36,VDL1237,PC-0125,Connect
{00000001F033-118A6EE7},2010-03-09 13:02:04,RUT1946,PC-0104,Connect
{00000001F1BD-0BF630AA},2010-03-09 13:21:04,RUT1946,PC-0104,Disconnect
{00000001EC0F-16367E2D},2010-03-09 13:24:36,VDL1237,PC-0125,Disconnect
{00000001D02A-0B7CCC57},2010-03-09 13:26:54,OLN5687,PC-0088,Connect
{00000001CC2D-35819A1E},2010-03-09 13:33:09,KIX3704,PC-0058,Connect
{00000001E62B-2CD04C8B},2010-03-09 13:37:54,OLN5687,PC-0088,Disconnect
{00000001EBE4-02A61E44},2010-03-09 13:38:18,UUU6648,PC-0122,Disconnect
{00000001C387-00698322},2010-03-09 13:41:24,ADG1145,PC-0001,Connect
{00000001E3AC-3148D445},2010-03-09 13:54:22,LYE5717,PC-0069,Disconnect
{00000001E22E-0D3EA4F1},2010-03-09 14:03:09,KIX3704,PC-0058,Disconnect
{00000001DD38-2099B672},2010-03-09 14:16:32,DNM3159,PC-0019,Disconnect
{00000001CACF-01D1ACB5},2010-03-09 14:23:54,JDE8246,PC-0052,Connect
{00000001D988-1525686E},2010-03-09 14:41:24,ADG1145,PC-0001,Disconnect
{00000001C67D-350B73B3},2010-03-09 14:50:26,DHG6594,PC-0016,Connect
{00000001CF08-3F28E372},2010-03-09 15:02:28,NRU3936,PC-0083,Connect
{00000001E0D0-2923979C},2010-03-09 15:02:54,JDE8246,PC-0052,Disconnect
{00000001C67E-27404B6D},2010-03-09 15:07:54,DHG6594,PC-0016,Connect
{00000001D0FE-16952D83},2010-03-09 15:10:47,OYC3975,PC-0091,Connect
{00000001E6FF-2FE333E5},2010-03-09 15:22:47,OYC3975,PC-0091,Disconnect
{00000001C539-3E0E8A55},2010-03-09 15:30:57,CQZ8674,PC-0013,Connect
{00000001DC7F-389189F4},2010-03-09 15:32:54,DHG6594,PC-0016,Disconnect
{00000001DC7E-0A4B5AEE},2010-03-09 15:35:26,DHG6594,PC-0016,Disconnect
{00000001CACE-1E6AFDDF},2010-03-09 15:48:58,JDE8246,PC-0052,Connect
{00000001E509-1492ED27},2010-03-09 16:08:28,NRU3936,PC-0083,Disconnect
{00000001CFAF-27010CED},2010-03-09 16:09:52,OET6830,PC-0086,Connect
{00000001CDF1-0D47C7A7},2010-03-09 16:10:57,MDR4757,PC-0071,Connect
{00000001E3F2-1395240C},2010-03-09 16:15:57,MDR4757,PC-0071,Disconnect
{00000001C93E-19329FC6},2010-03-09 16:20:48,HVG7968,PC-0044,Connect
{00000001F032-3CE32D30},2010-03-09 16:37:38,RUT1946,PC-0104,Connect
{00000001CEC8-063ABB10},2010-03-09 16:38:35,NRI9556,PC-0082,Connect
{00000001C67F-3F5D992D},2010-03-09 16:39:44,DHG6594,PC-0016,Connect
{00000001DB3A-3B9E937B},2010-03-09 16:41:57,CQZ8674,PC-0013,Disconnect
{00000001E5B0-1B9FCB73},2010-03-09 17:05:52,OET6830,PC-0086,Disconnect
{00000001E0CF-0D49CCD5},2010-03-09 17:09:58,JDE8246,PC-0052,Disconnect
{00000001DC80-008195D7},2010-03-09 17:13:44,DHG6594,PC-0016,Disconnect
{00000001D02B-2FDEDFEE},2010-03-09 17:23:01,OLN5687,PC-0088,Connect
{00000001DF3F-169DA38A},2010-03-09 17:37:48,HVG7968,PC-0044,Disconnect
{00000001C93F-1E66EFFB},2010-03-09 17:41:52,HVG7968,PC-0044,Connect
{00000001E4C9-0F089D43},2010-03-09 17:46:35,NRI9556,PC-0082,Disconnect
{00000001D36C-0B01E152},2010-03-09 17:50:36,SHV5792,PC-0108,Connect
{00000001F1BC-0B3D8B9B},2010-03-09 18:00:38,RUT1946,PC-0104,Disconnect
{00000001E62C-0D1FC283},2010-03-09 18:31:01,OLN5687,PC-0088,Disconnect
{00000001DF40-1F273CF8},2010-03-09 18:40:52,HVG7968,PC-0044,Disconnect
{00000001E96D-125E8B24},2010-03-09 18:53:36,SHV5792,PC-0108,Disconnect
{00000001F2DA-060E69C5},2010-03-09 20:03:08,RUT1946,PC-0104,Connect
{00000001F3A3-2331D9A7},2010-03-09 21:08:08,RUT1946,PC-0104,Disconnect
{00000001F2DE-052C20B9},2010-03-10 06:15:46,RUT1946,PC-0104,Connect
{00000001F3A7-243A9240},2010-03-10 06:52:46,RUT1946,PC-0104,Disconnect
{00000001CD83-15269DA4},2010-03-10 07:01:08,LMQ7847,PC-0066,Connect
{00000001C439-292280B4},2010-03-10 07:08:18,AYY2409,PC-0005,Connect
{00000001CF88-2099FB1C},2010-03-10 07:36:34,OEM8566,PC-0085,Connect
{00000001D5E5-368B880A},2010-03-10 07:38:40,UUU6648,PC-0122,Connect
{00000001CC2F-083A2845},2010-03-10 07:42:25,KIX3704,PC-0058,Connect
{00000001CE1B-198476C4},2010-03-10 07:51:47,MGI5307,PC-0072,Connect
{00000001DA3A-16DC93FA},2010-03-10 07:52:18,AYY2409,PC-0005,Disconnect
{00000001EBE6-06B9C02C},2010-03-10 08:02:40,UUU6648,PC-0122,Disconnect
{00000001E589-084B1C36},2010-03-10 08:04:34,OEM8566,PC-0085,Disconnect
{00000001E230-15AA0347},2010-03-10 08:11:25,KIX3704,PC-0058,Disconnect
{00000001D94B-26904321},2010-03-10 08:13:03,ZWA2339,PC-0158,Connect
{00000001D6C8-1048D883},2010-03-10 08:14:36,VXF8934,PC-0132,Connect
{00000001E384-083D11C6},2010-03-10 08:20:08,LMQ7847,PC-0066,Disconnect
{00000001E41C-06903F13},2010-03-10 08:31:47,MGI5307,PC-0072,Disconnect
{00000001ECC9-18C78E01},2010-03-10 08:47:36,VXF8934,PC-0132,Disconnect
{00000001CCC5-210FA810},2010-03-10 09:05:12,KJX0944,PC-0059,Connect
{00000001D87E-25A7B149},2010-03-10 09:21:37,YST5811,PC-0149,Connect
{00000001EF4C-1D2A618A},2010-03-10 09:24:03,ZWA2339,PC-0158,Disconnect
{00000001CE45-25257CE6},2010-03-10 09:24:53,MSH7807,PC-0075,Connect
{00000001E2C6-1BE044B2},2010-03-10 09:29:12,KJX0944,PC-0059,Disconnect
{00000001E446-2DAF0810},2010-03-10 09:37:53,MSH7807,PC-0075,Disconnect
{00000001EE7F-284136E1},2010-03-10 10:01:37,YST5811,PC-0149,Disconnect
{00000001D5E4-133100EB},2010-03-10 10:02:36,UUU6648,PC-0122,Connect
{00000001F035-116456BA},2010-03-10 10:30:10,RUT1946,PC-0104,Connect
{00000001F1BF-36AF2E60},2010-03-10 10:39:10,RUT1946,PC-0104,Disconnect
{00000001D8B2-18137208},2010-03-10 10:59:37,ZIF9528,PC-0154,Connect
{00000001D592-059149B9},2010-03-10 11:10:58,USS4618,PC-0121,Connect
{00000001EEB3-321DD888},2010-03-10 11:15:37,ZIF9528,PC-0154,Disconnect
{00000001F038-37DF8248},2010-03-10 11:16:28,RUT1946,PC-0104,Connect
{00000001EBE5-35259B44},2010-03-10 11:23:36,UUU6648,PC-0122,Disconnect
{00000001F1C2-0585282B},2010-03-10 11:30:28,RUT1946,PC-0104,Disconnect
{00000001EB93-0E10AC5E},2010-03-10 11:31:58,USS4618,PC-0121,Disconnect
{00000001D4E3-0BB8C187},2010-03-10 11:41:06,UKR6395,PC-0118,Connect
{00000001D7A7-178195A3},2010-03-10 11:44:28,YDM6963,PC-0145,Connect
{00000001EFB2-2BAFC901},2010-03-10 11:56:48,JDE8246,PC-0052,Connect
{00000001C680-27B9F554},2010-03-10 12:00:48,DHG6594,PC-0016,Connect
{00000001CC2E-2F64AD2B},2010-03-10 12:41:02,KIX3704,PC-0058,Connect
{00000001C407-05599315},2010-03-10 12:49:44,AUI6616,PC-0004,Connect
{00000001E22F-2210C0FB},2010-03-10 12:50:02,KIX3704,PC-0058,Disconnect
{00000001D87D-1842F321},2010-03-10 12:54:05,YST5811,PC-0149,Connect
{00000001EDA8-307F761B},2010-03-10 12:58:28,YDM6963,PC-0145,Disconnect
{00000001CAD0-0CCCB830},2010-03-10 13:05:02,JDE8246,PC-0052,Connect
{00000001EE7E-263AD100},2010-03-10 13:07:05,YST5811,PC-0149,Disconnect
{00000001EAE4-3B2D99F4},2010-03-10 13:10:06,UKR6395,PC-0118,Disconnect
{00000001C941-0434E4CE},2010-03-10 13:13:38,HVG7968,PC-0044,Connect
{00000001F13C-09D3BC0A},2010-03-10 13:15:48,JDE8246,PC-0052,Disconnect
{00000001DC81-101C68C5},2010-03-10 13:16:48,DHG6594,PC-0016,Disconnect
{00000001CE6F-0CCCF4B3},2010-03-10 13:20:37,NBM1814,PC-0077,Connect
{00000001CAD2-0C4B7745},2010-03-10 13:45:36,JDE8246,PC-0052,Connect
{00000001CB71-21EEE2CB},2010-03-10 13:46:01,JMM0438,PC-0053,Connect
{00000001E0D1-04161EEC},2010-03-10 13:49:02,JDE8246,PC-0052,Disconnect
{00000001CAD1-196B34E9},2010-03-10 13:53:57,JDE8246,PC-0052,Connect
{00000001E172-17BF31D0},2010-03-10 13:55:01,JMM0438,PC-0053,Disconnect
{00000001CDAC-2E182EBA},2010-03-10 14:03:07,LYE5717,PC-0069,Connect
{00000001DA08-3285200A},2010-03-10 14:06:44,AUI6616,PC-0004,Disconnect
{00000001D12C-33FACB1F},2010-03-10 14:19:32,QCT4158,PC-0097,Connect
{00000001E470-20F89934},2010-03-10 14:20:37,NBM1814,PC-0077,Disconnect
{00000001E0D3-37D6A294},2010-03-10 14:28:36,JDE8246,PC-0052,Disconnect
{00000001DF42-0FC349DE},2010-03-10 14:33:38,HVG7968,PC-0044,Disconnect
{00000001F037-23415516},2010-03-10 14:43:52,RUT1946,PC-0104,Connect
{00000001E3AD-113F69C3},2010-03-10 14:49:07,LYE5717,PC-0069,Disconnect
{00000001E0D2-21F815BE},2010-03-10 14:55:57,JDE8246,PC-0052,Disconnect
{00000001F036-3B94A44D},2010-03-10 15:06:13,RUT1946,PC-0104,Connect
{00000001F1C1-1AF90755},2010-03-10 15:07:52,RUT1946,PC-0104,Disconnect
{00000001EFB0-25996327},2010-03-10 15:09:33,JDE8246,PC-0052,Connect
{00000001E72D-310FD3D6},2010-03-10 15:17:32,QCT4158,PC-0097,Disconnect
{00000001F1C0-268CD723},2010-03-10 15:35:13,RUT1946,PC-0104,Disconnect
{00000001F13A-30790783},2010-03-10 15:35:33,JDE8246,PC-0052,Disconnect
{00000001C9E8-2A58B54F},2010-03-10 15:42:48,IAC0900,PC-0045,Connect
{00000001EFB1-1FC06910},2010-03-10 15:49:47,JDE8246,PC-0052,Connect
{00000001CC31-17F1AD2E},2010-03-10 15:49:59,KIX3704,PC-0058,Connect
{00000001D02C-052331FD},2010-03-10 16:01:20,OLN5687,PC-0088,Connect
{00000001CB73-12602420},2010-03-10 16:04:22,JMM0438,PC-0053,Connect
{00000001CC30-2232674F},2010-03-10 16:08:06,KIX3704,PC-0058,Connect
{00000001D6EA-3D883247},2010-03-10 16:19:16,WLH0216,PC-0135,Connect
{00000001DFE9-17354CDB},2010-03-10 16:19:48,IAC0900,PC-0045,Disconnect
{00000001F039-2FD589C5},2010-03-10 16:21:20,RUT1946,PC-0104,Connect
{00000001D41E-05C49A2D},2010-03-10 16:25:49,TWU8511,PC-0115,Connect
{00000001CB72-15C1767B},2010-03-10 16:29:15,JMM0438,PC-0053,Connect
{00000001E231-16191B48},2010-03-10 16:31:06,KIX3704,PC-0058,Disconnect
{00000001F1C3-174F3B6B},2010-03-10 16:34:20,RUT1946,PC-0104,Disconnect
{00000001ECEB-32DEE0EE},2010-03-10 16:35:16,WLH0216,PC-0135,Disconnect
{00000001C53C-30047813},2010-03-10 16:36:17,CQZ8674,PC-0013,Connect
{00000001E173-073E7BE2},2010-03-10 16:44:15,JMM0438,PC-0053,Disconnect
{00000001E62D-3C6BB866},2010-03-10 16:45:20,OLN5687,PC-0088,Disconnect
{00000001E232-2E5EAD40},2010-03-10 16:45:59,KIX3704,PC-0058,Disconnect
{00000001F13B-0F733DFE},2010-03-10 16:49:47,JDE8246,PC-0052,Disconnect
{00000001D80C-2CF60113},2010-03-10 16:53:09,YIO5206,PC-0146,Connect
{00000001EE0D-29EBD46B},2010-03-10 17:04:09,YIO5206,PC-0146,Disconnect
{00000001DB3D-1235B24C},2010-03-10 17:07:17,CQZ8674,PC-0013,Disconnect
{00000001E174-3B91C9E7},2010-03-10 17:10:22,JMM0438,PC-0053,Disconnect
{00000001EA1F-0851F73E},2010-03-10 17:27:49,TWU8511,PC-0115,Disconnect
{00000001C8DE-13184DD8},2010-03-10 17:32:17,GUG7168,PC-0037,Connect
{00000001DEDF-2992EBC4},2010-03-10 17:43:17,GUG7168,PC-0037,Disconnect
{00000001F2DD-0D6B7B77},2010-03-10 21:30:14,RUT1946,PC-0104,Connect
{00000001F2DC-2425984D},2010-03-10 21:56:34,RUT1946,PC-0104,Connect
{00000001F3A6-0286A637},2010-03-10 22:16:14,RUT1946,PC-0104,Disconnect
{00000001F3A5-11AC952B},2010-03-10 22:54:34,RUT1946,PC-0104,Disconnect
{00000001F2DB-2C058FE9},2010-03-10 23:59:34,RUT1946,PC-0104,Connect
{00000001F3A4-34A79D77},2010-03-11 00:01:34,RUT1946,PC-0104,Disconnect
{00000001F2E0-03005439},2010-03-11 03:59:55,RUT1946,PC-0104,Connect
{00000001F3A9-2069AE3A},2010-03-11 04:26:55,RUT1946,PC-0104,Disconnect
{00000001F2DF-1B8FEEFF},2010-03-11 05:33:39,RUT1946,PC-0104,Connect
{00000001F3A8-1989D8B7},2010-03-11 06:38:39,RUT1946,PC-0104,Disconnect
{00000001D6C9-38963CCB},2010-03-11 07:38:29,VXF8934,PC-0132,Connect
{00000001ECCA-3AB96015},2010-03-11 08:34:29,VXF8934,PC-0132,Disconnect
{00000001D22A-2A4175C5},2010-03-11 09:17:42,RUT1946,PC-0104,Connect
{00000001D2A2-2704BDF2},2010-03-11 09:26:41,SBF1746,PC-0105,Connect
{00000001CD02-0B4C1A04},2010-03-11 09:46:09,KYR0991,PC-0061,Connect
{00000001D0D1-025253FF},2010-03-11 09:50:35,OMU2669,PC-0089,Connect
{00000001D6EB-051D2A71},2010-03-11 09:53:30,WLH0216,PC-0135,Connect
{00000001ECEC-06340D3E},2010-03-11 10:00:30,WLH0216,PC-0135,Disconnect
{00000001D6C0-1091B01B},2010-03-11 10:06:53,VVU9026,PC-0130,Connect
{00000001E303-080C3021},2010-03-11 10:09:09,KYR0991,PC-0061,Disconnect
{00000001CAD3-382CF25A},2010-03-11 10:18:35,JDE8246,PC-0052,Connect
{00000001E82B-1E6767C8},2010-03-11 10:20:42,RUT1946,PC-0104,Disconnect
{00000001E8A3-0ACFD16D},2010-03-11 10:34:41,SBF1746,PC-0105,Disconnect
{00000001CA24-006C3F4D},2010-03-11 10:43:53,IDI9618,PC-0048,Connect
{00000001E0D4-300503E9},2010-03-11 10:52:35,JDE8246,PC-0052,Disconnect
{00000001E6D2-3707A3C3},2010-03-11 10:57:35,OMU2669,PC-0089,Disconnect
{00000001D65B-0C824A00},2010-03-11 11:00:11,VNI5142,PC-0129,Connect
{00000001C78F-20E659E5},2010-03-11 11:03:21,EHP1536,PC-0027,Connect
{00000001D0FF-126C53C9},2010-03-11 11:04:32,OYC3975,PC-0091,Connect
{00000001ECC1-2122395C},2010-03-11 11:05:53,VVU9026,PC-0130,Disconnect
{00000001CC32-3CA2CA26},2010-03-11 11:10:27,KIX3704,PC-0058,Connect
{00000001CF09-0BE4360C},2010-03-11 11:12:32,NRU3936,PC-0083,Connect
{00000001C681-114AB404},2010-03-11 11:14:31,DHG6594,PC-0016,Connect
{00000001EC5C-17463495},2010-03-11 11:16:11,VNI5142,PC-0129,Disconnect
{00000001D229-2EB99DDE},2010-03-11 11:21:54,RUT1946,PC-0104,Connect
{00000001E50A-1814D94B},2010-03-11 11:26:32,NRU3936,PC-0083,Disconnect
{00000001C944-275A2C7F},2010-03-11 11:26:55,HVG7968,PC-0044,Connect
{00000001D5E6-0C4B215A},2010-03-11 11:27:09,UUU6648,PC-0122,Connect
{00000001CAD4-288EFEF8},2010-03-11 11:29:47,JDE8246,PC-0052,Connect
{00000001E025-1F529445},2010-03-11 11:30:53,IDI9618,PC-0048,Disconnect
{00000001DD90-22A28A2C},2010-03-11 11:33:21,EHP1536,PC-0027,Disconnect
{00000001E700-01EBCE0D},2010-03-11 11:40:32,OYC3975,PC-0091,Disconnect
{00000001C389-1315349E},2010-03-11 11:41:08,ADG1145,PC-0001,Connect
{00000001EBE7-30A44149},2010-03-11 11:57:09,UUU6648,PC-0122,Disconnect
{00000001E0D5-31F939B7},2010-03-11 11:57:47,JDE8246,PC-0052,Disconnect
{00000001EFB3-2BCFF78E},2010-03-11 12:09:11,JDE8246,PC-0052,Connect
{00000001DF45-3DF6A17D},2010-03-11 12:11:55,HVG7968,PC-0044,Disconnect
{00000001D749-285E96C3},2010-03-11 12:24:55,XGF2493,PC-0139,Connect
{00000001C5AC-0A8EF1C3},2010-03-11 12:31:26,CUR4388,PC-0014,Connect
{00000001E82A-03D2BBEF},2010-03-11 12:31:54,RUT1946,PC-0104,Disconnect
{00000001D98A-06C06160},2010-03-11 12:34:08,ADG1145,PC-0001,Disconnect
{00000001CA4F-295431CA},2010-03-11 12:34:56,IIY1438,PC-0050,Connect
{00000001E233-3BB09119},2010-03-11 12:37:27,KIX3704,PC-0058,Disconnect
{00000001DC82-2C94DAEF},2010-03-11 12:39:31,DHG6594,PC-0016,Disconnect
{00000001F13D-09B583C9},2010-03-11 12:48:11,JDE8246,PC-0052,Disconnect
{00000001C942-32CA5AA4},2010-03-11 13:11:40,HVG7968,PC-0044,Connect
{00000001DBAD-232822E6},2010-03-11 13:21:26,CUR4388,PC-0014,Disconnect
{00000001D41F-0C489A3C},2010-03-11 13:31:54,TWU8511,PC-0115,Connect
{00000001C682-02D3C7C8},2010-03-11 13:33:49,DHG6594,PC-0016,Connect
{00000001ED4A-36F1AAC0},2010-03-11 13:40:55,XGF2493,PC-0139,Disconnect
{00000001EA20-14AC8963},2010-03-11 13:44:54,TWU8511,PC-0115,Disconnect
{00000001E050-328F000E},2010-03-11 13:47:56,IIY1438,PC-0050,Disconnect
{00000001DF43-2D417F19},2010-03-11 13:50:40,HVG7968,PC-0044,Disconnect
{00000001CC33-1870E010},2010-03-11 13:59:26,KIX3704,PC-0058,Connect
{00000001D8B3-080BC6EC},2010-03-11 14:02:30,ZIF9528,PC-0154,Connect
{00000001DC83-1FEA666F},2010-03-11 14:07:49,DHG6594,PC-0016,Disconnect
{00000001CE1C-1E62ACC1},2010-03-11 14:11:31,MGI5307,PC-0072,Connect
{00000001E234-2D0C293E},2010-03-11 14:16:26,KIX3704,PC-0058,Disconnect
{00000001E41D-3443C7E6},2010-03-11 14:35:31,MGI5307,PC-0072,Disconnect
{00000001D36E-0F5219FB},2010-03-11 14:36:33,SHV5792,PC-0108,Connect
{00000001D847-33906360},2010-03-11 14:37:47,YLE8326,PC-0147,Connect
{00000001C943-02F0DD81},2010-03-11 15:00:41,HVG7968,PC-0044,Connect
{00000001D02D-1A846EF7},2010-03-11 15:01:57,OLN5687,PC-0088,Connect
{00000001EEB4-110D1F30},2010-03-11 15:06:30,ZIF9528,PC-0154,Disconnect
{00000001E62E-264FB750},2010-03-11 15:08:57,OLN5687,PC-0088,Disconnect
{00000001CC34-10762647},2010-03-11 15:22:56,KIX3704,PC-0058,Connect
{00000001DF44-38B07FE3},2010-03-11 15:38:41,HVG7968,PC-0044,Disconnect
{00000001C388-367F0A03},2010-03-11 15:41:31,ADG1145,PC-0001,Connect
{00000001CA23-28323A51},2010-03-11 15:49:03,IDI9618,PC-0048,Connect
{00000001E96F-24D9A7DD},2010-03-11 15:51:33,SHV5792,PC-0108,Disconnect
{00000001EE48-3DF8B5BB},2010-03-11 15:56:47,YLE8326,PC-0147,Disconnect
{00000001CDAD-2EEE8959},2010-03-11 15:58:03,LYE5717,PC-0069,Connect
{00000001D989-0B777C77},2010-03-11 16:10:31,ADG1145,PC-0001,Disconnect
{00000001D02E-2D24DE8D},2010-03-11 16:16:31,OLN5687,PC-0088,Connect
{00000001E235-02BB5083},2010-03-11 16:31:56,KIX3704,PC-0058,Disconnect
{00000001D7A8-09BF64AD},2010-03-11 16:46:55,YDM6963,PC-0145,Connect
{00000001E3AE-32D4364F},2010-03-11 17:03:03,LYE5717,PC-0069,Disconnect
{00000001E024-0DC730AD},2010-03-11 17:10:03,IDI9618,PC-0048,Disconnect
{00000001E62F-0790A71F},2010-03-11 17:17:31,OLN5687,PC-0088,Disconnect
{00000001EDA9-108E711A},2010-03-11 17:19:55,YDM6963,PC-0145,Disconnect
{00000001CC35-389022FF},2010-03-11 17:26:43,KIX3704,PC-0058,Connect
{00000001E236-2500812F},2010-03-11 17:33:43,KIX3704,PC-0058,Disconnect
{00000001D4E4-37D28DFF},2010-03-11 17:53:47,UKR6395,PC-0118,Connect
{00000001EAE5-24AE9FA8},2010-03-11 19:04:47,UKR6395,PC-0118,Disconnect
{00000001CC36-3E58140E},2010-03-12 07:09:06,KIX3704,PC-0058,Connect
{00000001CE46-291E5DCC},2010-03-12 07:10:41,MSH7807,PC-0075,Connect
{00000001C43B-01FCB5F3},2010-03-12 07:34:02,AYY2409,PC-0005,Connect
{00000001C947-380C04A1},2010-03-12 07:42:37,HVG7968,PC-0044,Connect
{00000001E447-2295E8C1},2010-03-12 08:03:41,MSH7807,PC-0075,Disconnect
{00000001CC37-391E4B40},2010-03-12 08:05:08,KIX3704,PC-0058,Connect
{00000001DA3C-0C0E890E},2010-03-12 08:14:02,AYY2409,PC-0005,Disconnect
{00000001CB75-2E16EBF3},2010-03-12 08:20:06,JMM0438,PC-0053,Connect
{00000001E176-3DF6DC14},2010-03-12 08:23:06,JMM0438,PC-0053,Disconnect
{00000001CD73-39830D3E},2010-03-12 08:30:05,LGT9691,PC-0063,Connect
{00000001DF48-3FDC9DC6},2010-03-12 08:31:37,HVG7968,PC-0044,Disconnect
{00000001E374-33B63938},2010-03-12 08:32:05,LGT9691,PC-0063,Disconnect
{00000001E237-0C906FCF},2010-03-12 08:34:06,KIX3704,PC-0058,Disconnect
{00000001E238-0F502A80},2010-03-12 08:37:08,KIX3704,PC-0058,Disconnect
{00000001F03D-38560D2C},2010-03-12 08:40:40,RUT1946,PC-0104,Connect
{00000001F1C7-178AEB60},2010-03-12 09:05:40,RUT1946,PC-0104,Disconnect
{00000001F03B-0EEB2719},2010-03-12 09:21:24,RUT1946,PC-0104,Connect
{00000001C946-21173277},2010-03-12 09:29:35,HVG7968,PC-0044,Connect
{00000001D65C-0C6CC4DD},2010-03-12 09:34:23,VNI5142,PC-0129,Connect
{00000001EC5D-3AF6A2C3},2010-03-12 09:48:23,VNI5142,PC-0129,Disconnect
{00000001DF47-315D17FB},2010-03-12 10:00:35,HVG7968,PC-0044,Disconnect
{00000001F1C5-003F5FA4},2010-03-12 10:04:24,RUT1946,PC-0104,Disconnect
{00000001D22B-0FF147CC},2010-03-12 10:09:59,RUT1946,PC-0104,Connect
{00000001C845-0D15B328},2010-03-12 10:23:41,GGB1397,PC-0032,Connect
{00000001CAD5-229A0951},2010-03-12 10:25:25,JDE8246,PC-0052,Connect
{00000001DE46-06CCC4ED},2010-03-12 10:37:41,GGB1397,PC-0032,Disconnect
{00000001C43A-1743C974},2010-03-12 10:43:10,AYY2409,PC-0005,Connect
{00000001D030-09BA28EE},2010-03-12 10:48:54,OLN5687,PC-0088,Connect
{00000001F03E-2DD7B812},2010-03-12 10:49:31,RUT1946,PC-0104,Connect
{00000001C5D6-2E2399F1},2010-03-12 10:51:51,CVC0519,PC-0015,Connect
{00000001D36F-190332CB},2010-03-12 10:56:11,SHV5792,PC-0108,Connect
{00000001E970-385320B1},2010-03-12 11:15:11,SHV5792,PC-0108,Disconnect
{00000001E82C-3855B334},2010-03-12 11:16:59,RUT1946,PC-0104,Disconnect
{00000001DBD7-2742E637},2010-03-12 11:19:51,CVC0519,PC-0015,Disconnect
{00000001E631-05940992},2010-03-12 11:21:54,OLN5687,PC-0088,Disconnect
{00000001F1C8-358D5318},2010-03-12 11:24:31,RUT1946,PC-0104,Disconnect
{00000001C5D4-13CE84E1},2010-03-12 11:31:26,CVC0519,PC-0015,Connect
{00000001E0D6-20ECEF32},2010-03-12 11:34:25,JDE8246,PC-0052,Disconnect
{00000001D02F-3C87C5B8},2010-03-12 11:50:05,OLN5687,PC-0088,Connect
{00000001DA3B-18407C56},2010-03-12 12:12:10,AYY2409,PC-0005,Disconnect
{00000001C5D5-1E669C5D},2010-03-12 12:14:41,CVC0519,PC-0015,Connect
{00000001DBD6-078D8A11},2010-03-12 12:27:41,CVC0519,PC-0015,Disconnect
{00000001E630-3E99B035},2010-03-12 12:46:05,OLN5687,PC-0088,Disconnect
{00000001DBD5-375D8CA5},2010-03-12 12:48:26,CVC0519,PC-0015,Disconnect
{00000001D595-06342E24},2010-03-12 13:28:14,USS4618,PC-0121,Connect
{00000001F03C-2B2FC014},2010-03-12 13:36:26,RUT1946,PC-0104,Connect
{00000001F1C6-3C2FB7A2},2010-03-12 14:09:26,RUT1946,PC-0104,Disconnect
{00000001EB96-2B07CD42},2010-03-12 14:36:14,USS4618,PC-0121,Disconnect
{00000001C945-2AE10FB0},2010-03-12 15:53:24,HVG7968,PC-0044,Connect
{00000001DF46-2A6E299E},2010-03-12 15:56:24,HVG7968,PC-0044,Disconnect
{00000001D594-17164A7B},2010-03-12 16:11:31,USS4618,PC-0121,Connect
{00000001CD03-24E55537},2010-03-12 16:21:38,KYR0991,PC-0061,Connect
{00000001EB95-083C6FB5},2010-03-12 16:24:31,USS4618,PC-0121,Disconnect
{00000001F03A-1A701F39},2010-03-12 16:26:06,RUT1946,PC-0104,Connect
{00000001EFB4-2B576452},2010-03-12 16:28:51,JDE8246,PC-0052,Connect
{00000001F1C4-13E39DAE},2010-03-12 16:40:06,RUT1946,PC-0104,Disconnect
{00000001D593-333884D0},2010-03-12 16:48:37,USS4618,PC-0121,Connect
{00000001E304-3309DE47},2010-03-12 16:50:38,KYR0991,PC-0061,Disconnect
{00000001CB74-36439753},2010-03-12 17:19:09,JMM0438,PC-0053,Connect
{00000001D8F2-243972DD},2010-03-12 17:30:40,ZUI9718,PC-0157,Connect
{00000001CAD6-0FE853E1},2010-03-12 17:33:14,JDE8246,PC-0052,Connect
{00000001D420-06F65182},2010-03-12 17:37:43,TWU8511,PC-0115,Connect
{00000001EB94-1193AD4A},2010-03-12 17:40:37,USS4618,PC-0121,Disconnect
{00000001D610-34360370},2010-03-12 17:44:31,VDL1237,PC-0125,Connect
{00000001F13E-361A29C1},2010-03-12 17:44:51,JDE8246,PC-0052,Disconnect
{00000001E175-0B6AD35D},2010-03-12 18:25:09,JMM0438,PC-0053,Disconnect
{00000001F2E1-090D6C67},2010-03-12 18:28:00,RUT1946,PC-0104,Connect
{00000001E0D7-310AA714},2010-03-12 18:34:14,JDE8246,PC-0052,Disconnect
{00000001EEF3-1EB0F72A},2010-03-12 18:43:40,ZUI9718,PC-0157,Disconnect
{00000001EA21-04406A90},2010-03-12 18:49:43,TWU8511,PC-0115,Disconnect
{00000001EC11-32650AFC},2010-03-12 18:54:31,VDL1237,PC-0125,Disconnect
{00000001F3AA-3FB79FA0},2010-03-12 19:14:00,RUT1946,PC-0104,Disconnect
{00000001D8F4-0285743B},2010-03-15 07:16:01,ZUI9718,PC-0157,Connect
{00000001C738-22FDF169},2010-03-15 07:17:23,DNM3159,PC-0019,Connect
{00000001C8DF-00892905},2010-03-15 07:20:57,GUG7168,PC-0037,Connect
{00000001D2DF-36991141},2010-03-15 07:24:30,SDT4191,PC-0106,Connect
{00000001D597-1B769604},2010-03-15 07:34:20,USS4618,PC-0121,Connect
{00000001CF0B-075365E6},2010-03-15 07:51:53,NRU3936,PC-0083,Connect
{00000001EEF5-02AFE528},2010-03-15 08:03:01,ZUI9718,PC-0157,Disconnect
{00000001CAD7-076F447C},2010-03-15 08:06:53,JDE8246,PC-0052,Connect
{00000001DD39-2F53B6FA},2010-03-15 08:23:23,DNM3159,PC-0019,Disconnect
{00000001CD04-0FB835FE},2010-03-15 08:29:45,KYR0991,PC-0061,Connect
{00000001DEE0-212F9B96},2010-03-15 08:37:57,GUG7168,PC-0037,Disconnect
{00000001E0D8-0EE5D349},2010-03-15 08:39:53,JDE8246,PC-0052,Disconnect
{00000001F042-120396CF},2010-03-15 08:40:50,RUT1946,PC-0104,Connect
{00000001E8E0-0DF6114D},2010-03-15 08:47:30,SDT4191,PC-0106,Disconnect
{00000001EB98-30320201},2010-03-15 08:50:20,USS4618,PC-0121,Disconnect
{00000001E50C-2B095DA4},2010-03-15 08:53:53,NRU3936,PC-0083,Disconnect
{00000001E305-3AC921AD},2010-03-15 08:54:45,KYR0991,PC-0061,Disconnect
{00000001D2DD-173F507B},2010-03-15 08:56:44,SDT4191,PC-0106,Connect
{00000001F1CC-1840D4E8},2010-03-15 08:56:50,RUT1946,PC-0104,Disconnect
{00000001D596-17A348EF},2010-03-15 08:57:23,USS4618,PC-0121,Connect
{00000001EB97-08944C0F},2010-03-15 09:25:23,USS4618,PC-0121,Disconnect
{00000001D7A9-00864F52},2010-03-15 09:26:41,YDM6963,PC-0145,Connect
{00000001F03F-08943E41},2010-03-15 09:39:23,RUT1946,PC-0104,Connect
{00000001CF0A-3171832A},2010-03-15 09:46:47,NRU3936,PC-0083,Connect
{00000001D370-0C483BB9},2010-03-15 10:02:26,SHV5792,PC-0108,Connect
{00000001F1C9-2DD7F8A8},2010-03-15 10:05:23,RUT1946,PC-0104,Disconnect
{00000001E50B-0A5893B5},2010-03-15 10:08:47,NRU3936,PC-0083,Disconnect
{00000001E971-1B717D48},2010-03-15 10:13:26,SHV5792,PC-0108,Disconnect
{00000001E8DE-3FC5FC43},2010-03-15 10:21:44,SDT4191,PC-0106,Disconnect
{00000001CD05-3690E714},2010-03-15 10:22:32,KYR0991,PC-0061,Connect
{00000001D032-16800AA4},2010-03-15 10:36:52,OLN5687,PC-0088,Connect
{00000001E306-27ADDF70},2010-03-15 10:39:32,KYR0991,PC-0061,Disconnect
{00000001EDAA-2608DB71},2010-03-15 10:39:41,YDM6963,PC-0145,Disconnect
{00000001C5D7-1DFDDEFC},2010-03-15 10:40:51,CVC0519,PC-0015,Connect
{00000001D031-2A0D9F11},2010-03-15 11:13:07,OLN5687,PC-0088,Connect
{00000001D198-10D59A2B},2010-03-15 11:30:42,QSC3123,PC-0100,Connect
{00000001D4E6-1FA8E0CD},2010-03-15 11:34:10,UKR6395,PC-0118,Connect
{00000001E633-3465D1AD},2010-03-15 11:41:52,OLN5687,PC-0088,Disconnect
{00000001D19A-26E3037C},2010-03-15 11:46:47,QSC3123,PC-0100,Connect
{00000001DBD8-2F05FD2D},2010-03-15 11:46:51,CVC0519,PC-0015,Disconnect
{00000001E632-16CAF050},2010-03-15 11:48:07,OLN5687,PC-0088,Disconnect
{00000001F041-3AA111AD},2010-03-15 11:54:29,RUT1946,PC-0104,Connect
{00000001D4E5-0D60BA77},2010-03-15 12:04:49,UKR6395,PC-0118,Connect
{00000001E799-2E096FB6},2010-03-15 12:08:42,QSC3123,PC-0100,Disconnect
{00000001EAE6-1CDF44DB},2010-03-15 12:09:49,UKR6395,PC-0118,Disconnect
{00000001EAE7-21D6E6FD},2010-03-15 12:11:10,UKR6395,PC-0118,Disconnect
{00000001C949-001AAB07},2010-03-15 12:17:53,HVG7968,PC-0044,Connect
{00000001EFB5-2468B35B},2010-03-15 12:33:16,JDE8246,PC-0052,Connect
{00000001C948-2B42865C},2010-03-15 12:49:45,HVG7968,PC-0044,Connect
{00000001E79B-16A7004F},2010-03-15 12:49:47,QSC3123,PC-0100,Disconnect
{00000001DF4A-3CE48A2C},2010-03-15 12:49:53,HVG7968,PC-0044,Disconnect
{00000001F13F-2A411F60},2010-03-15 12:55:16,JDE8246,PC-0052,Disconnect
{00000001F1CB-09CB2510},2010-03-15 12:55:29,RUT1946,PC-0104,Disconnect
{00000001F040-112FB14B},2010-03-15 13:26:39,RUT1946,PC-0104,Connect
{00000001DF49-31C2F749},2010-03-15 13:27:45,HVG7968,PC-0044,Disconnect
{00000001CF0C-33A1FFF8},2010-03-15 13:33:47,NRU3936,PC-0083,Connect
{00000001D423-09932B23},2010-03-15 13:50:28,TWU8511,PC-0115,Connect
{00000001E50D-00F980B7},2010-03-15 13:51:47,NRU3936,PC-0083,Disconnect
{00000001D422-2E40CA01},2010-03-15 13:58:09,TWU8511,PC-0115,Connect
{00000001EA23-1C8AD279},2010-03-15 14:01:09,TWU8511,PC-0115,Disconnect
{00000001D94C-24845BC3},2010-03-15 14:04:10,ZWA2339,PC-0158,Connect
{00000001EA24-06AA6429},2010-03-15 14:15:28,TWU8511,PC-0115,Disconnect
{00000001D421-0B92B8FB},2010-03-15 14:19:48,TWU8511,PC-0115,Connect
{00000001EFB7-1A4B1AC6},2010-03-15 14:22:50,JDE8246,PC-0052,Connect
{00000001EF4D-3407E2A2},2010-03-15 14:40:10,ZWA2339,PC-0158,Disconnect
{00000001F1CA-01D66DEA},2010-03-15 14:54:39,RUT1946,PC-0104,Disconnect
{00000001C5D8-1F7DC8E8},2010-03-15 14:56:25,CVC0519,PC-0015,Connect
{00000001CE1D-1888935C},2010-03-15 15:00:51,MGI5307,PC-0072,Connect
{00000001E41E-18B0F508},2010-03-15 15:14:51,MGI5307,PC-0072,Disconnect
{00000001D199-1FB1B997},2010-03-15 15:17:56,QSC3123,PC-0100,Connect
{00000001EA22-1A9B556E},2010-03-15 15:18:48,TWU8511,PC-0115,Disconnect
{00000001DBD9-3CC6EFC1},2010-03-15 15:20:25,CVC0519,PC-0015,Disconnect
{00000001D371-132266BB},2010-03-15 15:24:59,SHV5792,PC-0108,Connect
{00000001CEAF-3661ACAE},2010-03-15 15:33:25,NJT3274,PC-0081,Connect
{00000001F141-1A759D44},2010-03-15 15:34:50,JDE8246,PC-0052,Disconnect
{00000001E79A-2BFEDDA1},2010-03-15 15:34:56,QSC3123,PC-0100,Disconnect
{00000001D2DC-347B12F9},2010-03-15 15:39:33,SDT4191,PC-0106,Connect
{00000001CE70-171619B5},2010-03-15 15:40:41,NBM1814,PC-0077,Connect
{00000001C820-20640545},2010-03-15 15:50:20,FCN9756,PC-0031,Connect
{00000001D8F3-1331E9D6},2010-03-15 15:57:18,ZUI9718,PC-0157,Connect
{00000001E4B0-21439A76},2010-03-15 16:08:25,NJT3274,PC-0081,Disconnect
{00000001EEF4-1E9F0FC4},2010-03-15 16:12:18,ZUI9718,PC-0157,Disconnect
{00000001E471-3FFB67D4},2010-03-15 16:20:41,NBM1814,PC-0077,Disconnect
{00000001DE21-06AD2C13},2010-03-15 16:25:20,FCN9756,PC-0031,Disconnect
{00000001E972-2F60B3FA},2010-03-15 16:29:59,SHV5792,PC-0108,Disconnect
{00000001D542-19E7A6FF},2010-03-15 16:44:36,UQK8227,PC-0120,Connect
{00000001CDAE-01F15AB6},2010-03-15 16:45:16,LYE5717,PC-0069,Connect
{00000001C53D-3F58177F},2010-03-15 16:45:31,CQZ8674,PC-0013,Connect
{00000001E8DD-3A22E865},2010-03-15 16:45:33,SDT4191,PC-0106,Disconnect
{00000001C790-014D09EB},2010-03-15 17:02:11,EHP1536,PC-0027,Connect
{00000001EFB6-0C99E210},2010-03-15 17:05:08,JDE8246,PC-0052,Connect
{00000001D2DE-284C6BA7},2010-03-15 17:06:07,SDT4191,PC-0106,Connect
{00000001DB3E-08563FD2},2010-03-15 17:09:31,CQZ8674,PC-0013,Disconnect
{00000001C81F-10B4A275},2010-03-15 17:27:43,FCN9756,PC-0031,Connect
{00000001D7AA-2DBF82D2},2010-03-15 17:39:51,YDM6963,PC-0145,Connect
{00000001F140-0DB5BE8E},2010-03-15 17:53:08,JDE8246,PC-0052,Disconnect
{00000001EB43-0848D737},2010-03-15 17:53:36,UQK8227,PC-0120,Disconnect
{00000001E3AF-0C09E53D},2010-03-15 17:55:16,LYE5717,PC-0069,Disconnect
{00000001DD91-15ECEAE7},2010-03-15 18:14:11,EHP1536,PC-0027,Disconnect
{00000001E8DF-0C33FDFE},2010-03-15 18:22:07,SDT4191,PC-0106,Disconnect
{00000001DE20-06E0D523},2010-03-15 18:44:43,FCN9756,PC-0031,Disconnect
{00000001EDAB-0E6C2208},2010-03-15 18:55:51,YDM6963,PC-0145,Disconnect
{00000001D424-30B21AC4},2010-03-16 07:11:35,TWU8511,PC-0115,Connect
{00000001EA25-103D46E8},2010-03-16 07:19:35,TWU8511,PC-0115,Disconnect
{00000001C794-2A98C5F9},2010-03-16 08:00:23,EHP1536,PC-0027,Connect
{00000001CFB0-26026DFA},2010-03-16 08:03:45,OET6830,PC-0086,Connect
{00000001D22D-3FCEBF31},2010-03-16 08:07:39,RUT1946,PC-0104,Connect
{00000001C793-2956F7C9},2010-03-16 08:19:47,EHP1536,PC-0027,Connect
{00000001CD07-34F4E1CA},2010-03-16 08:20:39,KYR0991,PC-0061,Connect
{00000001CFB1-0895D0E4},2010-03-16 08:47:59,OET6830,PC-0086,Connect
{00000001E5B1-1353E2CC},2010-03-16 08:48:45,OET6830,PC-0086,Disconnect
{00000001E308-2AB26A7A},2010-03-16 09:00:39,KYR0991,PC-0061,Disconnect
{00000001F044-1EBE2AAE},2010-03-16 09:03:03,RUT1946,PC-0104,Connect
{00000001DD95-34DD1028},2010-03-16 09:03:23,EHP1536,PC-0027,Disconnect
{00000001D22E-0BDBCADD},2010-03-16 09:12:38,RUT1946,PC-0104,Connect
{00000001C486-1BDBAB3F},2010-03-16 09:14:51,AZE5960,PC-0006,Connect
{00000001CA7B-1CAD6820},2010-03-16 09:17:12,IVL8082,PC-0051,Connect
{00000001CF0D-33ED78F8},2010-03-16 09:25:56,NRU3936,PC-0083,Connect
{00000001F1CE-353A64AE},2010-03-16 09:26:03,RUT1946,PC-0104,Disconnect
{00000001E82E-1AC0AEE2},2010-03-16 09:28:39,RUT1946,PC-0104,Disconnect
{00000001CB76-3EF43CE3},2010-03-16 09:30:19,JMM0438,PC-0053,Connect
{00000001E82F-2CDF904A},2010-03-16 09:34:38,RUT1946,PC-0104,Disconnect
{00000001DD94-1AE2076B},2010-03-16 09:34:47,EHP1536,PC-0027,Disconnect
{00000001E50E-1E5904A2},2010-03-16 09:41:56,NRU3936,PC-0083,Disconnect
{00000001E5B2-1C3D57CF},2010-03-16 09:46:59,OET6830,PC-0086,Disconnect
{00000001D22C-2C5FEEB7},2010-03-16 09:53:00,RUT1946,PC-0104,Connect
{00000001E07C-043DADCB},2010-03-16 10:01:12,IVL8082,PC-0051,Disconnect
{00000001D2E1-03C03925},2010-03-16 10:04:13,SDT4191,PC-0106,Connect
{00000001CF0E-0F4D333E},2010-03-16 10:09:36,NRU3936,PC-0083,Connect
{00000001D74A-23015910},2010-03-16 10:10:42,XGF2493,PC-0139,Connect
{00000001DA87-23BB5F1A},2010-03-16 10:43:51,AZE5960,PC-0006,Disconnect
{00000001E177-3B25065A},2010-03-16 10:46:19,JMM0438,PC-0053,Disconnect
{00000001E50F-31473392},2010-03-16 10:54:36,NRU3936,PC-0083,Disconnect
{00000001C4D4-2D9BC886},2010-03-16 11:10:38,COU3039,PC-0011,Connect
{00000001ED4B-1D29E5D3},2010-03-16 11:11:42,XGF2493,PC-0139,Disconnect
{00000001E82D-12F8CFA6},2010-03-16 11:12:00,RUT1946,PC-0104,Disconnect
{00000001F048-11A55CF5},2010-03-16 11:13:54,RUT1946,PC-0104,Connect
{00000001CD08-01E8681D},2010-03-16 11:14:08,KYR0991,PC-0061,Connect
{00000001E8E2-0D7DD27B},2010-03-16 11:14:13,SDT4191,PC-0106,Disconnect
{00000001DAD5-3CF9973F},2010-03-16 11:28:38,COU3039,PC-0011,Disconnect
{00000001CD84-02718137},2010-03-16 11:33:57,LMQ7847,PC-0066,Connect
{00000001C487-35C8501B},2010-03-16 11:49:03,AZE5960,PC-0006,Connect
{00000001F1D2-2A7AAABF},2010-03-16 11:53:54,RUT1946,PC-0104,Disconnect
{00000001E309-21DEB551},2010-03-16 11:54:08,KYR0991,PC-0061,Disconnect
{00000001DA88-0E88C5F8},2010-03-16 11:59:03,AZE5960,PC-0006,Disconnect
{00000001F045-0D3B0A99},2010-03-16 12:08:32,RUT1946,PC-0104,Connect
{00000001F1CF-08667CA7},2010-03-16 12:10:32,RUT1946,PC-0104,Disconnect
{00000001F043-0512A96F},2010-03-16 12:17:25,RUT1946,PC-0104,Connect
{00000001E385-2D723FCC},2010-03-16 12:20:57,LMQ7847,PC-0066,Disconnect
{00000001D2E2-36FC7DA3},2010-03-16 12:21:51,SDT4191,PC-0106,Connect
{00000001CC39-09A97C27},2010-03-16 12:24:54,KIX3704,PC-0058,Connect
{00000001E23A-3BB2C4E5},2010-03-16 12:29:54,KIX3704,PC-0058,Disconnect
{00000001C3E2-1A2078F5},2010-03-16 12:31:50,ATM7194,PC-0003,Connect
{00000001E8E3-27D89CEA},2010-03-16 12:36:51,SDT4191,PC-0106,Disconnect
{00000001D8F5-27FA4C31},2010-03-16 12:39:02,ZUI9718,PC-0157,Connect
{00000001CC38-13A2697E},2010-03-16 12:58:39,KIX3704,PC-0058,Connect
{00000001CD06-2A41041C},2010-03-16 13:07:32,KYR0991,PC-0061,Connect
{00000001F1CD-0B160B33},2010-03-16 13:08:25,RUT1946,PC-0104,Disconnect
{00000001EEF6-38AF00FF},2010-03-16 13:14:02,ZUI9718,PC-0157,Disconnect
{00000001C792-16E44BE2},2010-03-16 13:14:30,EHP1536,PC-0027,Connect
{00000001DD93-1679926D},2010-03-16 13:23:30,EHP1536,PC-0027,Disconnect
{00000001F047-251E6249},2010-03-16 13:24:16,RUT1946,PC-0104,Connect
{00000001E307-3175EF33},2010-03-16 13:33:32,KYR0991,PC-0061,Disconnect
{00000001D9E3-0842FEDC},2010-03-16 13:51:50,ATM7194,PC-0003,Disconnect
{00000001D65D-1868BB6B},2010-03-16 14:03:02,VNI5142,PC-0129,Connect
{00000001E239-18C49654},2010-03-16 14:16:39,KIX3704,PC-0058,Disconnect
{00000001C791-2F6CF922},2010-03-16 14:21:56,EHP1536,PC-0027,Connect
{00000001F1D1-2A37A7C9},2010-03-16 14:29:16,RUT1946,PC-0104,Disconnect
{00000001EFB8-1EA1C425},2010-03-16 14:36:49,JDE8246,PC-0052,Connect
{00000001CFB2-2BB85242},2010-03-16 14:39:57,OET6830,PC-0086,Connect
{00000001CC3A-1244E6BF},2010-03-16 14:50:41,KIX3704,PC-0058,Connect
{00000001C878-3559DAA1},2010-03-16 15:03:06,GRQ1397,PC-0036,Connect
{00000001F046-26D9BEB5},2010-03-16 15:16:13,RUT1946,PC-0104,Connect
{00000001F142-1AAFE0FA},2010-03-16 15:17:49,JDE8246,PC-0052,Disconnect
{00000001E23B-122B7DC5},2010-03-16 15:18:41,KIX3704,PC-0058,Disconnect
{00000001DE79-1AEB43B9},2010-03-16 15:22:06,GRQ1397,PC-0036,Disconnect
{00000001EC5E-2AFEC6F4},2010-03-16 15:26:02,VNI5142,PC-0129,Disconnect
{00000001CAD8-075E5B9D},2010-03-16 15:31:47,JDE8246,PC-0052,Connect
{00000001DD92-0FFD3D66},2010-03-16 15:31:56,EHP1536,PC-0027,Disconnect
{00000001D2E0-30F09705},2010-03-16 15:36:55,SDT4191,PC-0106,Connect
{00000001E0D9-057EBF6D},2010-03-16 15:51:47,JDE8246,PC-0052,Disconnect
{00000001E5B3-347E6DE9},2010-03-16 15:54:57,OET6830,PC-0086,Disconnect
{00000001F1D0-170F394C},2010-03-16 16:16:13,RUT1946,PC-0104,Disconnect
{00000001E8E1-3D8C7EB0},2010-03-16 16:44:55,SDT4191,PC-0106,Disconnect
{00000001C38A-04447169},2010-03-16 16:51:27,ADG1145,PC-0001,Connect
{00000001D98B-1C47CE2D},2010-03-16 17:13:27,ADG1145,PC-0001,Disconnect
{00000001EFB9-17DA9B95},2010-03-16 17:34:48,JDE8246,PC-0052,Connect
{00000001D4AB-2B583231},2010-03-16 17:56:03,UEH9251,PC-0117,Connect
{00000001F143-1FE4936B},2010-03-16 18:26:48,JDE8246,PC-0052,Disconnect
{00000001F2E3-03AC099E},2010-03-16 18:28:32,RUT1946,PC-0104,Connect
{00000001EAAC-2077A124},2010-03-16 19:09:03,UEH9251,PC-0117,Disconnect
{00000001F3AC-362F21A8},2010-03-16 19:18:32,RUT1946,PC-0104,Disconnect
{00000001F2E2-1399F991},2010-03-16 22:57:05,RUT1946,PC-0104,Connect
{00000001F3AB-01963743},2010-03-17 00:22:05,RUT1946,PC-0104,Disconnect
{00000001D0D3-0D1BD26D},2010-03-17 07:05:31,OMU2669,PC-0089,Connect
{00000001D611-27F268CA},2010-03-17 07:07:43,VDL1237,PC-0125,Connect
{00000001CFB5-2D606381},2010-03-17 07:12:43,OET6830,PC-0086,Connect
{00000001E6D4-2ED89306},2010-03-17 07:30:31,OMU2669,PC-0089,Disconnect
{00000001D425-30B64AC0},2010-03-17 07:33:02,TWU8511,PC-0115,Connect
{00000001C811-0758C670},2010-03-17 07:35:01,EYT8043,PC-0030,Connect
{00000001C879-2E71AC69},2010-03-17 07:52:31,GRQ1397,PC-0036,Connect
{00000001DE7A-21FA3719},2010-03-17 07:57:31,GRQ1397,PC-0036,Disconnect
{00000001EA26-0FE52100},2010-03-17 07:59:02,TWU8511,PC-0115,Disconnect
{00000001E5B6-349C47E0},2010-03-17 08:01:43,OET6830,PC-0086,Disconnect
{00000001C38C-0724A24E},2010-03-17 08:13:36,ADG1145,PC-0001,Connect
{00000001EC12-2244820E},2010-03-17 08:15:43,VDL1237,PC-0125,Disconnect
{00000001C684-3512ACB9},2010-03-17 08:36:36,DHG6594,PC-0016,Connect
{00000001DE12-06923D14},2010-03-17 08:49:01,EYT8043,PC-0030,Disconnect
{00000001F04A-3DE69A78},2010-03-17 08:51:01,RUT1946,PC-0104,Connect
{00000001F1D4-14A91695},2010-03-17 08:54:01,RUT1946,PC-0104,Disconnect
{00000001C38D-2132ACC6},2010-03-17 09:07:26,ADG1145,PC-0001,Connect
{00000001D2E3-004C1458},2010-03-17 09:09:14,SDT4191,PC-0106,Connect
{00000001D98D-0B53F112},2010-03-17 09:20:36,ADG1145,PC-0001,Disconnect
{00000001D6EC-073F064E},2010-03-17 09:22:17,WLH0216,PC-0135,Connect
{00000001D2E6-27D9B500},2010-03-17 09:35:08,SDT4191,PC-0106,Connect
{00000001DC85-3CCEF61A},2010-03-17 09:35:36,DHG6594,PC-0016,Disconnect
{00000001E8E4-351E22E8},2010-03-17 09:38:14,SDT4191,PC-0106,Disconnect
{00000001D98E-08705B2C},2010-03-17 09:41:26,ADG1145,PC-0001,Disconnect
{00000001E8E7-31A84874},2010-03-17 09:47:08,SDT4191,PC-0106,Disconnect
{00000001ECED-1A959DCF},2010-03-17 09:57:17,WLH0216,PC-0135,Disconnect
{00000001C94A-1A431DC6},2010-03-17 09:59:47,HVG7968,PC-0044,Connect
{00000001DF4B-06D52268},2010-03-17 10:01:47,HVG7968,PC-0044,Disconnect
{00000001EFBA-090A7253},2010-03-17 10:15:09,JDE8246,PC-0052,Connect
{00000001F144-0F33AAF4},2010-03-17 10:30:09,JDE8246,PC-0052,Disconnect
{00000001C685-3D9D0C24},2010-03-17 10:39:45,DHG6594,PC-0016,Connect
{00000001CB77-23FF715E},2010-03-17 10:45:46,JMM0438,PC-0053,Connect
{00000001D033-1FDCD237},2010-03-17 10:51:39,OLN5687,PC-0088,Connect
{00000001E178-34BACDC2},2010-03-17 10:58:46,JMM0438,PC-0053,Disconnect
{00000001DC86-24E34ACE},2010-03-17 11:16:45,DHG6594,PC-0016,Disconnect
{00000001F049-328B9C71},2010-03-17 11:25:47,RUT1946,PC-0104,Connect
{00000001D2E5-1180C8C2},2010-03-17 11:33:48,SDT4191,PC-0106,Connect
{00000001CFB3-34CF7BDE},2010-03-17 11:49:15,OET6830,PC-0086,Connect
{00000001E634-0E237B66},2010-03-17 12:01:39,OLN5687,PC-0088,Disconnect
{00000001E8E6-3A626028},2010-03-17 12:03:48,SDT4191,PC-0106,Disconnect
{00000001C38B-1F7FF334},2010-03-17 12:07:01,ADG1145,PC-0001,Connect
{00000001EFBF-1BE7FE9D},2010-03-17 12:12:29,JDE8246,PC-0052,Connect
{00000001EFBD-2609484D},2010-03-17 12:16:33,JDE8246,PC-0052,Connect
{00000001CFB4-0F0FB158},2010-03-17 12:20:35,OET6830,PC-0086,Connect
{00000001D2E7-3DE88622},2010-03-17 12:22:08,SDT4191,PC-0106,Connect
{00000001D98C-236ADD9B},2010-03-17 12:32:01,ADG1145,PC-0001,Disconnect
{00000001F1D3-2926C626},2010-03-17 12:36:47,RUT1946,PC-0104,Disconnect
{00000001F149-3924BF19},2010-03-17 12:40:29,JDE8246,PC-0052,Disconnect
{00000001F147-2FF4540D},2010-03-17 12:59:33,JDE8246,PC-0052,Disconnect
{00000001C94C-3079A327},2010-03-17 13:06:09,HVG7968,PC-0044,Connect
{00000001D74B-3897D32E},2010-03-17 13:06:55,XGF2493,PC-0139,Connect
{00000001E5B4-2AB6875E},2010-03-17 13:15:15,OET6830,PC-0086,Disconnect
{00000001D0D2-3B9A28AB},2010-03-17 13:17:30,OMU2669,PC-0089,Connect
{00000001D5E7-2A3C1E6E},2010-03-17 13:21:33,UUU6648,PC-0122,Connect
{00000001C821-22B68F59},2010-03-17 13:23:45,FCN9756,PC-0031,Connect
{00000001D94D-1713C5D9},2010-03-17 13:24:24,ZWA2339,PC-0158,Connect
{00000001E8E8-1EE2B943},2010-03-17 13:27:08,SDT4191,PC-0106,Disconnect
{00000001E5B5-3A6753F1},2010-03-17 13:29:35,OET6830,PC-0086,Disconnect
{00000001D19B-0A38D28A},2010-03-17 13:37:14,QSC3123,PC-0100,Connect
{00000001D612-3A90B66C},2010-03-17 13:38:10,VDL1237,PC-0125,Connect
{00000001EF4E-22F2F93E},2010-03-17 13:49:24,ZWA2339,PC-0158,Disconnect
{00000001C795-17073AC9},2010-03-17 14:04:46,EHP1536,PC-0027,Connect
{00000001EBE8-12121016},2010-03-17 14:05:33,UUU6648,PC-0122,Disconnect
{00000001DE22-378563AA},2010-03-17 14:13:45,FCN9756,PC-0031,Disconnect
{00000001D80D-023FF4BC},2010-03-17 14:15:00,YIO5206,PC-0146,Connect
{00000001DF4D-17B26CF3},2010-03-17 14:15:09,HVG7968,PC-0044,Disconnect
{00000001C94B-1142EC1E},2010-03-17 14:15:17,HVG7968,PC-0044,Connect
{00000001EE0E-079F1C61},2010-03-17 14:26:00,YIO5206,PC-0146,Disconnect
{00000001E6D3-00C17E17},2010-03-17 14:27:30,OMU2669,PC-0089,Disconnect
{00000001ED4C-0AC48A57},2010-03-17 14:33:55,XGF2493,PC-0139,Disconnect
{00000001C739-214E7FC1},2010-03-17 14:36:47,DNM3159,PC-0019,Connect
{00000001E79C-062633A0},2010-03-17 14:48:14,QSC3123,PC-0100,Disconnect
{00000001DF4C-210E291A},2010-03-17 14:49:17,HVG7968,PC-0044,Disconnect
{00000001EC13-0857599B},2010-03-17 15:07:10,VDL1237,PC-0125,Disconnect
{00000001DD96-1401A90C},2010-03-17 15:07:46,EHP1536,PC-0027,Disconnect
{00000001DD3A-34E07D19},2010-03-17 15:29:47,DNM3159,PC-0019,Disconnect
{00000001EFBB-032F1713},2010-03-17 15:42:55,JDE8246,PC-0052,Connect
{00000001D3D1-13C46850},2010-03-17 15:46:10,TVL8047,PC-0114,Connect
{00000001F145-378C66FD},2010-03-17 16:07:55,JDE8246,PC-0052,Disconnect
{00000001EFBE-28D1215D},2010-03-17 16:12:38,JDE8246,PC-0052,Connect
{00000001EFC0-277D43B9},2010-03-17 16:35:49,JDE8246,PC-0052,Connect
{00000001E9D2-35BC9693},2010-03-17 16:36:10,TVL8047,PC-0114,Disconnect
{00000001C683-0722D5C8},2010-03-17 16:50:52,DHG6594,PC-0016,Connect
{00000001C8E0-246056DC},2010-03-17 16:54:50,GUG7168,PC-0037,Connect
{00000001DC84-3D6E493D},2010-03-17 16:55:52,DHG6594,PC-0016,Disconnect
{00000001CC3B-3FA75466},2010-03-17 17:16:39,KIX3704,PC-0058,Connect
{00000001D100-1D6B83CF},2010-03-17 17:17:44,OYC3975,PC-0091,Connect
{00000001EFBC-07B68C3B},2010-03-17 17:18:24,JDE8246,PC-0052,Connect
{00000001D372-1A77971A},2010-03-17 17:19:29,SHV5792,PC-0108,Connect
{00000001E23C-0776959F},2010-03-17 17:26:39,KIX3704,PC-0058,Disconnect
{00000001F148-18C6A196},2010-03-17 17:35:38,JDE8246,PC-0052,Disconnect
{00000001F14A-266D00FF},2010-03-17 17:41:49,JDE8246,PC-0052,Disconnect
{00000001E701-0DBEFEBC},2010-03-17 17:43:44,OYC3975,PC-0091,Disconnect
{00000001D2E4-2635B8C1},2010-03-17 17:50:33,SDT4191,PC-0106,Connect
{00000001E973-07BBB826},2010-03-17 17:51:29,SHV5792,PC-0108,Disconnect
{00000001E8E5-3B8EF9AE},2010-03-17 18:05:33,SDT4191,PC-0106,Disconnect
{00000001DEE1-03285218},2010-03-17 18:21:50,GUG7168,PC-0037,Disconnect
{00000001F146-39BF64C7},2010-03-17 18:24:24,JDE8246,PC-0052,Disconnect
{00000001F2E5-1C578BA2},2010-03-17 19:54:53,RUT1946,PC-0104,Connect
{00000001F3AE-3E7F0DC1},2010-03-17 20:42:53,RUT1946,PC-0104,Disconnect
{00000001F2E4-19501431},2010-03-17 22:14:59,RUT1946,PC-0104,Connect
{00000001F3AD-1FAE03DC},2010-03-17 23:31:59,RUT1946,PC-0104,Disconnect
{00000001F2E6-06E0DFDA},2010-03-18 06:56:21,RUT1946,PC-0104,Connect
{00000001C87A-27E24786},2010-03-18 07:08:12,GRQ1397,PC-0036,Connect
{00000001D4E7-299376D2},2010-03-18 07:18:19,UKR6395,PC-0118,Connect
{00000001EAE8-3FD81492},2010-03-18 07:22:19,UKR6395,PC-0118,Disconnect
{00000001CD09-39B740D1},2010-03-18 07:49:45,KYR0991,PC-0061,Connect
{00000001C87C-097B9C0E},2010-03-18 08:02:10,GRQ1397,PC-0036,Connect
{00000001E30A-13C6EEF2},2010-03-18 08:15:45,KYR0991,PC-0061,Disconnect
{00000001CB7C-03C6F82C},2010-03-18 08:21:39,JMM0438,PC-0053,Connect
{00000001F3AF-0CEE928B},2010-03-18 08:23:21,RUT1946,PC-0104,Disconnect
{00000001EFC1-2FBCBD16},2010-03-18 08:26:06,JDE8246,PC-0052,Connect
{00000001C686-1818846E},2010-03-18 08:31:48,DHG6594,PC-0016,Connect
{00000001DE7B-3209B74B},2010-03-18 08:32:12,GRQ1397,PC-0036,Disconnect
{00000001F14B-1CF8325F},2010-03-18 08:49:06,JDE8246,PC-0052,Disconnect
{00000001E17D-2DAAAEE0},2010-03-18 08:58:39,JMM0438,PC-0053,Disconnect
{00000001F04C-323F8E54},2010-03-18 08:59:32,RUT1946,PC-0104,Connect
{00000001CC3C-2C53D7B2},2010-03-18 09:18:29,KIX3704,PC-0058,Connect
{00000001DE7D-1FC2F433},2010-03-18 09:31:10,GRQ1397,PC-0036,Disconnect
{00000001DC87-31FBFB7B},2010-03-18 09:32:48,DHG6594,PC-0016,Disconnect
{00000001F1D6-0B5632EF},2010-03-18 09:40:32,RUT1946,PC-0104,Disconnect
{00000001E23D-3905517E},2010-03-18 09:49:29,KIX3704,PC-0058,Disconnect
{00000001F04D-2597A250},2010-03-18 10:39:53,RUT1946,PC-0104,Connect
{00000001D034-18207905},2010-03-18 10:52:08,OLN5687,PC-0088,Connect
{00000001C9E9-2D814C44},2010-03-18 11:24:22,IAC0900,PC-0045,Connect
{00000001C687-1FA64F11},2010-03-18 11:30:01,DHG6594,PC-0016,Connect
{00000001DC88-32BCF71F},2010-03-18 11:32:01,DHG6594,PC-0016,Disconnect
{00000001CB79-3A897A0A},2010-03-18 11:40:46,JMM0438,PC-0053,Connect
{00000001E635-0524FDCD},2010-03-18 11:42:08,OLN5687,PC-0088,Disconnect
{00000001F1D7-0C2D7229},2010-03-18 11:52:53,RUT1946,PC-0104,Disconnect
{00000001D87F-14626416},2010-03-18 11:53:42,YST5811,PC-0149,Connect
{00000001CB7B-29F43676},2010-03-18 11:59:56,JMM0438,PC-0053,Connect
{00000001CF0F-3900217D},2010-03-18 12:12:22,NRU3936,PC-0083,Connect
{00000001EE80-23A082A4},2010-03-18 12:12:42,YST5811,PC-0149,Disconnect
{00000001EFC2-3E2B6621},2010-03-18 12:13:07,JDE8246,PC-0052,Connect
{00000001DFEA-01407DC5},2010-03-18 12:26:22,IAC0900,PC-0045,Disconnect
{00000001D7AB-06C61EA1},2010-03-18 12:32:45,YDM6963,PC-0145,Connect
{00000001EDAC-2FEE9880},2010-03-18 12:40:45,YDM6963,PC-0145,Disconnect
{00000001E17C-07B7A3E4},2010-03-18 12:48:56,JMM0438,PC-0053,Disconnect
{00000001E17A-3809CA8E},2010-03-18 12:51:46,JMM0438,PC-0053,Disconnect
{00000001C53F-186B1C6B},2010-03-18 13:03:03,CQZ8674,PC-0013,Connect
{00000001E510-2489B81D},2010-03-18 13:07:22,NRU3936,PC-0083,Disconnect
{00000001F14C-2BFFC6E2},2010-03-18 13:09:07,JDE8246,PC-0052,Disconnect
{00000001C94F-06738E46},2010-03-18 13:11:50,HVG7968,PC-0044,Connect
{00000001C5D9-0D5548D5},2010-03-18 13:12:07,CVC0519,PC-0015,Connect
{00000001F04B-374E54BA},2010-03-18 13:32:34,RUT1946,PC-0104,Connect
{00000001DB40-3669C016},2010-03-18 13:36:03,CQZ8674,PC-0013,Disconnect
{00000001CB7A-17173101},2010-03-18 13:37:26,JMM0438,PC-0053,Connect
{00000001C87B-05FF6E3C},2010-03-18 14:04:24,GRQ1397,PC-0036,Connect
{00000001C540-18828D25},2010-03-18 14:05:55,CQZ8674,PC-0013,Connect
{00000001D74C-0901AC09},2010-03-18 14:12:39,XGF2493,PC-0139,Connect
{00000001DE7C-1340A902},2010-03-18 14:22:24,GRQ1397,PC-0036,Disconnect
{00000001E17B-1156BA57},2010-03-18 14:22:26,JMM0438,PC-0053,Disconnect
{00000001F1D5-2AF1CF11},2010-03-18 14:25:34,RUT1946,PC-0104,Disconnect
{00000001DBDA-3CEC9FAB},2010-03-18 14:32:07,CVC0519,PC-0015,Disconnect
{00000001D12D-247C294B},2010-03-18 14:34:49,QCT4158,PC-0097,Connect
{00000001DF50-34E063A1},2010-03-18 14:37:50,HVG7968,PC-0044,Disconnect
{00000001D7AC-0305303E},2010-03-18 14:40:18,YDM6963,PC-0145,Connect
{00000001C38F-290FA165},2010-03-18 14:46:33,ADG1145,PC-0001,Connect
{00000001DB41-32FED37C},2010-03-18 15:02:55,CQZ8674,PC-0013,Disconnect
{00000001D613-2D71EE08},2010-03-18 15:04:59,VDL1237,PC-0125,Connect
{00000001C94E-070ACC75},2010-03-18 15:10:28,HVG7968,PC-0044,Connect
{00000001DF4F-3BA12359},2010-03-18 15:16:28,HVG7968,PC-0044,Disconnect
{00000001CD91-2A90C52D},2010-03-18 15:17:40,LRR4710,PC-0067,Connect
{00000001EC14-25934640},2010-03-18 15:19:59,VDL1237,PC-0125,Disconnect
{00000001D990-3B9B4031},2010-03-18 15:22:33,ADG1145,PC-0001,Disconnect
{00000001C94D-0276FD10},2010-03-18 15:22:56,HVG7968,PC-0044,Connect
{00000001E392-175B21A7},2010-03-18 15:24:40,LRR4710,PC-0067,Disconnect
{00000001EDAD-06130397},2010-03-18 15:26:18,YDM6963,PC-0145,Disconnect
{00000001DF4E-0ABFEAFB},2010-03-18 15:28:56,HVG7968,PC-0044,Disconnect
{00000001ED4D-11CE44C7},2010-03-18 15:33:39,XGF2493,PC-0139,Disconnect
{00000001E72E-26E435E5},2010-03-18 15:40:49,QCT4158,PC-0097,Disconnect
{00000001C38E-0A112430},2010-03-18 15:45:43,ADG1145,PC-0001,Connect
{00000001C53E-099D8E74},2010-03-18 15:47:52,CQZ8674,PC-0013,Connect
{00000001D544-20A79865},2010-03-18 16:05:07,UQK8227,PC-0120,Connect
{00000001CAD9-2F308827},2010-03-18 16:12:05,JDE8246,PC-0052,Connect
{00000001E0DA-0F8DA6E5},2010-03-18 16:21:05,JDE8246,PC-0052,Disconnect
{00000001DB3F-177D6CC5},2010-03-18 16:28:52,CQZ8674,PC-0013,Disconnect
{00000001D94E-362FD81A},2010-03-18 16:34:48,ZWA2339,PC-0158,Connect
{00000001D98F-1EA0898F},2010-03-18 16:36:43,ADG1145,PC-0001,Disconnect
{00000001F04E-364A2412},2010-03-18 16:54:06,RUT1946,PC-0104,Connect
{00000001C5DA-1E9C5653},2010-03-18 16:55:31,CVC0519,PC-0015,Connect
{00000001D543-2161C6B1},2010-03-18 16:57:08,UQK8227,PC-0120,Connect
{00000001EF4F-390F3A83},2010-03-18 17:02:48,ZWA2339,PC-0158,Disconnect
{00000001EB45-2EAA7865},2010-03-18 17:20:07,UQK8227,PC-0120,Disconnect
{00000001DBDB-1E778EE7},2010-03-18 17:24:31,CVC0519,PC-0015,Disconnect
{00000001CB78-093CC5AF},2010-03-18 17:25:28,JMM0438,PC-0053,Connect
{00000001D8B4-11A93CF3},2010-03-18 17:29:19,ZIF9528,PC-0154,Connect
{00000001EB44-04FAE639},2010-03-18 17:56:08,UQK8227,PC-0120,Disconnect
{00000001F1D8-216706EC},2010-03-18 17:58:06,RUT1946,PC-0104,Disconnect
{00000001EEB5-29E4C3A1},2010-03-18 18:37:19,ZIF9528,PC-0154,Disconnect
{00000001E179-0BD5C773},2010-03-18 18:50:28,JMM0438,PC-0053,Disconnect
{00000001D4E8-08E82151},2010-03-19 07:00:32,UKR6395,PC-0118,Connect
{00000001C688-1A27647B},2010-03-19 07:06:53,DHG6594,PC-0016,Connect
{00000001D230-0274773A},2010-03-19 07:10:33,RUT1946,PC-0104,Connect
{00000001D22F-1D65097B},2010-03-19 07:16:22,RUT1946,PC-0104,Connect
{00000001EAE9-23E3ECB5},2010-03-19 07:22:32,UKR6395,PC-0118,Disconnect
{00000001DC89-2E5A5B1D},2010-03-19 07:40:53,DHG6594,PC-0016,Disconnect
{00000001C390-06196EED},2010-03-19 07:51:08,ADG1145,PC-0001,Connect
{00000001C87E-2A11FEE5},2010-03-19 08:11:22,GRQ1397,PC-0036,Connect
{00000001E830-11985449},2010-03-19 08:16:22,RUT1946,PC-0104,Disconnect
{00000001F051-1E24144C},2010-03-19 08:16:58,RUT1946,PC-0104,Connect
{00000001CDF2-37DF5291},2010-03-19 08:17:28,MDR4757,PC-0071,Connect
{00000001E3F3-278BA312},2010-03-19 08:24:28,MDR4757,PC-0071,Disconnect
{00000001D991-145EF164},2010-03-19 08:31:08,ADG1145,PC-0001,Disconnect
{00000001E831-040A43E8},2010-03-19 08:33:33,RUT1946,PC-0104,Disconnect
{00000001F1DB-24C9EBB3},2010-03-19 08:37:58,RUT1946,PC-0104,Disconnect
{00000001CF11-3C8FAF21},2010-03-19 08:41:13,NRU3936,PC-0083,Connect
{00000001E512-24B73752},2010-03-19 08:45:13,NRU3936,PC-0083,Disconnect
{00000001C87D-3777D387},2010-03-19 08:49:54,GRQ1397,PC-0036,Connect
{00000001DE7F-2419853D},2010-03-19 08:50:22,GRQ1397,PC-0036,Disconnect
{00000001C9EA-3BF7F40E},2010-03-19 09:35:46,IAC0900,PC-0045,Connect
{00000001F050-2C12B37F},2010-03-19 09:48:22,RUT1946,PC-0104,Connect
{00000001CE47-14B4CCED},2010-03-19 09:55:38,MSH7807,PC-0075,Connect
{00000001CB7F-18268DFF},2010-03-19 09:57:49,JMM0438,PC-0053,Connect
{00000001D426-2E95B929},2010-03-19 09:59:40,TWU8511,PC-0115,Connect
{00000001D19C-11F9B0F4},2010-03-19 10:02:45,QSC3123,PC-0100,Connect
{00000001E79D-10FE1F59},2010-03-19 10:11:45,QSC3123,PC-0100,Disconnect
{00000001DE7E-0BD47429},2010-03-19 10:17:54,GRQ1397,PC-0036,Disconnect
{00000001CB7E-146AE0E7},2010-03-19 10:54:06,JMM0438,PC-0053,Connect
{00000001CD0A-1914FEDA},2010-03-19 10:58:04,KYR0991,PC-0061,Connect
{00000001DFEB-2222554C},2010-03-19 10:58:46,IAC0900,PC-0045,Disconnect
{00000001E448-2117CA1B},2010-03-19 10:59:38,MSH7807,PC-0075,Disconnect
{00000001E180-1E6D03DF},2010-03-19 11:01:49,JMM0438,PC-0053,Disconnect
{00000001E30B-22101638},2010-03-19 11:02:04,KYR0991,PC-0061,Disconnect
{00000001F1DA-19B19AB5},2010-03-19 11:02:22,RUT1946,PC-0104,Disconnect
{00000001EA27-377886B0},2010-03-19 11:02:40,TWU8511,PC-0115,Disconnect
{00000001EFC3-3C963136},2010-03-19 11:05:17,JDE8246,PC-0052,Connect
{00000001D375-276FE481},2010-03-19 11:12:17,SHV5792,PC-0108,Connect
{00000001E17F-0F9A63A4},2010-03-19 11:22:06,JMM0438,PC-0053,Disconnect
{00000001F14D-1DCC2D83},2010-03-19 11:22:17,JDE8246,PC-0052,Disconnect
{00000001D036-18F4D9AF},2010-03-19 11:44:27,OLN5687,PC-0088,Connect
{00000001EFC4-1B57210E},2010-03-19 11:50:08,JDE8246,PC-0052,Connect
{00000001E976-2AF951A9},2010-03-19 11:54:17,SHV5792,PC-0108,Disconnect
{00000001E637-1D8E3177},2010-03-19 12:05:27,OLN5687,PC-0088,Disconnect
{00000001D427-2DECF61E},2010-03-19 12:14:38,TWU8511,PC-0115,Connect
{00000001C488-370794A4},2010-03-19 12:29:05,AZE5960,PC-0006,Connect
{00000001CB7D-14374302},2010-03-19 12:49:30,JMM0438,PC-0053,Connect
{00000001EA28-2005C7A0},2010-03-19 12:52:38,TWU8511,PC-0115,Disconnect
{00000001F14E-2B9371FF},2010-03-19 12:53:08,JDE8246,PC-0052,Disconnect
{00000001D6ED-2E3F85F6},2010-03-19 12:56:06,WLH0216,PC-0135,Connect
{00000001D374-368CACC3},2010-03-19 13:13:22,SHV5792,PC-0108,Connect
{00000001D376-2D37A893},2010-03-19 13:22:10,SHV5792,PC-0108,Connect
{00000001DA89-293E2D59},2010-03-19 13:32:05,AZE5960,PC-0006,Disconnect
{00000001CDDB-01C39781},2010-03-19 13:32:16,MAP5551,PC-0070,Connect
{00000001E975-17D2DB36},2010-03-19 13:55:22,SHV5792,PC-0108,Disconnect
{00000001E3DC-13866A94},2010-03-19 14:02:16,MAP5551,PC-0070,Disconnect
{00000001F04F-037FAA07},2010-03-19 14:10:13,RUT1946,PC-0104,Connect
{00000001E17E-06B01AE0},2010-03-19 14:12:30,JMM0438,PC-0053,Disconnect
{00000001E977-04D3EDC1},2010-03-19 14:16:10,SHV5792,PC-0108,Disconnect
{00000001D7AD-181A04C7},2010-03-19 14:18:03,YDM6963,PC-0145,Connect
{00000001ECEE-05EAD495},2010-03-19 14:24:06,WLH0216,PC-0135,Disconnect
{00000001EDAE-2B6E2A20},2010-03-19 14:30:03,YDM6963,PC-0145,Disconnect
{00000001D74E-3A8F014C},2010-03-19 14:42:13,XGF2493,PC-0139,Connect
{00000001CF10-1F63E861},2010-03-19 14:59:47,NRU3936,PC-0083,Connect
{00000001E511-3C614D91},2010-03-19 15:07:47,NRU3936,PC-0083,Disconnect
{00000001F1D9-14F231A6},2010-03-19 15:12:13,RUT1946,PC-0104,Disconnect
{00000001D6EE-23F39A1B},2010-03-19 15:21:57,WLH0216,PC-0135,Connect
{00000001ED4F-2ECBD4E8},2010-03-19 15:48:13,XGF2493,PC-0139,Disconnect
{00000001D035-1ABFFAFC},2010-03-19 15:48:30,OLN5687,PC-0088,Connect
{00000001C796-0D9D3728},2010-03-19 16:15:14,EHP1536,PC-0027,Connect
{00000001C5DB-2055C041},2010-03-19 16:20:57,CVC0519,PC-0015,Connect
{00000001CD0B-3FCDE12B},2010-03-19 16:21:04,KYR0991,PC-0061,Connect
{00000001D373-017FBAA2},2010-03-19 16:23:03,SHV5792,PC-0108,Connect
{00000001E30C-17E6FA61},2010-03-19 16:31:04,KYR0991,PC-0061,Disconnect
{00000001ECEF-1C97E80E},2010-03-19 16:41:57,WLH0216,PC-0135,Disconnect
{00000001CB80-2D8C60FF},2010-03-19 16:49:16,JMM0438,PC-0053,Connect
{00000001E636-178508F8},2010-03-19 17:04:30,OLN5687,PC-0088,Disconnect
{00000001D94F-3869605C},2010-03-19 17:05:44,ZWA2339,PC-0158,Connect
{00000001D4E9-25B70D12},2010-03-19 17:19:14,UKR6395,PC-0118,Connect
{00000001DBDC-0882E9B9},2010-03-19 17:26:57,CVC0519,PC-0015,Disconnect
{00000001D74D-096B1CEE},2010-03-19 17:31:47,XGF2493,PC-0139,Connect
{00000001E974-2808DC72},2010-03-19 17:33:03,SHV5792,PC-0108,Disconnect
{00000001E181-3EA80DD4},2010-03-19 17:33:16,JMM0438,PC-0053,Disconnect
{00000001DD97-13C55F03},2010-03-19 17:36:14,EHP1536,PC-0027,Disconnect
{00000001EAEA-0FA128A9},2010-03-19 17:42:14,UKR6395,PC-0118,Disconnect
{00000001ED4E-2B9911D9},2010-03-19 17:55:47,XGF2493,PC-0139,Disconnect
{00000001EF50-2667BDF7},2010-03-19 17:58:44,ZWA2339,PC-0158,Disconnect
{00000001F2E7-1A143A5E},2010-03-19 23:11:38,RUT1946,PC-0104,Connect
{00000001F3B0-350FE16C},2010-03-20 00:02:38,RUT1946,PC-0104,Disconnect
{00000001C797-14A53A5F},2010-03-22 07:18:18,EHP1536,PC-0027,Connect
{00000001CC3E-06C19A2B},2010-03-22 07:45:28,KIX3704,PC-0058,Connect
{00000001DD98-1FD417B5},2010-03-22 08:22:18,EHP1536,PC-0027,Disconnect
{00000001E23F-36C687BF},2010-03-22 08:47:28,KIX3704,PC-0058,Disconnect
{00000001CF13-0167A730},2010-03-22 09:11:33,NRU3936,PC-0083,Connect
{00000001E514-0FF86BFB},2010-03-22 09:14:33,NRU3936,PC-0083,Disconnect
{00000001C5DC-267B3CD4},2010-03-22 09:15:11,CVC0519,PC-0015,Connect
{00000001D80E-251C257B},2010-03-22 09:29:22,YIO5206,PC-0146,Connect
{00000001EE0F-31C40097},2010-03-22 09:51:22,YIO5206,PC-0146,Disconnect
{00000001CE48-38B75DC9},2010-03-22 10:05:48,MSH7807,PC-0075,Connect
{00000001CEC9-2071C066},2010-03-22 10:09:30,NRI9556,PC-0082,Connect
{00000001E449-30E5A847},2010-03-22 10:10:48,MSH7807,PC-0075,Disconnect
{00000001DBDD-3A9DB430},2010-03-22 10:16:11,CVC0519,PC-0015,Disconnect
{00000001C799-2F2BEDD9},2010-03-22 10:29:03,EHP1536,PC-0027,Connect
{00000001D0D4-09889E3F},2010-03-22 10:34:10,OMU2669,PC-0089,Connect
{00000001CF12-2743D1D2},2010-03-22 10:37:29,NRU3936,PC-0083,Connect
{00000001E513-067AD10E},2010-03-22 10:42:29,NRU3936,PC-0083,Disconnect
{00000001C798-091C3A06},2010-03-22 11:15:10,EHP1536,PC-0027,Connect
{00000001E4CA-0B2CECAD},2010-03-22 11:15:30,NRI9556,PC-0082,Disconnect
{00000001D4EA-385A0D7C},2010-03-22 11:18:39,UKR6395,PC-0118,Connect
{00000001C950-340D13CD},2010-03-22 11:27:25,HVG7968,PC-0044,Connect
{00000001DF51-1176F8E2},2010-03-22 11:38:25,HVG7968,PC-0044,Disconnect
{00000001DD9A-317C5C11},2010-03-22 11:49:03,EHP1536,PC-0027,Disconnect
{00000001CC40-092BCA3D},2010-03-22 11:53:37,KIX3704,PC-0058,Connect
{00000001EAEB-37DC9787},2010-03-22 11:53:39,UKR6395,PC-0118,Disconnect
{00000001D231-20B431DD},2010-03-22 11:59:22,RUT1946,PC-0104,Connect
{00000001E6D5-0F908128},2010-03-22 12:00:10,OMU2669,PC-0089,Disconnect
{00000001E832-099BBAB1},2010-03-22 12:08:22,RUT1946,PC-0104,Disconnect
{00000001D74F-15B2E7EE},2010-03-22 12:09:44,XGF2493,PC-0139,Connect
{00000001DD99-1DCFA055},2010-03-22 12:11:10,EHP1536,PC-0027,Disconnect
{00000001CC3F-20F01649},2010-03-22 12:11:55,KIX3704,PC-0058,Connect
{00000001E240-253F35F2},2010-03-22 12:14:55,KIX3704,PC-0058,Disconnect
{00000001C5DD-06908F86},2010-03-22 12:18:41,CVC0519,PC-0015,Connect
{00000001E241-0BDFD0A9},2010-03-22 12:20:37,KIX3704,PC-0058,Disconnect
{00000001CE72-16B85A06},2010-03-22 13:05:56,NBM1814,PC-0077,Connect
{00000001ED50-2427D895},2010-03-22 13:07:44,XGF2493,PC-0139,Disconnect
{00000001C489-23E202E8},2010-03-22 13:12:08,AZE5960,PC-0006,Connect
{00000001DBDE-1710F641},2010-03-22 13:21:41,CVC0519,PC-0015,Disconnect
{00000001CCC6-2A0FBB16},2010-03-22 13:23:01,KJX0944,PC-0059,Connect
{00000001EFC7-014236C9},2010-03-22 13:35:51,JDE8246,PC-0052,Connect
{00000001E2C7-02365905},2010-03-22 13:48:01,KJX0944,PC-0059,Disconnect
{00000001F151-0965D7FA},2010-03-22 13:49:51,JDE8246,PC-0052,Disconnect
{00000001E473-3843012F},2010-03-22 13:51:56,NBM1814,PC-0077,Disconnect
{00000001DA8A-39340527},2010-03-22 13:54:08,AZE5960,PC-0006,Disconnect
{00000001D19D-1D3DBC92},2010-03-22 14:11:31,QSC3123,PC-0100,Connect
{00000001CE71-2A05B35C},2010-03-22 14:31:26,NBM1814,PC-0077,Connect
{00000001CC41-05A204DB},2010-03-22 14:39:12,KIX3704,PC-0058,Connect
{00000001E472-3212F1B5},2010-03-22 14:40:26,NBM1814,PC-0077,Disconnect
{00000001C689-35130F9B},2010-03-22 14:41:49,DHG6594,PC-0016,Connect
{00000001C822-3351B31D},2010-03-22 14:44:49,FCN9756,PC-0031,Connect
{00000001D037-2ECA41CE},2010-03-22 14:47:55,OLN5687,PC-0088,Connect
{00000001D0D5-15AD4832},2010-03-22 14:53:15,OMU2669,PC-0089,Connect
{00000001D14C-002FDB02},2010-03-22 14:58:21,QHQ5150,PC-0098,Connect
{00000001E79E-282CCC54},2010-03-22 15:03:31,QSC3123,PC-0100,Disconnect
{00000001E6D6-1711DC29},2010-03-22 15:05:15,OMU2669,PC-0089,Disconnect
{00000001E638-1C56980C},2010-03-22 15:09:55,OLN5687,PC-0088,Disconnect
{00000001DC8A-22369599},2010-03-22 15:21:49,DHG6594,PC-0016,Disconnect
{00000001D5E8-0FC55DD1},2010-03-22 15:23:01,UUU6648,PC-0122,Connect
{00000001C4A2-15A24FB9},2010-03-22 15:25:28,BFH3103,PC-0007,Connect
{00000001D2E8-1D49D9C7},2010-03-22 15:28:43,SDT4191,PC-0106,Connect
{00000001C541-316F73E6},2010-03-22 15:28:45,CQZ8674,PC-0013,Connect
{00000001E74D-01BD14E8},2010-03-22 15:30:21,QHQ5150,PC-0098,Disconnect
{00000001DE23-39155C9A},2010-03-22 15:40:49,FCN9756,PC-0031,Disconnect
{00000001EFC5-01A58F11},2010-03-22 15:45:03,JDE8246,PC-0052,Connect
{00000001E242-3FF6F74A},2010-03-22 15:48:12,KIX3704,PC-0058,Disconnect
{00000001CA25-10C838CC},2010-03-22 15:48:19,IDI9618,PC-0048,Connect
{00000001DAA3-1C699F58},2010-03-22 15:50:28,BFH3103,PC-0007,Disconnect
{00000001DB42-3840CDE1},2010-03-22 16:09:45,CQZ8674,PC-0013,Disconnect
{00000001CC3D-3AA6AAEB},2010-03-22 16:27:27,KIX3704,PC-0058,Connect
{00000001CB81-067D2047},2010-03-22 16:37:04,JMM0438,PC-0053,Connect
{00000001E23E-2FBBD3FF},2010-03-22 16:37:27,KIX3704,PC-0058,Disconnect
{00000001EBE9-38E74066},2010-03-22 16:41:01,UUU6648,PC-0122,Disconnect
{00000001E026-2C3CA4AB},2010-03-22 16:50:19,IDI9618,PC-0048,Disconnect
{00000001E8E9-1F5540BC},2010-03-22 16:54:43,SDT4191,PC-0106,Disconnect
{00000001F14F-05E26EF5},2010-03-22 17:12:03,JDE8246,PC-0052,Disconnect
{00000001E182-02BAAE8D},2010-03-22 17:14:04,JMM0438,PC-0053,Disconnect
{00000001EFC6-15D8D684},2010-03-22 17:20:09,JDE8246,PC-0052,Connect
{00000001F150-34F4C290},2010-03-22 17:23:09,JDE8246,PC-0052,Disconnect
{00000001D4EB-03672876},2010-03-22 17:50:03,UKR6395,PC-0118,Connect
{00000001EAEC-3C7D9D54},2010-03-22 18:14:03,UKR6395,PC-0118,Disconnect
{00000001CDDC-2DE1BCE1},2010-03-23 07:26:14,MAP5551,PC-0070,Connect
{00000001CA7C-1553B8B9},2010-03-23 07:35:42,IVL8082,PC-0051,Connect
{00000001D8B5-07F0AAFE},2010-03-23 07:41:40,ZIF9528,PC-0154,Connect
{00000001EEB6-2E00F78C},2010-03-23 07:43:40,ZIF9528,PC-0154,Disconnect
{00000001D599-1C7A8E79},2010-03-23 07:59:50,USS4618,PC-0121,Connect
{00000001C73A-39E9D679},2010-03-23 08:04:55,DNM3159,PC-0019,Connect
{00000001CC42-19A5E12B},2010-03-23 08:08:18,KIX3704,PC-0058,Connect
{00000001E3DD-3B5D0D1C},2010-03-23 08:22:14,MAP5551,PC-0070,Disconnect
{00000001CF14-1E9C3D4F},2010-03-23 08:34:07,NRU3936,PC-0083,Connect
{00000001EB9A-08C3F5E1},2010-03-23 08:42:50,USS4618,PC-0121,Disconnect
{00000001E07D-387DA74A},2010-03-23 08:49:42,IVL8082,PC-0051,Disconnect
{00000001DD3B-1B846537},2010-03-23 08:52:55,DNM3159,PC-0019,Disconnect
{00000001D19F-25D89E90},2010-03-23 09:03:31,QSC3123,PC-0100,Connect
{00000001E515-1DADA926},2010-03-23 09:07:07,NRU3936,PC-0083,Disconnect
{00000001E243-032E6C5E},2010-03-23 09:24:18,KIX3704,PC-0058,Disconnect
{00000001D65E-05841790},2010-03-23 09:32:32,VNI5142,PC-0129,Connect
{00000001E7A0-148F3C39},2010-03-23 09:49:31,QSC3123,PC-0100,Disconnect
{00000001EC5F-14B2626D},2010-03-23 09:52:32,VNI5142,PC-0129,Disconnect
{00000001D429-2FA6CC24},2010-03-23 10:09:39,TWU8511,PC-0115,Connect
{00000001D038-1C9D6D74},2010-03-23 10:14:47,OLN5687,PC-0088,Connect
{00000001D428-00B5C2B2},2010-03-23 10:51:42,TWU8511,PC-0115,Connect
{00000001D598-19AF822B},2010-03-23 10:59:38,USS4618,PC-0121,Connect
{00000001CD85-22AED13F},2010-03-23 10:59:49,LMQ7847,PC-0066,Connect
{00000001EB99-3CF73F92},2010-03-23 11:12:38,USS4618,PC-0121,Disconnect
{00000001D42A-1E50EE98},2010-03-23 11:14:09,TWU8511,PC-0115,Connect
{00000001EA2A-0636ED99},2010-03-23 11:14:39,TWU8511,PC-0115,Disconnect
{00000001D19E-1FBC1893},2010-03-23 11:19:30,QSC3123,PC-0100,Connect
{00000001E386-30C44CAA},2010-03-23 11:25:49,LMQ7847,PC-0066,Disconnect
{00000001E639-16D81BC4},2010-03-23 11:36:47,OLN5687,PC-0088,Disconnect
{00000001EA29-1801AE08},2010-03-23 11:50:42,TWU8511,PC-0115,Disconnect
{00000001C951-2A834403},2010-03-23 11:54:34,HVG7968,PC-0044,Connect
{00000001D232-10EC9802},2010-03-23 11:56:49,RUT1946,PC-0104,Connect
{00000001E833-2D523CF9},2010-03-23 12:06:49,RUT1946,PC-0104,Disconnect
{00000001EA2B-0E94415C},2010-03-23 12:20:09,TWU8511,PC-0115,Disconnect
{00000001E79F-17997FBE},2010-03-23 12:32:30,QSC3123,PC-0100,Disconnect
{00000001DF52-134B157A},2010-03-23 12:39:34,HVG7968,PC-0044,Disconnect
{00000001D039-37A80CDC},2010-03-23 12:53:27,OLN5687,PC-0088,Connect
{00000001C68A-3B6C8F12},2010-03-23 12:53:52,DHG6594,PC-0016,Connect
{00000001E63A-391BD2BE},2010-03-23 13:00:27,OLN5687,PC-0088,Disconnect
{00000001C68B-3EE00A75},2010-03-23 13:03:17,DHG6594,PC-0016,Connect
{00000001CA26-36E91E56},2010-03-23 13:13:30,IDI9618,PC-0048,Connect
{00000001CE73-3D3C125A},2010-03-23 13:18:45,NBM1814,PC-0077,Connect
{00000001DC8C-3EE7BAA2},2010-03-23 13:32:17,DHG6594,PC-0016,Disconnect
{00000001E027-3897E51B},2010-03-23 13:40:30,IDI9618,PC-0048,Disconnect
{00000001DC8B-2391904E},2010-03-23 13:46:52,DHG6594,PC-0016,Disconnect
{00000001E474-3E1A2813},2010-03-23 13:48:45,NBM1814,PC-0077,Disconnect
{00000001CD0C-2D724E46},2010-03-23 14:16:50,KYR0991,PC-0061,Connect
{00000001C79A-17B0B1B2},2010-03-23 14:24:08,EHP1536,PC-0027,Connect
{00000001E30D-055FFB13},2010-03-23 14:59:50,KYR0991,PC-0061,Disconnect
{00000001DD9B-2A10ED3E},2010-03-23 15:38:08,EHP1536,PC-0027,Disconnect
{00000001D8A1-08170066},2010-03-23 15:39:49,ZFG0374,PC-0151,Connect
{00000001C87F-2EC7CB89},2010-03-23 15:59:14,GRQ1397,PC-0036,Connect
{00000001CE49-08120B37},2010-03-23 16:21:18,MSH7807,PC-0075,Connect
{00000001E44A-07ECD6A5},2010-03-23 16:37:18,MSH7807,PC-0075,Disconnect
{00000001EEA2-14BD00B5},2010-03-23 16:54:49,ZFG0374,PC-0151,Disconnect
{00000001DE80-0A094302},2010-03-23 17:01:14,GRQ1397,PC-0036,Disconnect
{00000001CB82-1517B605},2010-03-23 17:09:51,JMM0438,PC-0053,Connect
{00000001D233-2D286A34},2010-03-23 17:15:12,RUT1946,PC-0104,Connect
{00000001E183-042BB283},2010-03-23 17:30:51,JMM0438,PC-0053,Disconnect
{00000001D750-240B6C75},2010-03-23 17:31:01,XGF2493,PC-0139,Connect
{00000001C391-2CF26EE8},2010-03-23 17:34:39,ADG1145,PC-0001,Connect
{00000001E834-143405B3},2010-03-23 17:41:12,RUT1946,PC-0104,Disconnect
{00000001ED51-34445CF2},2010-03-23 18:15:01,XGF2493,PC-0139,Disconnect
{00000001D992-2DE2ADDC},2010-03-23 19:02:39,ADG1145,PC-0001,Disconnect
{00000001F099-2910AB89},2010-03-24 07:20:23,WBM5944,PC-0134,Connect
{00000001D12E-0F12C4B0},2010-03-24 07:21:10,QCT4158,PC-0097,Connect
{00000001D378-0EB8B48A},2010-03-24 07:43:09,SHV5792,PC-0108,Connect
{00000001E72F-3B864AFA},2010-03-24 07:57:10,QCT4158,PC-0097,Disconnect
{00000001F223-2BE04712},2010-03-24 07:59:23,WBM5944,PC-0134,Disconnect
{00000001CB84-1CB2B80A},2010-03-24 08:19:07,JMM0438,PC-0053,Connect
{00000001D660-1DB1D38C},2010-03-24 08:31:17,VNI5142,PC-0129,Connect
{00000001C79C-2E646217},2010-03-24 08:51:27,EHP1536,PC-0027,Connect
{00000001E979-29E80350},2010-03-24 08:59:09,SHV5792,PC-0108,Disconnect
{00000001D377-1A0483F4},2010-03-24 09:06:42,SHV5792,PC-0108,Connect
{00000001E978-369C0044},2010-03-24 09:09:42,SHV5792,PC-0108,Disconnect
{00000001E185-1CC1C5AE},2010-03-24 09:17:07,JMM0438,PC-0053,Disconnect
{00000001CB85-000D3BEE},2010-03-24 09:18:24,JMM0438,PC-0053,Connect
{00000001CD92-29CC900E},2010-03-24 09:22:51,LRR4710,PC-0067,Connect
{00000001DD9D-371114DF},2010-03-24 09:26:27,EHP1536,PC-0027,Disconnect
{00000001EC61-3E3FEC6B},2010-03-24 09:29:17,VNI5142,PC-0129,Disconnect
{00000001C5DF-3524C9DF},2010-03-24 09:32:09,CVC0519,PC-0015,Connect
{00000001D65F-1C517312},2010-03-24 09:36:22,VNI5142,PC-0129,Connect
{00000001D860-2CB4D544},2010-03-24 09:36:40,YNX1016,PC-0148,Connect
{00000001D03A-12ADD59F},2010-03-24 09:40:23,OLN5687,PC-0088,Connect
{00000001E393-2315698A},2010-03-24 09:55:51,LRR4710,PC-0067,Disconnect
{00000001DBE0-357C40AF},2010-03-24 10:07:09,CVC0519,PC-0015,Disconnect
{00000001D545-1655098D},2010-03-24 10:14:45,UQK8227,PC-0120,Connect
{00000001C952-0EA6C399},2010-03-24 10:15:10,HVG7968,PC-0044,Connect
{00000001D8F6-13EE51E3},2010-03-24 10:16:43,ZUI9718,PC-0157,Connect
{00000001E186-3CBA52D3},2010-03-24 10:25:24,JMM0438,PC-0053,Disconnect
{00000001EC60-299E4D54},2010-03-24 10:40:22,VNI5142,PC-0129,Disconnect
{00000001EE61-12676264},2010-03-24 10:40:40,YNX1016,PC-0148,Disconnect
{00000001DF53-3AC60305},2010-03-24 10:45:10,HVG7968,PC-0044,Disconnect
{00000001E63B-2DA78625},2010-03-24 10:48:23,OLN5687,PC-0088,Disconnect
{00000001EEF7-29A81683},2010-03-24 10:54:43,ZUI9718,PC-0157,Disconnect
{00000001D1A0-12A3A37C},2010-03-24 10:58:10,QSC3123,PC-0100,Connect
{00000001D1A1-1A0F5B69},2010-03-24 10:59:29,QSC3123,PC-0100,Connect
{00000001CF15-0B926D10},2010-03-24 11:08:52,NRU3936,PC-0083,Connect
{00000001D14D-335B8D0B},2010-03-24 11:13:50,QHQ5150,PC-0098,Connect
{00000001D6EF-221602A0},2010-03-24 11:19:45,WLH0216,PC-0135,Connect
{00000001E516-32AA01FB},2010-03-24 11:19:52,NRU3936,PC-0083,Disconnect
{00000001E74E-2003DF36},2010-03-24 11:21:50,QHQ5150,PC-0098,Disconnect
{00000001EB46-338A900A},2010-03-24 11:28:45,UQK8227,PC-0120,Disconnect
{00000001D235-2F8B6FFC},2010-03-24 11:46:16,RUT1946,PC-0104,Connect
{00000001E836-101864B0},2010-03-24 11:49:16,RUT1946,PC-0104,Disconnect
{00000001ECF0-07C01A45},2010-03-24 11:59:45,WLH0216,PC-0135,Disconnect
{00000001E7A2-1240564D},2010-03-24 12:07:29,QSC3123,PC-0100,Disconnect
{00000001E7A1-1AEB8B99},2010-03-24 12:17:10,QSC3123,PC-0100,Disconnect
{00000001D101-1FB5D8FA},2010-03-24 12:19:00,OYC3975,PC-0091,Connect
{00000001F098-2EFA12D4},2010-03-24 12:37:53,WBM5944,PC-0134,Connect
{00000001E702-2B7286EA},2010-03-24 12:39:00,OYC3975,PC-0091,Disconnect
{00000001F222-0F33A711},2010-03-24 13:09:53,WBM5944,PC-0134,Disconnect
{00000001F095-12FE134B},2010-03-24 13:11:43,WBM5944,PC-0134,Connect
{00000001CB83-32353FED},2010-03-24 13:16:01,JMM0438,PC-0053,Connect
{00000001CF16-0EE8FA2C},2010-03-24 13:21:34,NRU3936,PC-0083,Connect
{00000001C79B-32DDA6D1},2010-03-24 13:25:15,EHP1536,PC-0027,Connect
{00000001D5E9-2AE0042D},2010-03-24 13:29:23,UUU6648,PC-0122,Connect
{00000001EBEA-1781DABE},2010-03-24 13:42:23,UUU6648,PC-0122,Disconnect
{00000001E517-214F1E45},2010-03-24 13:44:34,NRU3936,PC-0083,Disconnect
{00000001E184-191325E4},2010-03-24 13:49:01,JMM0438,PC-0053,Disconnect
{00000001D234-32DDB11E},2010-03-24 13:51:46,RUT1946,PC-0104,Connect
{00000001C73B-0F3B752A},2010-03-24 14:07:38,DNM3159,PC-0019,Connect
{00000001F21F-3E00CA97},2010-03-24 14:12:43,WBM5944,PC-0134,Disconnect
{00000001CC43-39B4586B},2010-03-24 14:37:20,KIX3704,PC-0058,Connect
{00000001C542-108555A2},2010-03-24 14:37:42,CQZ8674,PC-0013,Connect
{00000001E835-0DB5C6D5},2010-03-24 14:43:46,RUT1946,PC-0104,Disconnect
{00000001DD3C-152376FE},2010-03-24 14:44:38,DNM3159,PC-0019,Disconnect
{00000001DD9C-22157502},2010-03-24 14:45:15,EHP1536,PC-0027,Disconnect
{00000001F096-13B6CF70},2010-03-24 14:48:36,WBM5944,PC-0134,Connect
{00000001F097-2A811249},2010-03-24 14:54:54,WBM5944,PC-0134,Connect
{00000001DB43-2C6533CF},2010-03-24 15:01:42,CQZ8674,PC-0013,Disconnect
{00000001C5DE-2788DA81},2010-03-24 15:14:59,CVC0519,PC-0015,Connect
{00000001D80F-19766908},2010-03-24 15:17:36,YIO5206,PC-0146,Connect
{00000001F221-2171C816},2010-03-24 15:17:54,WBM5944,PC-0134,Disconnect
{00000001E244-0D1BF626},2010-03-24 15:57:20,KIX3704,PC-0058,Disconnect
{00000001F220-2370C0D5},2010-03-24 16:01:36,WBM5944,PC-0134,Disconnect
{00000001DBDF-3FEBF80C},2010-03-24 16:17:59,CVC0519,PC-0015,Disconnect
{00000001D2E9-3D7E999C},2010-03-24 16:23:11,SDT4191,PC-0106,Connect
{00000001F09A-0B7B3F5A},2010-03-24 16:23:42,WBM5944,PC-0134,Connect
{00000001EE10-1DA2E750},2010-03-24 16:29:36,YIO5206,PC-0146,Disconnect
{00000001C79D-0F119B8A},2010-03-24 16:49:28,EHP1536,PC-0027,Connect
{00000001D59A-0497E050},2010-03-24 16:55:20,USS4618,PC-0121,Connect
{00000001E8EA-37E9078D},2010-03-24 17:20:11,SDT4191,PC-0106,Disconnect
{00000001D03B-1CA9148B},2010-03-24 17:22:24,OLN5687,PC-0088,Connect
{00000001CD0D-3690A13B},2010-03-24 17:24:41,KYR0991,PC-0061,Connect
{00000001D6F0-03E8C1F8},2010-03-24 17:30:13,WLH0216,PC-0135,Connect
{00000001ECF1-01D04E34},2010-03-24 17:34:13,WLH0216,PC-0135,Disconnect
{00000001E30E-2DF2B335},2010-03-24 17:39:41,KYR0991,PC-0061,Disconnect
{00000001F224-06EF91D9},2010-03-24 17:48:42,WBM5944,PC-0134,Disconnect
{00000001DD9E-3142E823},2010-03-24 17:55:28,EHP1536,PC-0027,Disconnect
{00000001E63C-047390B7},2010-03-24 18:17:24,OLN5687,PC-0088,Disconnect
{00000001EB9B-09CA02C1},2010-03-24 18:18:20,USS4618,PC-0121,Disconnect
{00000001C954-2300322F},2010-03-25 07:29:23,HVG7968,PC-0044,Connect
{00000001CB88-2A1D91AD},2010-03-25 07:41:04,JMM0438,PC-0053,Connect
{00000001D14E-0F209269},2010-03-25 07:44:02,QHQ5150,PC-0098,Connect
{00000001DF55-27B9DCDC},2010-03-25 07:49:23,HVG7968,PC-0044,Disconnect
{00000001C79F-2387A619},2010-03-25 07:53:51,EHP1536,PC-0027,Connect
{00000001CADA-2F6F8BA0},2010-03-25 07:57:38,JDE8246,PC-0052,Connect
{00000001CB86-02FFCE03},2010-03-25 08:13:23,JMM0438,PC-0053,Connect
{00000001D810-327AEFDF},2010-03-25 08:15:56,YIO5206,PC-0146,Connect
{00000001C73C-204631A4},2010-03-25 08:20:29,DNM3159,PC-0019,Connect
{00000001DDA0-2A76814E},2010-03-25 08:28:51,EHP1536,PC-0027,Disconnect
{00000001E187-07ADAFC1},2010-03-25 08:34:23,JMM0438,PC-0053,Disconnect
{00000001E74F-00984EBC},2010-03-25 08:40:02,QHQ5150,PC-0098,Disconnect
{00000001CB89-1ADE888E},2010-03-25 08:54:50,JMM0438,PC-0053,Connect
{00000001CD0E-3A52284A},2010-03-25 08:56:29,KYR0991,PC-0061,Connect
{00000001E189-04D10632},2010-03-25 08:58:04,JMM0438,PC-0053,Disconnect
{00000001E0DB-29B1B267},2010-03-25 09:00:38,JDE8246,PC-0052,Disconnect
{00000001DD3D-0661FABE},2010-03-25 09:08:29,DNM3159,PC-0019,Disconnect
{00000001E30F-1BFC19CA},2010-03-25 09:13:29,KYR0991,PC-0061,Disconnect
{00000001E18A-15A8C455},2010-03-25 09:24:50,JMM0438,PC-0053,Disconnect
{00000001EE11-0C2079D8},2010-03-25 09:28:56,YIO5206,PC-0146,Disconnect
{00000001CC44-0C9E0AB7},2010-03-25 09:50:14,KIX3704,PC-0058,Connect
{00000001D239-294DC2CA},2010-03-25 10:18:52,RUT1946,PC-0104,Connect
{00000001C392-2E6C5852},2010-03-25 10:19:35,ADG1145,PC-0001,Connect
{00000001E83A-1381B12E},2010-03-25 10:21:52,RUT1946,PC-0104,Disconnect
{00000001CDAF-00199B3F},2010-03-25 10:24:22,LYE5717,PC-0069,Connect
{00000001C880-03F2A0AF},2010-03-25 10:27:24,GRQ1397,PC-0036,Connect
{00000001DE81-3F30F741},2010-03-25 10:33:24,GRQ1397,PC-0036,Disconnect
{00000001C393-125B6DB1},2010-03-25 10:35:28,ADG1145,PC-0001,Connect
{00000001E245-1AA303D6},2010-03-25 10:36:14,KIX3704,PC-0058,Disconnect
{00000001D993-24736407},2010-03-25 10:39:35,ADG1145,PC-0001,Disconnect
{00000001D238-370C06C3},2010-03-25 10:47:02,RUT1946,PC-0104,Connect
{00000001E3B0-08FAC4FE},2010-03-25 10:53:22,LYE5717,PC-0069,Disconnect
{00000001E839-0BACCE71},2010-03-25 11:19:02,RUT1946,PC-0104,Disconnect
{00000001D994-1CBE31C0},2010-03-25 11:51:28,ADG1145,PC-0001,Disconnect
{00000001D03D-20D8B9D5},2010-03-25 11:55:09,OLN5687,PC-0088,Connect
{00000001C43C-34E4EE85},2010-03-25 12:05:47,AYY2409,PC-0005,Connect
{00000001D2EA-3A34BC82},2010-03-25 12:17:29,SDT4191,PC-0106,Connect
{00000001DA3D-3901C46F},2010-03-25 12:28:47,AYY2409,PC-0005,Disconnect
{00000001CE4A-162AB0C2},2010-03-25 12:41:22,MSH7807,PC-0075,Connect
{00000001E63E-1F089B94},2010-03-25 12:53:09,OLN5687,PC-0088,Disconnect
{00000001D8F7-10F390CC},2010-03-25 13:00:42,ZUI9718,PC-0157,Connect
{00000001E8EB-2DE6FC0B},2010-03-25 13:02:29,SDT4191,PC-0106,Disconnect
{00000001C68C-0128070E},2010-03-25 13:07:57,DHG6594,PC-0016,Connect
{00000001E44B-3586BCAF},2010-03-25 13:14:22,MSH7807,PC-0075,Disconnect
{00000001EEF8-06CC0578},2010-03-25 13:18:42,ZUI9718,PC-0157,Disconnect
{00000001CB87-29CF1554},2010-03-25 13:23:42,JMM0438,PC-0053,Connect
{00000001C953-0DD7EFD6},2010-03-25 13:28:53,HVG7968,PC-0044,Connect
{00000001E188-2ED48BAE},2010-03-25 13:36:42,JMM0438,PC-0053,Disconnect
{00000001F09B-3D9348C8},2010-03-25 14:11:20,WBM5944,PC-0134,Connect
{00000001DF54-2001A0A6},2010-03-25 14:13:53,HVG7968,PC-0044,Disconnect
{00000001F225-02B0D7FC},2010-03-25 14:27:20,WBM5944,PC-0134,Disconnect
{00000001D2EB-349A8B07},2010-03-25 14:27:28,SDT4191,PC-0106,Connect
{00000001DC8D-1AF79A49},2010-03-25 14:36:57,DHG6594,PC-0016,Disconnect
{00000001D4EC-0C64C870},2010-03-25 14:54:37,UKR6395,PC-0118,Connect
{00000001CD0F-38C7C26D},2010-03-25 15:06:39,KYR0991,PC-0061,Connect
{00000001EAED-25C55303},2010-03-25 15:20:37,UKR6395,PC-0118,Disconnect
{00000001E8EC-1143C210},2010-03-25 15:25:28,SDT4191,PC-0106,Disconnect
{00000001C7A0-123A9C44},2010-03-25 15:27:07,EHP1536,PC-0027,Connect
{00000001E310-2360BD3E},2010-03-25 15:31:39,KYR0991,PC-0061,Disconnect
{00000001D03C-2F80E192},2010-03-25 15:37:28,OLN5687,PC-0088,Connect
{00000001D236-298DFEB1},2010-03-25 15:44:26,RUT1946,PC-0104,Connect
{00000001D8F8-157D654D},2010-03-25 15:46:00,ZUI9718,PC-0157,Connect
{00000001E63D-3F0C0246},2010-03-25 16:01:28,OLN5687,PC-0088,Disconnect
{00000001DDA1-27754A4E},2010-03-25 16:03:07,EHP1536,PC-0027,Disconnect
{00000001EEF9-3F33F551},2010-03-25 16:06:00,ZUI9718,PC-0157,Disconnect
{00000001D237-3EBAD72A},2010-03-25 16:06:38,RUT1946,PC-0104,Connect
{00000001C79E-099AFE03},2010-03-25 16:14:12,EHP1536,PC-0027,Connect
{00000001C955-105B096E},2010-03-25 16:51:01,HVG7968,PC-0044,Connect
{00000001E837-336F04DA},2010-03-25 16:54:26,RUT1946,PC-0104,Disconnect
{00000001CF17-16BB27D0},2010-03-25 17:02:50,NRU3936,PC-0083,Connect
{00000001E838-07F6DC5E},2010-03-25 17:06:38,RUT1946,PC-0104,Disconnect
{00000001DF56-3F27EDDD},2010-03-25 17:23:01,HVG7968,PC-0044,Disconnect
{00000001DD9F-11E4CED2},2010-03-25 17:25:12,EHP1536,PC-0027,Disconnect
{00000001E518-1D4EED18},2010-03-25 17:56:50,NRU3936,PC-0083,Disconnect
{00000001F317-22527D29},2010-03-25 18:24:42,WBM5944,PC-0134,Connect
{00000001F3E0-1355A9FF},2010-03-25 19:39:42,WBM5944,PC-0134,Disconnect
{00000001F318-3051270B},2010-03-25 20:29:06,WBM5944,PC-0134,Connect
{00000001F3E1-2B1D040D},2010-03-25 20:59:06,WBM5944,PC-0134,Disconnect
{00000001F316-210EF456},2010-03-25 23:29:34,WBM5944,PC-0134,Connect
{00000001F3DF-014C9E43},2010-03-26 00:23:34,WBM5944,PC-0134,Disconnect
{00000001F31A-0A1827FD},2010-03-26 06:50:28,WBM5944,PC-0134,Connect
{00000001C9EB-2359C9A8},2010-03-26 07:11:48,IAC0900,PC-0045,Connect
{00000001F3E3-0F9911DC},2010-03-26 07:49:28,WBM5944,PC-0134,Disconnect
{00000001DFEC-2471575D},2010-03-26 08:34:48,IAC0900,PC-0045,Disconnect
{00000001CB8A-14008BB2},2010-03-26 08:44:57,JMM0438,PC-0053,Connect
{00000001C68E-0239EF64},2010-03-26 08:49:37,DHG6594,PC-0016,Connect
{00000001CADC-066CF222},2010-03-26 08:55:10,JDE8246,PC-0052,Connect
{00000001D03E-3DC01888},2010-03-26 09:23:42,OLN5687,PC-0088,Connect
{00000001E0DD-26528DB0},2010-03-26 09:25:10,JDE8246,PC-0052,Disconnect
{00000001C394-2A359D2E},2010-03-26 09:36:42,ADG1145,PC-0001,Connect
{00000001E63F-18EBDE8E},2010-03-26 09:37:42,OLN5687,PC-0088,Disconnect
{00000001E18B-23D15EB7},2010-03-26 09:54:57,JMM0438,PC-0053,Disconnect
{00000001C68D-332471FE},2010-03-26 10:01:44,DHG6594,PC-0016,Connect
{00000001DC8F-3488FB97},2010-03-26 10:16:37,DHG6594,PC-0016,Disconnect
{00000001CD11-3858E7BF},2010-03-26 10:22:41,KYR0991,PC-0061,Connect
{00000001D2ED-23DCC2BD},2010-03-26 10:33:38,SDT4191,PC-0106,Connect
{00000001C68F-313889B9},2010-03-26 10:34:58,DHG6594,PC-0016,Connect
{00000001D8B6-1C29E34B},2010-03-26 10:39:22,ZIF9528,PC-0154,Connect
{00000001D995-349A60B6},2010-03-26 10:39:42,ADG1145,PC-0001,Disconnect
{00000001EEB7-299165CF},2010-03-26 10:46:22,ZIF9528,PC-0154,Disconnect
{00000001DC90-151B4C75},2010-03-26 10:46:58,DHG6594,PC-0016,Disconnect
{00000001D37A-2F788AB5},2010-03-26 10:53:27,SHV5792,PC-0108,Connect
{00000001C690-0545A76A},2010-03-26 10:54:01,DHG6594,PC-0016,Connect
{00000001E8EE-0FD31BBA},2010-03-26 11:08:38,SDT4191,PC-0106,Disconnect
{00000001C408-1D4BDD65},2010-03-26 11:10:49,AUI6616,PC-0004,Connect
{00000001DC8E-23FD894E},2010-03-26 11:14:44,DHG6594,PC-0016,Disconnect
{00000001D751-368AE3B4},2010-03-26 11:16:07,XGF2493,PC-0139,Connect
{00000001DA09-08F170E4},2010-03-26 11:30:49,AUI6616,PC-0004,Disconnect
{00000001E312-34CD8BA0},2010-03-26 11:33:41,KYR0991,PC-0061,Disconnect
{00000001E97B-316927E4},2010-03-26 11:34:27,SHV5792,PC-0108,Disconnect
{00000001D7AE-36E5B6A8},2010-03-26 11:42:03,YDM6963,PC-0145,Connect
{00000001C7A1-3DAD9FB7},2010-03-26 11:52:38,EHP1536,PC-0027,Connect
{00000001DC91-3349CFD8},2010-03-26 11:56:01,DHG6594,PC-0016,Disconnect
{00000001ED52-01B786BD},2010-03-26 12:13:07,XGF2493,PC-0139,Disconnect
{00000001CDF3-01B2CE04},2010-03-26 12:19:25,MDR4757,PC-0071,Connect
{00000001EDAF-1DEBBBEA},2010-03-26 12:50:03,YDM6963,PC-0145,Disconnect
{00000001CFB7-1AE6CA24},2010-03-26 13:01:14,OET6830,PC-0086,Connect
{00000001E3F4-26AC3582},2010-03-26 13:05:25,MDR4757,PC-0071,Disconnect
{00000001D2EC-04645730},2010-03-26 13:17:36,SDT4191,PC-0106,Connect
{00000001C881-056F8A9C},2010-03-26 13:19:53,GRQ1397,PC-0036,Connect
{00000001DDA2-02EC671A},2010-03-26 13:20:38,EHP1536,PC-0027,Disconnect
{00000001DE82-2C6EFA08},2010-03-26 13:28:53,GRQ1397,PC-0036,Disconnect
{00000001E5B8-2E6FD2D8},2010-03-26 13:44:14,OET6830,PC-0086,Disconnect
{00000001CFB6-25FB2AA5},2010-03-26 13:47:11,OET6830,PC-0086,Connect
{00000001C543-12BA3352},2010-03-26 13:52:25,CQZ8674,PC-0013,Connect
{00000001CDDD-3F2EB0F5},2010-03-26 13:57:20,MAP5551,PC-0070,Connect
{00000001E8ED-081EE0FB},2010-03-26 13:58:36,SDT4191,PC-0106,Disconnect
{00000001E3DE-089E021F},2010-03-26 14:01:20,MAP5551,PC-0070,Disconnect
{00000001CDDE-1FF53240},2010-03-26 14:13:05,MAP5551,PC-0070,Connect
{00000001DB44-18AB68F9},2010-03-26 14:16:25,CQZ8674,PC-0013,Disconnect
{00000001C73D-3A5CB67B},2010-03-26 14:25:44,DNM3159,PC-0019,Connect
{00000001D23B-10155959},2010-03-26 14:38:57,RUT1946,PC-0104,Connect
{00000001CE74-14367C16},2010-03-26 14:48:23,NBM1814,PC-0077,Connect
{00000001E83C-0B7CFBF7},2010-03-26 14:54:57,RUT1946,PC-0104,Disconnect
{00000001C544-35D54ED5},2010-03-26 14:55:02,CQZ8674,PC-0013,Connect
{00000001F09C-38A2B665},2010-03-26 15:00:27,WBM5944,PC-0134,Connect
{00000001E5B7-1BE4324F},2010-03-26 15:02:11,OET6830,PC-0086,Disconnect
{00000001E3DF-2CE64C13},2010-03-26 15:05:05,MAP5551,PC-0070,Disconnect
{00000001E475-0A726C21},2010-03-26 15:14:23,NBM1814,PC-0077,Disconnect
{00000001F226-3688D1A1},2010-03-26 15:32:27,WBM5944,PC-0134,Disconnect
{00000001DD3E-19A5B1B5},2010-03-26 15:35:44,DNM3159,PC-0019,Disconnect
{00000001CADB-39E9D538},2010-03-26 15:38:05,JDE8246,PC-0052,Connect
{00000001CC45-0570BAFD},2010-03-26 15:44:21,KIX3704,PC-0058,Connect
{00000001D4AC-0BDDD2EE},2010-03-26 15:44:42,UEH9251,PC-0117,Connect
{00000001E0DC-18FBC8AA},2010-03-26 15:58:05,JDE8246,PC-0052,Disconnect
{00000001E246-06B9AFB7},2010-03-26 16:14:21,KIX3704,PC-0058,Disconnect
{00000001DB45-2C37F8C8},2010-03-26 16:20:02,CQZ8674,PC-0013,Disconnect
{00000001EAAD-0318609E},2010-03-26 16:21:42,UEH9251,PC-0117,Disconnect
{00000001CA7D-1FBB9163},2010-03-26 16:26:04,IVL8082,PC-0051,Connect
{00000001C9EC-25C1BA1C},2010-03-26 16:39:47,IAC0900,PC-0045,Connect
{00000001DFED-2CBD14E9},2010-03-26 16:43:47,IAC0900,PC-0045,Disconnect
{00000001D03F-2032E5F5},2010-03-26 16:47:03,OLN5687,PC-0088,Connect
{00000001C73E-16879561},2010-03-26 16:52:47,DNM3159,PC-0019,Connect
{00000001E07E-22B0D34E},2010-03-26 16:58:04,IVL8082,PC-0051,Disconnect
{00000001D379-29034CD7},2010-03-26 17:16:49,SHV5792,PC-0108,Connect
{00000001D23A-3563B777},2010-03-26 17:23:50,RUT1946,PC-0104,Connect
{00000001CD10-13CBF73A},2010-03-26 17:31:50,KYR0991,PC-0061,Connect
{00000001E97A-2036B37C},2010-03-26 17:33:49,SHV5792,PC-0108,Disconnect
{00000001C882-3E5D9463},2010-03-26 17:34:29,GRQ1397,PC-0036,Connect
{00000001DD3F-083E62B8},2010-03-26 17:44:47,DNM3159,PC-0019,Disconnect
{00000001E83B-1D72EE2D},2010-03-26 17:53:50,RUT1946,PC-0104,Disconnect
{00000001E640-0FA01922},2010-03-26 18:07:03,OLN5687,PC-0088,Disconnect
{00000001DE83-0CFE0967},2010-03-26 18:26:29,GRQ1397,PC-0036,Disconnect
{00000001E311-38B18CD5},2010-03-26 18:41:50,KYR0991,PC-0061,Disconnect
{00000001F319-0BCEAD75},2010-03-26 21:10:27,WBM5944,PC-0134,Connect
{00000001F3E2-05E8EB28},2010-03-26 22:11:27,WBM5944,PC-0134,Disconnect
{00000001F31B-0C957ED9},2010-03-26 23:32:46,WBM5944,PC-0134,Connect
{00000001F3E4-3243BADA},2010-03-26 23:48:46,WBM5944,PC-0134,Disconnect
{00000001F31C-353BA92D},2010-03-29 01:16:54,WBM5944,PC-0134,Connect
{00000001F3E5-05D047ED},2010-03-29 01:46:54,WBM5944,PC-0134,Disconnect
{00000001F31D-1FD3C80D},2010-03-29 02:57:22,WBM5944,PC-0134,Connect
{00000001F3E6-15D56490},2010-03-29 03:14:22,WBM5944,PC-0134,Disconnect
{00000001CE9B-1731699C},2010-03-29 07:06:12,NDV4503,PC-0078,Connect
{00000001D041-03B5A99E},2010-03-29 07:12:22,OLN5687,PC-0088,Connect
{00000001E642-34C4C13E},2010-03-29 07:14:22,OLN5687,PC-0088,Disconnect
{00000001D040-1FF9BD61},2010-03-29 07:23:25,OLN5687,PC-0088,Connect
{00000001C8E1-23F0301A},2010-03-29 07:43:50,GUG7168,PC-0037,Connect
{00000001E641-255DAE37},2010-03-29 07:52:25,OLN5687,PC-0088,Disconnect
{00000001E49C-0C273001},2010-03-29 07:55:12,NDV4503,PC-0078,Disconnect
{00000001DEE2-1E6C8E33},2010-03-29 07:55:50,GUG7168,PC-0037,Disconnect
{00000001C43D-1C5C39C6},2010-03-29 08:33:11,AYY2409,PC-0005,Connect
{00000001D59B-0D5FCCC8},2010-03-29 08:50:13,USS4618,PC-0121,Connect
{00000001CA27-019EF7F1},2010-03-29 08:56:44,IDI9618,PC-0048,Connect
{00000001F09F-08FF8501},2010-03-29 09:00:38,WBM5944,PC-0134,Connect
{00000001D662-2F332FAA},2010-03-29 09:01:50,VNI5142,PC-0129,Connect
{00000001EC63-0642CB42},2010-03-29 09:11:50,VNI5142,PC-0129,Disconnect
{00000001DA3E-088966EE},2010-03-29 09:16:11,AYY2409,PC-0005,Disconnect
{00000001CE75-1463EC49},2010-03-29 09:23:24,NBM1814,PC-0077,Connect
{00000001F09E-060F24ED},2010-03-29 09:33:55,WBM5944,PC-0134,Connect
{00000001C956-2E4DCF03},2010-03-29 09:45:52,HVG7968,PC-0044,Connect
{00000001EB9C-0B8587CD},2010-03-29 09:46:13,USS4618,PC-0121,Disconnect
{00000001C73F-23D7F784},2010-03-29 09:49:41,DNM3159,PC-0019,Connect
{00000001F229-3C19965B},2010-03-29 09:52:38,WBM5944,PC-0134,Disconnect
{00000001DF57-1A38665B},2010-03-29 09:55:52,HVG7968,PC-0044,Disconnect
{00000001C957-2511F9F4},2010-03-29 10:18:13,HVG7968,PC-0044,Connect
{00000001F228-059ED4F0},2010-03-29 10:20:55,WBM5944,PC-0134,Disconnect
{00000001E028-36251477},2010-03-29 10:25:44,IDI9618,PC-0048,Disconnect
{00000001E476-0536345A},2010-03-29 10:27:24,NBM1814,PC-0077,Disconnect
{00000001D59C-301700B0},2010-03-29 10:40:58,USS4618,PC-0121,Connect
{00000001C7A2-3D7437B4},2010-03-29 10:51:41,EHP1536,PC-0027,Connect
{00000001DDA3-0553B231},2010-03-29 11:08:41,EHP1536,PC-0027,Disconnect
{00000001DF58-126EEF59},2010-03-29 11:14:13,HVG7968,PC-0044,Disconnect
{00000001DD40-12A904E3},2010-03-29 11:18:41,DNM3159,PC-0019,Disconnect
{00000001D102-01ACDA65},2010-03-29 11:34:49,OYC3975,PC-0091,Connect
{00000001D950-2BD7902D},2010-03-29 11:42:32,ZWA2339,PC-0158,Connect
{00000001EB9D-0E29EA34},2010-03-29 11:42:58,USS4618,PC-0121,Disconnect
{00000001EF51-1C8CCA8D},2010-03-29 11:53:32,ZWA2339,PC-0158,Disconnect
{00000001CDF4-3D2EE391},2010-03-29 12:35:57,MDR4757,PC-0071,Connect
{00000001E703-3A6C1C35},2010-03-29 12:41:49,OYC3975,PC-0091,Disconnect
{00000001D663-07BA4C85},2010-03-29 12:48:17,VNI5142,PC-0129,Connect
{00000001D614-049514A1},2010-03-29 12:53:28,VDL1237,PC-0125,Connect
{00000001F09D-1E2FA651},2010-03-29 12:54:18,WBM5944,PC-0134,Connect
{00000001F227-2C62FBA3},2010-03-29 12:56:18,WBM5944,PC-0134,Disconnect
{00000001E3F5-2CB700EA},2010-03-29 12:56:57,MDR4757,PC-0071,Disconnect
{00000001CB8B-0CC192ED},2010-03-29 13:02:09,JMM0438,PC-0053,Connect
{00000001CC47-1F6418EA},2010-03-29 13:13:02,KIX3704,PC-0058,Connect
{00000001E248-37460F95},2010-03-29 13:25:02,KIX3704,PC-0058,Disconnect
{00000001EC64-30D048FF},2010-03-29 13:33:17,VNI5142,PC-0129,Disconnect
{00000001E18C-2F22E9CE},2010-03-29 13:39:09,JMM0438,PC-0053,Disconnect
{00000001EC15-2DC74400},2010-03-29 14:05:28,VDL1237,PC-0125,Disconnect
{00000001D2EE-0927B04D},2010-03-29 14:48:30,SDT4191,PC-0106,Connect
{00000001E8EF-239F27B3},2010-03-29 15:10:30,SDT4191,PC-0106,Disconnect
{00000001D661-084B3C6C},2010-03-29 15:24:14,VNI5142,PC-0129,Connect
{00000001D37B-15511FD2},2010-03-29 15:47:41,SHV5792,PC-0108,Connect
{00000001D1A2-2550E369},2010-03-29 15:56:18,QSC3123,PC-0100,Connect
{00000001CADD-02923850},2010-03-29 16:14:58,JDE8246,PC-0052,Connect
{00000001D752-0F29DB93},2010-03-29 16:15:55,XGF2493,PC-0139,Connect
{00000001ED53-1202585D},2010-03-29 16:22:55,XGF2493,PC-0139,Disconnect
{00000001E7A3-1C558148},2010-03-29 16:27:18,QSC3123,PC-0100,Disconnect
{00000001E0DE-3A9D51CD},2010-03-29 16:29:58,JDE8246,PC-0052,Disconnect
{00000001F0A1-32558957},2010-03-29 16:30:22,WBM5944,PC-0134,Connect
{00000001C545-27662C09},2010-03-29 16:34:05,CQZ8674,PC-0013,Connect
{00000001F0A2-326B9885},2010-03-29 16:35:12,WBM5944,PC-0134,Connect
{00000001EC62-27570867},2010-03-29 16:53:14,VNI5142,PC-0129,Disconnect
{00000001DB46-15587055},2010-03-29 16:54:05,CQZ8674,PC-0013,Disconnect
{00000001E97C-114B8624},2010-03-29 17:03:41,SHV5792,PC-0108,Disconnect
{00000001F0A0-27EAC896},2010-03-29 17:26:41,WBM5944,PC-0134,Connect
{00000001C4FB-2872D01E},2010-03-29 17:38:49,COX0638,PC-0012,Connect
{00000001CC46-26B7B143},2010-03-29 17:51:06,KIX3704,PC-0058,Connect
{00000001F22B-2A80C87F},2010-03-29 17:51:22,WBM5944,PC-0134,Disconnect
{00000001D42B-00389125},2010-03-29 17:52:34,TWU8511,PC-0115,Connect
{00000001D103-239D42F4},2010-03-29 17:56:59,OYC3975,PC-0091,Connect
{00000001F22C-3F16178F},2010-03-29 18:02:12,WBM5944,PC-0134,Disconnect
{00000001E247-107EF056},2010-03-29 18:12:06,KIX3704,PC-0058,Disconnect
{00000001DAFC-28560CF0},2010-03-29 18:24:49,COX0638,PC-0012,Disconnect
{00000001F22A-23D83CE3},2010-03-29 18:36:41,WBM5944,PC-0134,Disconnect
{00000001EA2C-3711C97B},2010-03-29 18:55:34,TWU8511,PC-0115,Disconnect
{00000001E704-1893BF91},2010-03-29 19:09:59,OYC3975,PC-0091,Disconnect
{00000001F31E-0EED46C8},2010-03-30 01:19:09,WBM5944,PC-0134,Connect
{00000001F3E7-05EF07DA},2010-03-30 02:08:09,WBM5944,PC-0134,Disconnect
{00000001D952-341F7038},2010-03-30 07:16:36,ZWA2339,PC-0158,Connect
{00000001F0A3-377CA67D},2010-03-30 07:16:39,WBM5944,PC-0134,Connect
{00000001C958-17A700D0},2010-03-30 07:18:15,HVG7968,PC-0044,Connect
{00000001DF59-1D1DAC64},2010-03-30 07:32:15,HVG7968,PC-0044,Disconnect
{00000001F22D-3CDADDAE},2010-03-30 07:33:39,WBM5944,PC-0134,Disconnect
{00000001C7A3-255540D9},2010-03-30 07:34:32,EHP1536,PC-0027,Connect
{00000001C692-39F72EA0},2010-03-30 07:41:08,DHG6594,PC-0016,Connect
{00000001F0A7-11F8CD26},2010-03-30 07:58:04,WBM5944,PC-0134,Connect
{00000001EF53-36D21E50},2010-03-30 07:58:36,ZWA2339,PC-0158,Disconnect
{00000001DC93-0E125F82},2010-03-30 08:25:08,DHG6594,PC-0016,Disconnect
{00000001DDA4-261BA3D1},2010-03-30 08:35:32,EHP1536,PC-0027,Disconnect
{00000001F231-30849817},2010-03-30 08:49:04,WBM5944,PC-0134,Disconnect
{00000001CE4B-155884C1},2010-03-30 09:07:06,MSH7807,PC-0075,Connect
{00000001C43F-2EC26F49},2010-03-30 09:51:43,AYY2409,PC-0005,Connect
{00000001F0A4-20741946},2010-03-30 10:05:39,WBM5944,PC-0134,Connect
{00000001DA40-342A6343},2010-03-30 10:05:43,AYY2409,PC-0005,Disconnect
{00000001E44C-078734F2},2010-03-30 10:09:06,MSH7807,PC-0075,Disconnect
{00000001CB8C-1F8DB676},2010-03-30 10:19:26,JMM0438,PC-0053,Connect
{00000001C883-0508918E},2010-03-30 10:22:46,GRQ1397,PC-0036,Connect
{00000001C409-0540CA68},2010-03-30 10:23:59,AUI6616,PC-0004,Connect
{00000001CA7E-190DCF89},2010-03-30 10:26:02,IVL8082,PC-0051,Connect
{00000001CC48-1472740A},2010-03-30 10:26:38,KIX3704,PC-0058,Connect
{00000001F22E-3FC9116A},2010-03-30 10:26:39,WBM5944,PC-0134,Disconnect
{00000001DE84-219683E0},2010-03-30 10:26:46,GRQ1397,PC-0036,Disconnect
{00000001E07F-1F39F074},2010-03-30 10:31:02,IVL8082,PC-0051,Disconnect
{00000001C691-0B3E4EE5},2010-03-30 10:41:40,DHG6594,PC-0016,Connect
{00000001E18D-3DF3193C},2010-03-30 10:44:26,JMM0438,PC-0053,Disconnect
{00000001D664-1FFB7C82},2010-03-30 10:59:35,VNI5142,PC-0129,Connect
{00000001DA0A-1EE5803B},2010-03-30 11:14:59,AUI6616,PC-0004,Disconnect
{00000001D6F2-37BE64EB},2010-03-30 11:21:18,WLH0216,PC-0135,Connect
{00000001E249-1A5BD9C3},2010-03-30 11:23:38,KIX3704,PC-0058,Disconnect
{00000001DC92-3B7F5137},2010-03-30 11:37:40,DHG6594,PC-0016,Disconnect
{00000001ECF3-0DE01800},2010-03-30 11:53:18,WLH0216,PC-0135,Disconnect
{00000001C395-234C2579},2010-03-30 11:53:23,ADG1145,PC-0001,Connect
{00000001C7A4-097FF1D1},2010-03-30 11:58:59,EHP1536,PC-0027,Connect
{00000001CF18-229E2D1F},2010-03-30 12:00:07,NRU3936,PC-0083,Connect
{00000001C9ED-28A84700},2010-03-30 12:04:24,IAC0900,PC-0045,Connect
{00000001DDA5-3DD24C05},2010-03-30 12:09:59,EHP1536,PC-0027,Disconnect
{00000001EC65-1E24584E},2010-03-30 12:27:35,VNI5142,PC-0129,Disconnect
{00000001C740-3D077787},2010-03-30 12:36:39,DNM3159,PC-0019,Connect
{00000001C43E-0CAEE355},2010-03-30 12:46:41,AYY2409,PC-0005,Connect
{00000001DFEE-01641966},2010-03-30 12:57:24,IAC0900,PC-0045,Disconnect
{00000001D996-2FA7565A},2010-03-30 13:08:23,ADG1145,PC-0001,Disconnect
{00000001D42C-0F39D9CB},2010-03-30 13:08:33,TWU8511,PC-0115,Connect
{00000001D951-3580FEAC},2010-03-30 13:13:20,ZWA2339,PC-0158,Connect
{00000001E519-08D4CAE4},2010-03-30 13:19:07,NRU3936,PC-0083,Disconnect
{00000001DA3F-073F21C7},2010-03-30 13:35:41,AYY2409,PC-0005,Disconnect
{00000001EA2D-24992B78},2010-03-30 13:43:33,TWU8511,PC-0115,Disconnect
{00000001DD41-07836C9A},2010-03-30 13:52:39,DNM3159,PC-0019,Disconnect
{00000001EF52-0587C7AC},2010-03-30 13:57:20,ZWA2339,PC-0158,Disconnect
{00000001C4A3-013F1386},2010-03-30 14:07:59,BFH3103,PC-0007,Connect
{00000001D14F-190131DD},2010-03-30 14:49:59,QHQ5150,PC-0098,Connect
{00000001E750-014809AC},2010-03-30 14:53:59,QHQ5150,PC-0098,Disconnect
{00000001D811-047D343A},2010-03-30 14:56:13,YIO5206,PC-0146,Connect
{00000001D6F1-321C8077},2010-03-30 15:03:34,WLH0216,PC-0135,Connect
{00000001EE12-32F7C47B},2010-03-30 15:04:13,YIO5206,PC-0146,Disconnect
{00000001ECF2-0D9B20B3},2010-03-30 15:09:34,WLH0216,PC-0135,Disconnect
{00000001CCC7-250AC497},2010-03-30 15:10:19,KJX0944,PC-0059,Connect
{00000001CECA-0C0E242A},2010-03-30 15:13:55,NRI9556,PC-0082,Connect
{00000001D0D6-3E97465F},2010-03-30 15:24:46,OMU2669,PC-0089,Connect
{00000001CC49-0073E9CD},2010-03-30 15:25:05,KIX3704,PC-0058,Connect
{00000001E2C8-36D71929},2010-03-30 15:34:19,KJX0944,PC-0059,Disconnect
{00000001DAA4-20BB1FEF},2010-03-30 15:36:59,BFH3103,PC-0007,Disconnect
{00000001C3E3-09786473},2010-03-30 15:42:20,ATM7194,PC-0003,Connect
{00000001E6D7-0DA156C6},2010-03-30 15:42:46,OMU2669,PC-0089,Disconnect
{00000001F0A8-1E9A3CC7},2010-03-30 16:06:00,WBM5944,PC-0134,Connect
{00000001E24A-2477910A},2010-03-30 16:09:05,KIX3704,PC-0058,Disconnect
{00000001CB8D-317744E4},2010-03-30 16:17:42,JMM0438,PC-0053,Connect
{00000001D9E4-3BD6194B},2010-03-30 16:25:20,ATM7194,PC-0003,Disconnect
{00000001E4CB-11B1788E},2010-03-30 16:33:55,NRI9556,PC-0082,Disconnect
{00000001E18E-1289775B},2010-03-30 16:36:42,JMM0438,PC-0053,Disconnect
{00000001F0A6-122C0428},2010-03-30 17:03:28,WBM5944,PC-0134,Connect
{00000001F0A5-22C01AB8},2010-03-30 17:08:34,WBM5944,PC-0134,Connect
{00000001F22F-00AA8883},2010-03-30 17:15:34,WBM5944,PC-0134,Disconnect
{00000001F232-08039CA0},2010-03-30 17:17:00,WBM5944,PC-0134,Disconnect
{00000001CD12-2A72346C},2010-03-30 17:45:47,KYR0991,PC-0061,Connect
{00000001D23C-05EBE4A0},2010-03-30 17:51:29,RUT1946,PC-0104,Connect
{00000001E313-01EDDD33},2010-03-30 18:18:47,KYR0991,PC-0061,Disconnect
{00000001E83D-34AA1793},2010-03-30 18:26:29,RUT1946,PC-0104,Disconnect
{00000001F230-0F9CBBA6},2010-03-30 18:31:28,WBM5944,PC-0134,Disconnect
{00000001D4AD-0685AC96},2010-03-31 07:09:51,UEH9251,PC-0117,Connect
{00000001D8B7-1F99CC36},2010-03-31 07:20:35,ZIF9528,PC-0154,Connect
{00000001D6F3-084F370D},2010-03-31 07:27:24,WLH0216,PC-0135,Connect
{00000001D1A3-17641E29},2010-03-31 07:34:02,QSC3123,PC-0100,Connect
{00000001EEB8-07117D5E},2010-03-31 07:39:35,ZIF9528,PC-0154,Disconnect
{00000001C440-2FB621A6},2010-03-31 07:41:45,AYY2409,PC-0005,Connect
{00000001DA41-3C017BCF},2010-03-31 08:16:45,AYY2409,PC-0005,Disconnect
{00000001CF1A-257EBDB1},2010-03-31 08:17:28,NRU3936,PC-0083,Connect
{00000001E51B-26E6B62C},2010-03-31 08:20:28,NRU3936,PC-0083,Disconnect
{00000001ECF4-01D2FC4B},2010-03-31 08:32:24,WLH0216,PC-0135,Disconnect
{00000001EAAE-192F9D76},2010-03-31 08:37:51,UEH9251,PC-0117,Disconnect
{00000001C884-14F66DFB},2010-03-31 08:38:13,GRQ1397,PC-0036,Connect
{00000001E7A4-2C3852D7},2010-03-31 08:40:02,QSC3123,PC-0100,Disconnect
{00000001CFB9-221A8249},2010-03-31 09:31:17,OET6830,PC-0086,Connect
{00000001DE85-17234B7F},2010-03-31 09:41:13,GRQ1397,PC-0036,Disconnect
{00000001C396-0CDA419E},2010-03-31 09:56:42,ADG1145,PC-0001,Connect
{00000001F0A9-1AF78C73},2010-03-31 10:13:32,WBM5944,PC-0134,Connect
{00000001D997-2DC64C0B},2010-03-31 10:15:42,ADG1145,PC-0001,Disconnect
{00000001D043-1DE7A932},2010-03-31 10:21:20,OLN5687,PC-0088,Connect
{00000001F233-19CAB1CE},2010-03-31 10:28:32,WBM5944,PC-0134,Disconnect
{00000001CE4C-301E9170},2010-03-31 10:47:44,MSH7807,PC-0075,Connect
{00000001E5BA-1A293AB1},2010-03-31 10:56:17,OET6830,PC-0086,Disconnect
{00000001E44D-314C83A0},2010-03-31 10:57:44,MSH7807,PC-0075,Disconnect
{00000001C4D5-32A902AA},2010-03-31 11:11:55,COU3039,PC-0011,Connect
{00000001CF19-3AFADBA2},2010-03-31 11:17:37,NRU3936,PC-0083,Connect
{00000001E644-37A51820},2010-03-31 11:41:20,OLN5687,PC-0088,Disconnect
{00000001E51A-0F6524AB},2010-03-31 11:51:37,NRU3936,PC-0083,Disconnect
{00000001DAD6-2CA6E326},2010-03-31 11:51:55,COU3039,PC-0011,Disconnect
{00000001D4AE-08381B14},2010-03-31 12:06:22,UEH9251,PC-0117,Connect
{00000001D2EF-1C9583E4},2010-03-31 12:10:27,SDT4191,PC-0106,Connect
{00000001CC4A-03A71051},2010-03-31 12:15:36,KIX3704,PC-0058,Connect
{00000001C694-246DD00B},2010-03-31 12:16:28,DHG6594,PC-0016,Connect
{00000001CB8E-3B75ED61},2010-03-31 12:26:27,JMM0438,PC-0053,Connect
{00000001D042-1DD47C37},2010-03-31 12:30:15,OLN5687,PC-0088,Connect
{00000001CE76-12EAD107},2010-03-31 12:30:28,NBM1814,PC-0077,Connect
{00000001E8F0-29DC4444},2010-03-31 12:32:27,SDT4191,PC-0106,Disconnect
{00000001C959-13B88DDD},2010-03-31 12:35:50,HVG7968,PC-0044,Connect
{00000001D8F9-26E1FB56},2010-03-31 12:47:42,ZUI9718,PC-0157,Connect
{00000001DC95-38D890DD},2010-03-31 12:49:28,DHG6594,PC-0016,Disconnect
{00000001EAAF-3DC72649},2010-03-31 12:50:22,UEH9251,PC-0117,Disconnect
{00000001DF5A-2A65CDC5},2010-03-31 12:57:50,HVG7968,PC-0044,Disconnect
{00000001C696-174F0E4D},2010-03-31 13:09:29,DHG6594,PC-0016,Connect
{00000001CFB8-0A9A1A66},2010-03-31 13:10:36,OET6830,PC-0086,Connect
{00000001D42F-0FAF3C7B},2010-03-31 13:17:18,TWU8511,PC-0115,Connect
{00000001E643-3A437509},2010-03-31 13:21:15,OLN5687,PC-0088,Disconnect
{00000001EA30-3FBCCBF8},2010-03-31 13:21:18,TWU8511,PC-0115,Disconnect
{00000001C695-0B3D0F53},2010-03-31 13:21:26,DHG6594,PC-0016,Connect
{00000001E24B-007FC917},2010-03-31 13:25:36,KIX3704,PC-0058,Disconnect
{00000001E18F-1ECD0041},2010-03-31 13:28:27,JMM0438,PC-0053,Disconnect
{00000001D42D-1A60E437},2010-03-31 13:31:01,TWU8511,PC-0115,Connect
{00000001EEFA-29A50084},2010-03-31 13:31:42,ZUI9718,PC-0157,Disconnect
{00000001CD14-2234F776},2010-03-31 13:33:26,KYR0991,PC-0061,Connect
{00000001E477-374F76C5},2010-03-31 13:33:28,NBM1814,PC-0077,Disconnect
{00000001E5B9-0A20527E},2010-03-31 13:36:36,OET6830,PC-0086,Disconnect
{00000001E315-3146C836},2010-03-31 13:37:26,KYR0991,PC-0061,Disconnect
{00000001DC96-3E6FEDD7},2010-03-31 13:42:26,DHG6594,PC-0016,Disconnect
{00000001D848-0C35D5C4},2010-03-31 13:42:45,YLE8326,PC-0147,Connect
{00000001EE49-090EFCBB},2010-03-31 13:50:45,YLE8326,PC-0147,Disconnect
{00000001C693-2876E13B},2010-03-31 13:58:22,DHG6594,PC-0016,Connect
{00000001D881-1301EFD9},2010-03-31 13:59:12,YST5811,PC-0149,Connect
{00000001DC97-3249B8A5},2010-03-31 14:22:29,DHG6594,PC-0016,Disconnect
{00000001D880-0889B1B4},2010-03-31 14:33:40,YST5811,PC-0149,Connect
{00000001D42E-30115CE0},2010-03-31 14:35:39,TWU8511,PC-0115,Connect
{00000001EE81-3149B88B},2010-03-31 14:43:40,YST5811,PC-0149,Disconnect
{00000001EA2E-1CD3312A},2010-03-31 14:54:01,TWU8511,PC-0115,Disconnect
{00000001C546-1B0697E5},2010-03-31 14:56:14,CQZ8674,PC-0013,Connect
{00000001DC94-0F235D9E},2010-03-31 14:58:22,DHG6594,PC-0016,Disconnect
{00000001EE82-1A427316},2010-03-31 15:20:12,YST5811,PC-0149,Disconnect
{00000001DB47-2C91CA7B},2010-03-31 15:22:14,CQZ8674,PC-0013,Disconnect
{00000001D044-136BDDDE},2010-03-31 15:22:37,OLN5687,PC-0088,Connect
{00000001C8F9-0D567881},2010-03-31 15:23:43,HMR4907,PC-0043,Connect
{00000001EA2F-3585BC81},2010-03-31 15:26:39,TWU8511,PC-0115,Disconnect
{00000001DEFA-3CD3953E},2010-03-31 15:42:43,HMR4907,PC-0043,Disconnect
{00000001D37C-3055D201},2010-03-31 16:26:13,SHV5792,PC-0108,Connect
{00000001E645-03D09659},2010-03-31 16:26:37,OLN5687,PC-0088,Disconnect
{00000001C48A-318A3834},2010-03-31 16:37:35,AZE5960,PC-0006,Connect
{00000001E97D-0C13D025},2010-03-31 17:00:13,SHV5792,PC-0108,Disconnect
{00000001CD93-1C679415},2010-03-31 17:09:35,LRR4710,PC-0067,Connect
{00000001CE77-3C452559},2010-03-31 17:17:25,NBM1814,PC-0077,Connect
{00000001D753-110573EA},2010-03-31 17:38:34,XGF2493,PC-0139,Connect
{00000001DA8B-2A42A810},2010-03-31 17:41:35,AZE5960,PC-0006,Disconnect
{00000001CD13-36ABFC3C},2010-03-31 17:44:52,KYR0991,PC-0061,Connect
{00000001ED54-1DA2B935},2010-03-31 17:53:34,XGF2493,PC-0139,Disconnect
{00000001E478-31A233A2},2010-03-31 18:35:25,NBM1814,PC-0077,Disconnect
{00000001E394-3421FF14},2010-03-31 18:37:35,LRR4710,PC-0067,Disconnect
{00000001E314-2229BDF7},2010-03-31 18:40:52,KYR0991,PC-0061,Disconnect
{00000001F320-31EB84DE},2010-04-01 04:13:29,WBM5944,PC-0134,Connect
{00000001F3E9-200A9635},2010-04-01 05:23:29,WBM5944,PC-0134,Disconnect
{00000001F0AA-0EAFF7E5},2010-04-01 07:08:55,WBM5944,PC-0134,Connect
{00000001C54B-070078FE},2010-04-01 07:39:42,CQZ8674,PC-0013,Connect
{00000001D12F-18277CB5},2010-04-01 07:57:38,QCT4158,PC-0097,Connect
{00000001CF1B-11AFD950},2010-04-01 08:02:43,NRU3936,PC-0083,Connect
{00000001F234-0974E411},2010-04-01 08:06:55,WBM5944,PC-0134,Disconnect
{00000001E730-02DA7BF1},2010-04-01 08:15:38,QCT4158,PC-0097,Disconnect
{00000001D430-2600E962},2010-04-01 08:24:12,TWU8511,PC-0115,Connect
{00000001DB4C-0A2D235C},2010-04-01 08:41:42,CQZ8674,PC-0013,Disconnect
{00000001D849-107F7DC9},2010-04-01 08:47:54,YLE8326,PC-0147,Connect
{00000001D882-1AB8FAFA},2010-04-01 08:56:18,YST5811,PC-0149,Connect
{00000001D432-1A816ED7},2010-04-01 08:57:11,TWU8511,PC-0115,Connect
{00000001EE83-1C301864},2010-04-01 08:59:18,YST5811,PC-0149,Disconnect
{00000001E51C-2B90B3AA},2010-04-01 09:03:43,NRU3936,PC-0083,Disconnect
{00000001EE4A-11F87706},2010-04-01 09:05:54,YLE8326,PC-0147,Disconnect
{00000001EA33-244EF38A},2010-04-01 09:21:11,TWU8511,PC-0115,Disconnect
{00000001EA31-22801D4A},2010-04-01 09:28:12,TWU8511,PC-0115,Disconnect
{00000001D434-31BD776A},2010-04-01 09:45:02,TWU8511,PC-0115,Connect
{00000001C441-0CA64D02},2010-04-01 09:46:51,AYY2409,PC-0005,Connect
{00000001D59E-22B19D25},2010-04-01 09:48:27,USS4618,PC-0121,Connect
{00000001C698-18405918},2010-04-01 09:57:20,DHG6594,PC-0016,Connect
{00000001DC99-0E353AA3},2010-04-01 10:03:20,DHG6594,PC-0016,Disconnect
{00000001CD17-11EA3D53},2010-04-01 10:11:09,KYR0991,PC-0061,Connect
{00000001EA35-257AC282},2010-04-01 10:13:02,TWU8511,PC-0115,Disconnect
{00000001C699-2E0EA6D7},2010-04-01 10:18:00,DHG6594,PC-0016,Connect
{00000001CDF5-12BEE286},2010-04-01 10:27:30,MDR4757,PC-0071,Connect
{00000001C547-3AB559ED},2010-04-01 10:28:26,CQZ8674,PC-0013,Connect
{00000001E3F6-2CAE198E},2010-04-01 10:30:30,MDR4757,PC-0071,Disconnect
{00000001CB8F-02A28B88},2010-04-01 10:33:00,JMM0438,PC-0053,Connect
{00000001D546-2B4C5D1B},2010-04-01 10:33:43,UQK8227,PC-0120,Connect
{00000001C397-26082AB8},2010-04-01 10:34:59,ADG1145,PC-0001,Connect
{00000001D998-3057FB02},2010-04-01 10:46:59,ADG1145,PC-0001,Disconnect
{00000001EB9F-2319C89F},2010-04-01 10:52:27,USS4618,PC-0121,Disconnect
{00000001DC9A-331ACCCD},2010-04-01 11:06:00,DHG6594,PC-0016,Disconnect
{00000001CD15-1827FA0B},2010-04-01 11:08:53,KYR0991,PC-0061,Connect
{00000001DA42-2718D61D},2010-04-01 11:12:51,AYY2409,PC-0005,Disconnect
{00000001E318-332D3A18},2010-04-01 11:29:09,KYR0991,PC-0061,Disconnect
{00000001C4A4-3711E2DF},2010-04-01 11:37:57,BFH3103,PC-0007,Connect
{00000001CD16-18E15E10},2010-04-01 11:42:11,KYR0991,PC-0061,Connect
{00000001DB48-21B88349},2010-04-01 11:46:26,CQZ8674,PC-0013,Disconnect
{00000001E190-1E3170AF},2010-04-01 11:54:00,JMM0438,PC-0053,Disconnect
{00000001EB47-003D6B96},2010-04-01 11:56:43,UQK8227,PC-0120,Disconnect
{00000001C442-126AE059},2010-04-01 12:00:58,AYY2409,PC-0005,Connect
{00000001E317-25B0E90F},2010-04-01 12:10:11,KYR0991,PC-0061,Disconnect
{00000001DAA5-060D968B},2010-04-01 12:10:57,BFH3103,PC-0007,Disconnect
{00000001E316-3590F859},2010-04-01 12:11:53,KYR0991,PC-0061,Disconnect
{00000001F0AB-09D1C75B},2010-04-01 12:30:29,WBM5944,PC-0134,Connect
{00000001DA43-38EA78F3},2010-04-01 13:00:58,AYY2409,PC-0005,Disconnect
{00000001C4D6-127F977D},2010-04-01 13:01:09,COU3039,PC-0011,Connect
{00000001C697-06FD0CDD},2010-04-01 13:01:12,DHG6594,PC-0016,Connect
{00000001D953-2D892B54},2010-04-01 13:01:41,ZWA2339,PC-0158,Connect
{00000001DAD7-2BBB2FE8},2010-04-01 13:04:09,COU3039,PC-0011,Disconnect
{00000001DC98-212FE2CF},2010-04-01 13:11:12,DHG6594,PC-0016,Disconnect
{00000001CA7F-296855CF},2010-04-01 13:21:01,IVL8082,PC-0051,Connect
{00000001EF54-3280F253},2010-04-01 13:24:41,ZWA2339,PC-0158,Disconnect
{00000001D7AF-19016FB9},2010-04-01 13:33:35,YDM6963,PC-0145,Connect
{00000001D883-26C10C70},2010-04-01 13:44:10,YST5811,PC-0149,Connect
{00000001F235-0DDB470C},2010-04-01 13:45:29,WBM5944,PC-0134,Disconnect
{00000001E080-3D2AC0B8},2010-04-01 13:59:01,IVL8082,PC-0051,Disconnect
{00000001D23D-141956C4},2010-04-01 13:59:09,RUT1946,PC-0104,Connect
{00000001C5E0-01612355},2010-04-01 14:01:27,CVC0519,PC-0015,Connect
{00000001D37E-06C42E30},2010-04-01 14:05:18,SHV5792,PC-0108,Connect
{00000001E83E-3AEA92AE},2010-04-01 14:15:09,RUT1946,PC-0104,Disconnect
{00000001D884-23DAE6CA},2010-04-01 14:30:27,YST5811,PC-0149,Connect
{00000001C3E4-328867CB},2010-04-01 14:31:05,ATM7194,PC-0003,Connect
{00000001EDB0-2E3736F7},2010-04-01 14:38:35,YDM6963,PC-0145,Disconnect
{00000001EE85-30BDD620},2010-04-01 14:43:27,YST5811,PC-0149,Disconnect
{00000001D8B8-17948A94},2010-04-01 14:45:13,ZIF9528,PC-0154,Connect
{00000001D9E5-28BF84F0},2010-04-01 14:48:05,ATM7194,PC-0003,Disconnect
{00000001C548-111B09BB},2010-04-01 14:54:36,CQZ8674,PC-0013,Connect
{00000001EE84-3DAFB817},2010-04-01 15:05:10,YST5811,PC-0149,Disconnect
{00000001DBE1-1F43948E},2010-04-01 15:05:27,CVC0519,PC-0015,Disconnect
{00000001E97F-21967D53},2010-04-01 15:29:18,SHV5792,PC-0108,Disconnect
{00000001D046-1BF9ECAC},2010-04-01 15:30:03,OLN5687,PC-0088,Connect
{00000001C54A-1D595891},2010-04-01 15:46:03,CQZ8674,PC-0013,Connect
{00000001D045-2AFCC131},2010-04-01 15:47:58,OLN5687,PC-0088,Connect
{00000001D548-3939DF8E},2010-04-01 15:48:08,UQK8227,PC-0120,Connect
{00000001DB4B-1AE2BCCD},2010-04-01 15:49:03,CQZ8674,PC-0013,Disconnect
{00000001D433-19DA4042},2010-04-01 15:55:34,TWU8511,PC-0115,Connect
{00000001EEB9-3A43EF92},2010-04-01 15:59:13,ZIF9528,PC-0154,Disconnect
{00000001DB49-33AB2F75},2010-04-01 16:05:36,CQZ8674,PC-0013,Disconnect
{00000001CDB0-10F681EF},2010-04-01 16:06:31,LYE5717,PC-0069,Connect
{00000001D547-1793B764},2010-04-01 16:22:25,UQK8227,PC-0120,Connect
{00000001C9EE-03980AFC},2010-04-01 16:27:22,IAC0900,PC-0045,Connect
{00000001C549-0FCB2B71},2010-04-01 16:29:40,CQZ8674,PC-0013,Connect
{00000001DFEF-3413FBA1},2010-04-01 16:34:22,IAC0900,PC-0045,Disconnect
{00000001E3B1-25DB2D29},2010-04-01 16:34:31,LYE5717,PC-0069,Disconnect
{00000001CF1C-3DA75B90},2010-04-01 16:36:13,NRU3936,PC-0083,Connect
{00000001EA34-0209C406},2010-04-01 16:43:34,TWU8511,PC-0115,Disconnect
{00000001EB48-0EFB26E2},2010-04-01 16:44:25,UQK8227,PC-0120,Disconnect
{00000001E647-20A83273},2010-04-01 16:48:03,OLN5687,PC-0088,Disconnect
{00000001D431-0FADA5DA},2010-04-01 16:57:57,TWU8511,PC-0115,Connect
{00000001E646-25D042CF},2010-04-01 16:57:58,OLN5687,PC-0088,Disconnect
{00000001DB4A-01F8903F},2010-04-01 16:58:40,CQZ8674,PC-0013,Disconnect
{00000001D4AF-27295FF5},2010-04-01 16:59:27,UEH9251,PC-0117,Connect
{00000001EB49-14C181D3},2010-04-01 17:05:08,UQK8227,PC-0120,Disconnect
{00000001E51D-0BF11C21},2010-04-01 17:08:13,NRU3936,PC-0083,Disconnect
{00000001D59D-112038CC},2010-04-01 17:14:36,USS4618,PC-0121,Connect
{00000001D549-3D170F71},2010-04-01 17:22:09,UQK8227,PC-0120,Connect
{00000001C823-1BCF0089},2010-04-01 17:37:25,FCN9756,PC-0031,Connect
{00000001EA32-2A48BCB9},2010-04-01 17:38:57,TWU8511,PC-0115,Disconnect
{00000001D1A4-0CEDDB0E},2010-04-01 17:48:53,QSC3123,PC-0100,Connect
{00000001D37D-3E7686AC},2010-04-01 17:52:48,SHV5792,PC-0108,Connect
{00000001EAB0-28720790},2010-04-01 17:55:27,UEH9251,PC-0117,Disconnect
{00000001EB9E-0D801756},2010-04-01 17:56:36,USS4618,PC-0121,Disconnect
{00000001EB4A-1CDE10D4},2010-04-01 18:06:09,UQK8227,PC-0120,Disconnect
{00000001E7A5-1A46A935},2010-04-01 18:06:53,QSC3123,PC-0100,Disconnect
{00000001E97E-062ABC22},2010-04-01 18:55:48,SHV5792,PC-0108,Disconnect
{00000001DE24-1B0A8D06},2010-04-01 19:04:25,FCN9756,PC-0031,Disconnect
{00000001F31F-3D846562},2010-04-01 22:03:33,WBM5944,PC-0134,Connect
{00000001F3E8-2AC6DED6},2010-04-01 22:45:33,WBM5944,PC-0134,Disconnect
{00000001C5E1-24DA8EFF},2010-04-02 07:22:47,CVC0519,PC-0015,Connect
{00000001DBE2-1E4B5686},2010-04-02 07:37:47,CVC0519,PC-0015,Disconnect
{00000001D8FA-3CF8A36C},2010-04-02 07:58:18,ZUI9718,PC-0157,Connect
{00000001CF1D-0D38F789},2010-04-02 07:58:27,NRU3936,PC-0083,Connect
{00000001D436-3E60BEB2},2010-04-02 08:02:06,TWU8511,PC-0115,Connect
{00000001C95A-20379032},2010-04-02 08:05:24,HVG7968,PC-0044,Connect
{00000001E51E-202DA617},2010-04-02 08:15:27,NRU3936,PC-0083,Disconnect
{00000001C824-2410A8A5},2010-04-02 08:16:21,FCN9756,PC-0031,Connect
{00000001CA80-3129F16A},2010-04-02 08:38:28,IVL8082,PC-0051,Connect
{00000001EA37-1CA63973},2010-04-02 08:51:06,TWU8511,PC-0115,Disconnect
{00000001DE25-38394086},2010-04-02 08:57:21,FCN9756,PC-0031,Disconnect
{00000001D4ED-325D30D3},2010-04-02 08:59:00,UKR6395,PC-0118,Connect
{00000001D667-3C35B8CE},2010-04-02 09:02:45,VNI5142,PC-0129,Connect
{00000001EEFB-0A115980},2010-04-02 09:12:18,ZUI9718,PC-0157,Disconnect
{00000001DF5B-361E5ECA},2010-04-02 09:12:24,HVG7968,PC-0044,Disconnect
{00000001EC68-2DAAFE54},2010-04-02 09:14:45,VNI5142,PC-0129,Disconnect
{00000001E081-30DE1821},2010-04-02 09:17:28,IVL8082,PC-0051,Disconnect
{00000001EAEE-3336949D},2010-04-02 09:27:00,UKR6395,PC-0118,Disconnect
{00000001CA28-332EB5E8},2010-04-02 09:32:34,IDI9618,PC-0048,Connect
{00000001D955-349C63C7},2010-04-02 09:41:45,ZWA2339,PC-0158,Connect
{00000001D3C4-147C5089},2010-04-02 10:03:34,TTJ2624,PC-0112,Connect
{00000001D7B0-06A24BDB},2010-04-02 10:05:02,YDM6963,PC-0145,Connect
{00000001CE78-040C01C1},2010-04-02 10:14:47,NBM1814,PC-0077,Connect
{00000001D5EA-2A03709F},2010-04-02 10:23:22,UUU6648,PC-0122,Connect
{00000001CC4B-3069CA67},2010-04-02 10:26:35,KIX3704,PC-0058,Connect
{00000001CD18-349CDFC6},2010-04-02 10:26:36,KYR0991,PC-0061,Connect
{00000001C7A5-04C3831C},2010-04-02 10:27:21,EHP1536,PC-0027,Connect
{00000001E479-057D1A63},2010-04-02 10:27:47,NBM1814,PC-0077,Disconnect
{00000001EF56-3346A534},2010-04-02 10:30:45,ZWA2339,PC-0158,Disconnect
{00000001EDB1-263CBB0E},2010-04-02 10:33:02,YDM6963,PC-0145,Disconnect
{00000001E9C5-1205DFB5},2010-04-02 10:35:34,TTJ2624,PC-0112,Disconnect
{00000001C398-050CCF9B},2010-04-02 10:38:38,ADG1145,PC-0001,Connect
{00000001C4FC-132CF652},2010-04-02 10:45:15,COX0638,PC-0012,Connect
{00000001CB90-059F6254},2010-04-02 10:47:51,JMM0438,PC-0053,Connect
{00000001E24C-37459247},2010-04-02 10:48:35,KIX3704,PC-0058,Disconnect
{00000001DAFD-08F02C0D},2010-04-02 10:54:15,COX0638,PC-0012,Disconnect
{00000001E029-36B4F111},2010-04-02 10:55:34,IDI9618,PC-0048,Disconnect
{00000001D047-2E5D54F2},2010-04-02 10:57:37,OLN5687,PC-0088,Connect
{00000001E191-2FE6666E},2010-04-02 11:04:51,JMM0438,PC-0053,Disconnect
{00000001D2F0-1AEBF028},2010-04-02 11:06:30,SDT4191,PC-0106,Connect
{00000001E8F1-05F95283},2010-04-02 11:14:30,SDT4191,PC-0106,Disconnect
{00000001E648-33BD0590},2010-04-02 11:15:37,OLN5687,PC-0088,Disconnect
{00000001D885-371962CF},2010-04-02 11:20:49,YST5811,PC-0149,Connect
{00000001EE86-2924E8C8},2010-04-02 11:33:49,YST5811,PC-0149,Disconnect
{00000001DDA6-3485C01E},2010-04-02 11:44:21,EHP1536,PC-0027,Disconnect
{00000001D999-273966F8},2010-04-02 11:48:38,ADG1145,PC-0001,Disconnect
{00000001EBEB-16A56056},2010-04-02 11:49:22,UUU6648,PC-0122,Disconnect
{00000001C741-1676372A},2010-04-02 11:52:21,DNM3159,PC-0019,Connect
{00000001E319-0EFE5E9B},2010-04-02 11:52:36,KYR0991,PC-0061,Disconnect
{00000001D666-23D9829B},2010-04-02 11:56:22,VNI5142,PC-0129,Connect
{00000001CDF7-30EFCC84},2010-04-02 12:14:38,MDR4757,PC-0071,Connect
{00000001D954-0D5CBEDE},2010-04-02 12:22:24,ZWA2339,PC-0158,Connect
{00000001D1A5-38DF0DBD},2010-04-02 12:30:42,QSC3123,PC-0100,Connect
{00000001CD94-264C9403},2010-04-02 12:33:53,LRR4710,PC-0067,Connect
{00000001E7A6-0221A40D},2010-04-02 12:39:42,QSC3123,PC-0100,Disconnect
{00000001EC67-18EB6B4C},2010-04-02 12:59:22,VNI5142,PC-0129,Disconnect
{00000001E395-346AA0A6},2010-04-02 13:00:53,LRR4710,PC-0067,Disconnect
{00000001DD42-3E31F750},2010-04-02 13:01:21,DNM3159,PC-0019,Disconnect
{00000001E3F8-392A9D50},2010-04-02 13:07:38,MDR4757,PC-0071,Disconnect
{00000001F0AC-3D3737CE},2010-04-02 13:35:42,WBM5944,PC-0134,Connect
{00000001EF55-3A29D70F},2010-04-02 13:47:24,ZWA2339,PC-0158,Disconnect
{00000001D8B9-35F64BDF},2010-04-02 13:57:43,ZIF9528,PC-0154,Connect
{00000001EEBA-2E4F991C},2010-04-02 14:08:43,ZIF9528,PC-0154,Disconnect
{00000001F236-33669FD4},2010-04-02 14:18:42,WBM5944,PC-0134,Disconnect
{00000001C4D7-23DF6C98},2010-04-02 14:53:03,COU3039,PC-0011,Connect
{00000001CDF6-2A1ECE1B},2010-04-02 14:59:28,MDR4757,PC-0071,Connect
{00000001CADF-3302B2E4},2010-04-02 15:06:36,JDE8246,PC-0052,Connect
{00000001CF1E-27B0601B},2010-04-02 15:06:54,NRU3936,PC-0083,Connect
{00000001D665-25EA350C},2010-04-02 15:08:08,VNI5142,PC-0129,Connect
{00000001E51F-08F05870},2010-04-02 15:12:54,NRU3936,PC-0083,Disconnect
{00000001E0E0-3F935F0E},2010-04-02 15:15:36,JDE8246,PC-0052,Disconnect
{00000001E3F7-33913F3E},2010-04-02 15:20:28,MDR4757,PC-0071,Disconnect
{00000001C443-1FD515D7},2010-04-02 15:29:43,AYY2409,PC-0005,Connect
{00000001EC66-302D43BA},2010-04-02 15:36:08,VNI5142,PC-0129,Disconnect
{00000001CADE-24B3D25E},2010-04-02 15:49:47,JDE8246,PC-0052,Connect
{00000001DAD8-3BAACBC3},2010-04-02 16:03:03,COU3039,PC-0011,Disconnect
{00000001DA44-3B17A992},2010-04-02 16:44:43,AYY2409,PC-0005,Disconnect
{00000001CECB-1561EEF1},2010-04-02 16:51:57,NRI9556,PC-0082,Connect
{00000001E0DF-190D6083},2010-04-02 16:55:47,JDE8246,PC-0052,Disconnect
{00000001CB91-1EA8BBDA},2010-04-02 16:59:39,JMM0438,PC-0053,Connect
{00000001E4CC-35514E3E},2010-04-02 17:06:57,NRI9556,PC-0082,Disconnect
{00000001D23E-07D00DEE},2010-04-02 17:25:57,RUT1946,PC-0104,Connect
{00000001E192-16395EB0},2010-04-02 17:30:39,JMM0438,PC-0053,Disconnect
{00000001CD19-0739CD98},2010-04-02 17:35:50,KYR0991,PC-0061,Connect
{00000001D435-15647233},2010-04-02 17:41:35,TWU8511,PC-0115,Connect
{00000001E31A-3787842A},2010-04-02 17:54:50,KYR0991,PC-0061,Disconnect
{00000001EA36-3E8C5030},2010-04-02 17:57:35,TWU8511,PC-0115,Disconnect
{00000001E83F-3C74C624},2010-04-02 18:28:57,RUT1946,PC-0104,Disconnect
{00000001CA2A-0993AE16},2010-04-05 07:08:13,IDI9618,PC-0048,Connect
{00000001F0AE-2D5C11FE},2010-04-05 07:17:46,WBM5944,PC-0134,Connect
{00000001E02B-3F3CE89C},2010-04-05 07:23:13,IDI9618,PC-0048,Disconnect
{00000001D886-31CAC67C},2010-04-05 07:24:22,YST5811,PC-0149,Connect
{00000001F238-0021B60E},2010-04-05 07:28:46,WBM5944,PC-0134,Disconnect
{00000001EE87-250AC3DE},2010-04-05 07:33:22,YST5811,PC-0149,Disconnect
{00000001D2F1-3304507D},2010-04-05 07:39:21,SDT4191,PC-0106,Connect
{00000001C54C-3A381386},2010-04-05 07:44:24,CQZ8674,PC-0013,Connect
{00000001C69A-3303DF7C},2010-04-05 07:56:39,DHG6594,PC-0016,Connect
{00000001DB4D-1DE45598},2010-04-05 08:06:24,CQZ8674,PC-0013,Disconnect
{00000001E8F2-3DA02499},2010-04-05 08:14:21,SDT4191,PC-0106,Disconnect
{00000001C39A-1E470264},2010-04-05 08:21:03,ADG1145,PC-0001,Connect
{00000001D37F-002ED681},2010-04-05 08:27:14,SHV5792,PC-0108,Connect
{00000001D99B-1961C164},2010-04-05 08:33:03,ADG1145,PC-0001,Disconnect
{00000001CA29-28FFB427},2010-04-05 08:39:39,IDI9618,PC-0048,Connect
{00000001D4EE-17F5AAEC},2010-04-05 08:45:04,UKR6395,PC-0118,Connect
{00000001DC9B-1C26EEF6},2010-04-05 08:56:39,DHG6594,PC-0016,Disconnect
{00000001E980-079F33EB},2010-04-05 08:59:14,SHV5792,PC-0108,Disconnect
{00000001C885-080C5FB3},2010-04-05 09:03:40,GRQ1397,PC-0036,Connect
{00000001EAEF-17D849D5},2010-04-05 09:32:04,UKR6395,PC-0118,Disconnect
{00000001E02A-28E8BCAF},2010-04-05 09:46:39,IDI9618,PC-0048,Disconnect
{00000001C3E5-2FFAF5D7},2010-04-05 09:58:27,ATM7194,PC-0003,Connect
{00000001DE86-0DC2DF03},2010-04-05 10:01:40,GRQ1397,PC-0036,Disconnect
{00000001CF1F-351F9FDF},2010-04-05 10:22:54,NRU3936,PC-0083,Connect
{00000001C742-036A9284},2010-04-05 10:24:12,DNM3159,PC-0019,Connect
{00000001F0AF-3628C1C5},2010-04-05 10:33:45,WBM5944,PC-0134,Connect
{00000001F239-252FFB24},2010-04-05 10:47:45,WBM5944,PC-0134,Disconnect
{00000001C54D-32A62CCF},2010-04-05 10:51:45,CQZ8674,PC-0013,Connect
{00000001C399-093F967E},2010-04-05 10:52:36,ADG1145,PC-0001,Connect
{00000001DD43-0A4B7223},2010-04-05 11:13:12,DNM3159,PC-0019,Disconnect
{00000001D9E6-1336F9F8},2010-04-05 11:19:27,ATM7194,PC-0003,Disconnect
{00000001E520-2F53D2A3},2010-04-05 11:25:54,NRU3936,PC-0083,Disconnect
{00000001C4A5-281CCC6B},2010-04-05 11:30:51,BFH3103,PC-0007,Connect
{00000001F0AD-104A3C50},2010-04-05 11:36:55,WBM5944,PC-0134,Connect
{00000001DB4E-2BD3130F},2010-04-05 11:57:45,CQZ8674,PC-0013,Disconnect
{00000001D99A-1930B816},2010-04-05 12:00:36,ADG1145,PC-0001,Disconnect
{00000001DAA6-28905EC1},2010-04-05 12:01:51,BFH3103,PC-0007,Disconnect
{00000001F237-2B4EF0D1},2010-04-05 12:17:55,WBM5944,PC-0134,Disconnect
{00000001D615-0B011CB6},2010-04-05 12:58:03,VDL1237,PC-0125,Connect
{00000001D049-1AAE629E},2010-04-05 13:10:38,OLN5687,PC-0088,Connect
{00000001F0B0-18CDAC2C},2010-04-05 13:27:23,WBM5944,PC-0134,Connect
{00000001CD1A-1F27B0BE},2010-04-05 13:31:51,KYR0991,PC-0061,Connect
{00000001E64A-0C67F4BF},2010-04-05 13:32:38,OLN5687,PC-0088,Disconnect
{00000001F23A-339A1CF4},2010-04-05 13:47:23,WBM5944,PC-0134,Disconnect
{00000001C95B-161501F6},2010-04-05 13:49:50,HVG7968,PC-0044,Connect
{00000001EC16-15F855BE},2010-04-05 14:03:03,VDL1237,PC-0125,Disconnect
{00000001DF5C-1D7EFFAD},2010-04-05 14:13:50,HVG7968,PC-0044,Disconnect
{00000001C444-09078C25},2010-04-05 14:23:22,AYY2409,PC-0005,Connect
{00000001DA45-347FE802},2010-04-05 14:34:22,AYY2409,PC-0005,Disconnect
{00000001D6F4-2D32ED9C},2010-04-05 14:34:28,WLH0216,PC-0135,Connect
{00000001E31B-1ED11E97},2010-04-05 14:40:51,KYR0991,PC-0061,Disconnect
{00000001C4BB-0B1CBB1C},2010-04-05 14:46:23,CCL9026,PC-0010,Connect
{00000001D59F-2340B595},2010-04-05 15:02:43,USS4618,PC-0121,Connect
{00000001C48B-33E534D8},2010-04-05 15:16:48,AZE5960,PC-0006,Connect
{00000001DABC-2A47C030},2010-04-05 15:17:23,CCL9026,PC-0010,Disconnect
{00000001CB94-018D9C01},2010-04-05 15:20:49,JMM0438,PC-0053,Connect
{00000001EBA0-32999E8F},2010-04-05 15:25:43,USS4618,PC-0121,Disconnect
{00000001E195-076EC4EB},2010-04-05 15:28:49,JMM0438,PC-0053,Disconnect
{00000001DA8C-2626F046},2010-04-05 15:37:48,AZE5960,PC-0006,Disconnect
{00000001ECF5-0F8E0264},2010-04-05 15:43:28,WLH0216,PC-0135,Disconnect
{00000001CB92-3B42AE38},2010-04-05 15:56:38,JMM0438,PC-0053,Connect
{00000001CDF8-3DA184EE},2010-04-05 15:57:47,MDR4757,PC-0071,Connect
{00000001E3F9-347A3609},2010-04-05 16:18:47,MDR4757,PC-0071,Disconnect
{00000001D048-00A09427},2010-04-05 16:22:17,OLN5687,PC-0088,Connect
{00000001D23F-1A07AB3A},2010-04-05 16:23:32,RUT1946,PC-0104,Connect
{00000001D437-0919EC78},2010-04-05 16:33:14,TWU8511,PC-0115,Connect
{00000001E193-29C507EC},2010-04-05 16:54:38,JMM0438,PC-0053,Disconnect
{00000001E649-3CF41C59},2010-04-05 16:55:17,OLN5687,PC-0088,Disconnect
{00000001CAE0-2D537192},2010-04-05 17:05:20,JDE8246,PC-0052,Connect
{00000001D0D7-388C079A},2010-04-05 17:06:18,OMU2669,PC-0089,Connect
{00000001EA38-02A61384},2010-04-05 17:17:14,TWU8511,PC-0115,Disconnect
{00000001CDB1-3BF36F9A},2010-04-05 17:27:05,LYE5717,PC-0069,Connect
{00000001CB93-128BC4D9},2010-04-05 17:34:33,JMM0438,PC-0053,Connect
{00000001E840-087EF112},2010-04-05 17:48:32,RUT1946,PC-0104,Disconnect
{00000001E6D8-23C09F75},2010-04-05 18:08:18,OMU2669,PC-0089,Disconnect
{00000001E0E1-36278F59},2010-04-05 18:19:20,JDE8246,PC-0052,Disconnect
{00000001E3B2-399E1FD8},2010-04-05 18:39:05,LYE5717,PC-0069,Disconnect
{00000001E194-189F7030},2010-04-05 19:01:33,JMM0438,PC-0053,Disconnect
{00000001F322-22FC714C},2010-04-05 22:39:46,WBM5944,PC-0134,Connect
{00000001F321-373E6953},2010-04-05 23:29:47,WBM5944,PC-0134,Connect
{00000001F3EB-238D23D3},2010-04-05 23:51:46,WBM5944,PC-0134,Disconnect
{00000001F3EA-054E06F3},2010-04-06 00:41:47,WBM5944,PC-0134,Disconnect
{00000001CE1F-03547DA4},2010-04-06 07:01:37,MGI5307,PC-0072,Connect
{00000001F0B1-07E00A97},2010-04-06 07:18:38,WBM5944,PC-0134,Connect
{00000001D439-0ECD3F10},2010-04-06 07:51:15,TWU8511,PC-0115,Connect
{00000001E420-36477F7C},2010-04-06 08:00:37,MGI5307,PC-0072,Disconnect
{00000001F23B-0E4E3BEF},2010-04-06 08:02:38,WBM5944,PC-0134,Disconnect
{00000001F0B3-3AE8C9F8},2010-04-06 08:04:12,WBM5944,PC-0134,Connect
{00000001CAE1-1DCB8FE0},2010-04-06 08:07:28,JDE8246,PC-0052,Connect
{00000001D241-38821982},2010-04-06 08:16:06,RUT1946,PC-0104,Connect
{00000001EA3A-2910A860},2010-04-06 08:25:15,TWU8511,PC-0115,Disconnect
{00000001E842-012EFF9D},2010-04-06 08:38:06,RUT1946,PC-0104,Disconnect
{00000001D2F2-391C3508},2010-04-06 08:59:36,SDT4191,PC-0106,Connect
{00000001CE1E-2009E6F5},2010-04-06 09:01:06,MGI5307,PC-0072,Connect
{00000001D240-3FBD9FE7},2010-04-06 09:01:36,RUT1946,PC-0104,Connect
{00000001E0E2-2BB0BE72},2010-04-06 09:07:28,JDE8246,PC-0052,Disconnect
{00000001F23D-18F890F9},2010-04-06 09:14:12,WBM5944,PC-0134,Disconnect
{00000001C39B-0701D65E},2010-04-06 09:29:38,ADG1145,PC-0001,Connect
{00000001E41F-0BE031F7},2010-04-06 09:31:06,MGI5307,PC-0072,Disconnect
{00000001CC4D-19406C39},2010-04-06 09:33:23,KIX3704,PC-0058,Connect
{00000001E8F3-111A1072},2010-04-06 09:33:36,SDT4191,PC-0106,Disconnect
{00000001C39C-32723DF9},2010-04-06 09:36:03,ADG1145,PC-0001,Connect
{00000001D99C-3255B288},2010-04-06 09:42:38,ADG1145,PC-0001,Disconnect
{00000001D380-33ED7544},2010-04-06 09:55:09,SHV5792,PC-0108,Connect
{00000001E841-1063BD07},2010-04-06 10:04:36,RUT1946,PC-0104,Disconnect
{00000001E24E-09FE44FD},2010-04-06 10:11:23,KIX3704,PC-0058,Disconnect
{00000001C40A-0D06FD88},2010-04-06 10:14:34,AUI6616,PC-0004,Connect
{00000001D130-30FD65B6},2010-04-06 10:22:44,QCT4158,PC-0097,Connect
{00000001E731-02533F4E},2010-04-06 10:24:44,QCT4158,PC-0097,Disconnect
{00000001D381-38363E51},2010-04-06 10:29:14,SHV5792,PC-0108,Connect
{00000001D1A6-3670C143},2010-04-06 10:33:10,QSC3123,PC-0100,Connect
{00000001D99D-096AAFCE},2010-04-06 10:46:03,ADG1145,PC-0001,Disconnect
{00000001DA0B-19B534B7},2010-04-06 11:01:34,AUI6616,PC-0004,Disconnect
{00000001E981-068C351D},2010-04-06 11:08:09,SHV5792,PC-0108,Disconnect
{00000001C886-1AC67D88},2010-04-06 11:22:00,GRQ1397,PC-0036,Connect
{00000001E7A7-367B6135},2010-04-06 11:28:10,QSC3123,PC-0100,Disconnect
{00000001CC4C-29C9A545},2010-04-06 11:43:37,KIX3704,PC-0058,Connect
{00000001E982-3DE55BB4},2010-04-06 11:46:14,SHV5792,PC-0108,Disconnect
{00000001F0B6-10C977C0},2010-04-06 11:51:36,WBM5944,PC-0134,Connect
{00000001D438-157FAD95},2010-04-06 11:52:07,TWU8511,PC-0115,Connect
{00000001D54A-26433BDB},2010-04-06 11:57:06,UQK8227,PC-0120,Connect
{00000001DE87-07E54D74},2010-04-06 12:01:00,GRQ1397,PC-0036,Disconnect
{00000001EB4B-3E9F5D10},2010-04-06 12:03:06,UQK8227,PC-0120,Disconnect
{00000001EA39-1B980A34},2010-04-06 12:06:07,TWU8511,PC-0115,Disconnect
{00000001F0B2-13BA3ECE},2010-04-06 12:14:02,WBM5944,PC-0134,Connect
{00000001D8FC-19815E4B},2010-04-06 12:18:43,ZUI9718,PC-0157,Connect
{00000001D43B-066A1AF6},2010-04-06 12:29:45,TWU8511,PC-0115,Connect
{00000001D4EF-0273D1D0},2010-04-06 12:38:14,UKR6395,PC-0118,Connect
{00000001D382-05D480C1},2010-04-06 12:40:22,SHV5792,PC-0108,Connect
{00000001C39D-0F5118C5},2010-04-06 12:46:11,ADG1145,PC-0001,Connect
{00000001E24D-1AD1CA85},2010-04-06 12:53:37,KIX3704,PC-0058,Disconnect
{00000001D99E-00BF7217},2010-04-06 12:58:11,ADG1145,PC-0001,Disconnect
{00000001F240-13A05843},2010-04-06 13:08:36,WBM5944,PC-0134,Disconnect
{00000001F23C-1EF1B5CD},2010-04-06 13:23:02,WBM5944,PC-0134,Disconnect
{00000001EA3C-14E5EFB0},2010-04-06 13:23:45,TWU8511,PC-0115,Disconnect
{00000001D43A-3CA88CE0},2010-04-06 13:27:12,TWU8511,PC-0115,Connect
{00000001F0B4-30DB8929},2010-04-06 13:33:33,WBM5944,PC-0134,Connect
{00000001EEFD-26E22F9E},2010-04-06 13:40:43,ZUI9718,PC-0157,Disconnect
{00000001F23E-2B1E94AC},2010-04-06 13:44:33,WBM5944,PC-0134,Disconnect
{00000001C4A6-33A76FB5},2010-04-06 13:48:57,BFH3103,PC-0007,Connect
{00000001E983-253CB428},2010-04-06 13:53:22,SHV5792,PC-0108,Disconnect
{00000001EAF0-2B372FE3},2010-04-06 13:54:14,UKR6395,PC-0118,Disconnect
{00000001C54E-1F3D86DA},2010-04-06 14:15:19,CQZ8674,PC-0013,Connect
{00000001C5E2-308D1085},2010-04-06 14:25:22,CVC0519,PC-0015,Connect
{00000001EA3B-08D595FE},2010-04-06 14:48:12,TWU8511,PC-0115,Disconnect
{00000001DB4F-23547F1D},2010-04-06 15:12:19,CQZ8674,PC-0013,Disconnect
{00000001DAA7-236CBD00},2010-04-06 15:15:57,BFH3103,PC-0007,Disconnect
{00000001DBE3-160CAD35},2010-04-06 15:52:22,CVC0519,PC-0015,Disconnect
{00000001C39E-2CC85E17},2010-04-06 16:25:28,ADG1145,PC-0001,Connect
{00000001D04A-1D599420},2010-04-06 16:31:01,OLN5687,PC-0088,Connect
{00000001F0B5-2325B606},2010-04-06 16:38:51,WBM5944,PC-0134,Connect
{00000001CF20-292ECC8F},2010-04-06 16:39:44,NRU3936,PC-0083,Connect
{00000001D8FB-2664393F},2010-04-06 16:40:37,ZUI9718,PC-0157,Connect
{00000001D99F-3B01433C},2010-04-06 17:00:28,ADG1145,PC-0001,Disconnect
{00000001EEFC-2C8F93C8},2010-04-06 17:26:37,ZUI9718,PC-0157,Disconnect
{00000001C7A6-254787A5},2010-04-06 17:44:54,EHP1536,PC-0027,Connect
{00000001F23F-28FC3586},2010-04-06 17:46:51,WBM5944,PC-0134,Disconnect
{00000001E521-1B2801BD},2010-04-06 17:50:44,NRU3936,PC-0083,Disconnect
{00000001E64B-1BB4DF49},2010-04-06 17:52:01,OLN5687,PC-0088,Disconnect
{00000001DDA7-311BA289},2010-04-06 18:47:54,EHP1536,PC-0027,Disconnect
{00000001F323-27FBA180},2010-04-06 21:36:42,WBM5944,PC-0134,Connect
{00000001F3EC-124786C0},2010-04-06 22:21:42,WBM5944,PC-0134,Disconnect
{00000001D43C-17B810AB},2010-04-07 07:07:42,TWU8511,PC-0115,Connect
{00000001D8BA-119DD615},2010-04-07 07:13:19,ZIF9528,PC-0154,Connect
{00000001EA3D-06A8A81D},2010-04-07 07:16:42,TWU8511,PC-0115,Disconnect
{00000001EEBB-058103BC},2010-04-07 07:29:19,ZIF9528,PC-0154,Disconnect
{00000001CB95-0050EA20},2010-04-07 07:30:27,JMM0438,PC-0053,Connect
{00000001D7B3-30F47B4B},2010-04-07 07:37:37,YDM6963,PC-0145,Connect
{00000001E196-2CE00AE2},2010-04-07 08:06:27,JMM0438,PC-0053,Disconnect
{00000001D7B2-03E118EF},2010-04-07 08:11:24,YDM6963,PC-0145,Connect
{00000001EDB4-03D96B77},2010-04-07 08:51:37,YDM6963,PC-0145,Disconnect
{00000001D4B0-3F933561},2010-04-07 08:54:21,UEH9251,PC-0117,Connect
{00000001D4F1-244255EF},2010-04-07 09:11:29,UKR6395,PC-0118,Connect
{00000001EDB3-093977E6},2010-04-07 09:19:24,YDM6963,PC-0145,Disconnect
{00000001CAE2-1FE37C06},2010-04-07 09:22:47,JDE8246,PC-0052,Connect
{00000001F0BC-0A1442E7},2010-04-07 09:23:52,WBM5944,PC-0134,Connect
{00000001D1A9-18EE5A0A},2010-04-07 09:37:29,QSC3123,PC-0100,Connect
{00000001D7B1-2D1D95C4},2010-04-07 09:42:34,YDM6963,PC-0145,Connect
{00000001D1A7-25FCFD5F},2010-04-07 09:53:16,QSC3123,PC-0100,Connect
{00000001F246-36B122CF},2010-04-07 09:56:52,WBM5944,PC-0134,Disconnect
{00000001E0E3-27E17717},2010-04-07 10:00:47,JDE8246,PC-0052,Disconnect
{00000001EAF2-089343CC},2010-04-07 10:07:29,UKR6395,PC-0118,Disconnect
{00000001EAB1-0985F888},2010-04-07 10:08:21,UEH9251,PC-0117,Disconnect
{00000001EDB2-16057F87},2010-04-07 10:21:34,YDM6963,PC-0145,Disconnect
{00000001E7AA-1D18577E},2010-04-07 10:27:29,QSC3123,PC-0100,Disconnect
{00000001C743-370D1BBA},2010-04-07 10:41:23,DNM3159,PC-0019,Connect
{00000001CC4E-273FA9D1},2010-04-07 10:42:23,KIX3704,PC-0058,Connect
{00000001E7A8-125CDBF5},2010-04-07 10:45:16,QSC3123,PC-0100,Disconnect
{00000001DD44-1CE40A5B},2010-04-07 10:51:23,DNM3159,PC-0019,Disconnect
{00000001C445-2078DB5F},2010-04-07 11:02:29,AYY2409,PC-0005,Connect
{00000001F0BB-36B1DC3E},2010-04-07 11:02:29,WBM5944,PC-0134,Connect
{00000001E24F-10FE3601},2010-04-07 11:09:23,KIX3704,PC-0058,Disconnect
{00000001D4F0-24FD5155},2010-04-07 11:11:05,UKR6395,PC-0118,Connect
{00000001CC50-37EA96DF},2010-04-07 11:28:42,KIX3704,PC-0058,Connect
{00000001F245-1B8D409E},2010-04-07 11:40:29,WBM5944,PC-0134,Disconnect
{00000001C551-0B325E61},2010-04-07 11:46:16,CQZ8674,PC-0013,Connect
{00000001D812-1C2DE832},2010-04-07 11:49:24,YIO5206,PC-0146,Connect
{00000001D813-1FE08E63},2010-04-07 11:57:56,YIO5206,PC-0146,Connect
{00000001DB52-22135636},2010-04-07 12:13:16,CQZ8674,PC-0013,Disconnect
{00000001D383-3D0002AE},2010-04-07 12:17:13,SHV5792,PC-0108,Connect
{00000001D8FE-309985C9},2010-04-07 12:20:42,ZUI9718,PC-0157,Connect
{00000001DA46-3AB8425C},2010-04-07 12:21:29,AYY2409,PC-0005,Disconnect
{00000001EAF1-0E6DAB94},2010-04-07 12:26:05,UKR6395,PC-0118,Disconnect
{00000001C887-2447ADA1},2010-04-07 12:30:39,GRQ1397,PC-0036,Connect
{00000001F0B7-30407875},2010-04-07 12:30:54,WBM5944,PC-0134,Connect
{00000001D8FD-2758302E},2010-04-07 12:32:13,ZUI9718,PC-0157,Connect
{00000001F0B8-288D4C30},2010-04-07 12:39:31,WBM5944,PC-0134,Connect
{00000001E251-3000B445},2010-04-07 12:52:42,KIX3704,PC-0058,Disconnect
{00000001C888-27FF7CDC},2010-04-07 12:57:04,GRQ1397,PC-0036,Connect
{00000001EE14-1949DEDB},2010-04-07 13:08:56,YIO5206,PC-0146,Disconnect
{00000001D242-09BBE8A8},2010-04-07 13:10:48,RUT1946,PC-0104,Connect
{00000001EEFF-0E5AC7F2},2010-04-07 13:14:42,ZUI9718,PC-0157,Disconnect
{00000001EE13-14645A20},2010-04-07 13:16:24,YIO5206,PC-0146,Disconnect
{00000001F241-20762C57},2010-04-07 13:16:54,WBM5944,PC-0134,Disconnect
{00000001CA81-17BA7662},2010-04-07 13:24:37,IVL8082,PC-0051,Connect
{00000001E082-03835A91},2010-04-07 13:27:37,IVL8082,PC-0051,Disconnect
{00000001DE88-220212BA},2010-04-07 13:32:39,GRQ1397,PC-0036,Disconnect
{00000001E984-09262F16},2010-04-07 13:33:13,SHV5792,PC-0108,Disconnect
{00000001D1A8-22B2D7B2},2010-04-07 13:38:56,QSC3123,PC-0100,Connect
{00000001EEFE-06C2507B},2010-04-07 13:41:13,ZUI9718,PC-0157,Disconnect
{00000001E843-1771F480},2010-04-07 13:41:48,RUT1946,PC-0104,Disconnect
{00000001DE89-2A2B94E1},2010-04-07 13:50:04,GRQ1397,PC-0036,Disconnect
{00000001F242-31D21FF8},2010-04-07 13:54:31,WBM5944,PC-0134,Disconnect
{00000001D956-2BEEA16A},2010-04-07 13:57:16,ZWA2339,PC-0158,Connect
{00000001E7A9-0CBEB2EC},2010-04-07 14:22:56,QSC3123,PC-0100,Disconnect
{00000001D0D8-0EA0C66E},2010-04-07 14:26:20,OMU2669,PC-0089,Connect
{00000001C95C-3D0E006C},2010-04-07 14:30:22,HVG7968,PC-0044,Connect
{00000001EF57-05450798},2010-04-07 14:31:16,ZWA2339,PC-0158,Disconnect
{00000001D04B-151F73F3},2010-04-07 14:35:52,OLN5687,PC-0088,Connect
{00000001E64C-39762322},2010-04-07 14:43:52,OLN5687,PC-0088,Disconnect
{00000001C39F-09473F5F},2010-04-07 14:45:45,ADG1145,PC-0001,Connect
{00000001CFBA-144F6021},2010-04-07 14:50:47,OET6830,PC-0086,Connect
{00000001D9A0-271DC43E},2010-04-07 14:59:45,ADG1145,PC-0001,Disconnect
{00000001C550-0366F0A0},2010-04-07 15:03:59,CQZ8674,PC-0013,Connect
{00000001D04C-25BF064D},2010-04-07 15:12:49,OLN5687,PC-0088,Connect
{00000001C8E2-1F628B20},2010-04-07 15:14:03,GUG7168,PC-0037,Connect
{00000001DB51-0F8B68FF},2010-04-07 15:18:59,CQZ8674,PC-0013,Disconnect
{00000001CD1B-252C486A},2010-04-07 15:24:38,KYR0991,PC-0061,Connect
{00000001E6D9-31E71034},2010-04-07 15:28:20,OMU2669,PC-0089,Disconnect
{00000001E5BB-1261727E},2010-04-07 15:31:47,OET6830,PC-0086,Disconnect
{00000001DF5D-272534F7},2010-04-07 15:42:22,HVG7968,PC-0044,Disconnect
{00000001E64D-228CE4F9},2010-04-07 15:51:49,OLN5687,PC-0088,Disconnect
{00000001DEE3-21688B58},2010-04-07 16:02:03,GUG7168,PC-0037,Disconnect
{00000001D5A0-12EDA692},2010-04-07 16:05:17,USS4618,PC-0121,Connect
{00000001C54F-30F7756C},2010-04-07 16:14:54,CQZ8674,PC-0013,Connect
{00000001EBA1-200609C0},2010-04-07 16:19:17,USS4618,PC-0121,Disconnect
{00000001E31C-3547CB86},2010-04-07 16:41:38,KYR0991,PC-0061,Disconnect
{00000001CF21-05A4C172},2010-04-07 16:44:31,NRU3936,PC-0083,Connect
{00000001C9EF-2C9A96A8},2010-04-07 17:10:18,IAC0900,PC-0045,Connect
{00000001DB50-0F3EFA95},2010-04-07 17:12:54,CQZ8674,PC-0013,Disconnect
{00000001CC4F-3F93D26A},2010-04-07 17:14:46,KIX3704,PC-0058,Connect
{00000001F0B9-041C7447},2010-04-07 17:16:54,WBM5944,PC-0134,Connect
{00000001E522-00411218},2010-04-07 17:24:31,NRU3936,PC-0083,Disconnect
{00000001D754-202F82FF},2010-04-07 17:25:44,XGF2493,PC-0139,Connect
{00000001ED55-2E93ED09},2010-04-07 17:45:44,XGF2493,PC-0139,Disconnect
{00000001F0BA-33C1C18C},2010-04-07 17:51:21,WBM5944,PC-0134,Connect
{00000001DFF0-165F76BB},2010-04-07 18:02:18,IAC0900,PC-0045,Disconnect
{00000001E250-3535A5FE},2010-04-07 18:12:46,KIX3704,PC-0058,Disconnect
{00000001F243-30565F16},2010-04-07 18:18:54,WBM5944,PC-0134,Disconnect
{00000001F324-093C0F55},2010-04-07 18:28:18,WBM5944,PC-0134,Connect
{00000001F325-157AD21D},2010-04-07 18:28:27,WBM5944,PC-0134,Connect
{00000001F3ED-1EB58FF4},2010-04-07 18:52:18,WBM5944,PC-0134,Disconnect
{00000001F3EE-2E7523B3},2010-04-07 18:52:27,WBM5944,PC-0134,Disconnect
{00000001F244-3A850E38},2010-04-07 19:01:21,WBM5944,PC-0134,Disconnect
{00000001F326-3C1C2979},2010-04-07 21:07:58,WBM5944,PC-0134,Connect
{00000001F3EF-2984C84C},2010-04-07 21:50:58,WBM5944,PC-0134,Disconnect
{00000001F32B-1028F9BE},2010-04-08 00:45:13,WBM5944,PC-0134,Connect
{00000001F3F4-11BD1C86},2010-04-08 02:14:13,WBM5944,PC-0134,Disconnect
{00000001CFBB-35DC42AC},2010-04-08 07:10:44,OET6830,PC-0086,Connect
{00000001D6F5-269F18E0},2010-04-08 07:13:38,WLH0216,PC-0135,Connect
{00000001E5BC-1B0A3205},2010-04-08 07:45:44,OET6830,PC-0086,Disconnect
{00000001C812-225BDC8F},2010-04-08 08:04:08,EYT8043,PC-0030,Connect
{00000001ECF6-14288185},2010-04-08 08:10:38,WLH0216,PC-0135,Disconnect
{00000001CC51-0D6F31AC},2010-04-08 08:11:25,KIX3704,PC-0058,Connect
{00000001D04D-34D87605},2010-04-08 08:19:02,OLN5687,PC-0088,Connect
{00000001F0BE-26D0E696},2010-04-08 08:29:16,WBM5944,PC-0134,Connect
{00000001CDF9-0A6207D8},2010-04-08 08:31:03,MDR4757,PC-0071,Connect
{00000001C95D-0C09CDE2},2010-04-08 09:01:23,HVG7968,PC-0044,Connect
{00000001D1AB-372025BE},2010-04-08 09:05:54,QSC3123,PC-0100,Connect
{00000001E64E-26B43485},2010-04-08 09:07:02,OLN5687,PC-0088,Disconnect
{00000001F0C0-289C3FFD},2010-04-08 09:11:58,WBM5944,PC-0134,Connect
{00000001E7AC-06BA0B24},2010-04-08 09:12:54,QSC3123,PC-0100,Disconnect
{00000001C69C-37A0F824},2010-04-08 09:14:21,DHG6594,PC-0016,Connect
{00000001DE13-3D527379},2010-04-08 09:16:08,EYT8043,PC-0030,Disconnect
{00000001E252-3E9CF90E},2010-04-08 09:27:25,KIX3704,PC-0058,Disconnect
{00000001F248-180578C1},2010-04-08 09:28:16,WBM5944,PC-0134,Disconnect
{00000001C7A7-02BC0177},2010-04-08 09:39:38,EHP1536,PC-0027,Connect
{00000001E3FA-284C6379},2010-04-08 09:40:03,MDR4757,PC-0071,Disconnect
{00000001D814-3F14C7D4},2010-04-08 09:54:52,YIO5206,PC-0146,Connect
{00000001EE15-2A4FF84B},2010-04-08 09:58:52,YIO5206,PC-0146,Disconnect
{00000001F24A-3F430792},2010-04-08 10:09:58,WBM5944,PC-0134,Disconnect
{00000001D8FF-1F2F8F12},2010-04-08 10:19:12,ZUI9718,PC-0157,Connect
{00000001DF5E-1CC3AE19},2010-04-08 10:21:23,HVG7968,PC-0044,Disconnect
{00000001D2F4-23BBC595},2010-04-08 10:29:31,SDT4191,PC-0106,Connect
{00000001DC9D-24D8901B},2010-04-08 10:35:21,DHG6594,PC-0016,Disconnect
{00000001DDA8-15FDC8B1},2010-04-08 11:00:38,EHP1536,PC-0027,Disconnect
{00000001E8F5-37E3CD5D},2010-04-08 11:26:31,SDT4191,PC-0106,Disconnect
{00000001D04E-1A250C00},2010-04-08 11:27:56,OLN5687,PC-0088,Connect
{00000001C553-3875160C},2010-04-08 11:32:38,CQZ8674,PC-0013,Connect
{00000001EF00-0C01C1A8},2010-04-08 11:43:12,ZUI9718,PC-0157,Disconnect
{00000001C825-0192CDD8},2010-04-08 11:54:13,FCN9756,PC-0031,Connect
{00000001D2A3-271976E7},2010-04-08 12:04:35,SBF1746,PC-0105,Connect
{00000001DB54-23F516FB},2010-04-08 12:09:38,CQZ8674,PC-0013,Disconnect
{00000001F0BD-0708076E},2010-04-08 12:10:40,WBM5944,PC-0134,Connect
{00000001E64F-2E1A4EEF},2010-04-08 12:13:56,OLN5687,PC-0088,Disconnect
{00000001F247-21962448},2010-04-08 12:16:40,WBM5944,PC-0134,Disconnect
{00000001D243-0CAC72BF},2010-04-08 12:16:59,RUT1946,PC-0104,Connect
{00000001C95E-2A65DE22},2010-04-08 12:21:01,HVG7968,PC-0044,Connect
{00000001DE26-2DDFA8D9},2010-04-08 12:26:13,FCN9756,PC-0031,Disconnect
{00000001E8A4-3F5B2CC5},2010-04-08 12:35:35,SBF1746,PC-0105,Disconnect
{00000001DF5F-1B5A42F1},2010-04-08 12:40:01,HVG7968,PC-0044,Disconnect
{00000001D384-1202DAC1},2010-04-08 13:04:55,SHV5792,PC-0108,Connect
{00000001C3A0-37E9C0AA},2010-04-08 13:12:25,ADG1145,PC-0001,Connect
{00000001C3E6-1548A705},2010-04-08 13:24:31,ATM7194,PC-0003,Connect
{00000001D66A-3CEF7996},2010-04-08 13:29:01,VNI5142,PC-0129,Connect
{00000001D9A1-224FD8C4},2010-04-08 13:36:25,ADG1145,PC-0001,Disconnect
{00000001E844-31B1CD79},2010-04-08 13:41:59,RUT1946,PC-0104,Disconnect
{00000001C5AD-1317A4E1},2010-04-08 13:44:54,CUR4388,PC-0014,Connect
{00000001D2F3-357540A6},2010-04-08 13:45:42,SDT4191,PC-0106,Connect
{00000001DBAE-04C3573A},2010-04-08 13:48:54,CUR4388,PC-0014,Disconnect
{00000001F0C1-0D540E0F},2010-04-08 13:50:57,WBM5944,PC-0134,Connect
{00000001E985-333B1319},2010-04-08 13:55:55,SHV5792,PC-0108,Disconnect
{00000001EC6B-32C9F649},2010-04-08 13:57:01,VNI5142,PC-0129,Disconnect
{00000001D669-260D3269},2010-04-08 14:04:41,VNI5142,PC-0129,Connect
{00000001D668-341AD2FD},2010-04-08 14:06:11,VNI5142,PC-0129,Connect
{00000001D9E7-1C69FBFD},2010-04-08 14:06:31,ATM7194,PC-0003,Disconnect
{00000001EC69-0706ACFE},2010-04-08 14:09:11,VNI5142,PC-0129,Disconnect
{00000001C552-0A8D71DE},2010-04-08 14:12:20,CQZ8674,PC-0013,Connect
{00000001C69B-281EE56B},2010-04-08 14:13:47,DHG6594,PC-0016,Connect
{00000001C554-12AB3FB4},2010-04-08 14:16:49,CQZ8674,PC-0013,Connect
{00000001EC6A-31875E04},2010-04-08 14:23:41,VNI5142,PC-0129,Disconnect
{00000001C8FA-11290A47},2010-04-08 14:46:39,HMR4907,PC-0043,Connect
{00000001E8F4-240EABE3},2010-04-08 14:53:42,SDT4191,PC-0106,Disconnect
{00000001DC9C-145BFE1D},2010-04-08 14:53:47,DHG6594,PC-0016,Disconnect
{00000001DB55-14C23E56},2010-04-08 14:57:49,CQZ8674,PC-0013,Disconnect
{00000001F24B-13B602D8},2010-04-08 15:03:57,WBM5944,PC-0134,Disconnect
{00000001DB53-1C69AAEE},2010-04-08 15:04:20,CQZ8674,PC-0013,Disconnect
{00000001CA50-1570778B},2010-04-08 15:20:18,IIY1438,PC-0050,Connect
{00000001DEFB-28802E02},2010-04-08 15:20:39,HMR4907,PC-0043,Disconnect
{00000001E051-08F63018},2010-04-08 16:22:18,IIY1438,PC-0050,Disconnect
{00000001D1AA-3BDA5DF1},2010-04-08 16:24:26,QSC3123,PC-0100,Connect
{00000001F0C2-3940F032},2010-04-08 16:50:56,WBM5944,PC-0134,Connect
{00000001E7AB-265218DD},2010-04-08 16:55:26,QSC3123,PC-0100,Disconnect
{00000001C7FE-0F6CDE74},2010-04-08 17:07:29,EIR1445,PC-0028,Connect
{00000001F0BF-34F3856E},2010-04-08 17:13:27,WBM5944,PC-0134,Connect
{00000001C95F-1AFE3E55},2010-04-08 17:21:42,HVG7968,PC-0044,Connect
{00000001CB96-01E8BABF},2010-04-08 17:22:00,JMM0438,PC-0053,Connect
{00000001F24C-100F702A},2010-04-08 17:23:56,WBM5944,PC-0134,Disconnect
{00000001F249-135E9F5E},2010-04-08 17:30:27,WBM5944,PC-0134,Disconnect
{00000001CEB0-2637539A},2010-04-08 17:53:16,NJT3274,PC-0081,Connect
{00000001DDFF-16FA304C},2010-04-08 18:02:29,EIR1445,PC-0028,Disconnect
{00000001DF60-2F8575F4},2010-04-08 18:08:42,HVG7968,PC-0044,Disconnect
{00000001F327-39B37542},2010-04-08 18:24:57,WBM5944,PC-0134,Connect
{00000001E197-0B5C770C},2010-04-08 18:48:00,JMM0438,PC-0053,Disconnect
{00000001E4B1-0DE4FB3A},2010-04-08 19:07:16,NJT3274,PC-0081,Disconnect
{00000001F3F0-205E7C5E},2010-04-08 19:50:57,WBM5944,PC-0134,Disconnect
{00000001F32D-1ED65FBD},2010-04-08 19:58:26,WBM5944,PC-0134,Connect
{00000001F32C-32201B9C},2010-04-08 20:23:59,WBM5944,PC-0134,Connect
{00000001F32A-13EFBA43},2010-04-08 20:54:47,WBM5944,PC-0134,Connect
{00000001F3F5-355D82FF},2010-04-08 20:59:59,WBM5944,PC-0134,Disconnect
{00000001F3F6-1ECDBF29},2010-04-08 21:15:26,WBM5944,PC-0134,Disconnect
{00000001F3F3-03556D13},2010-04-08 22:07:47,WBM5944,PC-0134,Disconnect
{00000001F328-138106A3},2010-04-08 23:33:25,WBM5944,PC-0134,Connect
{00000001F329-28F50E82},2010-04-08 23:48:03,WBM5944,PC-0134,Connect
{00000001F3F1-3E9FD8C8},2010-04-09 00:02:25,WBM5944,PC-0134,Disconnect
{00000001F3F2-1393BE2D},2010-04-09 00:07:03,WBM5944,PC-0134,Disconnect
{00000001D54C-22AAEFAE},2010-04-09 07:07:54,UQK8227,PC-0120,Connect
{00000001D815-3FE871CB},2010-04-09 07:36:24,YIO5206,PC-0146,Connect
{00000001D54B-24F1C5E9},2010-04-09 07:37:14,UQK8227,PC-0120,Connect
{00000001CE20-3403D6FE},2010-04-09 07:46:39,MGI5307,PC-0072,Connect
{00000001EB4C-021C7ED1},2010-04-09 07:48:14,UQK8227,PC-0120,Disconnect
{00000001E421-1B2C240D},2010-04-09 08:00:39,MGI5307,PC-0072,Disconnect
{00000001C889-0C39E8DF},2010-04-09 08:14:22,GRQ1397,PC-0036,Connect
{00000001D900-1DD7E516},2010-04-09 08:25:25,ZUI9718,PC-0157,Connect
{00000001C69F-0CD288E6},2010-04-09 08:27:55,DHG6594,PC-0016,Connect
{00000001EB4D-2E58DFC0},2010-04-09 08:35:54,UQK8227,PC-0120,Disconnect
{00000001DE8A-3F0E5F77},2010-04-09 08:47:22,GRQ1397,PC-0036,Disconnect
{00000001EE16-059DEC18},2010-04-09 09:01:24,YIO5206,PC-0146,Disconnect
{00000001D2F5-0BCBAF4B},2010-04-09 09:04:13,SDT4191,PC-0106,Connect
{00000001CD1C-306615C2},2010-04-09 09:11:14,KYR0991,PC-0061,Connect
{00000001CF23-01076913},2010-04-09 09:11:42,NRU3936,PC-0083,Connect
{00000001D1AC-0BF23C9D},2010-04-09 09:25:45,QSC3123,PC-0100,Connect
{00000001D385-3A029CAB},2010-04-09 09:44:07,SHV5792,PC-0108,Connect
{00000001EF01-0D0D9355},2010-04-09 09:48:25,ZUI9718,PC-0157,Disconnect
{00000001C826-2A06232F},2010-04-09 09:53:26,FCN9756,PC-0031,Connect
{00000001DCA0-1B330850},2010-04-09 09:55:55,DHG6594,PC-0016,Disconnect
{00000001E524-1A3672BC},2010-04-09 09:57:42,NRU3936,PC-0083,Disconnect
{00000001C69E-1B23D1AF},2010-04-09 09:57:58,DHG6594,PC-0016,Connect
{00000001C40B-332EBFF7},2010-04-09 10:00:07,AUI6616,PC-0004,Connect
{00000001C961-24136BF8},2010-04-09 10:04:39,HVG7968,PC-0044,Connect
{00000001DE27-089E1280},2010-04-09 10:06:26,FCN9756,PC-0031,Disconnect
{00000001DC9F-0ACBB0B0},2010-04-09 10:12:58,DHG6594,PC-0016,Disconnect
{00000001E8F6-16059FF0},2010-04-09 10:26:13,SDT4191,PC-0106,Disconnect
{00000001E31D-3EA80073},2010-04-09 10:30:14,KYR0991,PC-0061,Disconnect
{00000001E986-2A4D7387},2010-04-09 10:39:07,SHV5792,PC-0108,Disconnect
{00000001DF62-39C47101},2010-04-09 10:46:39,HVG7968,PC-0044,Disconnect
{00000001E7AD-12AFBDA7},2010-04-09 10:50:45,QSC3123,PC-0100,Disconnect
{00000001D386-1D8A4622},2010-04-09 10:54:48,SHV5792,PC-0108,Connect
{00000001DA0C-1ECA5CF8},2010-04-09 11:05:07,AUI6616,PC-0004,Disconnect
{00000001C6A0-3CC6B5EA},2010-04-09 11:40:34,DHG6594,PC-0016,Connect
{00000001C448-2340BCBD},2010-04-09 11:48:34,AYY2409,PC-0005,Connect
{00000001D0D9-0BBF7AE8},2010-04-09 11:50:14,OMU2669,PC-0089,Connect
{00000001CB97-00174ACD},2010-04-09 11:52:38,JMM0438,PC-0053,Connect
{00000001E987-0E0FC4BB},2010-04-09 11:53:48,SHV5792,PC-0108,Disconnect
{00000001F052-02EA5DCE},2010-04-09 12:09:45,TTJ2624,PC-0112,Connect
{00000001DCA1-24B6743F},2010-04-09 12:24:34,DHG6594,PC-0016,Disconnect
{00000001E198-262C45B6},2010-04-09 12:29:38,JMM0438,PC-0053,Disconnect
{00000001F1DC-25B140CD},2010-04-09 12:40:45,TTJ2624,PC-0112,Disconnect
{00000001C447-1EEEAAAC},2010-04-09 12:40:59,AYY2409,PC-0005,Connect
{00000001CDB2-03B3774C},2010-04-09 12:53:17,LYE5717,PC-0069,Connect
{00000001DA49-044D7EBB},2010-04-09 12:57:34,AYY2409,PC-0005,Disconnect
{00000001E6DA-155C6E37},2010-04-09 13:01:14,OMU2669,PC-0089,Disconnect
{00000001CA2B-00B79169},2010-04-09 13:11:07,IDI9618,PC-0048,Connect
{00000001E02C-130C987C},2010-04-09 13:14:07,IDI9618,PC-0048,Disconnect
{00000001DA48-13BBD456},2010-04-09 13:17:59,AYY2409,PC-0005,Disconnect
{00000001E3B3-3291E77E},2010-04-09 13:24:17,LYE5717,PC-0069,Disconnect
{00000001C69D-1DEAD2D1},2010-04-09 13:24:36,DHG6594,PC-0016,Connect
{00000001F0C5-19B9AFF4},2010-04-09 13:28:15,WBM5944,PC-0134,Connect
{00000001C556-22EC7802},2010-04-09 13:38:00,CQZ8674,PC-0013,Connect
{00000001F0C4-164AD465},2010-04-09 13:40:09,WBM5944,PC-0134,Connect
{00000001C555-35A119B8},2010-04-09 13:56:47,CQZ8674,PC-0013,Connect
{00000001F24F-06F54F71},2010-04-09 14:03:15,WBM5944,PC-0134,Disconnect
{00000001DC9E-131559ED},2010-04-09 14:35:36,DHG6594,PC-0016,Disconnect
{00000001D2F6-0675077D},2010-04-09 14:37:52,SDT4191,PC-0106,Connect
{00000001CA82-264EF1CF},2010-04-09 14:39:31,IVL8082,PC-0051,Connect
{00000001DB57-27B1160C},2010-04-09 14:55:00,CQZ8674,PC-0013,Disconnect
{00000001E083-0B5A7329},2010-04-09 14:57:31,IVL8082,PC-0051,Disconnect
{00000001F24E-2EB7885C},2010-04-09 15:04:09,WBM5944,PC-0134,Disconnect
{00000001C960-3F061597},2010-04-09 15:14:58,HVG7968,PC-0044,Connect
{00000001C6A1-3B34ABC4},2010-04-09 15:19:27,DHG6594,PC-0016,Connect
{00000001DB56-3CA5C3FA},2010-04-09 15:21:47,CQZ8674,PC-0013,Disconnect
{00000001DCA2-0D7CC5F2},2010-04-09 15:22:27,DHG6594,PC-0016,Disconnect
{00000001E8F7-173176D4},2010-04-09 15:25:52,SDT4191,PC-0106,Disconnect
{00000001D4F2-20E8BB46},2010-04-09 15:48:30,UKR6395,PC-0118,Connect
{00000001DF61-18051F5A},2010-04-09 16:13:58,HVG7968,PC-0044,Disconnect
{00000001C446-39860D5C},2010-04-09 16:28:05,AYY2409,PC-0005,Connect
{00000001DA47-13431A88},2010-04-09 16:32:05,AYY2409,PC-0005,Disconnect
{00000001D104-05D1633A},2010-04-09 16:33:22,OYC3975,PC-0091,Connect
{00000001F0C3-3AB94EE0},2010-04-09 16:36:13,WBM5944,PC-0134,Connect
{00000001C5E3-2EFA41AF},2010-04-09 16:41:03,CVC0519,PC-0015,Connect
{00000001F24D-294C9FA9},2010-04-09 16:52:13,WBM5944,PC-0134,Disconnect
{00000001F0C6-362D1E24},2010-04-09 17:06:42,WBM5944,PC-0134,Connect
{00000001CA2C-36EE8DCE},2010-04-09 17:10:19,IDI9618,PC-0048,Connect
{00000001EAF3-0235CD62},2010-04-09 17:10:30,UKR6395,PC-0118,Disconnect
{00000001DBE4-1DB95070},2010-04-09 17:24:03,CVC0519,PC-0015,Disconnect
{00000001CA51-3EFE4411},2010-04-09 17:28:24,IIY1438,PC-0050,Connect
{00000001C8FB-057F12D0},2010-04-09 17:35:13,HMR4907,PC-0043,Connect
{00000001D66B-3C0396E8},2010-04-09 17:35:17,VNI5142,PC-0129,Connect
{00000001CF22-3A88E5BE},2010-04-09 17:43:26,NRU3936,PC-0083,Connect
{00000001E705-1F3CE040},2010-04-09 17:44:22,OYC3975,PC-0091,Disconnect
{00000001EC6C-0163991D},2010-04-09 17:46:17,VNI5142,PC-0129,Disconnect
{00000001F250-3E0A74B9},2010-04-09 17:54:42,WBM5944,PC-0134,Disconnect
{00000001D66C-12753B07},2010-04-09 17:55:23,VNI5142,PC-0129,Connect
{00000001C9F0-0A2C2049},2010-04-09 17:57:45,IAC0900,PC-0045,Connect
{00000001DEFC-31A10660},2010-04-09 18:02:13,HMR4907,PC-0043,Disconnect
{00000001E02D-2BBF018C},2010-04-09 18:20:19,IDI9618,PC-0048,Disconnect
{00000001EC6D-3BEBB5E5},2010-04-09 18:40:23,VNI5142,PC-0129,Disconnect
{00000001E052-3A899308},2010-04-09 18:57:24,IIY1438,PC-0050,Disconnect
{00000001E523-1C1AF568},2010-04-09 19:00:26,NRU3936,PC-0083,Disconnect
{00000001DFF1-1C6D21EE},2010-04-09 19:03:45,IAC0900,PC-0045,Disconnect
{00000001F32E-1D00BE86},2010-04-09 22:46:48,WBM5944,PC-0134,Connect
{00000001F3F7-15276240},2010-04-09 23:46:48,WBM5944,PC-0134,Disconnect
{00000001CA84-262C322F},2010-04-12 07:32:43,IVL8082,PC-0051,Connect
{00000001D7B4-3D187F04},2010-04-12 07:47:50,YDM6963,PC-0145,Connect
{00000001CF24-2253B73A},2010-04-12 08:12:04,NRU3936,PC-0083,Connect
{00000001C6A4-39B503E4},2010-04-12 08:18:44,DHG6594,PC-0016,Connect
{00000001DCA5-2674F869},2010-04-12 08:28:44,DHG6594,PC-0016,Disconnect
{00000001E525-087C7475},2010-04-12 08:33:04,NRU3936,PC-0083,Disconnect
{00000001D54D-2CBC54C1},2010-04-12 08:33:56,UQK8227,PC-0120,Connect
{00000001D816-1CC3414F},2010-04-12 08:39:14,YIO5206,PC-0146,Connect
{00000001EB4E-09BD69DD},2010-04-12 08:39:56,UQK8227,PC-0120,Disconnect
{00000001E085-3B73CB29},2010-04-12 08:42:43,IVL8082,PC-0051,Disconnect
{00000001F0CA-24071FDE},2010-04-12 08:59:29,WBM5944,PC-0134,Connect
{00000001EDB5-39A14CC4},2010-04-12 09:15:50,YDM6963,PC-0145,Disconnect
{00000001D2A4-2C064E07},2010-04-12 09:21:00,SBF1746,PC-0105,Connect
{00000001D1AE-2913222B},2010-04-12 09:33:34,QSC3123,PC-0100,Connect
{00000001CD1D-0D291454},2010-04-12 09:41:52,KYR0991,PC-0061,Connect
{00000001D387-349AF150},2010-04-12 09:42:45,SHV5792,PC-0108,Connect
{00000001EE17-249D47DF},2010-04-12 09:44:14,YIO5206,PC-0146,Disconnect
{00000001E31E-2C39509F},2010-04-12 09:45:52,KYR0991,PC-0061,Disconnect
{00000001D54E-3874F33B},2010-04-12 10:11:27,UQK8227,PC-0120,Connect
{00000001E8A5-261DA767},2010-04-12 10:19:00,SBF1746,PC-0105,Disconnect
{00000001E7AF-0617DC71},2010-04-12 10:25:34,QSC3123,PC-0100,Disconnect
{00000001F254-023F07FA},2010-04-12 10:28:29,WBM5944,PC-0134,Disconnect
{00000001EB4F-170956A0},2010-04-12 10:31:27,UQK8227,PC-0120,Disconnect
{00000001E988-1CB4A518},2010-04-12 10:33:45,SHV5792,PC-0108,Disconnect
{00000001C6A3-38DDC582},2010-04-12 10:40:27,DHG6594,PC-0016,Connect
{00000001CAE3-3F0ADFE0},2010-04-12 10:43:23,JDE8246,PC-0052,Connect
{00000001C963-04474508},2010-04-12 11:15:43,HVG7968,PC-0044,Connect
{00000001CA83-0CCB9C58},2010-04-12 11:23:17,IVL8082,PC-0051,Connect
{00000001E0E4-0A6AED9E},2010-04-12 11:25:23,JDE8246,PC-0052,Disconnect
{00000001DCA4-0B292EEB},2010-04-12 11:30:27,DHG6594,PC-0016,Disconnect
{00000001C557-144B6F3A},2010-04-12 11:34:16,CQZ8674,PC-0013,Connect
{00000001C7A8-1F56A234},2010-04-12 11:36:10,EHP1536,PC-0027,Connect
{00000001DF64-15EC81AF},2010-04-12 11:36:43,HVG7968,PC-0044,Disconnect
{00000001D2F7-0960A624},2010-04-12 11:52:29,SDT4191,PC-0106,Connect
{00000001E084-168E2866},2010-04-12 12:10:17,IVL8082,PC-0051,Disconnect
{00000001DB58-31FE8234},2010-04-12 12:15:16,CQZ8674,PC-0013,Disconnect
{00000001D1AD-244FF0D7},2010-04-12 12:22:46,QSC3123,PC-0100,Connect
{00000001E8F8-36D2C6C7},2010-04-12 12:26:29,SDT4191,PC-0106,Disconnect
{00000001CA2D-2718B925},2010-04-12 12:45:12,IDI9618,PC-0048,Connect
{00000001C827-1F027541},2010-04-12 12:54:42,FCN9756,PC-0031,Connect
{00000001DDA9-2EEEB056},2010-04-12 13:03:10,EHP1536,PC-0027,Disconnect
{00000001CFBD-120CCD9A},2010-04-12 13:09:12,OET6830,PC-0086,Connect
{00000001DE28-2769C16E},2010-04-12 13:13:42,FCN9756,PC-0031,Disconnect
{00000001E7AE-368FDD3F},2010-04-12 13:23:46,QSC3123,PC-0100,Disconnect
{00000001C3A1-37924EE6},2010-04-12 13:27:22,ADG1145,PC-0001,Connect
{00000001D9A2-3E8D9C2D},2010-04-12 13:40:22,ADG1145,PC-0001,Disconnect
{00000001E5BE-330911A8},2010-04-12 13:55:12,OET6830,PC-0086,Disconnect
{00000001C962-2716C1DE},2010-04-12 13:57:21,HVG7968,PC-0044,Connect
{00000001E02E-2A351A70},2010-04-12 13:59:12,IDI9618,PC-0048,Disconnect
{00000001D66D-05C5046E},2010-04-12 14:18:21,VNI5142,PC-0129,Connect
{00000001DF63-1EEC1D7B},2010-04-12 14:23:21,HVG7968,PC-0044,Disconnect
{00000001C808-13DB3014},2010-04-12 15:14:10,ETS3545,PC-0029,Connect
{00000001C6A2-07109C78},2010-04-12 15:29:16,DHG6594,PC-0016,Connect
{00000001CFBC-3B1619F6},2010-04-12 15:37:25,OET6830,PC-0086,Connect
{00000001DCA3-0B234E69},2010-04-12 15:40:16,DHG6594,PC-0016,Disconnect
{00000001EC6E-36EAB3FB},2010-04-12 15:47:21,VNI5142,PC-0129,Disconnect
{00000001E5BD-263B52B0},2010-04-12 16:08:25,OET6830,PC-0086,Disconnect
{00000001CC52-3D90C15C},2010-04-12 16:10:51,KIX3704,PC-0058,Connect
{00000001E253-24E5EAB1},2010-04-12 16:21:51,KIX3704,PC-0058,Disconnect
{00000001DE09-3337205C},2010-04-12 16:30:10,ETS3545,PC-0029,Disconnect
{00000001F0C7-3BBE0E6D},2010-04-12 16:45:14,WBM5944,PC-0134,Connect
{00000001D04F-0AC25C9A},2010-04-12 16:57:14,OLN5687,PC-0088,Connect
{00000001CC53-2F2FC99D},2010-04-12 16:59:45,KIX3704,PC-0058,Connect
{00000001F0C9-1155001F},2010-04-12 17:06:32,WBM5944,PC-0134,Connect
{00000001F253-09CA5974},2010-04-12 17:21:32,WBM5944,PC-0134,Disconnect
{00000001F0C8-1371E708},2010-04-12 17:23:37,WBM5944,PC-0134,Connect
{00000001F252-02D50B11},2010-04-12 17:26:37,WBM5944,PC-0134,Disconnect
{00000001E254-2437B23E},2010-04-12 17:33:45,KIX3704,PC-0058,Disconnect
{00000001F251-35F5A48D},2010-04-12 17:43:14,WBM5944,PC-0134,Disconnect
{00000001F0CB-00BD9A40},2010-04-12 17:57:35,WBM5944,PC-0134,Connect
{00000001E650-3D92CF7B},2010-04-12 18:05:14,OLN5687,PC-0088,Disconnect
{00000001F255-2DA9C62E},2010-04-12 19:01:35,WBM5944,PC-0134,Disconnect
{00000001F330-0B69C58B},2010-04-12 19:21:40,WBM5944,PC-0134,Connect
{00000001F3F9-08539DEB},2010-04-12 20:33:40,WBM5944,PC-0134,Disconnect
{00000001F331-3507F627},2010-04-12 22:12:17,WBM5944,PC-0134,Connect
{00000001F3FA-10583D26},2010-04-12 22:21:17,WBM5944,PC-0134,Disconnect
{00000001F32F-30EF06E5},2010-04-12 23:04:16,WBM5944,PC-0134,Connect
{00000001F3F8-35657C08},2010-04-12 23:49:16,WBM5944,PC-0134,Disconnect
{00000001F335-0ED02E40},2010-04-13 01:47:47,WBM5944,PC-0134,Connect
{00000001F3FE-12FAB08F},2010-04-13 02:15:47,WBM5944,PC-0134,Disconnect
{00000001CD1F-1C097273},2010-04-13 07:02:00,KYR0991,PC-0061,Connect
{00000001D050-29A1E5E9},2010-04-13 07:08:02,OLN5687,PC-0088,Connect
{00000001CA85-0EB2867C},2010-04-13 07:38:23,IVL8082,PC-0051,Connect
{00000001E651-31F51E2A},2010-04-13 07:51:02,OLN5687,PC-0088,Disconnect
{00000001E086-03A55F73},2010-04-13 07:58:23,IVL8082,PC-0051,Disconnect
{00000001F0CF-0B0C900D},2010-04-13 08:03:35,WBM5944,PC-0134,Connect
{00000001E320-20268CC4},2010-04-13 08:04:00,KYR0991,PC-0061,Disconnect
{00000001D150-0BC2D413},2010-04-13 08:07:04,QHQ5150,PC-0098,Connect
{00000001F054-22AFBA24},2010-04-13 08:07:56,TTJ2624,PC-0112,Connect
{00000001E751-0FCE718B},2010-04-13 08:33:04,QHQ5150,PC-0098,Disconnect
{00000001CF26-232B83BA},2010-04-13 08:33:39,NRU3936,PC-0083,Connect
{00000001F1DE-291A495A},2010-04-13 08:34:56,TTJ2624,PC-0112,Disconnect
{00000001CECC-2F4B2AC4},2010-04-13 08:43:05,NRI9556,PC-0082,Connect
{00000001F259-34843C77},2010-04-13 08:43:35,WBM5944,PC-0134,Disconnect
{00000001D66F-28EFB6FD},2010-04-13 09:08:06,VNI5142,PC-0129,Connect
{00000001C8FC-242170BD},2010-04-13 09:11:50,HMR4907,PC-0043,Connect
{00000001DEFD-24D350C9},2010-04-13 09:19:50,HMR4907,PC-0043,Disconnect
{00000001E4CD-3A0C6B7B},2010-04-13 09:24:05,NRI9556,PC-0082,Disconnect
{00000001C7A9-184A4E29},2010-04-13 09:27:01,EHP1536,PC-0027,Connect
{00000001E527-08EBDD10},2010-04-13 09:27:39,NRU3936,PC-0083,Disconnect
{00000001F0CE-2C38D0DC},2010-04-13 09:29:46,WBM5944,PC-0134,Connect
{00000001EC70-323EF34A},2010-04-13 09:45:06,VNI5142,PC-0129,Disconnect
{00000001F0D0-181B3D36},2010-04-13 09:45:45,WBM5944,PC-0134,Connect
{00000001F258-129E8441},2010-04-13 09:58:46,WBM5944,PC-0134,Disconnect
{00000001DDAA-24202691},2010-04-13 10:16:01,EHP1536,PC-0027,Disconnect
{00000001C48C-2B28E60F},2010-04-13 10:18:50,AZE5960,PC-0006,Connect
{00000001CDB3-03B95278},2010-04-13 10:38:57,LYE5717,PC-0069,Connect
{00000001CA86-1A68E517},2010-04-13 10:39:49,IVL8082,PC-0051,Connect
{00000001D901-2EFC41E6},2010-04-13 10:48:33,ZUI9718,PC-0157,Connect
{00000001CF27-190D9E32},2010-04-13 10:52:24,NRU3936,PC-0083,Connect
{00000001F25A-171E6D9C},2010-04-13 10:57:45,WBM5944,PC-0134,Disconnect
{00000001DA8D-1AE48D5B},2010-04-13 11:19:50,AZE5960,PC-0006,Disconnect
{00000001D1B1-33DB20EA},2010-04-13 11:31:42,QSC3123,PC-0100,Connect
{00000001E528-0AFA3D35},2010-04-13 11:36:24,NRU3936,PC-0083,Disconnect
{00000001E3B4-1AA95AB8},2010-04-13 11:38:57,LYE5717,PC-0069,Disconnect
{00000001E087-0AAB3D7D},2010-04-13 11:48:49,IVL8082,PC-0051,Disconnect
{00000001D2F8-253DCEBE},2010-04-13 11:51:08,SDT4191,PC-0106,Connect
{00000001C3A2-11958899},2010-04-13 11:58:08,ADG1145,PC-0001,Connect
{00000001D66E-1059B3C2},2010-04-13 12:00:32,VNI5142,PC-0129,Connect
{00000001E8F9-1ADE5836},2010-04-13 12:03:08,SDT4191,PC-0106,Disconnect
{00000001E7B2-37280AB9},2010-04-13 12:06:42,QSC3123,PC-0100,Disconnect
{00000001D9A3-22D650CB},2010-04-13 12:07:08,ADG1145,PC-0001,Disconnect
{00000001EF02-0E4DB0CE},2010-04-13 12:09:33,ZUI9718,PC-0157,Disconnect
{00000001EC6F-1B486B47},2010-04-13 12:18:32,VNI5142,PC-0129,Disconnect
{00000001F053-02F96BA3},2010-04-13 12:37:00,TTJ2624,PC-0112,Connect
{00000001CC54-2EC3C6FC},2010-04-13 12:53:26,KIX3704,PC-0058,Connect
{00000001F1DD-248CD8AC},2010-04-13 12:57:00,TTJ2624,PC-0112,Disconnect
{00000001D0DA-16E5E755},2010-04-13 12:58:44,OMU2669,PC-0089,Connect
{00000001E6DB-29A6F9D7},2010-04-13 13:07:44,OMU2669,PC-0089,Disconnect
{00000001D1AF-1CCCED74},2010-04-13 13:15:05,QSC3123,PC-0100,Connect
{00000001C6A5-24FE027A},2010-04-13 13:28:17,DHG6594,PC-0016,Connect
{00000001D861-2A9543B0},2010-04-13 13:31:15,YNX1016,PC-0148,Connect
{00000001E255-2A0C8E60},2010-04-13 13:45:26,KIX3704,PC-0058,Disconnect
{00000001D84A-10A24E2B},2010-04-13 13:45:55,YLE8326,PC-0147,Connect
{00000001CF25-2FD1DA3F},2010-04-13 13:59:43,NRU3936,PC-0083,Connect
{00000001C4D8-0D521A9F},2010-04-13 14:09:14,COU3039,PC-0011,Connect
{00000001DCA6-37E123B8},2010-04-13 14:12:17,DHG6594,PC-0016,Disconnect
{00000001E7B0-1EA90F67},2010-04-13 14:26:05,QSC3123,PC-0100,Disconnect
{00000001DAD9-305387FD},2010-04-13 14:30:14,COU3039,PC-0011,Disconnect
{00000001C809-120FB9F2},2010-04-13 14:30:43,ETS3545,PC-0029,Connect
{00000001CD1E-0D9AC564},2010-04-13 14:32:26,KYR0991,PC-0061,Connect
{00000001D1B0-1DA88D0D},2010-04-13 14:34:58,QSC3123,PC-0100,Connect
{00000001E7B1-223AEA1C},2010-04-13 14:36:58,QSC3123,PC-0100,Disconnect
{00000001EE62-3CD18AE3},2010-04-13 14:37:15,YNX1016,PC-0148,Disconnect
{00000001DE0A-0FE2F59F},2010-04-13 14:39:43,ETS3545,PC-0029,Disconnect
{00000001C3E7-062B032B},2010-04-13 14:42:37,ATM7194,PC-0003,Connect
{00000001EE4B-00FFFB16},2010-04-13 14:48:55,YLE8326,PC-0147,Disconnect
{00000001E526-3B2ED4BD},2010-04-13 15:04:43,NRU3936,PC-0083,Disconnect
{00000001CE9C-08EA4CF0},2010-04-13 15:15:02,NDV4503,PC-0078,Connect
{00000001F0CD-139BB7B8},2010-04-13 15:20:43,WBM5944,PC-0134,Connect
{00000001C6A7-37A5764E},2010-04-13 15:21:14,DHG6594,PC-0016,Connect
{00000001D755-3963DE20},2010-04-13 15:24:21,XGF2493,PC-0139,Connect
{00000001E31F-1B536106},2010-04-13 15:28:26,KYR0991,PC-0061,Disconnect
{00000001D9E8-002700A4},2010-04-13 15:34:37,ATM7194,PC-0003,Disconnect
{00000001ED56-39F99A63},2010-04-13 15:52:21,XGF2493,PC-0139,Disconnect
{00000001E49D-3638F10C},2010-04-13 16:03:02,NDV4503,PC-0078,Disconnect
{00000001C744-02206C6C},2010-04-13 16:07:16,DNM3159,PC-0019,Connect
{00000001F257-1B354637},2010-04-13 16:10:43,WBM5944,PC-0134,Disconnect
{00000001F0CC-0B97FC68},2010-04-13 16:20:06,WBM5944,PC-0134,Connect
{00000001D756-37EDCF48},2010-04-13 16:22:43,XGF2493,PC-0139,Connect
{00000001DCA8-0774B62A},2010-04-13 16:40:14,DHG6594,PC-0016,Disconnect
{00000001F256-00B10F5F},2010-04-13 16:47:06,WBM5944,PC-0134,Disconnect
{00000001D817-1AF380FB},2010-04-13 16:48:26,YIO5206,PC-0146,Connect
{00000001CF89-379277F2},2010-04-13 16:52:44,OEM8566,PC-0085,Connect
{00000001ED57-0A7A646F},2010-04-13 16:56:43,XGF2493,PC-0139,Disconnect
{00000001C3A4-11000B5C},2010-04-13 17:03:06,ADG1145,PC-0001,Connect
{00000001D9A5-059CAED1},2010-04-13 17:05:06,ADG1145,PC-0001,Disconnect
{00000001E58A-165D4EBE},2010-04-13 17:25:44,OEM8566,PC-0085,Disconnect
{00000001DD45-2286FDEB},2010-04-13 17:33:16,DNM3159,PC-0019,Disconnect
{00000001C3A3-23E400C4},2010-04-13 17:36:34,ADG1145,PC-0001,Connect
{00000001C7FF-102A89A1},2010-04-13 17:43:30,EIR1445,PC-0028,Connect
{00000001D8BB-3D0490C4},2010-04-13 17:44:05,ZIF9528,PC-0154,Connect
{00000001C6A6-09EC78D4},2010-04-13 17:45:20,DHG6594,PC-0016,Connect
{00000001C5E4-216AEACB},2010-04-13 17:49:53,CVC0519,PC-0015,Connect
{00000001EE18-224EAD8A},2010-04-13 17:52:26,YIO5206,PC-0146,Disconnect
{00000001DCA7-3D254386},2010-04-13 17:55:20,DHG6594,PC-0016,Disconnect
{00000001F333-188CF9CE},2010-04-13 18:06:57,WBM5944,PC-0134,Connect
{00000001DBE5-2C4B9DDC},2010-04-13 18:18:53,CVC0519,PC-0015,Disconnect
{00000001D9A4-063B15A8},2010-04-13 18:39:34,ADG1145,PC-0001,Disconnect
{00000001EEBC-017A9BE5},2010-04-13 19:05:05,ZIF9528,PC-0154,Disconnect
{00000001DE00-0BAE0427},2010-04-13 19:09:30,EIR1445,PC-0028,Disconnect
{00000001F3FC-3A95193F},2010-04-13 19:31:57,WBM5944,PC-0134,Disconnect
{00000001F334-38822A07},2010-04-13 19:44:07,WBM5944,PC-0134,Connect
{00000001F3FD-126F7764},2010-04-13 19:51:07,WBM5944,PC-0134,Disconnect
{00000001F332-156831FD},2010-04-13 20:31:13,WBM5944,PC-0134,Connect
{00000001F3FB-0CA74349},2010-04-13 20:58:13,WBM5944,PC-0134,Disconnect
{00000001F33A-020ABF0D},2010-04-14 01:10:48,WBM5944,PC-0134,Connect
{00000001F403-279F8713},2010-04-14 01:29:48,WBM5944,PC-0134,Disconnect
{00000001F339-01E3833E},2010-04-14 02:59:42,WBM5944,PC-0134,Connect
{00000001F402-235B39EE},2010-04-14 04:11:42,WBM5944,PC-0134,Disconnect
{00000001C7AA-092D7D32},2010-04-14 07:38:05,EHP1536,PC-0027,Connect
{00000001D1B2-104EA97D},2010-04-14 07:43:54,QSC3123,PC-0100,Connect
{00000001D5EB-2CE6F454},2010-04-14 08:04:35,UUU6648,PC-0122,Connect
{00000001EBEC-2745DF5E},2010-04-14 08:26:35,UUU6648,PC-0122,Disconnect
{00000001D052-2C65DF7C},2010-04-14 08:28:36,OLN5687,PC-0088,Connect
{00000001DDAB-34799F52},2010-04-14 08:32:05,EHP1536,PC-0027,Disconnect
{00000001D670-37D26053},2010-04-14 08:45:25,VNI5142,PC-0129,Connect
{00000001CC56-12D3019A},2010-04-14 08:45:55,KIX3704,PC-0058,Connect
{00000001D246-3524AC13},2010-04-14 08:50:00,RUT1946,PC-0104,Connect
{00000001E7B3-27BFA2B8},2010-04-14 09:05:54,QSC3123,PC-0100,Disconnect
{00000001E653-1E3E8ABF},2010-04-14 09:10:36,OLN5687,PC-0088,Disconnect
{00000001F0D2-1F407333},2010-04-14 09:16:27,WBM5944,PC-0134,Connect
{00000001CAE4-00949D98},2010-04-14 09:18:36,JDE8246,PC-0052,Connect
{00000001E257-0DDE16C3},2010-04-14 09:19:55,KIX3704,PC-0058,Disconnect
{00000001D051-1E42EB11},2010-04-14 09:25:36,OLN5687,PC-0088,Connect
{00000001F25C-0454EE14},2010-04-14 09:33:27,WBM5944,PC-0134,Disconnect
{00000001D388-3424B380},2010-04-14 09:42:44,SHV5792,PC-0108,Connect
{00000001E847-19AA4F81},2010-04-14 09:57:00,RUT1946,PC-0104,Disconnect
{00000001E652-249BDF86},2010-04-14 09:57:36,OLN5687,PC-0088,Disconnect
{00000001EC71-3DB657E9},2010-04-14 10:09:25,VNI5142,PC-0129,Disconnect
{00000001E0E5-001CCF21},2010-04-14 10:10:36,JDE8246,PC-0052,Disconnect
{00000001C6A8-27AD2BC9},2010-04-14 10:16:28,DHG6594,PC-0016,Connect
{00000001F0D3-3AE05BED},2010-04-14 10:19:41,WBM5944,PC-0134,Connect
{00000001C6AA-3AB2E951},2010-04-14 10:38:23,DHG6594,PC-0016,Connect
{00000001CAE5-24B34161},2010-04-14 10:43:31,JDE8246,PC-0052,Connect
{00000001DCA9-24882702},2010-04-14 10:53:28,DHG6594,PC-0016,Disconnect
{00000001E0E6-00169C20},2010-04-14 10:56:31,JDE8246,PC-0052,Disconnect
{00000001E989-19D33CAA},2010-04-14 11:02:44,SHV5792,PC-0108,Disconnect
{00000001F25D-1E5A35A1},2010-04-14 11:15:41,WBM5944,PC-0134,Disconnect
{00000001C745-05E9F190},2010-04-14 11:20:23,DNM3159,PC-0019,Connect
{00000001C88B-20AF71EA},2010-04-14 11:46:37,GRQ1397,PC-0036,Connect
{00000001DCAB-3DA2A7ED},2010-04-14 11:54:23,DHG6594,PC-0016,Disconnect
{00000001CE21-0B6E9257},2010-04-14 11:59:40,MGI5307,PC-0072,Connect
{00000001C558-13B64CF8},2010-04-14 12:01:27,CQZ8674,PC-0013,Connect
{00000001CF2A-397407B2},2010-04-14 12:10:53,NRU3936,PC-0083,Connect
{00000001CF28-03CD424B},2010-04-14 12:15:09,NRU3936,PC-0083,Connect
{00000001D7B6-1BC8A13B},2010-04-14 12:28:20,YDM6963,PC-0145,Connect
{00000001DD46-324E1B65},2010-04-14 12:30:23,DNM3159,PC-0019,Disconnect
{00000001DB59-1C33462F},2010-04-14 12:37:27,CQZ8674,PC-0013,Disconnect
{00000001D903-1CED5E3E},2010-04-14 12:53:55,ZUI9718,PC-0157,Connect
{00000001EDB7-1B955914},2010-04-14 12:54:20,YDM6963,PC-0145,Disconnect
{00000001DE8C-15833915},2010-04-14 13:03:37,GRQ1397,PC-0036,Disconnect
{00000001E422-28A1ECCD},2010-04-14 13:11:40,MGI5307,PC-0072,Disconnect
{00000001D54F-17F9CC2F},2010-04-14 13:22:21,UQK8227,PC-0120,Connect
{00000001EF04-06D001B9},2010-04-14 13:23:55,ZUI9718,PC-0157,Disconnect
{00000001E529-014A3420},2010-04-14 13:29:09,NRU3936,PC-0083,Disconnect
{00000001D6F6-02FA7EE5},2010-04-14 13:32:08,WLH0216,PC-0135,Connect
{00000001E52B-0056E606},2010-04-14 13:36:53,NRU3936,PC-0083,Disconnect
{00000001D0DB-221A0251},2010-04-14 13:47:42,OMU2669,PC-0089,Connect
{00000001C964-0874115B},2010-04-14 13:50:16,HVG7968,PC-0044,Connect
{00000001E6DC-327E14AC},2010-04-14 13:55:42,OMU2669,PC-0089,Disconnect
{00000001D3D2-05DA550A},2010-04-14 14:10:23,TVL8047,PC-0114,Connect
{00000001D43D-3047521B},2010-04-14 14:17:18,TWU8511,PC-0115,Connect
{00000001EB50-0B50CC4E},2010-04-14 14:17:21,UQK8227,PC-0120,Disconnect
{00000001D902-10BB6C93},2010-04-14 14:18:10,ZUI9718,PC-0157,Connect
{00000001C449-1A94484C},2010-04-14 14:21:14,AYY2409,PC-0005,Connect
{00000001E9D3-0784C6C5},2010-04-14 14:33:23,TVL8047,PC-0114,Disconnect
{00000001ECF7-1A8227CB},2010-04-14 14:35:08,WLH0216,PC-0135,Disconnect
{00000001DF65-1AB4711D},2010-04-14 14:38:16,HVG7968,PC-0044,Disconnect
{00000001CC57-034723EA},2010-04-14 14:38:42,KIX3704,PC-0058,Connect
{00000001EA3E-07DE69ED},2010-04-14 14:41:18,TWU8511,PC-0115,Disconnect
{00000001D244-3D4D095F},2010-04-14 14:48:48,RUT1946,PC-0104,Connect
{00000001F0D4-21105CDD},2010-04-14 14:50:48,WBM5944,PC-0134,Connect
{00000001F25E-2407DC39},2010-04-14 14:52:48,WBM5944,PC-0134,Disconnect
{00000001C9F1-248B6E6B},2010-04-14 14:55:08,IAC0900,PC-0045,Connect
{00000001F0D1-0F1A6D8F},2010-04-14 14:57:07,WBM5944,PC-0134,Connect
{00000001D4F3-2921E04C},2010-04-14 15:13:41,UKR6395,PC-0118,Connect
{00000001DA4A-34430148},2010-04-14 15:14:14,AYY2409,PC-0005,Disconnect
{00000001E845-274973D6},2010-04-14 15:16:48,RUT1946,PC-0104,Disconnect
{00000001E258-3334821E},2010-04-14 15:24:42,KIX3704,PC-0058,Disconnect
{00000001EF03-1B050300},2010-04-14 15:30:10,ZUI9718,PC-0157,Disconnect
{00000001F25B-043844C9},2010-04-14 15:34:07,WBM5944,PC-0134,Disconnect
{00000001D245-1444A3FB},2010-04-14 15:34:19,RUT1946,PC-0104,Connect
{00000001C6A9-19C5F12B},2010-04-14 15:35:20,DHG6594,PC-0016,Connect
{00000001D105-0B8D62C2},2010-04-14 15:47:55,OYC3975,PC-0091,Connect
{00000001DFF2-1DEC07EC},2010-04-14 15:48:08,IAC0900,PC-0045,Disconnect
{00000001DCAA-31FB1A2E},2010-04-14 15:51:20,DHG6594,PC-0016,Disconnect
{00000001C8E3-04D4A25A},2010-04-14 15:51:46,GUG7168,PC-0037,Connect
{00000001CF8A-1590B878},2010-04-14 15:53:36,OEM8566,PC-0085,Connect
{00000001DEE4-0E31E1F8},2010-04-14 15:57:46,GUG7168,PC-0037,Disconnect
{00000001D389-1B80C4F6},2010-04-14 16:09:23,SHV5792,PC-0108,Connect
{00000001CC55-17A744F4},2010-04-14 16:13:22,KIX3704,PC-0058,Connect
{00000001D7B5-1DAF3655},2010-04-14 16:18:18,YDM6963,PC-0145,Connect
{00000001E98A-266B1E24},2010-04-14 16:21:23,SHV5792,PC-0108,Disconnect
{00000001EAF4-342E3794},2010-04-14 16:28:41,UKR6395,PC-0118,Disconnect
{00000001EDB6-170EB627},2010-04-14 16:32:18,YDM6963,PC-0145,Disconnect
{00000001E846-2B9B85CC},2010-04-14 16:40:19,RUT1946,PC-0104,Disconnect
{00000001CA87-0811044C},2010-04-14 16:55:30,IVL8082,PC-0051,Connect
{00000001CF29-020717A6},2010-04-14 16:55:39,NRU3936,PC-0083,Connect
{00000001E706-15A4AA1B},2010-04-14 17:01:55,OYC3975,PC-0091,Disconnect
{00000001E52A-373C26B2},2010-04-14 17:07:39,NRU3936,PC-0083,Disconnect
{00000001E58B-309ED8E3},2010-04-14 17:16:36,OEM8566,PC-0085,Disconnect
{00000001E256-103ED823},2010-04-14 17:22:22,KIX3704,PC-0058,Disconnect
{00000001CD20-253A3F30},2010-04-14 17:39:57,KYR0991,PC-0061,Connect
{00000001C88A-2B686FF4},2010-04-14 17:48:30,GRQ1397,PC-0036,Connect
{00000001E088-1845AE4B},2010-04-14 17:51:30,IVL8082,PC-0051,Disconnect
{00000001DE8B-3F64838D},2010-04-14 17:52:30,GRQ1397,PC-0036,Disconnect
{00000001E321-1FDDACEB},2010-04-14 18:15:57,KYR0991,PC-0061,Disconnect
{00000001F338-30C12CD1},2010-04-14 19:37:29,WBM5944,PC-0134,Connect
{00000001F401-35021CB4},2010-04-14 21:02:29,WBM5944,PC-0134,Disconnect
{00000001F336-172EF8D0},2010-04-14 21:34:33,WBM5944,PC-0134,Connect
{00000001F337-2FA86021},2010-04-14 21:50:18,WBM5944,PC-0134,Connect
{00000001F3FF-0A81E5A7},2010-04-14 22:40:33,WBM5944,PC-0134,Disconnect
{00000001F400-39BF938A},2010-04-14 23:07:18,WBM5944,PC-0134,Disconnect
{00000001C88D-0359288F},2010-04-15 07:51:38,GRQ1397,PC-0036,Connect
{00000001CD21-263B5DE6},2010-04-15 07:56:07,KYR0991,PC-0061,Connect
{00000001DE8E-257F53B4},2010-04-15 08:02:38,GRQ1397,PC-0036,Disconnect
{00000001CAE6-00417B05},2010-04-15 08:48:45,JDE8246,PC-0052,Connect
{00000001C965-2B537876},2010-04-15 08:52:41,HVG7968,PC-0044,Connect
{00000001CD22-17F5C427},2010-04-15 08:54:54,KYR0991,PC-0061,Connect
{00000001D3D3-2762C09B},2010-04-15 09:07:11,TVL8047,PC-0114,Connect
{00000001E322-0C43B7A7},2010-04-15 09:11:07,KYR0991,PC-0061,Disconnect
{00000001D6F9-021B9B27},2010-04-15 09:12:01,WLH0216,PC-0135,Connect
{00000001E9D4-366F86A1},2010-04-15 09:15:11,TVL8047,PC-0114,Disconnect
{00000001CE79-1F402EF2},2010-04-15 09:29:15,NBM1814,PC-0077,Connect
{00000001E323-0CECE428},2010-04-15 09:29:54,KYR0991,PC-0061,Disconnect
{00000001D4F4-205EA2C9},2010-04-15 09:32:04,UKR6395,PC-0118,Connect
{00000001E0E7-28893C15},2010-04-15 09:36:45,JDE8246,PC-0052,Disconnect
{00000001D863-0C74934C},2010-04-15 09:56:02,YNX1016,PC-0148,Connect
{00000001F0D8-3759ECD2},2010-04-15 10:00:41,WBM5944,PC-0134,Connect
{00000001ECFA-20EFCFD8},2010-04-15 10:04:01,WLH0216,PC-0135,Disconnect
{00000001CEB1-137C0751},2010-04-15 10:09:18,NJT3274,PC-0081,Connect
{00000001DF66-22CEC70E},2010-04-15 10:15:41,HVG7968,PC-0044,Disconnect
{00000001EAF5-3D1A2DF8},2010-04-15 10:17:04,UKR6395,PC-0118,Disconnect
{00000001C88C-2790BC9C},2010-04-15 10:21:59,GRQ1397,PC-0036,Connect
{00000001CC59-0AB342F2},2010-04-15 10:28:30,KIX3704,PC-0058,Connect
{00000001EE64-0EA26C59},2010-04-15 10:33:02,YNX1016,PC-0148,Disconnect
{00000001F0D5-163FB367},2010-04-15 10:37:31,WBM5944,PC-0134,Connect
{00000001F25F-277AE931},2010-04-15 10:51:31,WBM5944,PC-0134,Disconnect
{00000001E47A-3A86C12D},2010-04-15 10:52:15,NBM1814,PC-0077,Disconnect
{00000001F262-0505A5C7},2010-04-15 10:56:41,WBM5944,PC-0134,Disconnect
{00000001D672-2C2D44BD},2010-04-15 10:59:34,VNI5142,PC-0129,Connect
{00000001DE8D-31709E1F},2010-04-15 11:10:59,GRQ1397,PC-0036,Disconnect
{00000001E4B2-06E827F6},2010-04-15 11:11:18,NJT3274,PC-0081,Disconnect
{00000001EC73-1B4F32BE},2010-04-15 11:15:34,VNI5142,PC-0129,Disconnect
{00000001F0D7-1159F7E4},2010-04-15 11:25:27,WBM5944,PC-0134,Connect
{00000001F0D6-1375505F},2010-04-15 11:26:56,WBM5944,PC-0134,Connect
{00000001D671-00576061},2010-04-15 11:42:11,VNI5142,PC-0129,Connect
{00000001D6F7-20304B76},2010-04-15 11:44:47,WLH0216,PC-0135,Connect
{00000001F261-04759B6D},2010-04-15 11:47:27,WBM5944,PC-0134,Disconnect
{00000001E25A-3AE5919B},2010-04-15 11:56:30,KIX3704,PC-0058,Disconnect
{00000001D550-30BC969D},2010-04-15 12:01:55,UQK8227,PC-0120,Connect
{00000001C8E4-347FFC46},2010-04-15 12:06:10,GUG7168,PC-0037,Connect
{00000001DEE5-2EA48008},2010-04-15 12:19:10,GUG7168,PC-0037,Disconnect
{00000001F260-2F7295BF},2010-04-15 12:28:56,WBM5944,PC-0134,Disconnect
{00000001EB51-1D6F5B38},2010-04-15 12:52:55,UQK8227,PC-0120,Disconnect
{00000001EC72-00E4C096},2010-04-15 12:54:11,VNI5142,PC-0129,Disconnect
{00000001D2F9-1A6E716A},2010-04-15 13:06:47,SDT4191,PC-0106,Connect
{00000001ECF8-0BCC897B},2010-04-15 13:10:47,WLH0216,PC-0135,Disconnect
{00000001C4D9-07AD0CD8},2010-04-15 13:27:35,COU3039,PC-0011,Connect
{00000001CB98-2ED21A8A},2010-04-15 13:46:02,JMM0438,PC-0053,Connect
{00000001E199-1F06BEA5},2010-04-15 13:51:02,JMM0438,PC-0053,Disconnect
{00000001D151-018FE84D},2010-04-15 13:59:09,QHQ5150,PC-0098,Connect
{00000001D551-32B17165},2010-04-15 14:04:44,UQK8227,PC-0120,Connect
{00000001EB52-3CFDB8A3},2010-04-15 14:09:44,UQK8227,PC-0120,Disconnect
{00000001E8FA-2BB39EC6},2010-04-15 14:12:47,SDT4191,PC-0106,Disconnect
{00000001E752-3B004EBC},2010-04-15 14:22:09,QHQ5150,PC-0098,Disconnect
{00000001DADA-04CEF6DE},2010-04-15 14:24:35,COU3039,PC-0011,Disconnect
{00000001D552-1B1AFE36},2010-04-15 15:08:34,UQK8227,PC-0120,Connect
{00000001CDFA-25D6ACCF},2010-04-15 15:23:02,MDR4757,PC-0071,Connect
{00000001EB53-185C5C53},2010-04-15 15:29:34,UQK8227,PC-0120,Disconnect
{00000001D862-361B1BC9},2010-04-15 15:29:41,YNX1016,PC-0148,Connect
{00000001E3FB-0489D41A},2010-04-15 16:10:02,MDR4757,PC-0071,Disconnect
{00000001EE63-2D27AA7F},2010-04-15 16:10:41,YNX1016,PC-0148,Disconnect
{00000001C6AB-1D4200A9},2010-04-15 16:12:00,DHG6594,PC-0016,Connect
{00000001D2FA-28E3334D},2010-04-15 16:15:07,SDT4191,PC-0106,Connect
{00000001D6F8-12306D93},2010-04-15 16:16:26,WLH0216,PC-0135,Connect
{00000001CC58-3513F824},2010-04-15 16:28:29,KIX3704,PC-0058,Connect
{00000001D904-06AE19CC},2010-04-15 16:28:59,ZUI9718,PC-0157,Connect
{00000001EF05-062FC631},2010-04-15 16:37:59,ZUI9718,PC-0157,Disconnect
{00000001DCAC-1CD078B3},2010-04-15 16:44:00,DHG6594,PC-0016,Disconnect
{00000001D247-3AFC9794},2010-04-15 16:46:47,RUT1946,PC-0104,Connect
{00000001ECF9-125C7207},2010-04-15 16:54:26,WLH0216,PC-0135,Disconnect
{00000001E8FB-012E967B},2010-04-15 16:55:07,SDT4191,PC-0106,Disconnect
{00000001E259-019410FE},2010-04-15 16:55:29,KIX3704,PC-0058,Disconnect
{00000001D43E-3D291EE3},2010-04-15 16:59:43,TWU8511,PC-0115,Connect
{00000001C5E5-0664FE59},2010-04-15 17:21:54,CVC0519,PC-0015,Connect
{00000001DBE6-3DC0EF37},2010-04-15 17:23:54,CVC0519,PC-0015,Disconnect
{00000001E848-16B612E0},2010-04-15 17:27:47,RUT1946,PC-0104,Disconnect
{00000001F055-16B97095},2010-04-15 17:36:33,TTJ2624,PC-0112,Connect
{00000001C7AB-26057521},2010-04-15 17:48:56,EHP1536,PC-0027,Connect
{00000001F1DF-3683ABC4},2010-04-15 17:57:33,TTJ2624,PC-0112,Disconnect
{00000001EA3F-01EEC395},2010-04-15 18:12:43,TWU8511,PC-0115,Disconnect
{00000001DDAC-3D87E560},2010-04-15 18:30:56,EHP1536,PC-0027,Disconnect
{00000001F0DA-360BADA9},2010-04-16 07:21:04,WBM5944,PC-0134,Connect
{00000001C7AC-1A4FC294},2010-04-16 07:22:37,EHP1536,PC-0027,Connect
{00000001F264-3E9BB523},2010-04-16 07:48:04,WBM5944,PC-0134,Disconnect
{00000001C55B-329868A6},2010-04-16 08:09:39,CQZ8674,PC-0013,Connect
{00000001DDAD-05D63873},2010-04-16 08:26:37,EHP1536,PC-0027,Disconnect
{00000001DB5C-22C2A016},2010-04-16 08:47:39,CQZ8674,PC-0013,Disconnect
{00000001D905-2C4D2C8F},2010-04-16 08:51:51,ZUI9718,PC-0157,Connect
{00000001C967-316FDD80},2010-04-16 08:58:08,HVG7968,PC-0044,Connect
{00000001CFC0-17DF13A4},2010-04-16 08:59:07,OET6830,PC-0086,Connect
{00000001D053-3EBB0414},2010-04-16 09:04:08,OLN5687,PC-0088,Connect
{00000001D906-3E568D87},2010-04-16 09:09:15,ZUI9718,PC-0157,Connect
{00000001DF68-2FA5B922},2010-04-16 09:13:08,HVG7968,PC-0044,Disconnect
{00000001EF06-2804CEC2},2010-04-16 09:26:51,ZUI9718,PC-0157,Disconnect
{00000001EF07-231D371D},2010-04-16 09:29:15,ZUI9718,PC-0157,Disconnect
{00000001CDFB-3747E10F},2010-04-16 09:36:14,MDR4757,PC-0071,Connect
{00000001D674-3F7377B1},2010-04-16 09:43:42,VNI5142,PC-0129,Connect
{00000001CD24-1B6D9BB2},2010-04-16 09:53:44,KYR0991,PC-0061,Connect
{00000001E3FC-28FDE074},2010-04-16 10:05:14,MDR4757,PC-0071,Disconnect
{00000001D5A1-13667F1B},2010-04-16 10:07:23,USS4618,PC-0121,Connect
{00000001E654-1EE134C2},2010-04-16 10:08:08,OLN5687,PC-0088,Disconnect
{00000001CB9A-1007B516},2010-04-16 10:09:30,JMM0438,PC-0053,Connect
{00000001F0D9-05A3CBF5},2010-04-16 10:13:34,WBM5944,PC-0134,Connect
{00000001E5C1-0DCCC9FB},2010-04-16 10:18:07,OET6830,PC-0086,Disconnect
{00000001EC75-3EC7AA38},2010-04-16 10:28:42,VNI5142,PC-0129,Disconnect
{00000001EBA2-32B9C65A},2010-04-16 10:38:23,USS4618,PC-0121,Disconnect
{00000001E325-393E6C7D},2010-04-16 10:55:44,KYR0991,PC-0061,Disconnect
{00000001C7AD-1ED0A8AC},2010-04-16 10:58:22,EHP1536,PC-0027,Connect
{00000001E19B-3CD874AF},2010-04-16 10:59:30,JMM0438,PC-0053,Disconnect
{00000001C559-1F387286},2010-04-16 11:27:50,CQZ8674,PC-0013,Connect
{00000001F263-07F07E99},2010-04-16 11:35:34,WBM5944,PC-0134,Disconnect
{00000001DB5A-25D0DE43},2010-04-16 11:37:50,CQZ8674,PC-0013,Disconnect
{00000001D673-355E722B},2010-04-16 11:38:18,VNI5142,PC-0129,Connect
{00000001DDAE-380F7C52},2010-04-16 11:44:22,EHP1536,PC-0027,Disconnect
{00000001C44A-037F7206},2010-04-16 11:53:24,AYY2409,PC-0005,Connect
{00000001D106-03EB164B},2010-04-16 11:55:42,OYC3975,PC-0091,Connect
{00000001CB99-397C0288},2010-04-16 12:00:15,JMM0438,PC-0053,Connect
{00000001C44B-3BE70441},2010-04-16 12:05:00,AYY2409,PC-0005,Connect
{00000001E707-1D9941FA},2010-04-16 12:23:42,OYC3975,PC-0091,Disconnect
{00000001EC74-1DBD5172},2010-04-16 12:29:18,VNI5142,PC-0129,Disconnect
{00000001D6FA-10ACEDAE},2010-04-16 12:48:19,WLH0216,PC-0135,Connect
{00000001DA4C-15B389C8},2010-04-16 12:57:00,AYY2409,PC-0005,Disconnect
{00000001ECFB-109B8B6B},2010-04-16 12:57:19,WLH0216,PC-0135,Disconnect
{00000001DA4B-27847AB2},2010-04-16 12:59:24,AYY2409,PC-0005,Disconnect
{00000001E19A-0AE61E3B},2010-04-16 13:18:15,JMM0438,PC-0053,Disconnect
{00000001D5A2-1FCE3958},2010-04-16 13:20:05,USS4618,PC-0121,Connect
{00000001EBA3-132B3903},2010-04-16 13:23:05,USS4618,PC-0121,Disconnect
{00000001D1B3-21C629FD},2010-04-16 13:48:26,QSC3123,PC-0100,Connect
{00000001C4A7-3239862C},2010-04-16 13:51:35,BFH3103,PC-0007,Connect
{00000001D4B1-172C178F},2010-04-16 14:15:47,UEH9251,PC-0117,Connect
{00000001CFBF-0A9D30FA},2010-04-16 14:16:28,OET6830,PC-0086,Connect
{00000001C40C-334723E9},2010-04-16 14:19:11,AUI6616,PC-0004,Connect
{00000001E5C0-342C8687},2010-04-16 14:23:28,OET6830,PC-0086,Disconnect
{00000001C4FD-0A61F580},2010-04-16 14:33:31,COX0638,PC-0012,Connect
{00000001C828-19407FD7},2010-04-16 14:41:26,FCN9756,PC-0031,Connect
{00000001C55A-2AD62F64},2010-04-16 14:52:17,CQZ8674,PC-0013,Connect
{00000001DA0D-0CCB5272},2010-04-16 14:54:11,AUI6616,PC-0004,Disconnect
{00000001DAFE-2A784958},2010-04-16 14:57:31,COX0638,PC-0012,Disconnect
{00000001CD25-1E8517A4},2010-04-16 15:00:38,KYR0991,PC-0061,Connect
{00000001EAB2-1B3BCF7E},2010-04-16 15:01:47,UEH9251,PC-0117,Disconnect
{00000001DAA8-1A203601},2010-04-16 15:04:35,BFH3103,PC-0007,Disconnect
{00000001E7B4-0C388076},2010-04-16 15:09:26,QSC3123,PC-0100,Disconnect
{00000001CF2B-0BD76546},2010-04-16 15:12:20,NRU3936,PC-0083,Connect
{00000001C966-3F668638},2010-04-16 15:28:16,HVG7968,PC-0044,Connect
{00000001CA88-11C14D79},2010-04-16 15:38:35,IVL8082,PC-0051,Connect
{00000001D131-03B6F253},2010-04-16 15:39:53,QCT4158,PC-0097,Connect
{00000001DE29-1D89C721},2010-04-16 15:45:26,FCN9756,PC-0031,Disconnect
{00000001DB5B-3BD841AC},2010-04-16 15:51:17,CQZ8674,PC-0013,Disconnect
{00000001E732-1BBFBBD1},2010-04-16 15:51:53,QCT4158,PC-0097,Disconnect
{00000001E089-0E5EB51D},2010-04-16 16:08:35,IVL8082,PC-0051,Disconnect
{00000001E326-353B73CD},2010-04-16 16:14:38,KYR0991,PC-0061,Disconnect
{00000001D757-14BAD2DB},2010-04-16 16:18:46,XGF2493,PC-0139,Connect
{00000001ED58-1573AA3A},2010-04-16 16:25:46,XGF2493,PC-0139,Disconnect
{00000001D43F-1AD8A9AF},2010-04-16 16:26:16,TWU8511,PC-0115,Connect
{00000001D440-20A03205},2010-04-16 16:35:00,TWU8511,PC-0115,Connect
{00000001E52C-19D4E9AD},2010-04-16 16:41:20,NRU3936,PC-0083,Disconnect
{00000001DF67-0F66455A},2010-04-16 16:49:16,HVG7968,PC-0044,Disconnect
{00000001CD26-0FD12E7C},2010-04-16 16:55:08,KYR0991,PC-0061,Connect
{00000001CFBE-268B943B},2010-04-16 17:03:51,OET6830,PC-0086,Connect
{00000001EA41-2E1CAEE8},2010-04-16 17:10:00,TWU8511,PC-0115,Disconnect
{00000001CD23-27918BC8},2010-04-16 17:12:23,KYR0991,PC-0061,Connect
{00000001E5BF-01812566},2010-04-16 17:15:51,OET6830,PC-0086,Disconnect
{00000001E327-3FA73E55},2010-04-16 17:19:08,KYR0991,PC-0061,Disconnect
{00000001EA40-2CB448D4},2010-04-16 17:19:16,TWU8511,PC-0115,Disconnect
{00000001E324-137D026B},2010-04-16 17:28:23,KYR0991,PC-0061,Disconnect
{00000001C88E-3AB22FF6},2010-04-16 17:49:33,GRQ1397,PC-0036,Connect
{00000001DE8F-1F9CCE0D},2010-04-16 19:15:33,GRQ1397,PC-0036,Disconnect
{00000001F33B-1C3AC3BC},2010-04-16 20:36:14,WBM5944,PC-0134,Connect
{00000001F404-3738FD33},2010-04-16 21:41:14,WBM5944,PC-0134,Disconnect
{00000001F33C-00DAF6E7},2010-04-16 22:40:44,WBM5944,PC-0134,Connect
{00000001F405-0C0248A4},2010-04-16 22:47:44,WBM5944,PC-0134,Disconnect
{00000001D7B8-0323C866},2010-04-19 07:02:12,YDM6963,PC-0145,Connect
{00000001EDB9-065F8A31},2010-04-19 07:09:12,YDM6963,PC-0145,Disconnect
{00000001D120-1981214E},2010-04-19 07:13:07,PAJ4367,PC-0092,Connect
{00000001E721-31E00442},2010-04-19 07:20:07,PAJ4367,PC-0092,Disconnect
{00000001F0DF-2D15994F},2010-04-19 07:20:23,WBM5944,PC-0134,Connect
{00000001F0DB-3C4DD092},2010-04-19 07:29:02,WBM5944,PC-0134,Connect
{00000001D3D4-1147B460},2010-04-19 07:44:11,TVL8047,PC-0114,Connect
{00000001E9D5-1A54EB46},2010-04-19 08:12:11,TVL8047,PC-0114,Disconnect
{00000001D553-28EEE74C},2010-04-19 08:15:12,UQK8227,PC-0120,Connect
{00000001F269-14C251AA},2010-04-19 08:22:23,WBM5944,PC-0134,Disconnect
{00000001EB54-2FE3023A},2010-04-19 08:27:12,UQK8227,PC-0120,Disconnect
{00000001F265-32B33DA6},2010-04-19 08:39:02,WBM5944,PC-0134,Disconnect
{00000001D616-17761AE8},2010-04-19 09:14:26,VDL1237,PC-0125,Connect
{00000001F0DD-398AC741},2010-04-19 09:36:28,WBM5944,PC-0134,Connect
{00000001EC17-034E0290},2010-04-19 09:43:26,VDL1237,PC-0125,Disconnect
{00000001D249-006A0885},2010-04-19 09:53:42,RUT1946,PC-0104,Connect
{00000001D818-33B6FC4F},2010-04-19 09:54:02,YIO5206,PC-0146,Connect
{00000001D0F0-224DD3A7},2010-04-19 10:14:42,OQO5535,PC-0090,Connect
{00000001E84A-3474546E},2010-04-19 10:15:42,RUT1946,PC-0104,Disconnect
{00000001EE19-0B213B13},2010-04-19 10:20:02,YIO5206,PC-0146,Disconnect
{00000001F267-232A0BB6},2010-04-19 10:23:28,WBM5944,PC-0134,Disconnect
{00000001CA52-03DBB32B},2010-04-19 10:25:50,IIY1438,PC-0050,Connect
{00000001C6AD-37C09571},2010-04-19 10:37:33,DHG6594,PC-0016,Connect
{00000001C7AE-021156DE},2010-04-19 10:52:12,EHP1536,PC-0027,Connect
{00000001DCAE-335BD76E},2010-04-19 10:57:33,DHG6594,PC-0016,Disconnect
{00000001DDAF-19FBCA01},2010-04-19 11:10:12,EHP1536,PC-0027,Disconnect
{00000001E6F1-34AA12C2},2010-04-19 11:40:42,OQO5535,PC-0090,Disconnect
{00000001E053-2996E3D0},2010-04-19 11:45:50,IIY1438,PC-0050,Disconnect
{00000001D054-07F32DC9},2010-04-19 12:02:16,OLN5687,PC-0088,Connect
{00000001E655-34316C57},2010-04-19 12:14:16,OLN5687,PC-0088,Disconnect
{00000001D38A-019EBA3A},2010-04-19 12:16:08,SHV5792,PC-0108,Connect
{00000001D248-29BA75B1},2010-04-19 12:43:34,RUT1946,PC-0104,Connect
{00000001E98B-2BE10F7B},2010-04-19 12:55:08,SHV5792,PC-0108,Disconnect
{00000001CA89-077874EF},2010-04-19 13:16:18,IVL8082,PC-0051,Connect
{00000001E849-0CED4875},2010-04-19 13:23:34,RUT1946,PC-0104,Disconnect
{00000001C44C-134EAC86},2010-04-19 13:31:04,AYY2409,PC-0005,Connect
{00000001E08A-09090DC6},2010-04-19 13:32:18,IVL8082,PC-0051,Disconnect
{00000001D107-2F3DA65C},2010-04-19 13:42:50,OYC3975,PC-0091,Connect
{00000001C7AF-10CB52DC},2010-04-19 13:49:46,EHP1536,PC-0027,Connect
{00000001E708-2FA8BED9},2010-04-19 13:52:50,OYC3975,PC-0091,Disconnect
{00000001D819-027FEE50},2010-04-19 14:01:55,YIO5206,PC-0146,Connect
{00000001CF2C-3F684993},2010-04-19 14:12:26,NRU3936,PC-0083,Connect
{00000001F0DC-2B26C977},2010-04-19 14:37:38,WBM5944,PC-0134,Connect
{00000001C5E6-21E948AB},2010-04-19 14:45:18,CVC0519,PC-0015,Connect
{00000001F0DE-1728EB0D},2010-04-19 14:53:49,WBM5944,PC-0134,Connect
{00000001DA4D-1116B918},2010-04-19 14:58:04,AYY2409,PC-0005,Disconnect
{00000001E52D-0AF42D70},2010-04-19 15:00:26,NRU3936,PC-0083,Disconnect
{00000001CEB2-09D5D3BE},2010-04-19 15:02:22,NJT3274,PC-0081,Connect
{00000001C6AC-10208E55},2010-04-19 15:02:37,DHG6594,PC-0016,Connect
{00000001DDB0-0B6A534D},2010-04-19 15:07:46,EHP1536,PC-0027,Disconnect
{00000001EE1A-153474B3},2010-04-19 15:14:55,YIO5206,PC-0146,Disconnect
{00000001F268-258F5411},2010-04-19 15:21:49,WBM5944,PC-0134,Disconnect
{00000001E4B3-191BE07C},2010-04-19 15:23:22,NJT3274,PC-0081,Disconnect
{00000001F056-1A7C1BA6},2010-04-19 15:25:23,TTJ2624,PC-0112,Connect
{00000001DCAD-3A2D928E},2010-04-19 15:25:37,DHG6594,PC-0016,Disconnect
{00000001F266-0EFA5853},2010-04-19 15:26:38,WBM5944,PC-0134,Disconnect
{00000001CB9B-1BDCFE04},2010-04-19 15:38:10,JMM0438,PC-0053,Connect
{00000001DBE7-30710031},2010-04-19 15:39:18,CVC0519,PC-0015,Disconnect
{00000001D132-1260DF55},2010-04-19 15:58:12,QCT4158,PC-0097,Connect
{00000001F1E0-1EA12E28},2010-04-19 16:03:23,TTJ2624,PC-0112,Disconnect
{00000001CC5B-234A5B38},2010-04-19 16:20:26,KIX3704,PC-0058,Connect
{00000001D6FB-16E7D0DB},2010-04-19 16:43:22,WLH0216,PC-0135,Connect
{00000001E733-0B481F26},2010-04-19 16:57:12,QCT4158,PC-0097,Disconnect
{00000001C968-00FFE1B8},2010-04-19 17:03:53,HVG7968,PC-0044,Connect
{00000001E19C-08965CFB},2010-04-19 17:06:10,JMM0438,PC-0053,Disconnect
{00000001ECFC-034FB1FB},2010-04-19 17:07:22,WLH0216,PC-0135,Disconnect
{00000001D7B7-02192154},2010-04-19 17:22:16,YDM6963,PC-0145,Connect
{00000001D055-0E7BF5B7},2010-04-19 17:24:47,OLN5687,PC-0088,Connect
{00000001E656-0198A601},2010-04-19 17:34:47,OLN5687,PC-0088,Disconnect
{00000001D5A3-2889F3D0},2010-04-19 17:37:53,USS4618,PC-0121,Connect
{00000001E25C-35C09B78},2010-04-19 17:42:26,KIX3704,PC-0058,Disconnect
{00000001CC5A-0B921C7C},2010-04-19 17:56:04,KIX3704,PC-0058,Connect
{00000001EDB8-083561C0},2010-04-19 18:11:16,YDM6963,PC-0145,Disconnect
{00000001E25B-00451084},2010-04-19 18:21:04,KIX3704,PC-0058,Disconnect
{00000001DF69-3AFD729A},2010-04-19 18:28:53,HVG7968,PC-0044,Disconnect
{00000001EBA4-0CD703B0},2010-04-19 18:43:53,USS4618,PC-0121,Disconnect
{00000001F33E-306B869A},2010-04-19 19:55:19,WBM5944,PC-0134,Connect
{00000001F407-3DD177D4},2010-04-19 20:42:19,WBM5944,PC-0134,Disconnect
{00000001F33D-2D69598D},2010-04-19 23:55:43,WBM5944,PC-0134,Connect
{00000001F406-13769562},2010-04-20 01:04:43,WBM5944,PC-0134,Disconnect
{00000001CB9C-13A35BEE},2010-04-20 07:03:59,JMM0438,PC-0053,Connect
{00000001C5E8-0698262F},2010-04-20 07:18:33,CVC0519,PC-0015,Connect
{00000001E19D-3430CB46},2010-04-20 07:25:59,JMM0438,PC-0053,Disconnect
{00000001D24A-2E9EF6FC},2010-04-20 07:28:18,RUT1946,PC-0104,Connect
{00000001DBE9-333DC4FE},2010-04-20 07:44:33,CVC0519,PC-0015,Disconnect
{00000001C5E9-1F779588},2010-04-20 08:06:02,CVC0519,PC-0015,Connect
{00000001C96A-365D3E71},2010-04-20 08:11:56,HVG7968,PC-0044,Connect
{00000001E84B-15AE7D11},2010-04-20 08:16:18,RUT1946,PC-0104,Disconnect
{00000001D152-15AAD344},2010-04-20 08:22:24,QHQ5150,PC-0098,Connect
{00000001F0E1-29F18831},2010-04-20 08:24:15,WBM5944,PC-0134,Connect
{00000001D1B4-0146BE36},2010-04-20 08:28:30,QSC3123,PC-0100,Connect
{00000001F0E0-2DAE6ECD},2010-04-20 09:00:41,WBM5944,PC-0134,Connect
{00000001E753-060D010F},2010-04-20 09:02:24,QHQ5150,PC-0098,Disconnect
{00000001F26A-1E9E4062},2010-04-20 09:04:41,WBM5944,PC-0134,Disconnect
{00000001DBEA-31F3B431},2010-04-20 09:12:02,CVC0519,PC-0015,Disconnect
{00000001E7B5-13CB322A},2010-04-20 09:38:30,QSC3123,PC-0100,Disconnect
{00000001DF6B-242A4A1A},2010-04-20 09:38:56,HVG7968,PC-0044,Disconnect
{00000001F26B-3E4EB951},2010-04-20 09:43:15,WBM5944,PC-0134,Disconnect
{00000001CAE7-07ABE37B},2010-04-20 09:43:57,JDE8246,PC-0052,Connect
{00000001E0E8-17A147CF},2010-04-20 10:13:57,JDE8246,PC-0052,Disconnect
{00000001C7B0-12454245},2010-04-20 10:19:26,EHP1536,PC-0027,Connect
{00000001DDB1-308106A5},2010-04-20 10:40:26,EHP1536,PC-0027,Disconnect
{00000001CDDF-1787FC65},2010-04-20 11:31:42,MAP5551,PC-0070,Connect
{00000001E3E0-302F8CDE},2010-04-20 11:39:42,MAP5551,PC-0070,Disconnect
{00000001F0E3-0FDA10F2},2010-04-20 11:55:03,WBM5944,PC-0134,Connect
{00000001C88F-17BFE082},2010-04-20 12:09:10,GRQ1397,PC-0036,Connect
{00000001C3A5-38851CE2},2010-04-20 12:17:12,ADG1145,PC-0001,Connect
{00000001D6FC-189E8760},2010-04-20 12:22:03,WLH0216,PC-0135,Connect
{00000001D9A6-0A4E9922},2010-04-20 12:25:12,ADG1145,PC-0001,Disconnect
{00000001CF2D-18B2F71A},2010-04-20 12:46:04,NRU3936,PC-0083,Connect
{00000001DE90-3D50C68D},2010-04-20 12:53:10,GRQ1397,PC-0036,Disconnect
{00000001E52E-0A0E1F3C},2010-04-20 12:56:04,NRU3936,PC-0083,Disconnect
{00000001F26D-0E65DE60},2010-04-20 13:04:03,WBM5944,PC-0134,Disconnect
{00000001D056-3D5BFD5B},2010-04-20 13:17:45,OLN5687,PC-0088,Connect
{00000001ECFD-3A61E329},2010-04-20 13:20:03,WLH0216,PC-0135,Disconnect
{00000001E657-1C311D9E},2010-04-20 14:08:45,OLN5687,PC-0088,Disconnect
{00000001D1B5-3F862603},2010-04-20 14:15:40,QSC3123,PC-0100,Connect
{00000001C969-0E55E979},2010-04-20 14:30:54,HVG7968,PC-0044,Connect
{00000001D441-1E223DFE},2010-04-20 14:42:05,TWU8511,PC-0115,Connect
{00000001D4F5-2E56E911},2010-04-20 14:52:26,UKR6395,PC-0118,Connect
{00000001C5EA-1AE3028D},2010-04-20 14:54:45,CVC0519,PC-0015,Connect
{00000001E7B6-1ADC7289},2010-04-20 15:02:40,QSC3123,PC-0100,Disconnect
{00000001C5E7-18B6FC27},2010-04-20 15:13:59,CVC0519,PC-0015,Connect
{00000001F0E2-2F60C0B8},2010-04-20 15:23:08,WBM5944,PC-0134,Connect
{00000001CD27-3122DFCF},2010-04-20 15:33:36,KYR0991,PC-0061,Connect
{00000001EAF6-09951D73},2010-04-20 15:37:26,UKR6395,PC-0118,Disconnect
{00000001D81A-23BD1740},2010-04-20 15:40:14,YIO5206,PC-0146,Connect
{00000001D5A4-24BB40FA},2010-04-20 15:40:48,USS4618,PC-0121,Connect
{00000001EA42-00DCB57F},2010-04-20 15:47:05,TWU8511,PC-0115,Disconnect
{00000001DF6A-11E7DE8E},2010-04-20 15:48:54,HVG7968,PC-0044,Disconnect
{00000001EE1B-3C26075D},2010-04-20 15:49:14,YIO5206,PC-0146,Disconnect
{00000001DBE8-05608C36},2010-04-20 16:04:59,CVC0519,PC-0015,Disconnect
{00000001F26C-25DB19C7},2010-04-20 16:07:08,WBM5944,PC-0134,Disconnect
{00000001E328-1B6101C1},2010-04-20 16:08:36,KYR0991,PC-0061,Disconnect
{00000001DBEB-169CF9C0},2010-04-20 16:10:45,CVC0519,PC-0015,Disconnect
{00000001EBA5-3D3D9986},2010-04-20 16:42:48,USS4618,PC-0121,Disconnect
{00000001C6AE-3BF1F8BE},2010-04-20 17:03:50,DHG6594,PC-0016,Connect
{00000001DCAF-027FCBBE},2010-04-20 17:06:50,DHG6594,PC-0016,Disconnect
{00000001D108-1A33EA67},2010-04-20 17:44:32,OYC3975,PC-0091,Connect
{00000001E709-1F5D2B55},2010-04-20 18:25:32,OYC3975,PC-0091,Disconnect
{00000001F33F-22B8AE6A},2010-04-20 18:33:42,WBM5944,PC-0134,Connect
{00000001F408-0202AD9C},2010-04-20 19:58:42,WBM5944,PC-0134,Disconnect
{00000001D38B-1FD0908F},2010-04-21 08:06:58,SHV5792,PC-0108,Connect
{00000001CF2F-15B7DD57},2010-04-21 08:14:56,NRU3936,PC-0083,Connect
{00000001E530-04223E66},2010-04-21 08:19:56,NRU3936,PC-0083,Disconnect
{00000001CD28-2856E7FE},2010-04-21 08:43:46,KYR0991,PC-0061,Connect
{00000001E98C-04F6F109},2010-04-21 08:58:58,SHV5792,PC-0108,Disconnect
{00000001E329-2759A145},2010-04-21 09:01:46,KYR0991,PC-0061,Disconnect
{00000001CAE8-222823B4},2010-04-21 10:03:16,JDE8246,PC-0052,Connect
{00000001D2FC-0BD5E027},2010-04-21 10:33:14,SDT4191,PC-0106,Connect
{00000001F0E6-36402E5C},2010-04-21 10:35:58,WBM5944,PC-0134,Connect
{00000001D4F6-31745678},2010-04-21 10:45:04,UKR6395,PC-0118,Connect
{00000001E0E9-194B1412},2010-04-21 10:51:16,JDE8246,PC-0052,Disconnect
{00000001C6AF-3B44D425},2010-04-21 10:53:37,DHG6594,PC-0016,Connect
{00000001D2FB-171E0E54},2010-04-21 10:59:43,SDT4191,PC-0106,Connect
{00000001C5EB-0020931B},2010-04-21 11:02:35,CVC0519,PC-0015,Connect
{00000001C8FE-31BA9A28},2010-04-21 11:06:54,HMR4907,PC-0043,Connect
{00000001E8FC-3554E0B8},2010-04-21 11:12:43,SDT4191,PC-0106,Disconnect
{00000001F270-149FF10A},2010-04-21 11:12:58,WBM5944,PC-0134,Disconnect
{00000001D3D5-3B1F2F5A},2010-04-21 11:17:33,TVL8047,PC-0114,Connect
{00000001C8FD-35089346},2010-04-21 11:28:48,HMR4907,PC-0043,Connect
{00000001D8BC-2115C7B3},2010-04-21 11:30:25,ZIF9528,PC-0154,Connect
{00000001D617-102E8BD9},2010-04-21 11:34:49,VDL1237,PC-0125,Connect
{00000001DEFF-019DC628},2010-04-21 11:35:54,HMR4907,PC-0043,Disconnect
{00000001D1B6-3D1BECAF},2010-04-21 11:39:32,QSC3123,PC-0100,Connect
{00000001CF2E-33D6C3B1},2010-04-21 11:44:58,NRU3936,PC-0083,Connect
{00000001E8FD-0E4A553C},2010-04-21 11:54:14,SDT4191,PC-0106,Disconnect
{00000001EC18-1790A4ED},2010-04-21 11:58:49,VDL1237,PC-0125,Disconnect
{00000001EAF7-3E339D21},2010-04-21 12:01:04,UKR6395,PC-0118,Disconnect
{00000001DCB0-04FC5949},2010-04-21 12:02:37,DHG6594,PC-0016,Disconnect
{00000001E7B7-27958204},2010-04-21 12:03:32,QSC3123,PC-0100,Disconnect
{00000001E52F-39543DF0},2010-04-21 12:04:58,NRU3936,PC-0083,Disconnect
{00000001E9D6-07062E88},2010-04-21 12:06:33,TVL8047,PC-0114,Disconnect
{00000001DEFE-0B7A1F63},2010-04-21 12:09:48,HMR4907,PC-0043,Disconnect
{00000001EEBD-26F56B2B},2010-04-21 12:14:25,ZIF9528,PC-0154,Disconnect
{00000001DBEC-2BF11440},2010-04-21 12:17:35,CVC0519,PC-0015,Disconnect
{00000001D3D6-3A8266FD},2010-04-21 12:30:03,TVL8047,PC-0114,Connect
{00000001D907-23297ECA},2010-04-21 12:49:08,ZUI9718,PC-0157,Connect
{00000001C7B1-26ECC124},2010-04-21 13:16:36,EHP1536,PC-0027,Connect
{00000001D908-108FA326},2010-04-21 13:16:55,ZUI9718,PC-0157,Connect
{00000001E9D7-2AE9A1EF},2010-04-21 13:31:03,TVL8047,PC-0114,Disconnect
{00000001CCC8-25F6A253},2010-04-21 13:34:08,KJX0944,PC-0059,Connect
{00000001D864-05538834},2010-04-21 13:35:04,YNX1016,PC-0148,Connect
{00000001D5A5-191AD3DD},2010-04-21 13:44:31,USS4618,PC-0121,Connect
{00000001C55C-30D385AC},2010-04-21 13:48:35,CQZ8674,PC-0013,Connect
{00000001EF09-22F803AF},2010-04-21 13:53:55,ZUI9718,PC-0157,Disconnect
{00000001EF08-28ACEBF2},2010-04-21 14:15:08,ZUI9718,PC-0157,Disconnect
{00000001DDB2-0BB842DE},2010-04-21 14:15:36,EHP1536,PC-0027,Disconnect
{00000001DB5D-21E2149D},2010-04-21 14:19:35,CQZ8674,PC-0013,Disconnect
{00000001F0E7-0B9EADB7},2010-04-21 14:20:36,WBM5944,PC-0134,Connect
{00000001EE65-337BAD0B},2010-04-21 14:28:04,YNX1016,PC-0148,Disconnect
{00000001F271-38B74C2B},2010-04-21 14:30:36,WBM5944,PC-0134,Disconnect
{00000001F0E5-021547FF},2010-04-21 14:40:30,WBM5944,PC-0134,Connect
{00000001E2C9-1B3D330C},2010-04-21 15:01:08,KJX0944,PC-0059,Disconnect
{00000001EBA6-1DCC6D5B},2010-04-21 15:09:31,USS4618,PC-0121,Disconnect
{00000001D6FD-07D88DF8},2010-04-21 15:21:18,WLH0216,PC-0135,Connect
{00000001D554-2597E47C},2010-04-21 15:23:13,UQK8227,PC-0120,Connect
{00000001D4B3-1B2103BB},2010-04-21 15:25:55,UEH9251,PC-0117,Connect
{00000001EB55-1FF4DC2B},2010-04-21 15:27:13,UQK8227,PC-0120,Disconnect
{00000001D7B9-04C0027F},2010-04-21 15:33:00,YDM6963,PC-0145,Connect
{00000001CA8A-03EBCDE2},2010-04-21 15:34:26,IVL8082,PC-0051,Connect
{00000001D81B-19C564BB},2010-04-21 15:40:08,YIO5206,PC-0146,Connect
{00000001D4B2-21ACFD54},2010-04-21 15:42:12,UEH9251,PC-0117,Connect
{00000001F26F-2ED75E38},2010-04-21 15:42:30,WBM5944,PC-0134,Disconnect
{00000001EAB3-1B335F6D},2010-04-21 15:44:12,UEH9251,PC-0117,Disconnect
{00000001D38C-1841E543},2010-04-21 15:45:36,SHV5792,PC-0108,Connect
{00000001E08B-23E00E31},2010-04-21 15:48:26,IVL8082,PC-0051,Disconnect
{00000001ECFE-096FCF4D},2010-04-21 16:04:18,WLH0216,PC-0135,Disconnect
{00000001EAB4-01896502},2010-04-21 16:12:55,UEH9251,PC-0117,Disconnect
{00000001F0E4-195EC00A},2010-04-21 16:14:52,WBM5944,PC-0134,Connect
{00000001CC5C-37F6B1EB},2010-04-21 16:15:33,KIX3704,PC-0058,Connect
{00000001E98D-15EEFFE6},2010-04-21 16:15:36,SHV5792,PC-0108,Disconnect
{00000001F26E-121982D3},2010-04-21 16:35:52,WBM5944,PC-0134,Disconnect
{00000001E25D-01F5A4FB},2010-04-21 16:39:33,KIX3704,PC-0058,Disconnect
{00000001EDBA-02A908B8},2010-04-21 16:41:00,YDM6963,PC-0145,Disconnect
{00000001EE1C-1C15CB5F},2010-04-21 17:08:08,YIO5206,PC-0146,Disconnect
{00000001D5EC-3E734C2D},2010-04-21 17:21:05,UUU6648,PC-0122,Connect
{00000001EBED-3DEF97A4},2010-04-21 18:49:05,UUU6648,PC-0122,Disconnect
{00000001F340-26D03749},2010-04-21 19:44:53,WBM5944,PC-0134,Connect
{00000001F409-330F8DEB},2010-04-21 19:59:53,WBM5944,PC-0134,Disconnect
{00000001F343-30886C96},2010-04-22 00:33:33,WBM5944,PC-0134,Connect
{00000001F40C-26818AF1},2010-04-22 01:56:33,WBM5944,PC-0134,Disconnect
{00000001F341-20C6F204},2010-04-22 06:10:45,WBM5944,PC-0134,Connect
{00000001F40A-28EC2D19},2010-04-22 06:57:45,WBM5944,PC-0134,Disconnect
{00000001D4B4-23ADE69D},2010-04-22 07:18:38,UEH9251,PC-0117,Connect
{00000001D3C5-2E62C1C3},2010-04-22 07:30:11,TTJ2624,PC-0112,Connect
{00000001CE22-3703B943},2010-04-22 07:33:10,MGI5307,PC-0072,Connect
{00000001E423-01E8AD53},2010-04-22 07:37:10,MGI5307,PC-0072,Disconnect
{00000001E9C6-17355050},2010-04-22 07:41:11,TTJ2624,PC-0112,Disconnect
{00000001C96B-141D539F},2010-04-22 07:49:44,HVG7968,PC-0044,Connect
{00000001DF6C-342E4975},2010-04-22 07:53:44,HVG7968,PC-0044,Disconnect
{00000001C48D-1445071E},2010-04-22 07:55:33,AZE5960,PC-0006,Connect
{00000001CD74-275CF183},2010-04-22 07:59:09,LGT9691,PC-0063,Connect
{00000001CC61-05F7E401},2010-04-22 08:02:43,KIX3704,PC-0058,Connect
{00000001D6FE-3E2E55F1},2010-04-22 08:10:47,WLH0216,PC-0135,Connect
{00000001C6B0-169F4356},2010-04-22 08:14:59,DHG6594,PC-0016,Connect
{00000001F0EB-1B09CEDD},2010-04-22 08:19:09,WBM5944,PC-0134,Connect
{00000001CC5F-33A3526D},2010-04-22 08:21:36,KIX3704,PC-0058,Connect
{00000001D121-3CFE2C38},2010-04-22 08:32:37,PAJ4367,PC-0092,Connect
{00000001C829-3D5C86CA},2010-04-22 08:38:43,FCN9756,PC-0031,Connect
{00000001C44E-0D813BEA},2010-04-22 08:40:14,AYY2409,PC-0005,Connect
{00000001EAB5-20CB4C34},2010-04-22 08:40:38,UEH9251,PC-0117,Disconnect
{00000001D4F7-2C88C04F},2010-04-22 08:44:10,UKR6395,PC-0118,Connect
{00000001E260-02F08649},2010-04-22 08:47:36,KIX3704,PC-0058,Disconnect
{00000001D057-3CDE9259},2010-04-22 08:50:59,OLN5687,PC-0088,Connect
{00000001DA4F-064452A0},2010-04-22 08:51:14,AYY2409,PC-0005,Disconnect
{00000001ECFF-18246A03},2010-04-22 08:57:47,WLH0216,PC-0135,Disconnect
{00000001E722-36C7693A},2010-04-22 09:03:37,PAJ4367,PC-0092,Disconnect
{00000001DA8E-04309F32},2010-04-22 09:07:33,AZE5960,PC-0006,Disconnect
{00000001DE2A-2EB7EC3E},2010-04-22 09:11:43,FCN9756,PC-0031,Disconnect
{00000001F275-153FF45C},2010-04-22 09:12:09,WBM5944,PC-0134,Disconnect
{00000001CC60-30D6CA45},2010-04-22 09:19:57,KIX3704,PC-0058,Connect
{00000001E375-3559E227},2010-04-22 09:23:09,LGT9691,PC-0063,Disconnect
{00000001E262-3310BD5A},2010-04-22 09:31:43,KIX3704,PC-0058,Disconnect
{00000001DCB1-065A6C2B},2010-04-22 09:35:59,DHG6594,PC-0016,Disconnect
{00000001D3CB-364B19F0},2010-04-22 09:55:31,TTS7860,PC-0113,Connect
{00000001D758-373404E4},2010-04-22 09:55:41,XGF2493,PC-0139,Connect
{00000001E261-089CC581},2010-04-22 10:03:57,KIX3704,PC-0058,Disconnect
{00000001D1B7-35A74CE6},2010-04-22 10:05:05,QSC3123,PC-0100,Connect
{00000001E658-33896314},2010-04-22 10:07:59,OLN5687,PC-0088,Disconnect
{00000001EAF8-3A54F7E6},2010-04-22 10:09:10,UKR6395,PC-0118,Disconnect
{00000001F0E9-07ADBD33},2010-04-22 10:23:18,WBM5944,PC-0134,Connect
{00000001E7B8-14659B5F},2010-04-22 10:28:05,QSC3123,PC-0100,Disconnect
{00000001D782-2A07CA96},2010-04-22 10:33:08,XHL6619,PC-0141,Connect
{00000001CC5D-1FBCFDAE},2010-04-22 10:49:44,KIX3704,PC-0058,Connect
{00000001CC5E-1C4588CB},2010-04-22 10:57:25,KIX3704,PC-0058,Connect
{00000001CDFC-288CDBDD},2010-04-22 10:57:26,MDR4757,PC-0071,Connect
{00000001E25F-302CDECA},2010-04-22 11:05:25,KIX3704,PC-0058,Disconnect
{00000001CDB4-1AD1ABF2},2010-04-22 11:06:31,LYE5717,PC-0069,Connect
{00000001CEB3-142D8CB2},2010-04-22 11:07:07,NJT3274,PC-0081,Connect
{00000001ED83-1C358972},2010-04-22 11:08:08,XHL6619,PC-0141,Disconnect
{00000001E9CC-018DA3A3},2010-04-22 11:08:31,TTS7860,PC-0113,Disconnect
{00000001E3FD-0754A8F0},2010-04-22 11:14:26,MDR4757,PC-0071,Disconnect
{00000001ED59-1195FDFF},2010-04-22 11:20:41,XGF2493,PC-0139,Disconnect
{00000001C44D-02941A97},2010-04-22 11:26:51,AYY2409,PC-0005,Connect
{00000001CC63-292FF9A5},2010-04-22 11:34:50,KIX3704,PC-0058,Connect
{00000001E4B4-0F2D1B20},2010-04-22 11:39:07,NJT3274,PC-0081,Disconnect
{00000001E25E-1F7547E7},2010-04-22 11:45:44,KIX3704,PC-0058,Disconnect
{00000001DA4E-1924A119},2010-04-22 11:47:51,AYY2409,PC-0005,Disconnect
{00000001F273-0675F738},2010-04-22 11:51:18,WBM5944,PC-0134,Disconnect
{00000001E3B5-1CBD6D48},2010-04-22 12:11:31,LYE5717,PC-0069,Disconnect
{00000001E264-3A02CCBE},2010-04-22 12:19:50,KIX3704,PC-0058,Disconnect
{00000001F0E8-0042E621},2010-04-22 12:30:50,WBM5944,PC-0134,Connect
{00000001C82A-39EA2B44},2010-04-22 12:39:30,FCN9756,PC-0031,Connect
{00000001CF30-06F83A18},2010-04-22 12:45:11,NRU3936,PC-0083,Connect
{00000001D7BA-1098DF01},2010-04-22 12:45:57,YDM6963,PC-0145,Connect
{00000001D442-0C75D049},2010-04-22 12:54:17,TWU8511,PC-0115,Connect
{00000001DE2B-2C741C18},2010-04-22 12:58:30,FCN9756,PC-0031,Disconnect
{00000001D81C-2905507E},2010-04-22 13:33:24,YIO5206,PC-0146,Connect
{00000001F272-000C82FE},2010-04-22 13:44:50,WBM5944,PC-0134,Disconnect
{00000001E531-34F058CD},2010-04-22 13:47:11,NRU3936,PC-0083,Disconnect
{00000001F0EA-0826AF5F},2010-04-22 13:53:36,WBM5944,PC-0134,Connect
{00000001EA43-258BB21D},2010-04-22 14:01:17,TWU8511,PC-0115,Disconnect
{00000001EE1D-3982A6AB},2010-04-22 14:07:24,YIO5206,PC-0146,Disconnect
{00000001EDBB-39E5A738},2010-04-22 14:11:57,YDM6963,PC-0145,Disconnect
{00000001F274-34067D23},2010-04-22 14:31:36,WBM5944,PC-0134,Disconnect
{00000001CE7A-359799F4},2010-04-22 14:39:18,NBM1814,PC-0077,Connect
{00000001E47B-32F210B6},2010-04-22 15:15:18,NBM1814,PC-0077,Disconnect
{00000001D38D-2DCE9864},2010-04-22 15:23:43,SHV5792,PC-0108,Connect
{00000001D38E-0E41E204},2010-04-22 15:34:26,SHV5792,PC-0108,Connect
{00000001E98F-183ED3D7},2010-04-22 15:45:26,SHV5792,PC-0108,Disconnect
{00000001E98E-12596A62},2010-04-22 15:46:43,SHV5792,PC-0108,Disconnect
{00000001D7BB-13C0B60D},2010-04-22 15:48:59,YDM6963,PC-0145,Connect
{00000001D1B8-03D41268},2010-04-22 16:01:54,QSC3123,PC-0100,Connect
{00000001D133-0E9989A4},2010-04-22 16:13:30,QCT4158,PC-0097,Connect
{00000001D443-024021AD},2010-04-22 16:29:59,TWU8511,PC-0115,Connect
{00000001CF31-3E630E4E},2010-04-22 16:35:53,NRU3936,PC-0083,Connect
{00000001EDBC-158FC351},2010-04-22 16:46:59,YDM6963,PC-0145,Disconnect
{00000001EA44-283A00F9},2010-04-22 16:48:59,TWU8511,PC-0115,Disconnect
{00000001C5EC-2454E8FB},2010-04-22 16:49:36,CVC0519,PC-0015,Connect
{00000001CC62-19A32B00},2010-04-22 16:52:43,KIX3704,PC-0058,Connect
{00000001E7B9-2428DB68},2010-04-22 17:05:54,QSC3123,PC-0100,Disconnect
{00000001E263-0C8F66C5},2010-04-22 17:10:43,KIX3704,PC-0058,Disconnect
{00000001DBED-3B068956},2010-04-22 17:35:36,CVC0519,PC-0015,Disconnect
{00000001E734-21FB5A16},2010-04-22 17:37:30,QCT4158,PC-0097,Disconnect
{00000001E532-2A7D7885},2010-04-22 18:04:53,NRU3936,PC-0083,Disconnect
{00000001F342-386E4FD9},2010-04-22 23:01:21,WBM5944,PC-0134,Connect
{00000001F40B-25EC49AD},2010-04-23 00:25:21,WBM5944,PC-0134,Disconnect
{00000001F345-144B71CE},2010-04-23 05:36:02,WBM5944,PC-0134,Connect
{00000001F40E-2DA59D2D},2010-04-23 06:02:02,WBM5944,PC-0134,Disconnect
{00000001F344-2AACF726},2010-04-23 06:45:55,WBM5944,PC-0134,Connect
{00000001C96E-12474C61},2010-04-23 07:03:59,HVG7968,PC-0044,Connect
{00000001F40D-339A1220},2010-04-23 07:05:55,WBM5944,PC-0134,Disconnect
{00000001DF6F-01F9D9B5},2010-04-23 08:01:59,HVG7968,PC-0044,Disconnect
{00000001CF32-3A123FDA},2010-04-23 08:04:33,NRU3936,PC-0083,Connect
{00000001C7B2-26F9A49D},2010-04-23 08:23:14,EHP1536,PC-0027,Connect
{00000001CB9D-31BB1C26},2010-04-23 08:34:12,JMM0438,PC-0053,Connect
{00000001E19E-23291816},2010-04-23 08:49:12,JMM0438,PC-0053,Disconnect
{00000001E533-0DDCB182},2010-04-23 08:51:33,NRU3936,PC-0083,Disconnect
{00000001C8E5-0658F86C},2010-04-23 09:15:11,GUG7168,PC-0037,Connect
{00000001DDB3-107CB0AF},2010-04-23 09:29:14,EHP1536,PC-0027,Disconnect
{00000001D556-12F45A23},2010-04-23 09:43:38,UQK8227,PC-0120,Connect
{00000001D444-0BD5D97D},2010-04-23 09:44:57,TWU8511,PC-0115,Connect
{00000001DEE6-15695362},2010-04-23 09:49:11,GUG7168,PC-0037,Disconnect
{00000001D6C1-3C381552},2010-04-23 10:05:01,VVU9026,PC-0130,Connect
{00000001EB57-3B7DD8C9},2010-04-23 10:05:38,UQK8227,PC-0120,Disconnect
{00000001CAE9-344C3408},2010-04-23 10:53:24,JDE8246,PC-0052,Connect
{00000001EA45-098D3E47},2010-04-23 11:03:57,TWU8511,PC-0115,Disconnect
{00000001E0EA-21BA3B7E},2010-04-23 11:07:24,JDE8246,PC-0052,Disconnect
{00000001ECC2-0EBB3EE3},2010-04-23 11:13:01,VVU9026,PC-0130,Disconnect
{00000001C96D-35D9EDA3},2010-04-23 11:21:58,HVG7968,PC-0044,Connect
{00000001F0EE-19BE71D6},2010-04-23 11:22:43,WBM5944,PC-0134,Connect
{00000001D445-05DC0662},2010-04-23 11:30:04,TWU8511,PC-0115,Connect
{00000001F0F1-25CBF16F},2010-04-23 11:31:20,WBM5944,PC-0134,Connect
{00000001D24C-0214B30D},2010-04-23 11:43:43,RUT1946,PC-0104,Connect
{00000001F0ED-2942960D},2010-04-23 11:47:24,WBM5944,PC-0134,Connect
{00000001F27B-1FA102BF},2010-04-23 11:53:20,WBM5944,PC-0134,Disconnect
{00000001CA53-10138AAD},2010-04-23 11:54:29,IIY1438,PC-0050,Connect
{00000001DF6E-0C5CEF46},2010-04-23 11:56:58,HVG7968,PC-0044,Disconnect
{00000001F277-06897F22},2010-04-23 11:57:24,WBM5944,PC-0134,Disconnect
{00000001F278-11166FAA},2010-04-23 12:14:43,WBM5944,PC-0134,Disconnect
{00000001EA46-18C01899},2010-04-23 12:16:04,TWU8511,PC-0115,Disconnect
{00000001E84D-0DB1E7F6},2010-04-23 12:19:43,RUT1946,PC-0104,Disconnect
{00000001D24B-350DA184},2010-04-23 12:26:13,RUT1946,PC-0104,Connect
{00000001E84C-0B1BC650},2010-04-23 12:29:13,RUT1946,PC-0104,Disconnect
{00000001E054-0174577E},2010-04-23 12:43:29,IIY1438,PC-0050,Disconnect
{00000001CA8B-2BA94CDD},2010-04-23 13:00:20,IVL8082,PC-0051,Connect
{00000001C55E-1E8CDDAB},2010-04-23 13:21:36,CQZ8674,PC-0013,Connect
{00000001D4F8-0EBBC747},2010-04-23 13:24:39,UKR6395,PC-0118,Connect
{00000001C55D-21894B9A},2010-04-23 13:35:21,CQZ8674,PC-0013,Connect
{00000001E08C-3A49ECC4},2010-04-23 13:55:20,IVL8082,PC-0051,Disconnect
{00000001C6B1-182A4F11},2010-04-23 13:57:45,DHG6594,PC-0016,Connect
{00000001DB5E-2EFFCF5C},2010-04-23 14:16:21,CQZ8674,PC-0013,Disconnect
{00000001D5ED-007B1B37},2010-04-23 14:31:37,UUU6648,PC-0122,Connect
{00000001EAF9-07831126},2010-04-23 14:35:39,UKR6395,PC-0118,Disconnect
{00000001DB5F-0F765A58},2010-04-23 14:41:36,CQZ8674,PC-0013,Disconnect
{00000001CD29-1CA7900B},2010-04-23 14:42:47,KYR0991,PC-0061,Connect
{00000001DCB2-36D37BE4},2010-04-23 14:55:45,DHG6594,PC-0016,Disconnect
{00000001EBEE-3FA404D6},2010-04-23 15:02:37,UUU6648,PC-0122,Disconnect
{00000001F0EC-19B96136},2010-04-23 15:03:13,WBM5944,PC-0134,Connect
{00000001C96F-12D9130E},2010-04-23 15:51:14,HVG7968,PC-0044,Connect
{00000001E32A-19A18764},2010-04-23 15:56:47,KYR0991,PC-0061,Disconnect
{00000001D555-3BAA76E4},2010-04-23 16:01:46,UQK8227,PC-0120,Connect
{00000001F276-246E0F97},2010-04-23 16:15:13,WBM5944,PC-0134,Disconnect
{00000001C4A8-1F9749C7},2010-04-23 16:22:12,BFH3103,PC-0007,Connect
{00000001F0F0-2570CEF9},2010-04-23 16:24:34,WBM5944,PC-0134,Connect
{00000001C9F2-25F700F0},2010-04-23 16:46:46,IAC0900,PC-0045,Connect
{00000001DF70-1456059A},2010-04-23 16:49:14,HVG7968,PC-0044,Disconnect
{00000001EB56-0FB70001},2010-04-23 16:56:46,UQK8227,PC-0120,Disconnect
{00000001DFF3-1FDB13FF},2010-04-23 17:17:46,IAC0900,PC-0045,Disconnect
{00000001F27A-35C7151A},2010-04-23 17:23:34,WBM5944,PC-0134,Disconnect
{00000001D2FD-19BDD759},2010-04-23 17:25:10,SDT4191,PC-0106,Connect
{00000001F0EF-1DAD3AD7},2010-04-23 17:30:32,WBM5944,PC-0134,Connect
{00000001DAA9-27B3A73B},2010-04-23 17:36:12,BFH3103,PC-0007,Disconnect
{00000001E8FE-0682AE5E},2010-04-23 17:44:10,SDT4191,PC-0106,Disconnect
{00000001C746-1BF477A2},2010-04-23 17:54:15,DNM3159,PC-0019,Connect
{00000001C96C-17DD84E5},2010-04-23 17:54:21,HVG7968,PC-0044,Connect
{00000001D5EE-238C2CB1},2010-04-23 17:59:31,UUU6648,PC-0122,Connect
{00000001DD47-3589B7FB},2010-04-23 18:04:15,DNM3159,PC-0019,Disconnect
{00000001EBEF-21DBFD50},2010-04-23 18:54:31,UUU6648,PC-0122,Disconnect
{00000001F279-19986ED3},2010-04-23 18:55:32,WBM5944,PC-0134,Disconnect
{00000001DF6D-24735E46},2010-04-23 19:04:21,HVG7968,PC-0044,Disconnect
{00000001C4A9-27D4F872},2010-04-26 07:06:11,BFH3103,PC-0007,Connect
{00000001D24D-2E814D49},2010-04-26 07:24:05,RUT1946,PC-0104,Connect
{00000001E84E-33879795},2010-04-26 07:36:05,RUT1946,PC-0104,Disconnect
{00000001C6B3-098F79CA},2010-04-26 07:39:37,DHG6594,PC-0016,Connect
{00000001DCB4-07DE2B3F},2010-04-26 08:04:37,DHG6594,PC-0016,Disconnect
{00000001D447-24EA6554},2010-04-26 08:05:28,TWU8511,PC-0115,Connect
{00000001DAAA-25DC1C2B},2010-04-26 08:08:11,BFH3103,PC-0007,Disconnect
{00000001CB9E-3C7CFAFC},2010-04-26 08:37:16,JMM0438,PC-0053,Connect
{00000001EA48-2D7B5331},2010-04-26 08:50:28,TWU8511,PC-0115,Disconnect
{00000001F0F3-09839B95},2010-04-26 09:10:15,WBM5944,PC-0134,Connect
{00000001C6B2-3FDE134B},2010-04-26 09:10:43,DHG6594,PC-0016,Connect
{00000001CBA1-34C543DC},2010-04-26 09:16:14,JMM0438,PC-0053,Connect
{00000001C5ED-14B7C0D7},2010-04-26 09:31:35,CVC0519,PC-0015,Connect
{00000001C55F-22E69028},2010-04-26 09:31:38,CQZ8674,PC-0013,Connect
{00000001DB60-29E82F18},2010-04-26 09:39:38,CQZ8674,PC-0013,Disconnect
{00000001DBEE-3D321114},2010-04-26 09:41:35,CVC0519,PC-0015,Disconnect
{00000001E19F-1969CE23},2010-04-26 10:00:16,JMM0438,PC-0053,Disconnect
{00000001DCB3-379220E5},2010-04-26 10:00:43,DHG6594,PC-0016,Disconnect
{00000001F27D-31E30EEE},2010-04-26 10:01:15,WBM5944,PC-0134,Disconnect
{00000001D153-1C25EEC6},2010-04-26 10:02:41,QHQ5150,PC-0098,Connect
{00000001D24E-2588834E},2010-04-26 10:15:35,RUT1946,PC-0104,Connect
{00000001D4B5-0F99D8FB},2010-04-26 10:18:18,UEH9251,PC-0117,Connect
{00000001E1A2-07DF3B67},2010-04-26 10:19:14,JMM0438,PC-0053,Disconnect
{00000001CAEA-1040B5E2},2010-04-26 10:25:16,JDE8246,PC-0052,Connect
{00000001C3E8-20A77302},2010-04-26 10:30:05,ATM7194,PC-0003,Connect
{00000001D9E9-329D5065},2010-04-26 10:41:05,ATM7194,PC-0003,Disconnect
{00000001E754-0365A595},2010-04-26 10:41:41,QHQ5150,PC-0098,Disconnect
{00000001D0DC-2EF4A7EB},2010-04-26 10:45:44,OMU2669,PC-0089,Connect
{00000001EAB6-2D959DC0},2010-04-26 10:46:18,UEH9251,PC-0117,Disconnect
{00000001D7BC-15A65E60},2010-04-26 10:46:33,YDM6963,PC-0145,Connect
{00000001E84F-2CCA0A9C},2010-04-26 10:58:35,RUT1946,PC-0104,Disconnect
{00000001D675-2E754F49},2010-04-26 11:01:02,VNI5142,PC-0129,Connect
{00000001E0EB-095A4315},2010-04-26 11:04:16,JDE8246,PC-0052,Disconnect
{00000001EDBD-2710D24E},2010-04-26 11:05:33,YDM6963,PC-0145,Disconnect
{00000001C561-3929A3D4},2010-04-26 11:06:52,CQZ8674,PC-0013,Connect
{00000001CB9F-1FAF6B0A},2010-04-26 11:18:50,JMM0438,PC-0053,Connect
{00000001D4FA-2C5C63B6},2010-04-26 11:23:06,UKR6395,PC-0118,Connect
{00000001DB62-1F0B3356},2010-04-26 11:36:52,CQZ8674,PC-0013,Disconnect
{00000001EC76-1B198A8A},2010-04-26 11:38:02,VNI5142,PC-0129,Disconnect
{00000001E6DD-33B70BB7},2010-04-26 11:40:44,OMU2669,PC-0089,Disconnect
{00000001CC64-011898D0},2010-04-26 11:42:29,KIX3704,PC-0058,Connect
{00000001EAFB-10A03D4E},2010-04-26 12:02:06,UKR6395,PC-0118,Disconnect
{00000001CA2E-139B1188},2010-04-26 12:05:30,IDI9618,PC-0048,Connect
{00000001C970-3E5EF98D},2010-04-26 12:18:37,HVG7968,PC-0044,Connect
{00000001E1A0-0B45E932},2010-04-26 12:26:50,JMM0438,PC-0053,Disconnect
{00000001E265-0747FEED},2010-04-26 12:38:29,KIX3704,PC-0058,Disconnect
{00000001CF33-2C9CF9CC},2010-04-26 12:59:20,NRU3936,PC-0083,Connect
{00000001E02F-054F051F},2010-04-26 13:05:30,IDI9618,PC-0048,Disconnect
{00000001C5EE-0575FF5C},2010-04-26 13:18:37,CVC0519,PC-0015,Connect
{00000001DF71-1907C007},2010-04-26 13:23:37,HVG7968,PC-0044,Disconnect
{00000001C972-36D0C490},2010-04-26 13:23:46,HVG7968,PC-0044,Connect
{00000001E534-3AD81BF2},2010-04-26 13:25:20,NRU3936,PC-0083,Disconnect
{00000001C971-00369BBE},2010-04-26 13:40:20,HVG7968,PC-0044,Connect
{00000001DF72-3F8DA100},2010-04-26 14:04:20,HVG7968,PC-0044,Disconnect
{00000001CBA0-1F818D28},2010-04-26 14:06:06,JMM0438,PC-0053,Connect
{00000001DBEF-15C2B1D9},2010-04-26 14:08:37,CVC0519,PC-0015,Disconnect
{00000001CC65-277B15BD},2010-04-26 14:23:59,KIX3704,PC-0058,Connect
{00000001DF73-2E333625},2010-04-26 14:40:46,HVG7968,PC-0044,Disconnect
{00000001E1A1-0C2E696E},2010-04-26 14:55:06,JMM0438,PC-0053,Disconnect
{00000001C560-3E013095},2010-04-26 15:08:52,CQZ8674,PC-0013,Connect
{00000001D059-20F41355},2010-04-26 15:20:12,OLN5687,PC-0088,Connect
{00000001DB61-35E4DED4},2010-04-26 15:20:52,CQZ8674,PC-0013,Disconnect
{00000001CA54-2A0CA913},2010-04-26 15:26:26,IIY1438,PC-0050,Connect
{00000001E266-14383395},2010-04-26 15:38:59,KIX3704,PC-0058,Disconnect
{00000001E65A-34C8E7BA},2010-04-26 15:52:12,OLN5687,PC-0088,Disconnect
{00000001C8E6-1E32F859},2010-04-26 15:57:43,GUG7168,PC-0037,Connect
{00000001DEE7-2D0978D3},2010-04-26 16:02:43,GUG7168,PC-0037,Disconnect
{00000001E055-0465B800},2010-04-26 16:05:26,IIY1438,PC-0050,Disconnect
{00000001F0F2-3BFB0F35},2010-04-26 16:13:02,WBM5944,PC-0134,Connect
{00000001D446-27F7E8DA},2010-04-26 16:39:25,TWU8511,PC-0115,Connect
{00000001F27C-2D2B8353},2010-04-26 16:48:02,WBM5944,PC-0134,Disconnect
{00000001EA47-0110D12D},2010-04-26 17:04:25,TWU8511,PC-0115,Disconnect
{00000001D4F9-04DD5EE3},2010-04-26 17:10:03,UKR6395,PC-0118,Connect
{00000001D676-1D268556},2010-04-26 17:14:24,VNI5142,PC-0129,Connect
{00000001CF8B-2322568C},2010-04-26 17:19:53,OEM8566,PC-0085,Connect
{00000001EAFA-159E9782},2010-04-26 17:27:03,UKR6395,PC-0118,Disconnect
{00000001C890-22C090C0},2010-04-26 17:36:08,GRQ1397,PC-0036,Connect
{00000001EC77-2062839E},2010-04-26 17:54:24,VNI5142,PC-0129,Disconnect
{00000001D058-3C468728},2010-04-26 17:58:16,OLN5687,PC-0088,Connect
{00000001CF34-3CF9965D},2010-04-26 17:58:50,NRU3936,PC-0083,Connect
{00000001E659-3E1E204F},2010-04-26 18:30:16,OLN5687,PC-0088,Disconnect
{00000001E58C-0D95F037},2010-04-26 18:37:53,OEM8566,PC-0085,Disconnect
{00000001DE91-2CE3D2F3},2010-04-26 18:48:08,GRQ1397,PC-0036,Disconnect
{00000001E535-313BACC0},2010-04-26 19:26:50,NRU3936,PC-0083,Disconnect
{00000001F346-075B0371},2010-04-26 23:12:47,WBM5944,PC-0134,Connect
{00000001F40F-29D8874C},2010-04-27 00:41:47,WBM5944,PC-0134,Disconnect
{00000001D865-265E549F},2010-04-27 07:38:59,YNX1016,PC-0148,Connect
{00000001CBA2-01642E92},2010-04-27 08:04:02,JMM0438,PC-0053,Connect
{00000001C747-026C1E3C},2010-04-27 08:09:31,DNM3159,PC-0019,Connect
{00000001EE66-1770F3C9},2010-04-27 08:16:59,YNX1016,PC-0148,Disconnect
{00000001D449-183F60DD},2010-04-27 08:30:03,TWU8511,PC-0115,Connect
{00000001C973-10018E94},2010-04-27 08:52:53,HVG7968,PC-0044,Connect
{00000001D05A-012B7D1E},2010-04-27 08:54:32,OLN5687,PC-0088,Connect
{00000001E65B-364CC0BB},2010-04-27 08:59:32,OLN5687,PC-0088,Disconnect
{00000001E1A3-070305FD},2010-04-27 09:00:02,JMM0438,PC-0053,Disconnect
{00000001DD48-0C5EF586},2010-04-27 09:06:31,DNM3159,PC-0019,Disconnect
{00000001D155-2742C444},2010-04-27 09:09:17,QHQ5150,PC-0098,Connect
{00000001DF74-047F5FD1},2010-04-27 09:09:53,HVG7968,PC-0044,Disconnect
{00000001EA4A-03824A26},2010-04-27 09:32:03,TWU8511,PC-0115,Disconnect
{00000001D909-243B7357},2010-04-27 09:58:14,ZUI9718,PC-0157,Connect
{00000001E756-155BF256},2010-04-27 10:00:17,QHQ5150,PC-0098,Disconnect
{00000001CFC2-2347C655},2010-04-27 10:08:38,OET6830,PC-0086,Connect
{00000001D90A-19E1AFC9},2010-04-27 10:31:04,ZUI9718,PC-0157,Connect
{00000001C562-3EFB7D24},2010-04-27 10:36:15,CQZ8674,PC-0013,Connect
{00000001CC67-1B4CA6A0},2010-04-27 10:42:03,KIX3704,PC-0058,Connect
{00000001EF0A-170FE4C3},2010-04-27 10:44:14,ZUI9718,PC-0157,Disconnect
{00000001D678-1508B680},2010-04-27 11:03:38,VNI5142,PC-0129,Connect
{00000001CD2A-364B17CE},2010-04-27 11:06:49,KYR0991,PC-0061,Connect
{00000001E5C3-1FFE570A},2010-04-27 11:18:38,OET6830,PC-0086,Disconnect
{00000001E268-0659A4E3},2010-04-27 11:36:03,KIX3704,PC-0058,Disconnect
{00000001DB63-209CC560},2010-04-27 11:36:15,CQZ8674,PC-0013,Disconnect
{00000001EF0B-3E5943B8},2010-04-27 11:46:04,ZUI9718,PC-0157,Disconnect
{00000001C8E7-37101575},2010-04-27 11:50:11,GUG7168,PC-0037,Connect
{00000001C6B4-28E07921},2010-04-27 12:05:49,DHG6594,PC-0016,Connect
{00000001DCB5-3862C21C},2010-04-27 12:07:49,DHG6594,PC-0016,Disconnect
{00000001EC79-1EDFCC69},2010-04-27 12:10:38,VNI5142,PC-0129,Disconnect
{00000001DEE8-22B7450B},2010-04-27 12:11:11,GUG7168,PC-0037,Disconnect
{00000001D05B-1F9BCE56},2010-04-27 12:12:28,OLN5687,PC-0088,Connect
{00000001D250-3579B188},2010-04-27 12:19:53,RUT1946,PC-0104,Connect
{00000001E32B-02F6AD84},2010-04-27 12:32:49,KYR0991,PC-0061,Disconnect
{00000001C8FF-118EA559},2010-04-27 12:36:22,HMR4907,PC-0043,Connect
{00000001CBA3-2BF0463C},2010-04-27 12:37:04,JMM0438,PC-0053,Connect
{00000001DF00-35F51EB0},2010-04-27 12:44:22,HMR4907,PC-0043,Disconnect
{00000001E851-0790EF82},2010-04-27 13:15:53,RUT1946,PC-0104,Disconnect
{00000001E65C-19F86B59},2010-04-27 13:24:28,OLN5687,PC-0088,Disconnect
{00000001E1A4-2CE31278},2010-04-27 13:27:04,JMM0438,PC-0053,Disconnect
{00000001C4AA-14CBD6FE},2010-04-27 13:41:14,BFH3103,PC-0007,Connect
{00000001CC66-0ECE164B},2010-04-27 13:50:30,KIX3704,PC-0058,Connect
{00000001CFC1-0E612592},2010-04-27 13:52:31,OET6830,PC-0086,Connect
{00000001D677-3130E777},2010-04-27 13:59:49,VNI5142,PC-0129,Connect
{00000001D5A6-2B18627F},2010-04-27 14:20:14,USS4618,PC-0121,Connect
{00000001EBA7-3E856D7E},2010-04-27 14:22:14,USS4618,PC-0121,Disconnect
{00000001EC78-30A97C00},2010-04-27 14:23:49,VNI5142,PC-0129,Disconnect
{00000001C7B3-2A954386},2010-04-27 14:37:45,EHP1536,PC-0027,Connect
{00000001DAAB-180C22A9},2010-04-27 14:38:14,BFH3103,PC-0007,Disconnect
{00000001D24F-1C03AF94},2010-04-27 14:45:22,RUT1946,PC-0104,Connect
{00000001E5C2-11A063BE},2010-04-27 14:49:31,OET6830,PC-0086,Disconnect
{00000001D1B9-3333D2F3},2010-04-27 15:00:29,QSC3123,PC-0100,Connect
{00000001E267-2875B3DD},2010-04-27 15:10:30,KIX3704,PC-0058,Disconnect
{00000001C9F3-11494C14},2010-04-27 15:14:34,IAC0900,PC-0045,Connect
{00000001CD2B-313A7B48},2010-04-27 15:37:36,KYR0991,PC-0061,Connect
{00000001E850-12E787DA},2010-04-27 15:39:22,RUT1946,PC-0104,Disconnect
{00000001D2FE-2160F638},2010-04-27 15:45:08,SDT4191,PC-0106,Connect
{00000001DFF4-0F5B661C},2010-04-27 15:50:34,IAC0900,PC-0045,Disconnect
{00000001E7BA-018FFB27},2010-04-27 15:54:29,QSC3123,PC-0100,Disconnect
{00000001C3A6-1424198C},2010-04-27 15:54:34,ADG1145,PC-0001,Connect
{00000001DDB4-05CEC5A9},2010-04-27 15:58:45,EHP1536,PC-0027,Disconnect
{00000001E32C-0D409D81},2010-04-27 16:09:36,KYR0991,PC-0061,Disconnect
{00000001D9A7-18181159},2010-04-27 16:17:34,ADG1145,PC-0001,Disconnect
{00000001D557-1D47BD12},2010-04-27 16:40:30,UQK8227,PC-0120,Connect
{00000001E8FF-1D608130},2010-04-27 16:43:08,SDT4191,PC-0106,Disconnect
{00000001CE7B-1B8D030A},2010-04-27 17:19:26,NBM1814,PC-0077,Connect
{00000001C563-1C757BE5},2010-04-27 17:38:29,CQZ8674,PC-0013,Connect
{00000001E47C-083143B5},2010-04-27 17:44:26,NBM1814,PC-0077,Disconnect
{00000001DB64-228BA764},2010-04-27 17:47:29,CQZ8674,PC-0013,Disconnect
{00000001D154-13F6889F},2010-04-27 17:48:17,QHQ5150,PC-0098,Connect
{00000001C4DA-097EDE8D},2010-04-27 17:51:31,COU3039,PC-0011,Connect
{00000001D448-1F7B59D7},2010-04-27 17:52:53,TWU8511,PC-0115,Connect
{00000001DADB-26CF350E},2010-04-27 17:54:31,COU3039,PC-0011,Disconnect
{00000001D2FF-1A6B080E},2010-04-27 17:58:29,SDT4191,PC-0106,Connect
{00000001EB58-0B29C29E},2010-04-27 18:06:30,UQK8227,PC-0120,Disconnect
{00000001E900-24533059},2010-04-27 18:51:29,SDT4191,PC-0106,Disconnect
{00000001EA49-1E26F986},2010-04-27 18:59:53,TWU8511,PC-0115,Disconnect
{00000001E755-2EAE8121},2010-04-27 19:04:17,QHQ5150,PC-0098,Disconnect
{00000001D44A-0157F94F},2010-04-28 07:04:12,TWU8511,PC-0115,Connect
{00000001D6FF-3522921E},2010-04-28 07:15:18,WLH0216,PC-0135,Connect
{00000001C748-10D316C4},2010-04-28 07:34:14,DNM3159,PC-0019,Connect
{00000001ED00-2B681FD7},2010-04-28 08:01:18,WLH0216,PC-0135,Disconnect
{00000001D5EF-22FDA4CC},2010-04-28 08:05:27,UUU6648,PC-0122,Connect
{00000001DD49-0ED6C516},2010-04-28 08:07:14,DNM3159,PC-0019,Disconnect
{00000001EA4B-04197746},2010-04-28 08:19:12,TWU8511,PC-0115,Disconnect
{00000001EBF0-26038F89},2010-04-28 08:45:27,UUU6648,PC-0122,Disconnect
{00000001D5F0-14EAE623},2010-04-28 08:47:17,UUU6648,PC-0122,Connect
{00000001D251-0AE5D229},2010-04-28 08:52:59,RUT1946,PC-0104,Connect
{00000001C6B5-0073FD88},2010-04-28 09:01:31,DHG6594,PC-0016,Connect
{00000001D05C-17B9D0A6},2010-04-28 09:08:14,OLN5687,PC-0088,Connect
{00000001DCB6-2DD8FB36},2010-04-28 09:12:31,DHG6594,PC-0016,Disconnect
{00000001C6B8-389A3E22},2010-04-28 09:23:44,DHG6594,PC-0016,Connect
{00000001E65D-372B70C9},2010-04-28 09:24:14,OLN5687,PC-0088,Disconnect
{00000001C564-1EAA2F8C},2010-04-28 09:26:27,CQZ8674,PC-0013,Connect
{00000001CDB5-286E0733},2010-04-28 09:28:19,LYE5717,PC-0069,Connect
{00000001D700-081C9B85},2010-04-28 09:31:31,WLH0216,PC-0135,Connect
{00000001E3B6-1134EC08},2010-04-28 09:40:19,LYE5717,PC-0069,Disconnect
{00000001C6B6-14D39597},2010-04-28 09:45:04,DHG6594,PC-0016,Connect
{00000001C48E-309ED0D8},2010-04-28 09:47:59,AZE5960,PC-0006,Connect
{00000001EBF1-0746E4AA},2010-04-28 10:02:17,UUU6648,PC-0122,Disconnect
{00000001E852-36B6E1C0},2010-04-28 10:09:59,RUT1946,PC-0104,Disconnect
{00000001ED01-3D7ED50E},2010-04-28 10:13:31,WLH0216,PC-0135,Disconnect
{00000001DCB9-34AA09DF},2010-04-28 10:20:44,DHG6594,PC-0016,Disconnect
{00000001DB65-0525C997},2010-04-28 10:33:27,CQZ8674,PC-0013,Disconnect
{00000001C6B7-333A2F26},2010-04-28 10:36:38,DHG6594,PC-0016,Connect
{00000001DA8F-0E96B335},2010-04-28 10:43:59,AZE5960,PC-0006,Disconnect
{00000001DCB7-04D22A6A},2010-04-28 11:02:04,DHG6594,PC-0016,Disconnect
{00000001DCB8-2CE4A9AE},2010-04-28 11:03:38,DHG6594,PC-0016,Disconnect
{00000001C7B4-254EAA88},2010-04-28 11:37:29,EHP1536,PC-0027,Connect
{00000001D4FB-2C93A1BB},2010-04-28 11:57:35,UKR6395,PC-0118,Connect
{00000001CDFD-15B82A44},2010-04-28 12:16:09,MDR4757,PC-0071,Connect
{00000001C5F0-24BDBAED},2010-04-28 12:20:17,CVC0519,PC-0015,Connect
{00000001DDB5-316398B0},2010-04-28 12:23:29,EHP1536,PC-0027,Disconnect
{00000001DBF1-2E1BAC3F},2010-04-28 12:34:17,CVC0519,PC-0015,Disconnect
{00000001D558-2943EDA7},2010-04-28 12:58:02,UQK8227,PC-0120,Connect
{00000001EB59-2632272A},2010-04-28 13:01:02,UQK8227,PC-0120,Disconnect
{00000001EAFC-2DBAB34C},2010-04-28 13:08:35,UKR6395,PC-0118,Disconnect
{00000001C6BB-12CAA14E},2010-04-28 13:30:49,DHG6594,PC-0016,Connect
{00000001D7BD-0AB74E55},2010-04-28 13:33:38,YDM6963,PC-0145,Connect
{00000001E3FE-3BBCA58E},2010-04-28 13:39:09,MDR4757,PC-0071,Disconnect
{00000001C4DB-0B025E23},2010-04-28 13:49:11,COU3039,PC-0011,Connect
{00000001C3A7-02B6DA3E},2010-04-28 13:53:42,ADG1145,PC-0001,Connect
{00000001D90B-3FB639EC},2010-04-28 14:05:57,ZUI9718,PC-0157,Connect
{00000001C6BA-3091D71C},2010-04-28 14:20:15,DHG6594,PC-0016,Connect
{00000001EDBE-18DA4B0B},2010-04-28 14:28:38,YDM6963,PC-0145,Disconnect
{00000001C4DC-2398F373},2010-04-28 14:38:27,COU3039,PC-0011,Connect
{00000001DCBC-302857AA},2010-04-28 14:42:49,DHG6594,PC-0016,Disconnect
{00000001DCBB-2D8D3BF3},2010-04-28 14:44:15,DHG6594,PC-0016,Disconnect
{00000001D05D-13AE2DF7},2010-04-28 14:46:51,OLN5687,PC-0088,Connect
{00000001C4AB-1FD4AD06},2010-04-28 14:56:46,BFH3103,PC-0007,Connect
{00000001DADD-09AF24E5},2010-04-28 15:00:27,COU3039,PC-0011,Disconnect
{00000001D9A8-3CBD81A1},2010-04-28 15:00:42,ADG1145,PC-0001,Disconnect
{00000001CBA4-0C6DC78F},2010-04-28 15:03:36,JMM0438,PC-0053,Connect
{00000001DADC-022CB5D1},2010-04-28 15:04:11,COU3039,PC-0011,Disconnect
{00000001DAAC-1FB1F4B0},2010-04-28 15:26:46,BFH3103,PC-0007,Disconnect
{00000001C6B9-0B96696E},2010-04-28 15:27:45,DHG6594,PC-0016,Connect
{00000001E1A5-02A9280A},2010-04-28 15:31:36,JMM0438,PC-0053,Disconnect
{00000001EF0C-0D54B72A},2010-04-28 15:31:57,ZUI9718,PC-0157,Disconnect
{00000001DCBA-28CB95B6},2010-04-28 16:07:45,DHG6594,PC-0016,Disconnect
{00000001E65E-3632219D},2010-04-28 16:07:51,OLN5687,PC-0088,Disconnect
{00000001D300-2804CD6F},2010-04-28 16:20:32,SDT4191,PC-0106,Connect
{00000001E901-01B5E5E0},2010-04-28 16:26:32,SDT4191,PC-0106,Disconnect
{00000001D1BA-3C0A818B},2010-04-28 16:45:10,QSC3123,PC-0100,Connect
{00000001D67A-14519A8B},2010-04-28 16:52:11,VNI5142,PC-0129,Connect
{00000001D679-2F8D81D6},2010-04-28 17:17:12,VNI5142,PC-0129,Connect
{00000001C5EF-2098E4E8},2010-04-28 17:33:15,CVC0519,PC-0015,Connect
{00000001D783-24B62458},2010-04-28 17:35:07,XHL6619,PC-0141,Connect
{00000001E7BB-03FE57C0},2010-04-28 17:49:10,QSC3123,PC-0100,Disconnect
{00000001CCC9-2F82D073},2010-04-28 17:51:19,KJX0944,PC-0059,Connect
{00000001E2CA-12634605},2010-04-28 17:54:19,KJX0944,PC-0059,Disconnect
{00000001DBF0-25EE53DA},2010-04-28 17:55:15,CVC0519,PC-0015,Disconnect
{00000001EC7B-3FF99A7B},2010-04-28 18:14:11,VNI5142,PC-0129,Disconnect
{00000001EC7A-04E26800},2010-04-28 18:43:12,VNI5142,PC-0129,Disconnect
{00000001ED84-0658C791},2010-04-28 18:59:07,XHL6619,PC-0141,Disconnect
{00000001D702-03FC5DF3},2010-04-29 07:09:00,WLH0216,PC-0135,Connect
{00000001C974-3AC462BE},2010-04-29 07:25:19,HVG7968,PC-0044,Connect
{00000001ED03-0EDB3B6D},2010-04-29 08:04:00,WLH0216,PC-0135,Disconnect
{00000001CDB7-36A79FCD},2010-04-29 08:23:35,LYE5717,PC-0069,Connect
{00000001C6BD-0D85D501},2010-04-29 08:36:23,DHG6594,PC-0016,Connect
{00000001D701-25150CC6},2010-04-29 08:37:13,WLH0216,PC-0135,Connect
{00000001C6BC-03628DA7},2010-04-29 08:38:41,DHG6594,PC-0016,Connect
{00000001DF75-2072E0AC},2010-04-29 08:45:19,HVG7968,PC-0044,Disconnect
{00000001E3B8-24A0481A},2010-04-29 08:56:35,LYE5717,PC-0069,Disconnect
{00000001DCBD-04B9FDDB},2010-04-29 09:07:41,DHG6594,PC-0016,Disconnect
{00000001ED02-0A3E822A},2010-04-29 09:20:13,WLH0216,PC-0135,Disconnect
{00000001C976-0CA794CA},2010-04-29 09:30:27,HVG7968,PC-0044,Connect
{00000001D05E-2EEBBEEC},2010-04-29 09:34:15,OLN5687,PC-0088,Connect
{00000001DCBE-2C2EB4F5},2010-04-29 09:41:23,DHG6594,PC-0016,Disconnect
{00000001D75A-0FFBABB0},2010-04-29 09:49:33,XGF2493,PC-0139,Connect
{00000001DF77-3FDB3107},2010-04-29 10:29:27,HVG7968,PC-0044,Disconnect
{00000001D67B-2CEDCC33},2010-04-29 10:37:14,VNI5142,PC-0129,Connect
{00000001E65F-3CC2BCC0},2010-04-29 11:02:15,OLN5687,PC-0088,Disconnect
{00000001CF35-08D307FE},2010-04-29 11:08:32,NRU3936,PC-0083,Connect
{00000001ED5B-22F02B36},2010-04-29 11:13:33,XGF2493,PC-0139,Disconnect
{00000001C9F4-1ED1ECA6},2010-04-29 11:29:55,IAC0900,PC-0045,Connect
{00000001CCCA-2D74B92C},2010-04-29 11:42:14,KJX0944,PC-0059,Connect
{00000001EC7C-05ED12E5},2010-04-29 11:51:14,VNI5142,PC-0129,Disconnect
{00000001E536-20BE7E40},2010-04-29 11:53:32,NRU3936,PC-0083,Disconnect
{00000001C975-079C805B},2010-04-29 12:01:33,HVG7968,PC-0044,Connect
{00000001DFF5-32B20C0A},2010-04-29 12:08:55,IAC0900,PC-0045,Disconnect
{00000001E2CB-21B27483},2010-04-29 12:17:14,KJX0944,PC-0059,Disconnect
{00000001CA8D-39B112D4},2010-04-29 12:25:39,IVL8082,PC-0051,Connect
{00000001E08E-0A009988},2010-04-29 12:31:39,IVL8082,PC-0051,Disconnect
{00000001D1BB-21ADF571},2010-04-29 12:39:51,QSC3123,PC-0100,Connect
{00000001CA2F-045E891A},2010-04-29 12:52:31,IDI9618,PC-0048,Connect
{00000001CDB6-1E6F7848},2010-04-29 12:54:18,LYE5717,PC-0069,Connect
{00000001CBA5-3E284AB8},2010-04-29 13:02:49,JMM0438,PC-0053,Connect
{00000001E1A6-3E20FDEC},2010-04-29 13:06:49,JMM0438,PC-0053,Disconnect
{00000001E7BC-1E155AE0},2010-04-29 13:15:51,QSC3123,PC-0100,Disconnect
{00000001E030-30DC8664},2010-04-29 13:28:31,IDI9618,PC-0048,Disconnect
{00000001DF76-3CEC9432},2010-04-29 13:29:33,HVG7968,PC-0044,Disconnect
{00000001E3B7-2848C828},2010-04-29 14:06:18,LYE5717,PC-0069,Disconnect
{00000001D252-08E84A83},2010-04-29 14:11:22,RUT1946,PC-0104,Connect
{00000001C3E9-3926E8C0},2010-04-29 14:42:51,ATM7194,PC-0003,Connect
{00000001D9EA-2986C84E},2010-04-29 14:48:51,ATM7194,PC-0003,Disconnect
{00000001CF36-10A4FB76},2010-04-29 15:30:48,NRU3936,PC-0083,Connect
{00000001C3A8-230A77FA},2010-04-29 15:33:53,ADG1145,PC-0001,Connect
{00000001E853-3E350B93},2010-04-29 15:36:22,RUT1946,PC-0104,Disconnect
{00000001D05F-3B00DB85},2010-04-29 15:40:09,OLN5687,PC-0088,Connect
{00000001E537-215957C4},2010-04-29 15:59:48,NRU3936,PC-0083,Disconnect
{00000001D759-2797A6E4},2010-04-29 16:09:11,XGF2493,PC-0139,Connect
{00000001ED5A-1A02F18E},2010-04-29 16:32:11,XGF2493,PC-0139,Disconnect
{00000001E660-228F33B0},2010-04-29 16:53:09,OLN5687,PC-0088,Disconnect
{00000001D9A9-04901980},2010-04-29 16:54:53,ADG1145,PC-0001,Disconnect
{00000001C5F1-222A6372},2010-04-29 17:25:27,CVC0519,PC-0015,Connect
{00000001CA8C-132F37FC},2010-04-29 17:49:21,IVL8082,PC-0051,Connect
{00000001DBF2-0717B6A7},2010-04-29 18:24:27,CVC0519,PC-0015,Disconnect
{00000001E08D-1DE400C6},2010-04-29 18:34:21,IVL8082,PC-0051,Disconnect
{00000001C44F-0E3E6013},2010-04-30 07:00:57,AYY2409,PC-0005,Connect
{00000001D060-3AD58919},2010-04-30 07:38:46,OLN5687,PC-0088,Connect
{00000001D44B-32B5390C},2010-04-30 07:46:31,TWU8511,PC-0115,Connect
{00000001C567-378B698D},2010-04-30 08:10:52,CQZ8674,PC-0013,Connect
{00000001C7B6-33FFC352},2010-04-30 08:17:17,EHP1536,PC-0027,Connect
{00000001DA50-00C81039},2010-04-30 08:27:57,AYY2409,PC-0005,Disconnect
{00000001EA4C-2D0A85EA},2010-04-30 08:29:31,TWU8511,PC-0115,Disconnect
{00000001DB68-186A8BED},2010-04-30 08:38:52,CQZ8674,PC-0013,Disconnect
{00000001D061-3683FD7E},2010-04-30 08:43:50,OLN5687,PC-0088,Connect
{00000001E661-1A3290C0},2010-04-30 09:06:46,OLN5687,PC-0088,Disconnect
{00000001D1BD-15E1C08E},2010-04-30 09:16:58,QSC3123,PC-0100,Connect
{00000001CBA6-13FC05F6},2010-04-30 09:18:32,JMM0438,PC-0053,Connect
{00000001DDB7-217A9E61},2010-04-30 09:24:17,EHP1536,PC-0027,Disconnect
{00000001E662-18297A7A},2010-04-30 09:48:50,OLN5687,PC-0088,Disconnect
{00000001C565-28831EF4},2010-04-30 09:49:03,CQZ8674,PC-0013,Connect
{00000001E1A7-05525F0B},2010-04-30 10:04:32,JMM0438,PC-0053,Disconnect
{00000001E7BE-01BD1E7F},2010-04-30 10:13:58,QSC3123,PC-0100,Disconnect
{00000001CA55-23B26B54},2010-04-30 10:29:08,IIY1438,PC-0050,Connect
{00000001D67E-2D2B0948},2010-04-30 11:03:19,VNI5142,PC-0129,Connect
{00000001DB66-3FDDC09F},2010-04-30 11:07:03,CQZ8674,PC-0013,Disconnect
{00000001D4FC-1EA7ACCD},2010-04-30 11:11:39,UKR6395,PC-0118,Connect
{00000001EAFD-255DA54E},2010-04-30 11:16:39,UKR6395,PC-0118,Disconnect
{00000001EC7F-2F498000},2010-04-30 11:22:19,VNI5142,PC-0129,Disconnect
{00000001D90C-1E370395},2010-04-30 11:24:23,ZUI9718,PC-0157,Connect
{00000001E056-2CD804D5},2010-04-30 11:51:08,IIY1438,PC-0050,Disconnect
{00000001CA8E-043546DE},2010-04-30 12:16:23,IVL8082,PC-0051,Connect
{00000001EF0D-06E2F086},2010-04-30 12:51:23,ZUI9718,PC-0157,Disconnect
{00000001E08F-1E04C747},2010-04-30 12:54:23,IVL8082,PC-0051,Disconnect
{00000001D301-3DD61F81},2010-04-30 13:38:04,SDT4191,PC-0106,Connect
{00000001CD2C-02842D22},2010-04-30 13:39:04,KYR0991,PC-0061,Connect
{00000001CE24-0E62315A},2010-04-30 13:39:55,MGI5307,PC-0072,Connect
{00000001E425-1116D6B4},2010-04-30 14:11:55,MGI5307,PC-0072,Disconnect
{00000001E32D-21EB35BB},2010-04-30 14:19:04,KYR0991,PC-0061,Disconnect
{00000001D67D-1B8074B1},2010-04-30 14:19:18,VNI5142,PC-0129,Connect
{00000001CFC4-1BF833B6},2010-04-30 14:45:23,OET6830,PC-0086,Connect
{00000001CC68-1ACFCB57},2010-04-30 14:45:58,KIX3704,PC-0058,Connect
{00000001C5F2-2B897F14},2010-04-30 14:51:06,CVC0519,PC-0015,Connect
{00000001C7B5-33679EF9},2010-04-30 14:51:25,EHP1536,PC-0027,Connect
{00000001E902-340984C9},2010-04-30 14:53:04,SDT4191,PC-0106,Disconnect
{00000001D67F-112CC57E},2010-04-30 15:01:34,VNI5142,PC-0129,Connect
{00000001E269-2C7212A3},2010-04-30 15:03:58,KIX3704,PC-0058,Disconnect
{00000001D38F-3188AEAE},2010-04-30 15:17:31,SHV5792,PC-0108,Connect
{00000001CE23-1FB9116B},2010-04-30 15:18:29,MGI5307,PC-0072,Connect
{00000001E424-2B2EC599},2010-04-30 15:23:29,MGI5307,PC-0072,Disconnect
{00000001C7B7-00E86CE6},2010-04-30 15:23:49,EHP1536,PC-0027,Connect
{00000001D67C-1DA7FE83},2010-04-30 15:36:04,VNI5142,PC-0129,Connect
{00000001E5C5-1BCA0F2E},2010-04-30 15:36:23,OET6830,PC-0086,Disconnect
{00000001C891-16689882},2010-04-30 15:41:21,GRQ1397,PC-0036,Connect
{00000001EC7E-0FEF31EE},2010-04-30 15:43:18,VNI5142,PC-0129,Disconnect
{00000001DDB8-3BB6C79E},2010-04-30 15:46:49,EHP1536,PC-0027,Disconnect
{00000001DDB6-0EBBE0E5},2010-04-30 15:56:25,EHP1536,PC-0027,Disconnect
{00000001DBF3-0641D927},2010-04-30 16:05:06,CVC0519,PC-0015,Disconnect
{00000001CE7C-11918C30},2010-04-30 16:06:27,NBM1814,PC-0077,Connect
{00000001D5A7-29CFDB0C},2010-04-30 16:11:43,USS4618,PC-0121,Connect
{00000001C566-25B8D127},2010-04-30 16:13:10,CQZ8674,PC-0013,Connect
{00000001EC80-12078383},2010-04-30 16:24:34,VNI5142,PC-0129,Disconnect
{00000001E990-13C86F0D},2010-04-30 16:29:31,SHV5792,PC-0108,Disconnect
{00000001EC7D-1C08CBF6},2010-04-30 16:34:04,VNI5142,PC-0129,Disconnect
{00000001D1BC-21089B23},2010-04-30 16:49:00,QSC3123,PC-0100,Connect
{00000001EBA8-0C336218},2010-04-30 16:58:43,USS4618,PC-0121,Disconnect
{00000001D5A8-2DADBCB1},2010-04-30 17:00:14,USS4618,PC-0121,Connect
{00000001DE92-33AFAC90},2010-04-30 17:05:21,GRQ1397,PC-0036,Disconnect
{00000001EBA9-18162E2C},2010-04-30 17:07:14,USS4618,PC-0121,Disconnect
{00000001E7BD-0923BF7C},2010-04-30 17:08:00,QSC3123,PC-0100,Disconnect
{00000001CFC3-304D24EE},2010-04-30 17:10:42,OET6830,PC-0086,Connect
{00000001E5C4-260416BA},2010-04-30 17:16:42,OET6830,PC-0086,Disconnect
{00000001E47D-14477323},2010-04-30 17:26:27,NBM1814,PC-0077,Disconnect
{00000001CBA7-1F3F6460},2010-04-30 17:30:38,JMM0438,PC-0053,Connect
{00000001C977-286C83FE},2010-04-30 17:32:30,HVG7968,PC-0044,Connect
{00000001D302-31F2099F},2010-04-30 17:35:02,SDT4191,PC-0106,Connect
{00000001DB67-2964BB35},2010-04-30 17:38:10,CQZ8674,PC-0013,Disconnect
{00000001E903-1BB79C60},2010-04-30 17:55:02,SDT4191,PC-0106,Disconnect
{00000001DF78-12061721},2010-04-30 18:26:30,HVG7968,PC-0044,Disconnect
{00000001E1A8-3422C468},2010-04-30 18:28:38,JMM0438,PC-0053,Disconnect
{00000001D253-05232CFA},2010-05-03 08:36:46,RUT1946,PC-0104,Connect
{00000001EFA6-255BA706},2010-05-03 09:03:45,HMR4907,PC-0043,Connect
{00000001C892-377B9481},2010-05-03 09:12:04,GRQ1397,PC-0036,Connect
{00000001E854-0FE3F479},2010-05-03 09:17:46,RUT1946,PC-0104,Disconnect
{00000001C9F5-2B989C87},2010-05-03 09:35:29,IAC0900,PC-0045,Connect
{00000001F130-2CA093B1},2010-05-03 09:37:45,HMR4907,PC-0043,Disconnect
{00000001D1BE-038F2272},2010-05-03 09:58:13,QSC3123,PC-0100,Connect
{00000001C813-1806AD39},2010-05-03 10:03:19,EYT8043,PC-0030,Connect
{00000001E7BF-058E953E},2010-05-03 10:08:13,QSC3123,PC-0100,Disconnect
{00000001D8BD-273621F8},2010-05-03 10:13:04,ZIF9528,PC-0154,Connect
{00000001CDE0-3F15769A},2010-05-03 10:15:39,MAP5551,PC-0070,Connect
{00000001EEBE-1DC1FC5C},2010-05-03 10:27:04,ZIF9528,PC-0154,Disconnect
{00000001DE93-262EA285},2010-05-03 10:31:04,GRQ1397,PC-0036,Disconnect
{00000001C3AA-06E22A22},2010-05-03 10:33:02,ADG1145,PC-0001,Connect
{00000001E3E1-245461F1},2010-05-03 10:34:39,MAP5551,PC-0070,Disconnect
{00000001D9AB-15F46618},2010-05-03 10:49:02,ADG1145,PC-0001,Disconnect
{00000001D44C-3F0EBDA3},2010-05-03 10:50:58,TWU8511,PC-0115,Connect
{00000001C978-23E54405},2010-05-03 10:51:01,HVG7968,PC-0044,Connect
{00000001D2A5-112105EF},2010-05-03 10:51:08,SBF1746,PC-0105,Connect
{00000001DFF6-2A31188E},2010-05-03 11:04:29,IAC0900,PC-0045,Disconnect
{00000001DF79-110D5397},2010-05-03 11:09:01,HVG7968,PC-0044,Disconnect
{00000001DE14-2A3F77FC},2010-05-03 11:21:19,EYT8043,PC-0030,Disconnect
{00000001C7B8-031F2A40},2010-05-03 11:25:06,EHP1536,PC-0027,Connect
{00000001E8A6-3C6A590D},2010-05-03 11:39:08,SBF1746,PC-0105,Disconnect
{00000001D90E-2685A98C},2010-05-03 11:43:36,ZUI9718,PC-0157,Connect
{00000001D390-0AA8E34B},2010-05-03 12:05:21,SHV5792,PC-0108,Connect
{00000001EA4D-3EBCC634},2010-05-03 12:18:58,TWU8511,PC-0115,Disconnect
{00000001DDB9-237324C3},2010-05-03 12:25:06,EHP1536,PC-0027,Disconnect
{00000001E991-1D3AAA0F},2010-05-03 12:25:21,SHV5792,PC-0108,Disconnect
{00000001EF0F-1FCCE4BE},2010-05-03 12:36:36,ZUI9718,PC-0157,Disconnect
{00000001CD2D-020DF9EA},2010-05-03 12:58:11,KYR0991,PC-0061,Connect
{00000001C6BF-29ADFEC5},2010-05-03 13:08:13,DHG6594,PC-0016,Connect
{00000001CC69-1BDAEF96},2010-05-03 13:09:48,KIX3704,PC-0058,Connect
{00000001D1BF-283D6ABB},2010-05-03 13:22:45,QSC3123,PC-0100,Connect
{00000001DCC0-3E8ECB12},2010-05-03 13:24:13,DHG6594,PC-0016,Disconnect
{00000001E26A-3C4388EF},2010-05-03 13:34:48,KIX3704,PC-0058,Disconnect
{00000001E7C0-3F1EEEE8},2010-05-03 13:57:45,QSC3123,PC-0100,Disconnect
{00000001CC6A-16619FED},2010-05-03 14:09:27,KIX3704,PC-0058,Connect
{00000001E32E-2BD101CC},2010-05-03 14:16:11,KYR0991,PC-0061,Disconnect
{00000001C3A9-00ECEA0F},2010-05-03 14:24:11,ADG1145,PC-0001,Connect
{00000001E26B-37180D5B},2010-05-03 14:57:27,KIX3704,PC-0058,Disconnect
{00000001C6BE-3015CC76},2010-05-03 15:08:58,DHG6594,PC-0016,Connect
{00000001CE4D-11234F95},2010-05-03 15:11:38,MSH7807,PC-0075,Connect
{00000001D303-3A7E904E},2010-05-03 15:12:32,SDT4191,PC-0106,Connect
{00000001D9AA-1CB887C2},2010-05-03 15:13:11,ADG1145,PC-0001,Disconnect
{00000001D063-3BF99240},2010-05-03 15:22:44,OLN5687,PC-0088,Connect
{00000001E904-322B90D2},2010-05-03 15:23:32,SDT4191,PC-0106,Disconnect
{00000001DCBF-3C157EDD},2010-05-03 15:37:58,DHG6594,PC-0016,Disconnect
{00000001E44E-0BFA8C1D},2010-05-03 15:41:38,MSH7807,PC-0075,Disconnect
{00000001C7B9-24F9E6CA},2010-05-03 15:47:10,EHP1536,PC-0027,Connect
{00000001E664-2E34E076},2010-05-03 15:50:44,OLN5687,PC-0088,Disconnect
{00000001D5F1-049780B5},2010-05-03 16:01:53,UUU6648,PC-0122,Connect
{00000001DDBA-20519584},2010-05-03 16:25:10,EHP1536,PC-0027,Disconnect
{00000001EBF2-2320F236},2010-05-03 16:43:53,UUU6648,PC-0122,Disconnect
{00000001D7BF-1F3E299A},2010-05-03 16:49:19,YDM6963,PC-0145,Connect
{00000001D391-0B2D4DDA},2010-05-03 17:03:23,SHV5792,PC-0108,Connect
{00000001D90D-046E5F1B},2010-05-03 17:06:48,ZUI9718,PC-0157,Connect
{00000001D90F-077E1A91},2010-05-03 17:09:04,ZUI9718,PC-0157,Connect
{00000001D7BE-0DC52BE0},2010-05-03 17:21:05,YDM6963,PC-0145,Connect
{00000001E992-233B70F2},2010-05-03 17:30:23,SHV5792,PC-0108,Disconnect
{00000001EF0E-103EC845},2010-05-03 17:30:48,ZUI9718,PC-0157,Disconnect
{00000001D062-03519145},2010-05-03 17:32:48,OLN5687,PC-0088,Connect
{00000001D81D-3542F676},2010-05-03 17:46:41,YIO5206,PC-0146,Connect
{00000001C7BA-0A6F1F3A},2010-05-03 17:50:50,EHP1536,PC-0027,Connect
{00000001E663-36FAA18C},2010-05-03 17:51:48,OLN5687,PC-0088,Disconnect
{00000001EDC0-3E406972},2010-05-03 17:53:19,YDM6963,PC-0145,Disconnect
{00000001DDBB-3E79E26F},2010-05-03 18:24:50,EHP1536,PC-0027,Disconnect
{00000001EF10-28BF770E},2010-05-03 18:25:04,ZUI9718,PC-0157,Disconnect
{00000001EDBF-0773C6E0},2010-05-03 18:27:05,YDM6963,PC-0145,Disconnect
{00000001EE1E-3408C2D1},2010-05-03 18:50:41,YIO5206,PC-0146,Disconnect
{00000001D5AA-2E471B13},2010-05-04 07:17:10,USS4618,PC-0121,Connect
{00000001EBAB-0611D346},2010-05-04 07:25:10,USS4618,PC-0121,Disconnect
{00000001D81E-334A51F8},2010-05-04 08:02:23,YIO5206,PC-0146,Connect
{00000001EE1F-3FDFF17A},2010-05-04 08:04:23,YIO5206,PC-0146,Disconnect
{00000001C7BB-3ACB5783},2010-05-04 08:09:10,EHP1536,PC-0027,Connect
{00000001D5AB-018E58A2},2010-05-04 08:16:20,USS4618,PC-0121,Connect
{00000001DDBC-114C1E71},2010-05-04 08:57:10,EHP1536,PC-0027,Disconnect
{00000001EBAC-17057600},2010-05-04 09:33:20,USS4618,PC-0121,Disconnect
{00000001CE4E-331FD963},2010-05-04 09:48:40,MSH7807,PC-0075,Connect
{00000001CBA8-0F7CFF75},2010-05-04 10:05:34,JMM0438,PC-0053,Connect
{00000001C97A-2CCAAA83},2010-05-04 10:07:56,HVG7968,PC-0044,Connect
{00000001CDFE-15F323A7},2010-05-04 10:28:51,MDR4757,PC-0071,Connect
{00000001E44F-1C9951C5},2010-05-04 10:42:40,MSH7807,PC-0075,Disconnect
{00000001E3FF-2FB04F2A},2010-05-04 10:56:51,MDR4757,PC-0071,Disconnect
{00000001DF7B-1618D151},2010-05-04 11:15:56,HVG7968,PC-0044,Disconnect
{00000001D680-1973B36F},2010-05-04 11:24:09,VNI5142,PC-0129,Connect
{00000001E1A9-12C6BA3E},2010-05-04 11:24:34,JMM0438,PC-0053,Disconnect
{00000001CC6B-0AC01874},2010-05-04 11:42:27,KIX3704,PC-0058,Connect
{00000001C4DD-0301C9B7},2010-05-04 11:52:45,COU3039,PC-0011,Connect
{00000001C9F6-3957EF31},2010-05-04 12:05:00,IAC0900,PC-0045,Connect
{00000001D064-17020E47},2010-05-04 12:14:02,OLN5687,PC-0088,Connect
{00000001C979-2586561E},2010-05-04 12:17:53,HVG7968,PC-0044,Connect
{00000001D109-17E9E99E},2010-05-04 12:38:33,OYC3975,PC-0091,Connect
{00000001EC81-1FA6ED67},2010-05-04 12:43:09,VNI5142,PC-0129,Disconnect
{00000001DFF7-04C8ADC2},2010-05-04 12:45:00,IAC0900,PC-0045,Disconnect
{00000001E26C-1CD61071},2010-05-04 12:49:27,KIX3704,PC-0058,Disconnect
{00000001DF7A-052F647A},2010-05-04 12:53:53,HVG7968,PC-0044,Disconnect
{00000001DADE-1776418C},2010-05-04 13:02:45,COU3039,PC-0011,Disconnect
{00000001CE7D-39E20840},2010-05-04 13:15:42,NBM1814,PC-0077,Connect
{00000001E47E-04C3152A},2010-05-04 13:35:42,NBM1814,PC-0077,Disconnect
{00000001E665-25DF5190},2010-05-04 13:38:02,OLN5687,PC-0088,Disconnect
{00000001C6C0-02FEAE82},2010-05-04 13:40:17,DHG6594,PC-0016,Connect
{00000001CF37-073939AA},2010-05-04 13:42:52,NRU3936,PC-0083,Connect
{00000001E70A-262E3928},2010-05-04 13:57:33,OYC3975,PC-0091,Disconnect
{00000001E538-10C255FE},2010-05-04 13:58:52,NRU3936,PC-0083,Disconnect
{00000001C7BC-388393F4},2010-05-04 14:19:18,EHP1536,PC-0027,Connect
{00000001DCC1-1B77D68C},2010-05-04 14:23:17,DHG6594,PC-0016,Disconnect
{00000001D7C0-21E974DE},2010-05-04 14:29:03,YDM6963,PC-0145,Connect
{00000001DDBD-33F53D15},2010-05-04 14:29:18,EHP1536,PC-0027,Disconnect
{00000001C82B-2461A7CB},2010-05-04 14:30:12,FCN9756,PC-0031,Connect
{00000001C4FE-21F5AB07},2010-05-04 14:46:05,COX0638,PC-0012,Connect
{00000001D304-38C2B274},2010-05-04 14:58:55,SDT4191,PC-0106,Connect
{00000001EDC1-3AABEA50},2010-05-04 15:02:03,YDM6963,PC-0145,Disconnect
{00000001DAFF-353B776A},2010-05-04 15:11:05,COX0638,PC-0012,Disconnect
{00000001E905-250DCD16},2010-05-04 15:26:55,SDT4191,PC-0106,Disconnect
{00000001D1C0-2DDBC30D},2010-05-04 15:50:29,QSC3123,PC-0100,Connect
{00000001CA30-0AFE314B},2010-05-04 15:54:05,IDI9618,PC-0048,Connect
{00000001DE2C-344B4D29},2010-05-04 15:56:12,FCN9756,PC-0031,Disconnect
{00000001E031-347DB442},2010-05-04 15:57:05,IDI9618,PC-0048,Disconnect
{00000001E7C1-0C3B0DEC},2010-05-04 16:03:29,QSC3123,PC-0100,Disconnect
{00000001D5A9-27D7C6FE},2010-05-04 16:05:25,USS4618,PC-0121,Connect
{00000001C3EA-192A7206},2010-05-04 16:27:09,ATM7194,PC-0003,Connect
{00000001CC6C-00D1E1A2},2010-05-04 16:30:07,KIX3704,PC-0058,Connect
{00000001EBAA-193FFA7D},2010-05-04 16:45:25,USS4618,PC-0121,Disconnect
{00000001C568-1DF5D67D},2010-05-04 16:56:13,CQZ8674,PC-0013,Connect
{00000001C3AB-2943B574},2010-05-04 16:58:28,ADG1145,PC-0001,Connect
{00000001D9AC-3460C437},2010-05-04 17:02:28,ADG1145,PC-0001,Disconnect
{00000001CD2E-069A8FCA},2010-05-04 17:16:34,KYR0991,PC-0061,Connect
{00000001D9EB-0C900BC6},2010-05-04 17:23:09,ATM7194,PC-0003,Disconnect
{00000001C4DE-38C9DDDE},2010-05-04 17:26:58,COU3039,PC-0011,Connect
{00000001DB69-07C1F960},2010-05-04 17:30:13,CQZ8674,PC-0013,Disconnect
{00000001CA31-3F4BC78A},2010-05-04 17:32:47,IDI9618,PC-0048,Connect
{00000001CC6D-05797658},2010-05-04 17:34:39,KIX3704,PC-0058,Connect
{00000001E32F-01E4CE9F},2010-05-04 17:36:34,KYR0991,PC-0061,Disconnect
{00000001D910-0A50BD24},2010-05-04 17:50:28,ZUI9718,PC-0157,Connect
{00000001E26D-1B7AF454},2010-05-04 17:59:07,KIX3704,PC-0058,Disconnect
{00000001DADF-18B5728D},2010-05-04 17:59:58,COU3039,PC-0011,Disconnect
{00000001E26E-2FB44C54},2010-05-04 18:04:39,KIX3704,PC-0058,Disconnect
{00000001EF11-168A4BB4},2010-05-04 18:23:28,ZUI9718,PC-0157,Disconnect
{00000001E032-106B3596},2010-05-04 18:37:47,IDI9618,PC-0048,Disconnect
{00000001CFC5-33878BBC},2010-05-05 07:11:56,OET6830,PC-0086,Connect
{00000001D254-3D618B96},2010-05-05 07:28:49,RUT1946,PC-0104,Connect
{00000001C900-00528D1B},2010-05-05 07:39:48,HMR4907,PC-0043,Connect
{00000001D065-1F60C631},2010-05-05 07:51:26,OLN5687,PC-0088,Connect
{00000001E855-0F455AD0},2010-05-05 07:52:49,RUT1946,PC-0104,Disconnect
{00000001C749-163BE7AC},2010-05-05 07:54:09,DNM3159,PC-0019,Connect
{00000001C56A-24F1BAA5},2010-05-05 07:56:40,CQZ8674,PC-0013,Connect
{00000001E5C6-282B53BB},2010-05-05 08:09:56,OET6830,PC-0086,Disconnect
{00000001CAEB-04946AF6},2010-05-05 08:14:33,JDE8246,PC-0052,Connect
{00000001D7C1-059B2342},2010-05-05 08:20:52,YDM6963,PC-0145,Connect
{00000001E0EC-2C3996D4},2010-05-05 08:25:33,JDE8246,PC-0052,Disconnect
{00000001DD4A-2EB20A38},2010-05-05 08:44:09,DNM3159,PC-0019,Disconnect
{00000001DF01-32FA0C4D},2010-05-05 08:52:48,HMR4907,PC-0043,Disconnect
{00000001CBA9-294ACFC6},2010-05-05 08:58:57,JMM0438,PC-0053,Connect
{00000001EDC2-3A241F5A},2010-05-05 09:03:52,YDM6963,PC-0145,Disconnect
{00000001E666-0AB3C720},2010-05-05 09:05:26,OLN5687,PC-0088,Disconnect
{00000001DB6B-154B3BF0},2010-05-05 09:10:40,CQZ8674,PC-0013,Disconnect
{00000001D3D8-05AA02C1},2010-05-05 09:31:57,TVL8047,PC-0114,Connect
{00000001C82C-3650B641},2010-05-05 09:44:30,FCN9756,PC-0031,Connect
{00000001D8BF-0D2581AF},2010-05-05 09:45:49,ZIF9528,PC-0154,Connect
{00000001CF38-1936D752},2010-05-05 09:58:49,NRU3936,PC-0083,Connect
{00000001C3EB-3517CDE1},2010-05-05 10:10:22,ATM7194,PC-0003,Connect
{00000001CD2F-0C208578},2010-05-05 10:13:20,KYR0991,PC-0061,Connect
{00000001E1AA-138AFB4C},2010-05-05 10:24:57,JMM0438,PC-0053,Disconnect
{00000001EEC0-2E2830DA},2010-05-05 10:25:49,ZIF9528,PC-0154,Disconnect
{00000001C3AD-1F14E993},2010-05-05 10:29:54,ADG1145,PC-0001,Connect
{00000001E9D9-0C829C04},2010-05-05 10:33:57,TVL8047,PC-0114,Disconnect
{00000001E330-2A9C19B2},2010-05-05 10:35:20,KYR0991,PC-0061,Disconnect
{00000001D9EC-352D4982},2010-05-05 10:49:22,ATM7194,PC-0003,Disconnect
{00000001D681-3886B544},2010-05-05 10:53:28,VNI5142,PC-0129,Connect
{00000001DE2D-2F71C703},2010-05-05 10:56:30,FCN9756,PC-0031,Disconnect
{00000001E539-063CE9B9},2010-05-05 11:04:49,NRU3936,PC-0083,Disconnect
{00000001D392-16D8B39F},2010-05-05 11:18:45,SHV5792,PC-0108,Connect
{00000001EC82-084567AB},2010-05-05 11:25:28,VNI5142,PC-0129,Disconnect
{00000001E993-2BEBD900},2010-05-05 11:27:45,SHV5792,PC-0108,Disconnect
{00000001CDFF-31BAE852},2010-05-05 11:27:50,MDR4757,PC-0071,Connect
{00000001C4DF-3F7D9906},2010-05-05 11:41:09,COU3039,PC-0011,Connect
{00000001D9AE-11891F47},2010-05-05 11:56:54,ADG1145,PC-0001,Disconnect
{00000001E400-199DB12E},2010-05-05 12:00:50,MDR4757,PC-0071,Disconnect
{00000001D255-273E2CE7},2010-05-05 12:29:52,RUT1946,PC-0104,Connect
{00000001DAE0-07281239},2010-05-05 12:34:09,COU3039,PC-0011,Disconnect
{00000001E856-0C65F62A},2010-05-05 12:38:52,RUT1946,PC-0104,Disconnect
{00000001CDB8-13D5B553},2010-05-05 13:03:52,LYE5717,PC-0069,Connect
{00000001D3D7-1213DF04},2010-05-05 13:10:29,TVL8047,PC-0114,Connect
{00000001D157-34C7019E},2010-05-05 13:25:01,QHQ5150,PC-0098,Connect
{00000001C893-3FF67A99},2010-05-05 13:27:38,GRQ1397,PC-0036,Connect
{00000001E758-30024B3D},2010-05-05 13:32:01,QHQ5150,PC-0098,Disconnect
{00000001CDB9-06C5E4F2},2010-05-05 13:33:30,LYE5717,PC-0069,Connect
{00000001CE7E-23A7C839},2010-05-05 13:39:54,NBM1814,PC-0077,Connect
{00000001E3B9-3ECF0D3B},2010-05-05 13:45:52,LYE5717,PC-0069,Disconnect
{00000001D81F-3303C091},2010-05-05 13:46:50,YIO5206,PC-0146,Connect
{00000001D393-33AF4543},2010-05-05 13:56:20,SHV5792,PC-0108,Connect
{00000001D8BE-27477F16},2010-05-05 13:58:25,ZIF9528,PC-0154,Connect
{00000001EFA7-1FA70C3C},2010-05-05 14:01:51,HMR4907,PC-0043,Connect
{00000001D256-3CEF96C2},2010-05-05 14:02:20,RUT1946,PC-0104,Connect
{00000001EE20-285E7AA5},2010-05-05 14:15:50,YIO5206,PC-0146,Disconnect
{00000001E857-32508C29},2010-05-05 14:16:20,RUT1946,PC-0104,Disconnect
{00000001F131-3261C2AA},2010-05-05 14:18:51,HMR4907,PC-0043,Disconnect
{00000001E994-1978791C},2010-05-05 14:21:20,SHV5792,PC-0108,Disconnect
{00000001DE94-0B0B1F0E},2010-05-05 14:22:38,GRQ1397,PC-0036,Disconnect
{00000001E9D8-39F1F468},2010-05-05 14:28:29,TVL8047,PC-0114,Disconnect
{00000001D5AC-3A599211},2010-05-05 14:31:09,USS4618,PC-0121,Connect
{00000001E3BA-2943952B},2010-05-05 14:36:30,LYE5717,PC-0069,Disconnect
{00000001C6C1-305221CB},2010-05-05 14:38:37,DHG6594,PC-0016,Connect
{00000001E47F-2B67E721},2010-05-05 14:53:54,NBM1814,PC-0077,Disconnect
{00000001D887-24B8469E},2010-05-05 14:56:21,YST5811,PC-0149,Connect
{00000001CC6E-1D684001},2010-05-05 14:56:50,KIX3704,PC-0058,Connect
{00000001CAEC-1878451A},2010-05-05 14:58:40,JDE8246,PC-0052,Connect
{00000001EEBF-2FECFB54},2010-05-05 15:09:25,ZIF9528,PC-0154,Disconnect
{00000001E0ED-2EE12525},2010-05-05 15:09:40,JDE8246,PC-0052,Disconnect
{00000001C48F-0F13888C},2010-05-05 15:17:58,AZE5960,PC-0006,Connect
{00000001DCC2-337F78F5},2010-05-05 15:19:37,DHG6594,PC-0016,Disconnect
{00000001EE88-2094B521},2010-05-05 15:50:21,YST5811,PC-0149,Disconnect
{00000001DA90-3C38BFEE},2010-05-05 15:50:58,AZE5960,PC-0006,Disconnect
{00000001EBAD-0E3AFC56},2010-05-05 15:51:09,USS4618,PC-0121,Disconnect
{00000001C7BD-21C68967},2010-05-05 15:55:24,EHP1536,PC-0027,Connect
{00000001E26F-195B8BF5},2010-05-05 15:58:50,KIX3704,PC-0058,Disconnect
{00000001D7C2-29BE6684},2010-05-05 16:00:14,YDM6963,PC-0145,Connect
{00000001D156-354B348F},2010-05-05 16:11:36,QHQ5150,PC-0098,Connect
{00000001DDBE-1226CC33},2010-05-05 16:18:24,EHP1536,PC-0027,Disconnect
{00000001C5F3-1BC8580A},2010-05-05 16:28:11,CVC0519,PC-0015,Connect
{00000001C569-2320F2EA},2010-05-05 16:41:02,CQZ8674,PC-0013,Connect
{00000001D820-36C442D3},2010-05-05 16:41:52,YIO5206,PC-0146,Connect
{00000001EDC3-20D0ABDF},2010-05-05 16:51:14,YDM6963,PC-0145,Disconnect
{00000001EE21-052104FC},2010-05-05 16:56:52,YIO5206,PC-0146,Disconnect
{00000001D618-3F5868A2},2010-05-05 16:58:31,VDL1237,PC-0125,Connect
{00000001CD30-15DC2509},2010-05-05 16:58:56,KYR0991,PC-0061,Connect
{00000001E331-0C6291BA},2010-05-05 17:07:56,KYR0991,PC-0061,Disconnect
{00000001EC19-109C6247},2010-05-05 17:11:31,VDL1237,PC-0125,Disconnect
{00000001E757-19A7A651},2010-05-05 17:12:36,QHQ5150,PC-0098,Disconnect
{00000001C3AC-0317FB0C},2010-05-05 17:14:21,ADG1145,PC-0001,Connect
{00000001EFA8-1A8C35CB},2010-05-05 17:29:23,HMR4907,PC-0043,Connect
{00000001DBF4-019246A1},2010-05-05 17:34:11,CVC0519,PC-0015,Disconnect
{00000001DB6A-11DE3E91},2010-05-05 17:41:02,CQZ8674,PC-0013,Disconnect
{00000001D9AD-15645E60},2010-05-05 18:09:21,ADG1145,PC-0001,Disconnect
{00000001F132-0BE85690},2010-05-05 18:19:23,HMR4907,PC-0043,Disconnect
{00000001D7C3-1DFE5ECA},2010-05-06 07:08:03,YDM6963,PC-0145,Connect
{00000001C814-0EB61F61},2010-05-06 07:11:32,EYT8043,PC-0030,Connect
{00000001DE15-26BCFE59},2010-05-06 07:27:32,EYT8043,PC-0030,Disconnect
{00000001C4AC-2B4EDEFF},2010-05-06 07:29:56,BFH3103,PC-0007,Connect
{00000001D394-291838AD},2010-05-06 07:40:23,SHV5792,PC-0108,Connect
{00000001EFA9-1A0533C2},2010-05-06 07:58:08,HMR4907,PC-0043,Connect
{00000001F133-3221F062},2010-05-06 08:10:08,HMR4907,PC-0043,Disconnect
{00000001DAAD-37505A41},2010-05-06 08:12:56,BFH3103,PC-0007,Disconnect
{00000001EDC4-359D25F9},2010-05-06 08:17:03,YDM6963,PC-0145,Disconnect
{00000001D10A-2271B499},2010-05-06 08:19:40,OYC3975,PC-0091,Connect
{00000001D305-0ED7B674},2010-05-06 08:23:51,SDT4191,PC-0106,Connect
{00000001C9F7-2573AE0D},2010-05-06 08:35:48,IAC0900,PC-0045,Connect
{00000001E70B-0C45E5E6},2010-05-06 08:38:40,OYC3975,PC-0091,Disconnect
{00000001DFF8-1A8FBB56},2010-05-06 08:38:48,IAC0900,PC-0045,Disconnect
{00000001C7BE-390A843D},2010-05-06 08:50:46,EHP1536,PC-0027,Connect
{00000001E995-00A250DD},2010-05-06 09:05:23,SHV5792,PC-0108,Disconnect
{00000001CBAB-364F83E7},2010-05-06 09:09:23,JMM0438,PC-0053,Connect
{00000001E906-08EE4092},2010-05-06 09:14:51,SDT4191,PC-0106,Disconnect
{00000001E1AC-23189285},2010-05-06 09:20:23,JMM0438,PC-0053,Disconnect
{00000001DDBF-077F59F3},2010-05-06 09:27:46,EHP1536,PC-0027,Disconnect
{00000001CAED-03617BC8},2010-05-06 09:36:34,JDE8246,PC-0052,Connect
{00000001CF39-0102A54A},2010-05-06 10:13:32,NRU3936,PC-0083,Connect
{00000001E0EE-313D3D40},2010-05-06 10:25:34,JDE8246,PC-0052,Disconnect
{00000001CF3A-3296DEF9},2010-05-06 10:53:15,NRU3936,PC-0083,Connect
{00000001D683-1D665D12},2010-05-06 10:56:54,VNI5142,PC-0129,Connect
{00000001EC84-39C21785},2010-05-06 11:07:54,VNI5142,PC-0129,Disconnect
{00000001E53A-1D21A08B},2010-05-06 11:24:32,NRU3936,PC-0083,Disconnect
{00000001D44D-37ED79F2},2010-05-06 11:28:01,TWU8511,PC-0115,Connect
{00000001D684-1ED03D56},2010-05-06 11:29:17,VNI5142,PC-0129,Connect
{00000001CA8F-2769FC97},2010-05-06 11:52:13,IVL8082,PC-0051,Connect
{00000001D704-02E6F766},2010-05-06 11:52:27,WLH0216,PC-0135,Connect
{00000001CBAA-39DA2E3B},2010-05-06 11:55:47,JMM0438,PC-0053,Connect
{00000001E53B-3DB550DD},2010-05-06 12:00:15,NRU3936,PC-0083,Disconnect
{00000001EC85-05600EAA},2010-05-06 12:14:17,VNI5142,PC-0129,Disconnect
{00000001ED05-04A81FD4},2010-05-06 12:38:27,WLH0216,PC-0135,Disconnect
{00000001CA90-12B4AC70},2010-05-06 12:41:12,IVL8082,PC-0051,Connect
{00000001EA4E-05D883F2},2010-05-06 12:57:01,TWU8511,PC-0115,Disconnect
{00000001E090-01B62C5C},2010-05-06 13:13:13,IVL8082,PC-0051,Disconnect
{00000001E1AB-08CB2A41},2010-05-06 13:19:47,JMM0438,PC-0053,Disconnect
{00000001C894-192B615A},2010-05-06 13:30:50,GRQ1397,PC-0036,Connect
{00000001E091-23724643},2010-05-06 13:31:12,IVL8082,PC-0051,Disconnect
{00000001D5AD-18D3DF1F},2010-05-06 13:36:11,USS4618,PC-0121,Connect
{00000001D158-2405AA32},2010-05-06 14:00:35,QHQ5150,PC-0098,Connect
{00000001DE95-0489FC68},2010-05-06 14:21:50,GRQ1397,PC-0036,Disconnect
{00000001C9F8-3D61E561},2010-05-06 14:22:09,IAC0900,PC-0045,Connect
{00000001EBAE-121B103F},2010-05-06 14:28:11,USS4618,PC-0121,Disconnect
{00000001D0DD-267A7851},2010-05-06 14:30:41,OMU2669,PC-0089,Connect
{00000001C5F5-068383BC},2010-05-06 14:39:13,CVC0519,PC-0015,Connect
{00000001DFF9-0DE08413},2010-05-06 15:06:09,IAC0900,PC-0045,Disconnect
{00000001D44E-138E2B7F},2010-05-06 15:07:49,TWU8511,PC-0115,Connect
{00000001E6DE-3C374DAF},2010-05-06 15:22:41,OMU2669,PC-0089,Disconnect
{00000001E759-3D9DE164},2010-05-06 15:27:35,QHQ5150,PC-0098,Disconnect
{00000001D066-378CE296},2010-05-06 15:33:34,OLN5687,PC-0088,Connect
{00000001C5F4-1382D5D1},2010-05-06 15:53:34,CVC0519,PC-0015,Connect
{00000001D1C1-10681548},2010-05-06 15:57:41,QSC3123,PC-0100,Connect
{00000001D682-37AD42BE},2010-05-06 15:57:46,VNI5142,PC-0129,Connect
{00000001DBF6-23AADBD5},2010-05-06 15:59:13,CVC0519,PC-0015,Disconnect
{00000001C8E8-0AD48E94},2010-05-06 15:59:47,GUG7168,PC-0037,Connect
{00000001C7BF-22C5F50B},2010-05-06 16:26:15,EHP1536,PC-0027,Connect
{00000001EA4F-2CDC9292},2010-05-06 16:28:49,TWU8511,PC-0115,Disconnect
{00000001EC83-0892CC7E},2010-05-06 16:54:46,VNI5142,PC-0129,Disconnect
{00000001E667-3F0AEFCC},2010-05-06 16:59:34,OLN5687,PC-0088,Disconnect
{00000001E7C2-2813C233},2010-05-06 17:09:41,QSC3123,PC-0100,Disconnect
{00000001DBF5-241247DB},2010-05-06 17:17:34,CVC0519,PC-0015,Disconnect
{00000001DEE9-3E192002},2010-05-06 17:19:47,GUG7168,PC-0037,Disconnect
{00000001CF3B-2AA725D7},2010-05-06 17:23:16,NRU3936,PC-0083,Connect
{00000001D703-0EF88A2E},2010-05-06 17:34:08,WLH0216,PC-0135,Connect
{00000001DDC0-3D525DF7},2010-05-06 17:52:15,EHP1536,PC-0027,Disconnect
{00000001ED04-13167AD5},2010-05-06 18:25:08,WLH0216,PC-0135,Disconnect
{00000001E53C-3467F8EF},2010-05-06 18:34:16,NRU3936,PC-0083,Disconnect
{00000001D705-39EA2749},2010-05-07 07:06:36,WLH0216,PC-0135,Connect
{00000001C40D-0FD56D3E},2010-05-07 07:18:11,AUI6616,PC-0004,Connect
{00000001D068-13A3BA71},2010-05-07 07:24:25,OLN5687,PC-0088,Connect
{00000001C896-2A6F22DE},2010-05-07 07:45:31,GRQ1397,PC-0036,Connect
{00000001D395-3AFE888B},2010-05-07 07:47:59,SHV5792,PC-0108,Connect
{00000001DE97-240C7DA8},2010-05-07 08:01:31,GRQ1397,PC-0036,Disconnect
{00000001E996-3E80AB9E},2010-05-07 08:05:59,SHV5792,PC-0108,Disconnect
{00000001D559-1804D775},2010-05-07 08:07:06,UQK8227,PC-0120,Connect
{00000001ED06-00F41368},2010-05-07 08:28:36,WLH0216,PC-0135,Disconnect
{00000001DA0E-3BDE2C4A},2010-05-07 08:34:11,AUI6616,PC-0004,Disconnect
{00000001E669-017C27A2},2010-05-07 08:50:25,OLN5687,PC-0088,Disconnect
{00000001CF3C-2448D16E},2010-05-07 08:56:01,NRU3936,PC-0083,Connect
{00000001EB5A-02D2DB8D},2010-05-07 09:03:06,UQK8227,PC-0120,Disconnect
{00000001D706-141C01F3},2010-05-07 09:42:56,WLH0216,PC-0135,Connect
{00000001CC6F-0B592360},2010-05-07 09:49:06,KIX3704,PC-0058,Connect
{00000001C895-147FE281},2010-05-07 10:03:54,GRQ1397,PC-0036,Connect
{00000001E270-18CA482B},2010-05-07 10:15:06,KIX3704,PC-0058,Disconnect
{00000001E53D-001C4B43},2010-05-07 10:18:01,NRU3936,PC-0083,Disconnect
{00000001DE96-02B94923},2010-05-07 10:19:54,GRQ1397,PC-0036,Disconnect
{00000001ED07-07FD73DF},2010-05-07 10:46:56,WLH0216,PC-0135,Disconnect
{00000001CA32-2B08BD8B},2010-05-07 10:48:37,IDI9618,PC-0048,Connect
{00000001D0DE-15A3959D},2010-05-07 10:59:31,OMU2669,PC-0089,Connect
{00000001D5F2-341E7E43},2010-05-07 11:21:39,UUU6648,PC-0122,Connect
{00000001E6DF-174E968B},2010-05-07 11:43:31,OMU2669,PC-0089,Disconnect
{00000001C450-2B0B25E1},2010-05-07 11:44:40,AYY2409,PC-0005,Connect
{00000001E033-2A536DFE},2010-05-07 11:48:37,IDI9618,PC-0048,Disconnect
{00000001C56B-31DB9141},2010-05-07 12:19:04,CQZ8674,PC-0013,Connect
{00000001D685-005837C1},2010-05-07 12:32:17,VNI5142,PC-0129,Connect
{00000001D5AE-209DFE89},2010-05-07 12:32:34,USS4618,PC-0121,Connect
{00000001EBAF-1FBFC8F6},2010-05-07 12:35:34,USS4618,PC-0121,Disconnect
{00000001C7C0-0CCAF0D1},2010-05-07 12:37:11,EHP1536,PC-0027,Connect
{00000001EBF3-39441553},2010-05-07 12:38:39,UUU6648,PC-0122,Disconnect
{00000001DA51-08A9408F},2010-05-07 12:43:40,AYY2409,PC-0005,Disconnect
{00000001D067-33798F09},2010-05-07 12:46:11,OLN5687,PC-0088,Connect
{00000001DDC1-0E54E77D},2010-05-07 12:48:11,EHP1536,PC-0027,Disconnect
{00000001C5F6-216410EE},2010-05-07 12:51:38,CVC0519,PC-0015,Connect
{00000001E668-24BC6247},2010-05-07 12:53:11,OLN5687,PC-0088,Disconnect
{00000001EC86-06BA79DD},2010-05-07 12:56:17,VNI5142,PC-0129,Disconnect
{00000001DB6C-3F673E73},2010-05-07 13:24:04,CQZ8674,PC-0013,Disconnect
{00000001D4FD-2ABBA947},2010-05-07 13:51:28,UKR6395,PC-0118,Connect
{00000001DBF7-14CF734B},2010-05-07 14:04:38,CVC0519,PC-0015,Disconnect
{00000001C97B-2E2E4A62},2010-05-07 14:14:57,HVG7968,PC-0044,Connect
{00000001CA56-398ECE49},2010-05-07 14:17:53,IIY1438,PC-0050,Connect
{00000001CDBA-1F00EC26},2010-05-07 14:18:49,LYE5717,PC-0069,Connect
{00000001DF7C-346DAC94},2010-05-07 14:19:57,HVG7968,PC-0044,Disconnect
{00000001E057-0C59138C},2010-05-07 14:48:53,IIY1438,PC-0050,Disconnect
{00000001C7C1-3B96364E},2010-05-07 14:54:01,EHP1536,PC-0027,Connect
{00000001EAFE-03E907D7},2010-05-07 15:07:28,UKR6395,PC-0118,Disconnect
{00000001E3BB-1C513DB8},2010-05-07 15:35:49,LYE5717,PC-0069,Disconnect
{00000001DDC2-05DB4820},2010-05-07 16:05:01,EHP1536,PC-0027,Disconnect
{00000001D44F-3027CAD2},2010-05-07 16:16:19,TWU8511,PC-0115,Connect
{00000001CE7F-3BCB1335},2010-05-07 16:22:29,NBM1814,PC-0077,Connect
{00000001CE4F-3E184610},2010-05-07 16:23:36,MSH7807,PC-0075,Connect
{00000001C56C-11D3E004},2010-05-07 17:18:27,CQZ8674,PC-0013,Connect
{00000001EA50-3DB7AD27},2010-05-07 17:20:19,TWU8511,PC-0115,Disconnect
{00000001E450-2F387153},2010-05-07 17:33:36,MSH7807,PC-0075,Disconnect
{00000001E480-0351B7F1},2010-05-07 17:42:29,NBM1814,PC-0077,Disconnect
{00000001DB6D-05F63E60},2010-05-07 18:21:27,CQZ8674,PC-0013,Disconnect
{00000001CA33-25B6605E},2010-05-10 07:09:35,IDI9618,PC-0048,Connect
{00000001E034-220B1850},2010-05-10 07:16:35,IDI9618,PC-0048,Disconnect
{00000001D450-388AFC1A},2010-05-10 07:34:52,TWU8511,PC-0115,Connect
{00000001D821-1F891721},2010-05-10 08:00:01,YIO5206,PC-0146,Connect
{00000001EE22-11CB9482},2010-05-10 08:10:01,YIO5206,PC-0146,Disconnect
{00000001EA51-1AE98CFC},2010-05-10 08:13:52,TWU8511,PC-0115,Disconnect
{00000001D1C3-203FD436},2010-05-10 08:27:08,QSC3123,PC-0100,Connect
{00000001E7C4-3217BE4C},2010-05-10 08:54:08,QSC3123,PC-0100,Disconnect
{00000001C4AD-267CED1E},2010-05-10 09:19:25,BFH3103,PC-0007,Connect
{00000001C3AE-2462314A},2010-05-10 09:25:46,ADG1145,PC-0001,Connect
{00000001D069-340BD0DE},2010-05-10 09:30:46,OLN5687,PC-0088,Connect
{00000001CD31-3C3F7C52},2010-05-10 09:31:18,KYR0991,PC-0061,Connect
{00000001D619-356C23E7},2010-05-10 09:36:36,VDL1237,PC-0125,Connect
{00000001EC1A-291EC433},2010-05-10 09:47:36,VDL1237,PC-0125,Disconnect
{00000001E332-344A8332},2010-05-10 09:56:18,KYR0991,PC-0061,Disconnect
{00000001DAAE-3216B90F},2010-05-10 09:56:25,BFH3103,PC-0007,Disconnect
{00000001CE50-19EBDD62},2010-05-10 09:59:50,MSH7807,PC-0075,Connect
{00000001C97F-1EE651B2},2010-05-10 10:08:26,HVG7968,PC-0044,Connect
{00000001E451-204F7814},2010-05-10 10:15:50,MSH7807,PC-0075,Disconnect
{00000001C4E0-0A5DDB42},2010-05-10 10:16:38,COU3039,PC-0011,Connect
{00000001D4FE-2D22C88D},2010-05-10 10:31:36,UKR6395,PC-0118,Connect
{00000001D8C0-01E423AA},2010-05-10 10:36:15,ZIF9528,PC-0154,Connect
{00000001D9AF-37689C4F},2010-05-10 10:43:46,ADG1145,PC-0001,Disconnect
{00000001E66A-01075396},2010-05-10 10:44:46,OLN5687,PC-0088,Disconnect
{00000001C97D-03598559},2010-05-10 10:50:40,HVG7968,PC-0044,Connect
{00000001C7C2-13FC8336},2010-05-10 10:56:31,EHP1536,PC-0027,Connect
{00000001C897-067DC808},2010-05-10 11:00:30,GRQ1397,PC-0036,Connect
{00000001DAE1-23444A97},2010-05-10 11:00:38,COU3039,PC-0011,Disconnect
{00000001D06A-3006097E},2010-05-10 11:01:25,OLN5687,PC-0088,Connect
{00000001DE98-3E0F87BD},2010-05-10 11:07:30,GRQ1397,PC-0036,Disconnect
{00000001DF7E-333A09E4},2010-05-10 11:14:40,HVG7968,PC-0044,Disconnect
{00000001E66B-2670A53A},2010-05-10 11:22:25,OLN5687,PC-0088,Disconnect
{00000001C74A-1413B4A5},2010-05-10 11:24:39,DNM3159,PC-0019,Connect
{00000001DF80-38B3DF39},2010-05-10 11:26:26,HVG7968,PC-0044,Disconnect
{00000001DD4B-028AFE95},2010-05-10 11:33:39,DNM3159,PC-0019,Disconnect
{00000001EEC1-1936C12C},2010-05-10 11:39:15,ZIF9528,PC-0154,Disconnect
{00000001C82E-1ABC010A},2010-05-10 11:39:52,FCN9756,PC-0031,Connect
{00000001EAFF-23021BCA},2010-05-10 11:44:36,UKR6395,PC-0118,Disconnect
{00000001C6C3-19D9F7C3},2010-05-10 11:55:45,DHG6594,PC-0016,Connect
{00000001CD75-2326873F},2010-05-10 11:59:38,LGT9691,PC-0063,Connect
{00000001DDC3-266517F0},2010-05-10 12:00:31,EHP1536,PC-0027,Disconnect
{00000001DE2F-0BB15B1B},2010-05-10 12:06:52,FCN9756,PC-0031,Disconnect
{00000001D957-05416CD2},2010-05-10 12:23:06,ZWA2339,PC-0158,Connect
{00000001C6C2-30D035F5},2010-05-10 12:42:41,DHG6594,PC-0016,Connect
{00000001DCC4-0DE71651},2010-05-10 12:49:45,DHG6594,PC-0016,Disconnect
{00000001E376-24C6F95E},2010-05-10 12:50:38,LGT9691,PC-0063,Disconnect
{00000001C9F9-0621EC4C},2010-05-10 12:55:58,IAC0900,PC-0045,Connect
{00000001C5F7-03D37814},2010-05-10 13:09:10,CVC0519,PC-0015,Connect
{00000001DFFA-326CE47B},2010-05-10 13:13:58,IAC0900,PC-0045,Disconnect
{00000001DCC3-0A275996},2010-05-10 13:25:41,DHG6594,PC-0016,Disconnect
{00000001D159-13ED0FD4},2010-05-10 13:30:33,QHQ5150,PC-0098,Connect
{00000001EF58-2D573774},2010-05-10 13:40:06,ZWA2339,PC-0158,Disconnect
{00000001C97C-2662C243},2010-05-10 13:42:19,HVG7968,PC-0044,Connect
{00000001DF7D-1D359990},2010-05-10 14:00:19,HVG7968,PC-0044,Disconnect
{00000001C97E-189B59DC},2010-05-10 14:05:24,HVG7968,PC-0044,Connect
{00000001C56D-0A086A99},2010-05-10 14:08:30,CQZ8674,PC-0013,Connect
{00000001C4E1-32F370BE},2010-05-10 14:27:47,COU3039,PC-0011,Connect
{00000001DBF8-0DABC36C},2010-05-10 14:34:10,CVC0519,PC-0015,Disconnect
{00000001E75A-22699353},2010-05-10 14:40:33,QHQ5150,PC-0098,Disconnect
{00000001DAE2-178BA2DE},2010-05-10 14:44:47,COU3039,PC-0011,Disconnect
{00000001CF3E-287CA63A},2010-05-10 15:00:34,NRU3936,PC-0083,Connect
{00000001D258-255A9F4E},2010-05-10 15:01:14,RUT1946,PC-0104,Connect
{00000001DF7F-18E456E4},2010-05-10 15:01:24,HVG7968,PC-0044,Disconnect
{00000001E53F-315DB1B2},2010-05-10 15:08:34,NRU3936,PC-0083,Disconnect
{00000001D1C2-30DF5980},2010-05-10 15:16:20,QSC3123,PC-0100,Connect
{00000001CC70-2BE7EC93},2010-05-10 15:18:35,KIX3704,PC-0058,Connect
{00000001DB6E-0894CDF1},2010-05-10 15:32:30,CQZ8674,PC-0013,Disconnect
{00000001CF3D-2D3A8789},2010-05-10 15:33:34,NRU3936,PC-0083,Connect
{00000001E53E-2091C210},2010-05-10 15:57:34,NRU3936,PC-0083,Disconnect
{00000001E7C3-3B54CA81},2010-05-10 16:07:20,QSC3123,PC-0100,Disconnect
{00000001C5F8-38FC96FE},2010-05-10 16:18:00,CVC0519,PC-0015,Connect
{00000001E859-123B11AE},2010-05-10 16:19:14,RUT1946,PC-0104,Disconnect
{00000001CBAD-3D41A7F8},2010-05-10 16:38:07,JMM0438,PC-0053,Connect
{00000001C82D-2B75D9F7},2010-05-10 16:41:05,FCN9756,PC-0031,Connect
{00000001C815-0A653C99},2010-05-10 16:41:32,EYT8043,PC-0030,Connect
{00000001E271-0FAE522F},2010-05-10 16:42:35,KIX3704,PC-0058,Disconnect
{00000001DBF9-2E36645E},2010-05-10 16:47:00,CVC0519,PC-0015,Disconnect
{00000001E1AE-1F763C8E},2010-05-10 16:56:07,JMM0438,PC-0053,Disconnect
{00000001DE2E-06A0B125},2010-05-10 17:04:05,FCN9756,PC-0031,Disconnect
{00000001DE16-094B9350},2010-05-10 17:05:32,EYT8043,PC-0030,Disconnect
{00000001D257-0F479CAE},2010-05-10 17:34:26,RUT1946,PC-0104,Connect
{00000001CBAC-3A76503D},2010-05-10 17:55:43,JMM0438,PC-0053,Connect
{00000001E1AD-394B5E40},2010-05-10 18:13:43,JMM0438,PC-0053,Disconnect
{00000001E858-1281BE9A},2010-05-10 18:29:26,RUT1946,PC-0104,Disconnect
{00000001C5F9-05341FD4},2010-05-11 07:36:08,CVC0519,PC-0015,Connect
{00000001CBAF-2D3B6537},2010-05-11 07:54:47,JMM0438,PC-0053,Connect
{00000001DBFA-22CF2091},2010-05-11 07:56:08,CVC0519,PC-0015,Disconnect
{00000001C9FA-26FFBFE7},2010-05-11 08:13:15,IAC0900,PC-0045,Connect
{00000001C7C3-1E656112},2010-05-11 08:22:44,EHP1536,PC-0027,Connect
{00000001CD32-376042CE},2010-05-11 08:41:37,KYR0991,PC-0061,Connect
{00000001DDC4-17971659},2010-05-11 08:53:44,EHP1536,PC-0027,Disconnect
{00000001E1B0-0310D979},2010-05-11 08:55:47,JMM0438,PC-0053,Disconnect
{00000001CE9D-3F00AA30},2010-05-11 09:00:33,NDV4503,PC-0078,Connect
{00000001DFFB-03E87F8E},2010-05-11 09:08:15,IAC0900,PC-0045,Disconnect
{00000001E49E-2109D50B},2010-05-11 09:27:33,NDV4503,PC-0078,Disconnect
{00000001C898-3991E5C1},2010-05-11 09:31:59,GRQ1397,PC-0036,Connect
{00000001E333-1881CEFB},2010-05-11 09:37:37,KYR0991,PC-0061,Disconnect
{00000001D708-090785D8},2010-05-11 09:50:53,WLH0216,PC-0135,Connect
{00000001C899-1946D1B7},2010-05-11 10:13:50,GRQ1397,PC-0036,Connect
{00000001DE99-0678DCD4},2010-05-11 10:22:59,GRQ1397,PC-0036,Disconnect
{00000001CAEE-3719FE5E},2010-05-11 10:28:38,JDE8246,PC-0052,Connect
{00000001D707-3409DD07},2010-05-11 10:33:16,WLH0216,PC-0135,Connect
{00000001E0EF-35AD7DDE},2010-05-11 10:37:38,JDE8246,PC-0052,Disconnect
{00000001C980-087FE170},2010-05-11 10:40:42,HVG7968,PC-0044,Connect
{00000001CBAE-062EE5A8},2010-05-11 10:43:31,JMM0438,PC-0053,Connect
{00000001ED09-201B5EC0},2010-05-11 11:07:53,WLH0216,PC-0135,Disconnect
{00000001ED08-3C2734A6},2010-05-11 11:28:16,WLH0216,PC-0135,Disconnect
{00000001DF81-1806F47E},2010-05-11 11:38:42,HVG7968,PC-0044,Disconnect
{00000001DE9A-031843CD},2010-05-11 11:40:50,GRQ1397,PC-0036,Disconnect
{00000001C3AF-0E8F1F11},2010-05-11 11:59:49,ADG1145,PC-0001,Connect
{00000001D9B0-272E69CC},2010-05-11 12:07:49,ADG1145,PC-0001,Disconnect
{00000001E1AF-1F009216},2010-05-11 12:10:31,JMM0438,PC-0053,Disconnect
{00000001D307-12CD47B7},2010-05-11 12:12:31,SDT4191,PC-0106,Connect
{00000001C847-23F90DB5},2010-05-11 12:22:48,GGB1397,PC-0032,Connect
{00000001E908-32ACE4FE},2010-05-11 12:54:31,SDT4191,PC-0106,Disconnect
{00000001C846-118BA85B},2010-05-11 13:21:08,GGB1397,PC-0032,Connect
{00000001DE48-20A4249D},2010-05-11 13:27:48,GGB1397,PC-0032,Disconnect
{00000001CE81-0BEB6017},2010-05-11 13:47:39,NBM1814,PC-0077,Connect
{00000001C4E2-29FB6121},2010-05-11 14:29:50,COU3039,PC-0011,Connect
{00000001D06B-325E6E9C},2010-05-11 14:36:44,OLN5687,PC-0088,Connect
{00000001DAE3-225FA646},2010-05-11 14:36:50,COU3039,PC-0011,Disconnect
{00000001DE47-2F92287E},2010-05-11 14:37:08,GGB1397,PC-0032,Disconnect
{00000001D5F3-1DF5DC7E},2010-05-11 14:41:39,UUU6648,PC-0122,Connect
{00000001D306-1F8FAFEC},2010-05-11 14:44:48,SDT4191,PC-0106,Connect
{00000001E482-32C3F3EC},2010-05-11 14:53:39,NBM1814,PC-0077,Disconnect
{00000001E66C-3982E1C8},2010-05-11 15:04:44,OLN5687,PC-0088,Disconnect
{00000001EBF4-151426E4},2010-05-11 15:06:39,UUU6648,PC-0122,Disconnect
{00000001CA91-005E6940},2010-05-11 15:19:12,IVL8082,PC-0051,Connect
{00000001CF3F-19694B6B},2010-05-11 15:21:36,NRU3936,PC-0083,Connect
{00000001C56E-2278C35E},2010-05-11 15:32:51,CQZ8674,PC-0013,Connect
{00000001E907-14DC76DF},2010-05-11 15:36:48,SDT4191,PC-0106,Disconnect
{00000001C5FA-195F5FE9},2010-05-11 15:51:07,CVC0519,PC-0015,Connect
{00000001DB6F-1A21AC5F},2010-05-11 15:53:51,CQZ8674,PC-0013,Disconnect
{00000001E540-0C1ACAE5},2010-05-11 16:02:36,NRU3936,PC-0083,Disconnect
{00000001E092-070C57E5},2010-05-11 16:04:12,IVL8082,PC-0051,Disconnect
{00000001EFAA-05C782F0},2010-05-11 16:12:08,HMR4907,PC-0043,Connect
{00000001C6C4-2F02D9F3},2010-05-11 16:17:54,DHG6594,PC-0016,Connect
{00000001C9FB-2D766B10},2010-05-11 16:27:19,IAC0900,PC-0045,Connect
{00000001CEB4-090FEA1B},2010-05-11 16:36:24,NJT3274,PC-0081,Connect
{00000001F134-1BDED36C},2010-05-11 16:59:08,HMR4907,PC-0043,Disconnect
{00000001DBFB-374F36B1},2010-05-11 17:11:07,CVC0519,PC-0015,Disconnect
{00000001DCC5-35AAFEDD},2010-05-11 17:11:54,DHG6594,PC-0016,Disconnect
{00000001CE80-18256B12},2010-05-11 17:18:01,NBM1814,PC-0077,Connect
{00000001D686-159C0D16},2010-05-11 17:33:07,VNI5142,PC-0129,Connect
{00000001E481-27A16FE3},2010-05-11 17:49:01,NBM1814,PC-0077,Disconnect
{00000001EC87-08771B91},2010-05-11 17:53:07,VNI5142,PC-0129,Disconnect
{00000001DFFC-09872DEE},2010-05-11 17:56:19,IAC0900,PC-0045,Disconnect
{00000001E4B5-007A891F},2010-05-11 17:56:24,NJT3274,PC-0081,Disconnect
{00000001C3B0-293C1FAC},2010-05-12 07:06:15,ADG1145,PC-0001,Connect
{00000001C3EC-3918E5CD},2010-05-12 07:09:54,ATM7194,PC-0003,Connect
{00000001D9B1-34A8CF5A},2010-05-12 07:27:15,ADG1145,PC-0001,Disconnect
{00000001C570-0534D210},2010-05-12 07:51:07,CQZ8674,PC-0013,Connect
{00000001D9ED-00617CB1},2010-05-12 07:59:54,ATM7194,PC-0003,Disconnect
{00000001DB71-3773AE2F},2010-05-12 08:06:07,CQZ8674,PC-0013,Disconnect
{00000001C571-356E1519},2010-05-12 08:07:47,CQZ8674,PC-0013,Connect
{00000001CC71-1BD62C9A},2010-05-12 08:11:19,KIX3704,PC-0058,Connect
{00000001C56F-029060F4},2010-05-12 08:17:01,CQZ8674,PC-0013,Connect
{00000001E272-21E577F9},2010-05-12 08:26:19,KIX3704,PC-0058,Disconnect
{00000001DB72-040ADA7A},2010-05-12 08:26:47,CQZ8674,PC-0013,Disconnect
{00000001D75B-141FF61B},2010-05-12 09:32:18,XGF2493,PC-0139,Connect
{00000001DB70-367D3CE0},2010-05-12 09:38:01,CQZ8674,PC-0013,Disconnect
{00000001D396-20F4F330},2010-05-12 10:07:49,SHV5792,PC-0108,Connect
{00000001E997-2450A03C},2010-05-12 10:23:49,SHV5792,PC-0108,Disconnect
{00000001ED5C-1C0FA7CF},2010-05-12 10:31:18,XGF2493,PC-0139,Disconnect
{00000001CE82-33973E02},2010-05-12 10:46:06,NBM1814,PC-0077,Connect
{00000001CA35-0668855D},2010-05-12 11:04:38,IDI9618,PC-0048,Connect
{00000001E483-2C917D6D},2010-05-12 11:20:06,NBM1814,PC-0077,Disconnect
{00000001D7C5-08CD3798},2010-05-12 11:30:39,YDM6963,PC-0145,Connect
{00000001D7C4-151890DA},2010-05-12 11:36:32,YDM6963,PC-0145,Connect
{00000001D15A-06C2C979},2010-05-12 11:41:42,QHQ5150,PC-0098,Connect
{00000001D0DF-25653F51},2010-05-12 12:00:55,OMU2669,PC-0089,Connect
{00000001EDC6-0CC58719},2010-05-12 12:02:39,YDM6963,PC-0145,Disconnect
{00000001E6E0-15FEEA2F},2010-05-12 12:06:55,OMU2669,PC-0089,Disconnect
{00000001D7C6-17B9144B},2010-05-12 12:19:52,YDM6963,PC-0145,Connect
{00000001E036-02CF4288},2010-05-12 12:32:38,IDI9618,PC-0048,Disconnect
{00000001EDC7-276D35AB},2010-05-12 12:44:52,YDM6963,PC-0145,Disconnect
{00000001EDC5-0D7FBD5F},2010-05-12 12:45:32,YDM6963,PC-0145,Disconnect
{00000001E75B-2EA3A1FC},2010-05-12 12:53:42,QHQ5150,PC-0098,Disconnect
{00000001C4FF-3F9EB726},2010-05-12 12:59:38,COX0638,PC-0012,Connect
{00000001DB00-3BBE4A41},2010-05-12 13:56:38,COX0638,PC-0012,Disconnect
{00000001CD33-233015EF},2010-05-12 14:04:22,KYR0991,PC-0061,Connect
{00000001C5FB-191AAA2F},2010-05-12 14:08:09,CVC0519,PC-0015,Connect
{00000001CA34-38F25186},2010-05-12 14:11:28,IDI9618,PC-0048,Connect
{00000001E035-2C2F816F},2010-05-12 14:19:28,IDI9618,PC-0048,Disconnect
{00000001DBFC-12F0E856},2010-05-12 14:27:09,CVC0519,PC-0015,Disconnect
{00000001C5FC-2485DEA4},2010-05-12 14:37:07,CVC0519,PC-0015,Connect
{00000001D1C4-2E0511AA},2010-05-12 14:37:10,QSC3123,PC-0100,Connect
{00000001D06C-0A12A12B},2010-05-12 14:58:46,OLN5687,PC-0088,Connect
{00000001E66D-03A11865},2010-05-12 15:03:46,OLN5687,PC-0088,Disconnect
{00000001C982-2E53F964},2010-05-12 15:05:06,HVG7968,PC-0044,Connect
{00000001CAEF-26F88178},2010-05-12 15:22:01,JDE8246,PC-0052,Connect
{00000001E334-3465356D},2010-05-12 15:26:22,KYR0991,PC-0061,Disconnect
{00000001DBFD-25BC842B},2010-05-12 15:33:07,CVC0519,PC-0015,Disconnect
{00000001E7C5-3DF8BF03},2010-05-12 15:33:10,QSC3123,PC-0100,Disconnect
{00000001DF83-210FC94D},2010-05-12 15:35:06,HVG7968,PC-0044,Disconnect
{00000001D06D-13079C0A},2010-05-12 15:39:35,OLN5687,PC-0088,Connect
{00000001E0F0-2CA9F1B5},2010-05-12 15:41:01,JDE8246,PC-0052,Disconnect
{00000001C981-2CFB629C},2010-05-12 16:03:15,HVG7968,PC-0044,Connect
{00000001CBB0-34679C29},2010-05-12 16:32:04,JMM0438,PC-0053,Connect
{00000001DF82-31EF2534},2010-05-12 16:37:15,HVG7968,PC-0044,Disconnect
{00000001E66E-3E2808B5},2010-05-12 16:41:35,OLN5687,PC-0088,Disconnect
{00000001CD34-24F6265B},2010-05-12 17:39:08,KYR0991,PC-0061,Connect
{00000001E1B1-0294074F},2010-05-12 17:52:04,JMM0438,PC-0053,Disconnect
{00000001E335-1005CA4A},2010-05-12 17:56:08,KYR0991,PC-0061,Disconnect
{00000001CE83-23236704},2010-05-13 07:05:17,NBM1814,PC-0077,Connect
{00000001C3ED-240CDB1A},2010-05-13 07:15:08,ATM7194,PC-0003,Connect
{00000001D687-24495317},2010-05-13 07:27:06,VNI5142,PC-0129,Connect
{00000001EC88-25C31B26},2010-05-13 07:35:06,VNI5142,PC-0129,Disconnect
{00000001CBB2-0387161A},2010-05-13 07:41:24,JMM0438,PC-0053,Connect
{00000001D9EE-1E8DDE42},2010-05-13 08:03:08,ATM7194,PC-0003,Disconnect
{00000001E484-26BA6865},2010-05-13 08:18:17,NBM1814,PC-0077,Disconnect
{00000001D7C7-06FD595F},2010-05-13 08:45:11,YDM6963,PC-0145,Connect
{00000001E1B3-0762D837},2010-05-13 08:55:24,JMM0438,PC-0053,Disconnect
{00000001D75E-049332B0},2010-05-13 09:10:28,XGF2493,PC-0139,Connect
{00000001CA36-0AABECA3},2010-05-13 09:17:23,IDI9618,PC-0048,Connect
{00000001C4AE-2AFB7BE5},2010-05-13 09:35:22,BFH3103,PC-0007,Connect
{00000001ED5F-0BAEE43E},2010-05-13 09:50:28,XGF2493,PC-0139,Disconnect
{00000001E037-1DA27B3F},2010-05-13 09:53:23,IDI9618,PC-0048,Disconnect
{00000001EDC8-07EDFB22},2010-05-13 10:09:11,YDM6963,PC-0145,Disconnect
{00000001DAAF-17F3F3D0},2010-05-13 10:15:22,BFH3103,PC-0007,Disconnect
{00000001D75D-1BA79781},2010-05-13 10:16:14,XGF2493,PC-0139,Connect
{00000001ED5E-1DC2AC4D},2010-05-13 10:56:14,XGF2493,PC-0139,Disconnect
{00000001D7C9-14B1DC5A},2010-05-13 11:02:51,YDM6963,PC-0145,Connect
{00000001D06E-32184904},2010-05-13 11:05:52,OLN5687,PC-0088,Connect
{00000001D75C-3A0639FD},2010-05-13 11:26:31,XGF2493,PC-0139,Connect
{00000001C3B2-3B8F53F7},2010-05-13 11:28:53,ADG1145,PC-0001,Connect
{00000001ED5D-10C92DA4},2010-05-13 11:30:31,XGF2493,PC-0139,Disconnect
{00000001EDCA-12AE025E},2010-05-13 11:45:51,YDM6963,PC-0145,Disconnect
{00000001C3B1-27788861},2010-05-13 11:48:27,ADG1145,PC-0001,Connect
{00000001E66F-2A0BDB93},2010-05-13 12:03:52,OLN5687,PC-0088,Disconnect
{00000001C8E9-0294DBC5},2010-05-13 12:19:57,GUG7168,PC-0037,Connect
{00000001CF40-1930EC36},2010-05-13 12:25:00,NRU3936,PC-0083,Connect
{00000001D5AF-1AA8A14A},2010-05-13 12:37:39,USS4618,PC-0121,Connect
{00000001D9B2-1547BBC1},2010-05-13 12:39:27,ADG1145,PC-0001,Disconnect
{00000001CBB1-0158F014},2010-05-13 12:45:54,JMM0438,PC-0053,Connect
{00000001D9B3-370BD78C},2010-05-13 12:46:53,ADG1145,PC-0001,Disconnect
{00000001E541-0C2BC3E2},2010-05-13 12:55:00,NRU3936,PC-0083,Disconnect
{00000001EBB0-24CB8693},2010-05-13 13:23:39,USS4618,PC-0121,Disconnect
{00000001E1B2-19E59469},2010-05-13 13:30:54,JMM0438,PC-0053,Disconnect
{00000001DEEA-3CBB1A29},2010-05-13 13:40:57,GUG7168,PC-0037,Disconnect
{00000001C983-256EFD7D},2010-05-13 13:43:00,HVG7968,PC-0044,Connect
{00000001D397-3FD1CD83},2010-05-13 14:09:53,SHV5792,PC-0108,Connect
{00000001E998-32FB1100},2010-05-13 14:27:53,SHV5792,PC-0108,Disconnect
{00000001DF84-25AB1B4B},2010-05-13 14:39:00,HVG7968,PC-0044,Disconnect
{00000001C89A-2689FF72},2010-05-13 14:40:44,GRQ1397,PC-0036,Connect
{00000001D06F-261AE84F},2010-05-13 15:15:10,OLN5687,PC-0088,Connect
{00000001DE9B-341BBD5E},2010-05-13 15:51:44,GRQ1397,PC-0036,Disconnect
{00000001D7C8-1DCB424E},2010-05-13 16:28:16,YDM6963,PC-0145,Connect
{00000001E670-0FC0FCC2},2010-05-13 16:38:10,OLN5687,PC-0088,Disconnect
{00000001C816-077CEBCD},2010-05-13 16:57:43,EYT8043,PC-0030,Connect
{00000001C451-3A60F88A},2010-05-13 17:07:28,AYY2409,PC-0005,Connect
{00000001CC73-0BCD59D0},2010-05-13 17:11:15,KIX3704,PC-0058,Connect
{00000001EDC9-3BDCA235},2010-05-13 17:19:16,YDM6963,PC-0145,Disconnect
{00000001DA52-0230866D},2010-05-13 17:19:28,AYY2409,PC-0005,Disconnect
{00000001CC72-1EC60BC3},2010-05-13 17:30:00,KIX3704,PC-0058,Connect
{00000001E274-18D110C3},2010-05-13 17:41:15,KIX3704,PC-0058,Disconnect
{00000001DE17-1DE1FE63},2010-05-13 17:43:43,EYT8043,PC-0030,Disconnect
{00000001E273-350541CB},2010-05-13 18:54:00,KIX3704,PC-0058,Disconnect
{00000001D308-23D867B5},2010-05-14 07:54:11,SDT4191,PC-0106,Connect
{00000001E909-0F3D969A},2010-05-14 08:26:11,SDT4191,PC-0106,Disconnect
{00000001D75F-27FE3B6D},2010-05-14 09:26:02,XGF2493,PC-0139,Connect
{00000001ED60-0A450E21},2010-05-14 09:42:02,XGF2493,PC-0139,Disconnect
{00000001CBB3-286896A6},2010-05-14 09:43:40,JMM0438,PC-0053,Connect
{00000001E1B4-2CB675FE},2010-05-14 10:10:40,JMM0438,PC-0053,Disconnect
{00000001C5FD-105209AB},2010-05-14 10:15:04,CVC0519,PC-0015,Connect
{00000001D958-3F92DA7D},2010-05-14 10:31:40,ZWA2339,PC-0158,Connect
{00000001C7C5-0E72997F},2010-05-14 10:35:04,EHP1536,PC-0027,Connect
{00000001CC74-1EBFFAE8},2010-05-14 10:57:27,KIX3704,PC-0058,Connect
{00000001C3EE-03073D13},2010-05-14 11:02:57,ATM7194,PC-0003,Connect
{00000001DDC6-21DBC218},2010-05-14 11:08:04,EHP1536,PC-0027,Disconnect
{00000001C8EA-3E16E760},2010-05-14 11:17:11,GUG7168,PC-0037,Connect
{00000001DEEB-10D9CA50},2010-05-14 11:29:11,GUG7168,PC-0037,Disconnect
{00000001DBFE-2AA9EDAD},2010-05-14 11:41:04,CVC0519,PC-0015,Disconnect
{00000001EF59-3B8C121E},2010-05-14 11:55:40,ZWA2339,PC-0158,Disconnect
{00000001E275-2B180C20},2010-05-14 12:03:27,KIX3704,PC-0058,Disconnect
{00000001C6C5-2EBBD209},2010-05-14 12:07:01,DHG6594,PC-0016,Connect
{00000001CF41-00D38BA5},2010-05-14 12:16:33,NRU3936,PC-0083,Connect
{00000001D9EF-06D30A78},2010-05-14 12:16:57,ATM7194,PC-0003,Disconnect
{00000001E542-3F77EBA2},2010-05-14 12:33:33,NRU3936,PC-0083,Disconnect
{00000001D55A-04603E35},2010-05-14 12:39:35,UQK8227,PC-0120,Connect
{00000001C572-061A877D},2010-05-14 12:41:32,CQZ8674,PC-0013,Connect
{00000001C7C4-29B48AAE},2010-05-14 12:46:05,EHP1536,PC-0027,Connect
{00000001EB5B-267F04EC},2010-05-14 13:01:35,UQK8227,PC-0120,Disconnect
{00000001C89B-2A016333},2010-05-14 13:15:17,GRQ1397,PC-0036,Connect
{00000001DDC5-054BB38F},2010-05-14 13:22:05,EHP1536,PC-0027,Disconnect
{00000001C89C-03DC4622},2010-05-14 13:23:20,GRQ1397,PC-0036,Connect
{00000001C89D-2E4EFB13},2010-05-14 13:23:45,GRQ1397,PC-0036,Connect
{00000001DCC6-3DF955A6},2010-05-14 13:26:01,DHG6594,PC-0016,Disconnect
{00000001DE9C-2BCE8592},2010-05-14 13:28:17,GRQ1397,PC-0036,Disconnect
{00000001DB73-129DDB86},2010-05-14 13:36:32,CQZ8674,PC-0013,Disconnect
{00000001C986-0046C336},2010-05-14 13:39:19,HVG7968,PC-0044,Connect
{00000001CDBB-03037456},2010-05-14 14:09:43,LYE5717,PC-0069,Connect
{00000001DF87-17F104F1},2010-05-14 14:17:19,HVG7968,PC-0044,Disconnect
{00000001DE9E-12E5C676},2010-05-14 14:44:45,GRQ1397,PC-0036,Disconnect
{00000001DE9D-11C85F9A},2010-05-14 14:49:20,GRQ1397,PC-0036,Disconnect
{00000001E3BC-05903D6C},2010-05-14 15:02:43,LYE5717,PC-0069,Disconnect
{00000001C82F-3E832789},2010-05-14 15:05:09,FCN9756,PC-0031,Connect
{00000001CA37-3E28336B},2010-05-14 15:21:24,IDI9618,PC-0048,Connect
{00000001D709-25551AF0},2010-05-14 15:29:09,WLH0216,PC-0135,Connect
{00000001ED0A-1F1B799D},2010-05-14 15:52:09,WLH0216,PC-0135,Disconnect
{00000001C984-1F3D23BA},2010-05-14 16:14:38,HVG7968,PC-0044,Connect
{00000001CD76-3F97B5D7},2010-05-14 16:25:26,LGT9691,PC-0063,Connect
{00000001DF85-3BEF368A},2010-05-14 16:25:38,HVG7968,PC-0044,Disconnect
{00000001DE30-012D97FC},2010-05-14 16:30:09,FCN9756,PC-0031,Disconnect
{00000001E038-37B77E84},2010-05-14 16:33:24,IDI9618,PC-0048,Disconnect
{00000001D1C6-0E0A2246},2010-05-14 16:59:11,QSC3123,PC-0100,Connect
{00000001D309-1E8D8ACD},2010-05-14 17:09:40,SDT4191,PC-0106,Connect
{00000001C985-0628A01E},2010-05-14 17:12:58,HVG7968,PC-0044,Connect
{00000001E7C7-1577488E},2010-05-14 17:39:11,QSC3123,PC-0100,Disconnect
{00000001DF86-0A4C224C},2010-05-14 17:44:58,HVG7968,PC-0044,Disconnect
{00000001E377-2DF41E57},2010-05-14 17:46:26,LGT9691,PC-0063,Disconnect
{00000001D8C1-00C2BC5F},2010-05-14 17:47:30,ZIF9528,PC-0154,Connect
{00000001D1C5-3C28EF0C},2010-05-14 17:53:54,QSC3123,PC-0100,Connect
{00000001E90A-073D31D0},2010-05-14 17:55:40,SDT4191,PC-0106,Disconnect
{00000001E7C6-0458A6B0},2010-05-14 18:02:54,QSC3123,PC-0100,Disconnect
{00000001EEC2-35703A4F},2010-05-14 18:17:30,ZIF9528,PC-0154,Disconnect
{00000001C5FE-142A8192},2010-05-17 07:01:18,CVC0519,PC-0015,Connect
{00000001D25B-2AE0CBED},2010-05-17 07:02:06,RUT1946,PC-0104,Connect
{00000001C573-284BA6CF},2010-05-17 07:07:16,CQZ8674,PC-0013,Connect
{00000001D760-2E03E771},2010-05-17 07:09:02,XGF2493,PC-0139,Connect
{00000001D866-1EA83120},2010-05-17 07:09:19,YNX1016,PC-0148,Connect
{00000001EE67-0011735E},2010-05-17 07:18:19,YNX1016,PC-0148,Disconnect
{00000001D070-3533E9B1},2010-05-17 07:32:05,OLN5687,PC-0088,Connect
{00000001E85C-3DFACAC1},2010-05-17 07:38:06,RUT1946,PC-0104,Disconnect
{00000001CDBC-29C19359},2010-05-17 07:47:28,LYE5717,PC-0069,Connect
{00000001E3BD-20B6C5F3},2010-05-17 07:57:28,LYE5717,PC-0069,Disconnect
{00000001E671-29EA90E5},2010-05-17 08:00:05,OLN5687,PC-0088,Disconnect
{00000001F058-29CE02FF},2010-05-17 08:04:09,VBW2813,PC-0124,Connect
{00000001DBFF-19FE1847},2010-05-17 08:05:18,CVC0519,PC-0015,Disconnect
{00000001DB74-3B9FC6D0},2010-05-17 08:13:16,CQZ8674,PC-0013,Disconnect
{00000001ED61-1CC826CA},2010-05-17 08:20:02,XGF2493,PC-0139,Disconnect
{00000001CBB4-03855A40},2010-05-17 08:39:10,JMM0438,PC-0053,Connect
{00000001D15B-292C7C39},2010-05-17 08:59:07,QHQ5150,PC-0098,Connect
{00000001E75C-1A4B0B25},2010-05-17 09:03:07,QHQ5150,PC-0098,Disconnect
{00000001E1B5-1CDE3DDD},2010-05-17 09:09:10,JMM0438,PC-0053,Disconnect
{00000001CE00-115173CE},2010-05-17 09:13:07,MDR4757,PC-0071,Connect
{00000001F1E2-2A875001},2010-05-17 09:24:09,VBW2813,PC-0124,Disconnect
{00000001E401-076450B7},2010-05-17 09:35:07,MDR4757,PC-0071,Disconnect
{00000001D25C-09ECC553},2010-05-17 10:11:16,RUT1946,PC-0104,Connect
{00000001E85D-0DB986FA},2010-05-17 10:15:16,RUT1946,PC-0104,Disconnect
{00000001C89E-0B7A52FF},2010-05-17 10:33:10,GRQ1397,PC-0036,Connect
{00000001CA38-32571AB6},2010-05-17 10:38:56,IDI9618,PC-0048,Connect
{00000001D451-3A52C7EE},2010-05-17 10:41:23,TWU8511,PC-0115,Connect
{00000001D072-2462EA1C},2010-05-17 10:55:56,OLN5687,PC-0088,Connect
{00000001F05C-09CA1029},2010-05-17 11:01:18,VBW2813,PC-0124,Connect
{00000001F05B-3C4198A7},2010-05-17 11:10:47,VBW2813,PC-0124,Connect
{00000001CF42-3759BF58},2010-05-17 11:17:54,NRU3936,PC-0083,Connect
{00000001E039-06F185FE},2010-05-17 11:17:56,IDI9618,PC-0048,Disconnect
{00000001D7CB-3B7A6939},2010-05-17 11:19:00,YDM6963,PC-0145,Connect
{00000001D1C7-323036FE},2010-05-17 11:20:02,QSC3123,PC-0100,Connect
{00000001F1E5-138C32E1},2010-05-17 11:28:47,VBW2813,PC-0124,Disconnect
{00000001C987-00DE53FD},2010-05-17 11:34:09,HVG7968,PC-0044,Connect
{00000001DF88-23D4FF2E},2010-05-17 11:36:09,HVG7968,PC-0044,Disconnect
{00000001C7C6-13C6B0CF},2010-05-17 11:38:07,EHP1536,PC-0027,Connect
{00000001EDCC-3D55CAD7},2010-05-17 11:41:00,YDM6963,PC-0145,Disconnect
{00000001C6C7-15608775},2010-05-17 11:46:14,DHG6594,PC-0016,Connect
{00000001F1E6-20C50B51},2010-05-17 11:50:18,VBW2813,PC-0124,Disconnect
{00000001CBB5-3BC3C2B0},2010-05-17 11:51:54,JMM0438,PC-0053,Connect
{00000001EA52-13417127},2010-05-17 11:55:23,TWU8511,PC-0115,Disconnect
{00000001DE9F-32D43200},2010-05-17 11:58:10,GRQ1397,PC-0036,Disconnect
{00000001D071-21B71B57},2010-05-17 11:58:48,OLN5687,PC-0088,Connect
{00000001DDC7-262ED59B},2010-05-17 12:03:07,EHP1536,PC-0027,Disconnect
{00000001E673-27E78C3C},2010-05-17 12:17:56,OLN5687,PC-0088,Disconnect
{00000001D453-3EE1832D},2010-05-17 12:22:33,TWU8511,PC-0115,Connect
{00000001DCC8-2D7323A2},2010-05-17 12:30:14,DHG6594,PC-0016,Disconnect
{00000001D7CA-0125A519},2010-05-17 12:33:52,YDM6963,PC-0145,Connect
{00000001C6C6-2EEDAA86},2010-05-17 12:36:42,DHG6594,PC-0016,Connect
{00000001EDCB-3A6120E3},2010-05-17 12:37:52,YDM6963,PC-0145,Disconnect
{00000001E543-2CD2CF7E},2010-05-17 12:38:54,NRU3936,PC-0083,Disconnect
{00000001D4FF-2D3661BE},2010-05-17 12:39:46,UKR6395,PC-0118,Connect
{00000001E1B6-1D2B659E},2010-05-17 12:39:54,JMM0438,PC-0053,Disconnect
{00000001E7C8-0C1CAA7D},2010-05-17 12:42:02,QSC3123,PC-0100,Disconnect
{00000001EA54-22183A16},2010-05-17 12:47:33,TWU8511,PC-0115,Disconnect
{00000001E672-37072AF5},2010-05-17 12:47:48,OLN5687,PC-0088,Disconnect
{00000001EB00-29ED77FE},2010-05-17 12:54:46,UKR6395,PC-0118,Disconnect
{00000001CC76-265A60DB},2010-05-17 12:56:10,KIX3704,PC-0058,Connect
{00000001DCC7-22DA418E},2010-05-17 13:11:42,DHG6594,PC-0016,Disconnect
{00000001F057-32C2EBAE},2010-05-17 13:19:04,VBW2813,PC-0124,Connect
{00000001F1E1-121C6F82},2010-05-17 13:36:04,VBW2813,PC-0124,Disconnect
{00000001E277-14EE759F},2010-05-17 14:04:10,KIX3704,PC-0058,Disconnect
{00000001D1C8-17C8757A},2010-05-17 14:33:23,QSC3123,PC-0100,Connect
{00000001D689-3BAD2472},2010-05-17 14:36:00,VNI5142,PC-0129,Connect
{00000001F05A-3F577A60},2010-05-17 14:40:33,VBW2813,PC-0124,Connect
{00000001EC8A-3D517E86},2010-05-17 14:55:00,VNI5142,PC-0129,Disconnect
{00000001D688-3FDBBA01},2010-05-17 14:58:39,VNI5142,PC-0129,Connect
{00000001D452-2FBBB7A2},2010-05-17 15:06:56,TWU8511,PC-0115,Connect
{00000001F1E4-24371A22},2010-05-17 15:33:33,VBW2813,PC-0124,Disconnect
{00000001E7C9-322E262C},2010-05-17 15:38:23,QSC3123,PC-0100,Disconnect
{00000001F059-3ED24A6B},2010-05-17 15:39:15,VBW2813,PC-0124,Connect
{00000001CC75-3F7AA8A6},2010-05-17 15:49:30,KIX3704,PC-0058,Connect
{00000001D25A-29BF3681},2010-05-17 15:53:03,RUT1946,PC-0104,Connect
{00000001D398-15A9A070},2010-05-17 15:53:23,SHV5792,PC-0108,Connect
{00000001EC89-09F4A8B8},2010-05-17 16:00:39,VNI5142,PC-0129,Disconnect
{00000001F1E3-3B34C2EE},2010-05-17 16:01:15,VBW2813,PC-0124,Disconnect
{00000001E999-2618A3E1},2010-05-17 16:06:23,SHV5792,PC-0108,Disconnect
{00000001E276-2CEA70E4},2010-05-17 16:13:30,KIX3704,PC-0058,Disconnect
{00000001C988-1EEF2855},2010-05-17 16:19:34,HVG7968,PC-0044,Connect
{00000001D259-01BFB407},2010-05-17 16:29:17,RUT1946,PC-0104,Connect
{00000001E85A-12DF83F6},2010-05-17 16:31:17,RUT1946,PC-0104,Disconnect
{00000001EA53-0CE80EEE},2010-05-17 16:35:56,TWU8511,PC-0115,Disconnect
{00000001CDBD-0A532785},2010-05-17 16:54:45,LYE5717,PC-0069,Connect
{00000001E3BE-0CD6B086},2010-05-17 17:05:45,LYE5717,PC-0069,Disconnect
{00000001C989-0E1BCE35},2010-05-17 17:10:54,HVG7968,PC-0044,Connect
{00000001DF8A-3FE7F537},2010-05-17 17:15:54,HVG7968,PC-0044,Disconnect
{00000001E85B-0E3CBBC4},2010-05-17 17:18:03,RUT1946,PC-0104,Disconnect
{00000001DF89-1FB73EF0},2010-05-17 17:35:34,HVG7968,PC-0044,Disconnect
{00000001F2ED-32BBAE99},2010-05-17 18:05:54,VBW2813,PC-0124,Connect
{00000001F3B6-12ACE607},2010-05-17 18:15:54,VBW2813,PC-0124,Disconnect
{00000001F2EE-0DF6D2DE},2010-05-17 18:25:37,VBW2813,PC-0124,Connect
{00000001F2EA-24BF38B6},2010-05-17 18:25:57,VBW2813,PC-0124,Connect
{00000001F2E8-2F196222},2010-05-17 18:46:41,VBW2813,PC-0124,Connect
{00000001F3B7-0037B9C4},2010-05-17 19:19:37,VBW2813,PC-0124,Disconnect
{00000001F3B1-06C5C1DA},2010-05-17 19:27:41,VBW2813,PC-0124,Disconnect
{00000001F2E9-030E1099},2010-05-17 19:48:43,VBW2813,PC-0124,Connect
{00000001F3B3-13C4668B},2010-05-17 19:52:57,VBW2813,PC-0124,Disconnect
{00000001F3B2-3B57F74A},2010-05-17 21:00:43,VBW2813,PC-0124,Disconnect
{00000001F2EC-2F67D2D9},2010-05-17 21:35:25,VBW2813,PC-0124,Connect
{00000001F3B5-29C738FD},2010-05-17 22:06:25,VBW2813,PC-0124,Disconnect
{00000001F2EB-2EFF9EB3},2010-05-17 23:11:28,VBW2813,PC-0124,Connect
{00000001F3B4-2242D27F},2010-05-17 23:30:28,VBW2813,PC-0124,Disconnect
{00000001D075-245EA9C9},2010-05-18 07:04:46,OLN5687,PC-0088,Connect
{00000001CF43-3E75B9F3},2010-05-18 07:17:27,NRU3936,PC-0083,Connect
{00000001D074-0CD90EDB},2010-05-18 07:31:43,OLN5687,PC-0088,Connect
{00000001C830-25479793},2010-05-18 07:40:37,FCN9756,PC-0031,Connect
{00000001CBB6-35C3F895},2010-05-18 07:47:34,JMM0438,PC-0053,Connect
{00000001E544-1F572E76},2010-05-18 07:54:27,NRU3936,PC-0083,Disconnect
{00000001E675-35A0032E},2010-05-18 07:55:43,OLN5687,PC-0088,Disconnect
{00000001E1B7-0D6AB0D0},2010-05-18 08:19:34,JMM0438,PC-0053,Disconnect
{00000001D30A-0F8D6FCB},2010-05-18 08:30:22,SDT4191,PC-0106,Connect
{00000001DE31-032CED73},2010-05-18 08:30:37,FCN9756,PC-0031,Disconnect
{00000001E676-2A866F69},2010-05-18 08:33:46,OLN5687,PC-0088,Disconnect
{00000001E90B-0DC95F39},2010-05-18 08:44:22,SDT4191,PC-0106,Disconnect
{00000001CEB5-313B7752},2010-05-18 08:53:58,NJT3274,PC-0081,Connect
{00000001C98B-2DD4507F},2010-05-18 08:56:44,HVG7968,PC-0044,Connect
{00000001C574-292B0BD5},2010-05-18 09:01:59,CQZ8674,PC-0013,Connect
{00000001E4B6-39A9BE37},2010-05-18 09:20:58,NJT3274,PC-0081,Disconnect
{00000001DF8C-21BE3DF8},2010-05-18 09:39:44,HVG7968,PC-0044,Disconnect
{00000001D500-2114B484},2010-05-18 09:50:44,UKR6395,PC-0118,Connect
{00000001DB75-16A4025D},2010-05-18 10:06:59,CQZ8674,PC-0013,Disconnect
{00000001D454-2E4BAFEB},2010-05-18 10:23:43,TWU8511,PC-0115,Connect
{00000001EA55-30580607},2010-05-18 10:25:43,TWU8511,PC-0115,Disconnect
{00000001EB01-24C73AFF},2010-05-18 10:26:44,UKR6395,PC-0118,Disconnect
{00000001D073-32935861},2010-05-18 11:09:22,OLN5687,PC-0088,Connect
{00000001C89F-08777528},2010-05-18 11:24:11,GRQ1397,PC-0036,Connect
{00000001D5B0-0E78693B},2010-05-18 11:30:12,USS4618,PC-0121,Connect
{00000001DEA0-1F2F79B1},2010-05-18 11:46:11,GRQ1397,PC-0036,Disconnect
{00000001E674-11F44218},2010-05-18 11:55:22,OLN5687,PC-0088,Disconnect
{00000001C901-2815B208},2010-05-18 12:00:45,HMR4907,PC-0043,Connect
{00000001EBB1-2DB798AD},2010-05-18 12:03:12,USS4618,PC-0121,Disconnect
{00000001CE01-11D94F82},2010-05-18 12:22:37,MDR4757,PC-0071,Connect
{00000001C3B3-2CA230A5},2010-05-18 12:27:29,ADG1145,PC-0001,Connect
{00000001D9B4-1FFBC3E5},2010-05-18 13:00:29,ADG1145,PC-0001,Disconnect
{00000001C98A-038CB191},2010-05-18 13:15:42,HVG7968,PC-0044,Connect
{00000001C6C8-3156CDB3},2010-05-18 13:18:31,DHG6594,PC-0016,Connect
{00000001DF02-222073E5},2010-05-18 13:25:45,HMR4907,PC-0043,Disconnect
{00000001CFC6-30FEC395},2010-05-18 13:27:51,OET6830,PC-0086,Connect
{00000001E5C7-0B7F9E88},2010-05-18 13:31:51,OET6830,PC-0086,Disconnect
{00000001E402-0167FC33},2010-05-18 13:32:37,MDR4757,PC-0071,Disconnect
{00000001C6C9-05BCAC2E},2010-05-18 13:38:21,DHG6594,PC-0016,Connect
{00000001DF8B-016C3FBF},2010-05-18 13:41:42,HVG7968,PC-0044,Disconnect
{00000001DCC9-39519C02},2010-05-18 13:58:31,DHG6594,PC-0016,Disconnect
{00000001D25D-3B88CE11},2010-05-18 14:23:05,RUT1946,PC-0104,Connect
{00000001DCCA-0F91526E},2010-05-18 14:29:21,DHG6594,PC-0016,Disconnect
{00000001E85E-11DAE551},2010-05-18 14:31:05,RUT1946,PC-0104,Disconnect
{00000001CD35-00FC9EFC},2010-05-18 15:10:44,KYR0991,PC-0061,Connect
{00000001D4B6-0F0486C0},2010-05-18 15:25:53,UEH9251,PC-0117,Connect
{00000001E336-07CEA48E},2010-05-18 16:18:44,KYR0991,PC-0061,Disconnect
{00000001D0E0-35AFB718},2010-05-18 16:27:24,OMU2669,PC-0089,Connect
{00000001D30B-1E25018D},2010-05-18 16:42:13,SDT4191,PC-0106,Connect
{00000001E6E1-02FC8DA4},2010-05-18 16:42:24,OMU2669,PC-0089,Disconnect
{00000001E90C-30205294},2010-05-18 16:45:13,SDT4191,PC-0106,Disconnect
{00000001EAB7-0BBD0D1B},2010-05-18 16:53:53,UEH9251,PC-0117,Disconnect
{00000001C80A-3A30E47A},2010-05-19 07:43:14,ETS3545,PC-0029,Connect
{00000001DE0B-3B871B4F},2010-05-19 07:52:14,ETS3545,PC-0029,Disconnect
{00000001C98C-3E7E6A68},2010-05-19 07:55:29,HVG7968,PC-0044,Connect
{00000001D076-19D94847},2010-05-19 08:02:01,OLN5687,PC-0088,Connect
{00000001D501-157AE0FE},2010-05-19 08:09:59,UKR6395,PC-0118,Connect
{00000001CF45-1B0750C9},2010-05-19 08:29:58,NRU3936,PC-0083,Connect
{00000001E546-339272C6},2010-05-19 08:35:58,NRU3936,PC-0083,Disconnect
{00000001C74B-1C88CC9B},2010-05-19 08:42:55,DNM3159,PC-0019,Connect
{00000001DF8D-3D5C441E},2010-05-19 08:45:29,HVG7968,PC-0044,Disconnect
{00000001CC79-3895D65C},2010-05-19 08:54:15,KIX3704,PC-0058,Connect
{00000001D7CD-153A288F},2010-05-19 09:06:06,YDM6963,PC-0145,Connect
{00000001E677-0491470C},2010-05-19 09:08:01,OLN5687,PC-0088,Disconnect
{00000001C452-33536058},2010-05-19 09:11:02,AYY2409,PC-0005,Connect
{00000001DD4C-2AB9AA8B},2010-05-19 09:31:55,DNM3159,PC-0019,Disconnect
{00000001CF44-10B61671},2010-05-19 09:32:39,NRU3936,PC-0083,Connect
{00000001EB02-0EBF2073},2010-05-19 09:35:59,UKR6395,PC-0118,Disconnect
{00000001CC78-026C9321},2010-05-19 09:46:10,KIX3704,PC-0058,Connect
{00000001EDCE-2A7E2F56},2010-05-19 10:01:06,YDM6963,PC-0145,Disconnect
{00000001E27A-09463486},2010-05-19 10:10:15,KIX3704,PC-0058,Disconnect
{00000001D959-1CA97E91},2010-05-19 10:13:02,ZWA2339,PC-0158,Connect
{00000001DA53-0C47179F},2010-05-19 10:18:02,AYY2409,PC-0005,Disconnect
{00000001D61A-000BE737},2010-05-19 10:35:54,VDL1237,PC-0125,Connect
{00000001E545-3239E799},2010-05-19 10:48:39,NRU3936,PC-0083,Disconnect
{00000001EC1B-307C0682},2010-05-19 11:04:54,VDL1237,PC-0125,Disconnect
{00000001E279-228A8131},2010-05-19 11:06:10,KIX3704,PC-0058,Disconnect
{00000001EF5A-110C87A2},2010-05-19 11:12:02,ZWA2339,PC-0158,Disconnect
{00000001C575-0931C11F},2010-05-19 11:14:31,CQZ8674,PC-0013,Connect
{00000001CD36-2D8D0B56},2010-05-19 11:20:02,KYR0991,PC-0061,Connect
{00000001E337-332F396E},2010-05-19 11:33:02,KYR0991,PC-0061,Disconnect
{00000001D7CC-32BE02BC},2010-05-19 11:45:48,YDM6963,PC-0145,Connect
{00000001DB76-1066B5A9},2010-05-19 11:46:31,CQZ8674,PC-0013,Disconnect
{00000001EDCD-0459FBCA},2010-05-19 12:10:48,YDM6963,PC-0145,Disconnect
{00000001D95A-39B4E135},2010-05-19 12:24:51,ZWA2339,PC-0158,Connect
{00000001D10B-0317BB14},2010-05-19 13:09:02,OYC3975,PC-0091,Connect
{00000001EF5B-269BE7A2},2010-05-19 13:10:51,ZWA2339,PC-0158,Disconnect
{00000001D25E-23226917},2010-05-19 13:40:01,RUT1946,PC-0104,Connect
{00000001E70C-1051A62D},2010-05-19 13:41:02,OYC3975,PC-0091,Disconnect
{00000001F05D-1E7B8F83},2010-05-19 13:42:55,VBW2813,PC-0124,Connect
{00000001C5FF-134894DE},2010-05-19 14:01:58,CVC0519,PC-0015,Connect
{00000001F1E7-21903F69},2010-05-19 14:29:55,VBW2813,PC-0124,Disconnect
{00000001CA57-348C41D8},2010-05-19 14:33:39,IIY1438,PC-0050,Connect
{00000001C3B4-2EC3B090},2010-05-19 14:51:57,ADG1145,PC-0001,Connect
{00000001C74C-34863A59},2010-05-19 14:56:51,DNM3159,PC-0019,Connect
{00000001D399-24C660EA},2010-05-19 14:59:00,SHV5792,PC-0108,Connect
{00000001D0E1-04662475},2010-05-19 15:00:14,OMU2669,PC-0089,Connect
{00000001DC00-0DB65DEA},2010-05-19 15:04:58,CVC0519,PC-0015,Disconnect
{00000001E99A-2FB5276B},2010-05-19 15:08:00,SHV5792,PC-0108,Disconnect
{00000001E85F-03CD1C8C},2010-05-19 15:08:01,RUT1946,PC-0104,Disconnect
{00000001C7C7-0EDA1F18},2010-05-19 15:20:36,EHP1536,PC-0027,Connect
{00000001E058-370D9350},2010-05-19 15:28:39,IIY1438,PC-0050,Disconnect
{00000001DDC8-3DF02F5E},2010-05-19 15:30:36,EHP1536,PC-0027,Disconnect
{00000001DD4D-3046BB38},2010-05-19 15:34:51,DNM3159,PC-0019,Disconnect
{00000001CF46-0C740981},2010-05-19 15:46:16,NRU3936,PC-0083,Connect
{00000001D888-2EB11C86},2010-05-19 15:46:23,YST5811,PC-0149,Connect
{00000001D9B5-2BA7E3B1},2010-05-19 15:55:57,ADG1145,PC-0001,Disconnect
{00000001E547-2937499D},2010-05-19 16:04:16,NRU3936,PC-0083,Disconnect
{00000001D761-0243FD1D},2010-05-19 16:12:32,XGF2493,PC-0139,Connect
{00000001E6E2-2D98A7D9},2010-05-19 16:13:14,OMU2669,PC-0089,Disconnect
{00000001ED62-30C9CFD0},2010-05-19 16:16:32,XGF2493,PC-0139,Disconnect
{00000001CC77-290FD04C},2010-05-19 16:16:41,KIX3704,PC-0058,Connect
{00000001EE89-22582E07},2010-05-19 16:25:23,YST5811,PC-0149,Disconnect
{00000001E278-236C084D},2010-05-19 16:33:41,KIX3704,PC-0058,Disconnect
{00000001C8A0-34691796},2010-05-19 16:45:03,GRQ1397,PC-0036,Connect
{00000001C7C8-358429F3},2010-05-19 16:46:08,EHP1536,PC-0027,Connect
{00000001D30C-0FE351A4},2010-05-19 16:56:44,SDT4191,PC-0106,Connect
{00000001DEA1-25F6A40B},2010-05-19 17:01:03,GRQ1397,PC-0036,Disconnect
{00000001DDC9-3F8518FC},2010-05-19 17:01:08,EHP1536,PC-0027,Disconnect
{00000001F05E-1D0AE530},2010-05-19 17:16:12,VBW2813,PC-0124,Connect
{00000001E90D-0714F0CD},2010-05-19 17:22:44,SDT4191,PC-0106,Disconnect
{00000001C6CA-277A08E6},2010-05-19 17:32:47,DHG6594,PC-0016,Connect
{00000001F1E8-0449D431},2010-05-19 18:06:12,VBW2813,PC-0124,Disconnect
{00000001DCCB-1C57E81C},2010-05-19 18:23:47,DHG6594,PC-0016,Disconnect
{00000001F2EF-3AC0BF70},2010-05-19 20:51:28,VBW2813,PC-0124,Connect
{00000001F3B8-187DB229},2010-05-19 21:06:28,VBW2813,PC-0124,Disconnect
{00000001F2F0-0847BCCA},2010-05-19 21:22:46,VBW2813,PC-0124,Connect
{00000001F3B9-0C8AA557},2010-05-19 22:50:46,VBW2813,PC-0124,Disconnect
{00000001C6CC-2AD21880},2010-05-20 07:22:11,DHG6594,PC-0016,Connect
{00000001D4B8-33AD0D4B},2010-05-20 07:24:03,UEH9251,PC-0117,Connect
{00000001D5B1-32B5D2AC},2010-05-20 07:30:05,USS4618,PC-0121,Connect
{00000001D5B2-14A488A7},2010-05-20 07:32:51,USS4618,PC-0121,Connect
{00000001EBB3-156999D6},2010-05-20 07:54:51,USS4618,PC-0121,Disconnect
{00000001DCCD-3ED06EAA},2010-05-20 08:06:11,DHG6594,PC-0016,Disconnect
{00000001CE26-3D358DFE},2010-05-20 08:17:58,MGI5307,PC-0072,Connect
{00000001EAB9-07D90AC9},2010-05-20 08:33:03,UEH9251,PC-0117,Disconnect
{00000001EBB2-3141D450},2010-05-20 08:34:05,USS4618,PC-0121,Disconnect
{00000001C6D0-3595DA25},2010-05-20 08:34:08,DHG6594,PC-0016,Connect
{00000001DCD1-0FF168B7},2010-05-20 08:53:08,DHG6594,PC-0016,Disconnect
{00000001F05F-212B77B8},2010-05-20 08:55:59,VBW2813,PC-0124,Connect
{00000001F1E9-3553AE95},2010-05-20 09:04:59,VBW2813,PC-0124,Disconnect
{00000001D762-33CDE551},2010-05-20 09:29:12,XGF2493,PC-0139,Connect
{00000001D70A-3B7B8284},2010-05-20 09:30:56,WLH0216,PC-0135,Connect
{00000001ED63-300C847E},2010-05-20 09:33:12,XGF2493,PC-0139,Disconnect
{00000001E427-02BB6061},2010-05-20 09:38:58,MGI5307,PC-0072,Disconnect
{00000001CE25-08EDB6B5},2010-05-20 09:39:02,MGI5307,PC-0072,Connect
{00000001CA92-020568FB},2010-05-20 09:48:44,IVL8082,PC-0051,Connect
{00000001ED0B-19A9EA3F},2010-05-20 09:51:56,WLH0216,PC-0135,Disconnect
{00000001CE27-31557B28},2010-05-20 09:54:56,MGI5307,PC-0072,Connect
{00000001D10C-36DE9438},2010-05-20 10:02:04,OYC3975,PC-0091,Connect
{00000001C6CE-1745D71A},2010-05-20 10:12:01,DHG6594,PC-0016,Connect
{00000001C6CB-18349E24},2010-05-20 10:13:01,DHG6594,PC-0016,Connect
{00000001DCCC-28C1C190},2010-05-20 10:15:01,DHG6594,PC-0016,Disconnect
{00000001D763-2C520D0C},2010-05-20 10:18:59,XGF2493,PC-0139,Connect
{00000001E426-0733BD2A},2010-05-20 10:20:02,MGI5307,PC-0072,Disconnect
{00000001ED64-2996C6FA},2010-05-20 10:35:59,XGF2493,PC-0139,Disconnect
{00000001E093-01E1FC7C},2010-05-20 10:38:44,IVL8082,PC-0051,Disconnect
{00000001E70D-20EE4743},2010-05-20 10:41:04,OYC3975,PC-0091,Disconnect
{00000001CFC7-2DA2FC09},2010-05-20 10:56:33,OET6830,PC-0086,Connect
{00000001CA39-0788F496},2010-05-20 11:00:52,IDI9618,PC-0048,Connect
{00000001E428-15C40B9A},2010-05-20 11:01:56,MGI5307,PC-0072,Disconnect
{00000001E5C8-1A7723E1},2010-05-20 11:10:33,OET6830,PC-0086,Disconnect
{00000001D68A-0939B2C8},2010-05-20 11:20:00,VNI5142,PC-0129,Connect
{00000001E03A-2F81216E},2010-05-20 11:31:52,IDI9618,PC-0048,Disconnect
{00000001DCCF-06EE0116},2010-05-20 11:32:01,DHG6594,PC-0016,Disconnect
{00000001D077-37C99BCC},2010-05-20 11:35:46,OLN5687,PC-0088,Connect
{00000001D68B-201905B8},2010-05-20 11:51:35,VNI5142,PC-0129,Connect
{00000001EC8B-377DA062},2010-05-20 11:53:00,VNI5142,PC-0129,Disconnect
{00000001D3DA-1B591830},2010-05-20 11:59:38,TVL8047,PC-0114,Connect
{00000001C831-13B41F0D},2010-05-20 12:09:41,FCN9756,PC-0031,Connect
{00000001C9FC-37779284},2010-05-20 12:11:36,IAC0900,PC-0045,Connect
{00000001DE32-1219BB10},2010-05-20 12:28:41,FCN9756,PC-0031,Disconnect
{00000001E678-123B5C6F},2010-05-20 12:41:46,OLN5687,PC-0088,Disconnect
{00000001C3EF-2F4A7695},2010-05-20 12:43:16,ATM7194,PC-0003,Connect
{00000001D4B7-0ED37B41},2010-05-20 12:45:55,UEH9251,PC-0117,Connect
{00000001C6CD-1196E77C},2010-05-20 12:49:10,DHG6594,PC-0016,Connect
{00000001DFFD-20678601},2010-05-20 12:54:36,IAC0900,PC-0045,Disconnect
{00000001D30D-3155F785},2010-05-20 12:59:49,SDT4191,PC-0106,Connect
{00000001D9F0-1829D8BB},2010-05-20 13:06:16,ATM7194,PC-0003,Disconnect
{00000001EC8C-20BBA9BA},2010-05-20 13:07:35,VNI5142,PC-0129,Disconnect
{00000001E9DB-3AD9C992},2010-05-20 13:15:38,TVL8047,PC-0114,Disconnect
{00000001DCCE-31F73D77},2010-05-20 13:24:10,DHG6594,PC-0016,Disconnect
{00000001E90E-34148FBB},2010-05-20 13:37:49,SDT4191,PC-0106,Disconnect
{00000001EAB8-31C24A2B},2010-05-20 13:39:55,UEH9251,PC-0117,Disconnect
{00000001C3B5-36DE5F02},2010-05-20 13:45:06,ADG1145,PC-0001,Connect
{00000001D455-274BFAB7},2010-05-20 13:58:20,TWU8511,PC-0115,Connect
{00000001C98E-3F7ACA5B},2010-05-20 13:58:52,HVG7968,PC-0044,Connect
{00000001C6CF-119C0AC5},2010-05-20 14:22:07,DHG6594,PC-0016,Connect
{00000001D9B6-31C2B555},2010-05-20 14:32:06,ADG1145,PC-0001,Disconnect
{00000001DCD0-3E2BCB6D},2010-05-20 14:45:07,DHG6594,PC-0016,Disconnect
{00000001DF8F-03068C4D},2010-05-20 14:52:52,HVG7968,PC-0044,Disconnect
{00000001D078-0D78F845},2010-05-20 15:08:39,OLN5687,PC-0088,Connect
{00000001EA56-28AE92B5},2010-05-20 15:12:20,TWU8511,PC-0115,Disconnect
{00000001D15C-19B0E177},2010-05-20 15:32:13,QHQ5150,PC-0098,Connect
{00000001D3D9-08470CEA},2010-05-20 15:49:30,TVL8047,PC-0114,Connect
{00000001E9DA-313099F2},2010-05-20 15:51:30,TVL8047,PC-0114,Disconnect
{00000001E679-357804F5},2010-05-20 16:11:39,OLN5687,PC-0088,Disconnect
{00000001E75D-197F1C71},2010-05-20 16:16:13,QHQ5150,PC-0098,Disconnect
{00000001D15D-03D04726},2010-05-20 17:20:54,QHQ5150,PC-0098,Connect
{00000001D1C9-2DEF964C},2010-05-20 17:23:41,QSC3123,PC-0100,Connect
{00000001E75E-1E6FD122},2010-05-20 17:38:54,QHQ5150,PC-0098,Disconnect
{00000001C98D-3972CDD2},2010-05-20 17:48:14,HVG7968,PC-0044,Connect
{00000001DF8E-24CC191A},2010-05-20 17:59:14,HVG7968,PC-0044,Disconnect
{00000001E7CA-14197D94},2010-05-20 18:39:41,QSC3123,PC-0100,Disconnect
{00000001CC7C-10C21C2B},2010-05-21 07:52:21,KIX3704,PC-0058,Connect
{00000001D1CA-3AA16318},2010-05-21 08:15:49,QSC3123,PC-0100,Connect
{00000001CE28-2A076393},2010-05-21 08:33:22,MGI5307,PC-0072,Connect
{00000001E27D-324D5C4B},2010-05-21 08:41:21,KIX3704,PC-0058,Disconnect
{00000001E7CB-379E5A47},2010-05-21 08:44:49,QSC3123,PC-0100,Disconnect
{00000001D458-01E44298},2010-05-21 09:01:45,TWU8511,PC-0115,Connect
{00000001EA59-08C994A2},2010-05-21 09:06:45,TWU8511,PC-0115,Disconnect
{00000001CE9E-3177C25A},2010-05-21 09:11:14,NDV4503,PC-0078,Connect
{00000001E429-2037A286},2010-05-21 09:20:22,MGI5307,PC-0072,Disconnect
{00000001D55B-044D0A9A},2010-05-21 09:38:57,UQK8227,PC-0120,Connect
{00000001E49F-3E96C8D3},2010-05-21 09:42:14,NDV4503,PC-0078,Disconnect
{00000001D39A-05DCBC5E},2010-05-21 09:53:01,SHV5792,PC-0108,Connect
{00000001CD37-35FAC7D0},2010-05-21 10:00:30,KYR0991,PC-0061,Connect
{00000001CF8C-1C344FB1},2010-05-21 10:12:03,OEM8566,PC-0085,Connect
{00000001D911-18DA4DA4},2010-05-21 10:12:42,ZUI9718,PC-0157,Connect
{00000001EB5C-327DB6EF},2010-05-21 10:19:57,UQK8227,PC-0120,Disconnect
{00000001CC7B-0C6C98E2},2010-05-21 10:27:17,KIX3704,PC-0058,Connect
{00000001CFC8-124645F5},2010-05-21 10:51:47,OET6830,PC-0086,Connect
{00000001EF12-0DCDE26E},2010-05-21 10:56:42,ZUI9718,PC-0157,Disconnect
{00000001E338-105BB5D0},2010-05-21 11:02:30,KYR0991,PC-0061,Disconnect
{00000001E99B-12E84B84},2010-05-21 11:04:01,SHV5792,PC-0108,Disconnect
{00000001E5C9-0FE6A1B5},2010-05-21 11:08:47,OET6830,PC-0086,Disconnect
{00000001E58D-296DFF82},2010-05-21 11:13:03,OEM8566,PC-0085,Disconnect
{00000001D5B3-33A08C1A},2010-05-21 11:14:28,USS4618,PC-0121,Connect
{00000001CF47-114AE8DF},2010-05-21 11:21:35,NRU3936,PC-0083,Connect
{00000001EBB4-132C1D0A},2010-05-21 11:27:28,USS4618,PC-0121,Disconnect
{00000001E27C-120954D5},2010-05-21 11:45:17,KIX3704,PC-0058,Disconnect
{00000001C3B6-36B90A57},2010-05-21 11:50:59,ADG1145,PC-0001,Connect
{00000001D70B-2394DF5D},2010-05-21 12:01:11,WLH0216,PC-0135,Connect
{00000001E548-36A2C18A},2010-05-21 12:11:35,NRU3936,PC-0083,Disconnect
{00000001D84B-24F19940},2010-05-21 12:12:06,YLE8326,PC-0147,Connect
{00000001D07B-3F738D19},2010-05-21 12:29:28,OLN5687,PC-0088,Connect
{00000001CA3A-25C5D21C},2010-05-21 12:32:38,IDI9618,PC-0048,Connect
{00000001D456-2905A32D},2010-05-21 12:39:33,TWU8511,PC-0115,Connect
{00000001D079-36F6E814},2010-05-21 13:05:59,OLN5687,PC-0088,Connect
{00000001D9B7-272FAE7D},2010-05-21 13:08:59,ADG1145,PC-0001,Disconnect
{00000001CC7A-3AEE2481},2010-05-21 13:16:38,KIX3704,PC-0058,Connect
{00000001E67C-04D73844},2010-05-21 13:20:28,OLN5687,PC-0088,Disconnect
{00000001ED0C-31FAFA8D},2010-05-21 13:25:11,WLH0216,PC-0135,Disconnect
{00000001E03B-17861177},2010-05-21 13:27:38,IDI9618,PC-0048,Disconnect
{00000001D45A-36298920},2010-05-21 13:33:05,TWU8511,PC-0115,Connect
{00000001EE4C-0DDF5DCA},2010-05-21 13:38:06,YLE8326,PC-0147,Disconnect
{00000001D07A-3A7F4773},2010-05-21 13:39:15,OLN5687,PC-0088,Connect
{00000001EA57-3F2C7A94},2010-05-21 13:47:33,TWU8511,PC-0115,Disconnect
{00000001EFAB-330EF8C3},2010-05-21 13:49:18,HMR4907,PC-0043,Connect
{00000001E67A-3637ECAD},2010-05-21 13:55:59,OLN5687,PC-0088,Disconnect
{00000001F135-12A9B7A6},2010-05-21 14:05:18,HMR4907,PC-0043,Disconnect
{00000001C453-0F3D84F4},2010-05-21 14:09:30,AYY2409,PC-0005,Connect
{00000001E67B-1E35FCEA},2010-05-21 14:10:15,OLN5687,PC-0088,Disconnect
{00000001CBB8-02EA9B9C},2010-05-21 14:20:43,JMM0438,PC-0053,Connect
{00000001CDBE-2955E609},2010-05-21 14:28:33,LYE5717,PC-0069,Connect
{00000001E27B-3BC52125},2010-05-21 14:30:38,KIX3704,PC-0058,Disconnect
{00000001EA5B-066AEE1B},2010-05-21 14:33:05,TWU8511,PC-0115,Disconnect
{00000001DA54-23BCD817},2010-05-21 14:47:30,AYY2409,PC-0005,Disconnect
{00000001E3BF-26DD3C03},2010-05-21 14:57:33,LYE5717,PC-0069,Disconnect
{00000001D822-2A611346},2010-05-21 15:09:17,YIO5206,PC-0146,Connect
{00000001D459-34BD5DD4},2010-05-21 15:10:20,TWU8511,PC-0115,Connect
{00000001C6D1-20713E7C},2010-05-21 15:20:14,DHG6594,PC-0016,Connect
{00000001E1B9-1BC30BBC},2010-05-21 15:28:43,JMM0438,PC-0053,Disconnect
{00000001EE23-134DFC0E},2010-05-21 15:38:17,YIO5206,PC-0146,Disconnect
{00000001D30E-01A1FA6E},2010-05-21 15:45:08,SDT4191,PC-0106,Connect
{00000001D25F-33E04F29},2010-05-21 16:00:05,RUT1946,PC-0104,Connect
{00000001DCD2-20FFF41C},2010-05-21 16:08:14,DHG6594,PC-0016,Disconnect
{00000001EA5A-1BB44D45},2010-05-21 16:13:20,TWU8511,PC-0115,Disconnect
{00000001D457-244DDA04},2010-05-21 16:25:35,TWU8511,PC-0115,Connect
{00000001EA58-39ED4C7F},2010-05-21 16:28:35,TWU8511,PC-0115,Disconnect
{00000001E860-0536AB74},2010-05-21 16:32:05,RUT1946,PC-0104,Disconnect
{00000001C490-2527CFFA},2010-05-21 16:42:20,AZE5960,PC-0006,Connect
{00000001E90F-178588A4},2010-05-21 16:59:08,SDT4191,PC-0106,Disconnect
{00000001DA91-141C19CC},2010-05-21 17:18:20,AZE5960,PC-0006,Disconnect
{00000001C902-187E3B6E},2010-05-21 17:20:48,HMR4907,PC-0043,Connect
{00000001DF03-2685621B},2010-05-21 17:38:48,HMR4907,PC-0043,Disconnect
{00000001CBB7-20C3B430},2010-05-21 17:50:18,JMM0438,PC-0053,Connect
{00000001E1B8-24D8202E},2010-05-21 18:01:18,JMM0438,PC-0053,Disconnect
{00000001F2F1-17E5F851},2010-05-21 18:26:33,VBW2813,PC-0124,Connect
{00000001F3BA-3FB3B5F9},2010-05-21 19:39:33,VBW2813,PC-0124,Disconnect
{00000001F2F2-1C3890F4},2010-05-21 21:00:38,VBW2813,PC-0124,Connect
{00000001F3BB-171239F0},2010-05-21 21:38:38,VBW2813,PC-0124,Disconnect
{00000001F2F3-34FC7887},2010-05-24 02:43:05,VBW2813,PC-0124,Connect
{00000001F3BC-3A7AEE42},2010-05-24 04:07:05,VBW2813,PC-0124,Disconnect
{00000001F060-082F328D},2010-05-24 07:07:22,VBW2813,PC-0124,Connect
{00000001D70C-25DC95CB},2010-05-24 07:10:55,WLH0216,PC-0135,Connect
{00000001CD39-3C63F2EA},2010-05-24 07:20:50,KYR0991,PC-0061,Connect
{00000001D5B4-28F04A7B},2010-05-24 07:30:03,USS4618,PC-0121,Connect
{00000001D912-271F78BA},2010-05-24 07:36:12,ZUI9718,PC-0157,Connect
{00000001EF13-02058B86},2010-05-24 07:45:12,ZUI9718,PC-0157,Disconnect
{00000001ED0D-1BE26F8F},2010-05-24 07:47:55,WLH0216,PC-0135,Disconnect
{00000001EBB5-17BF09B4},2010-05-24 07:54:03,USS4618,PC-0121,Disconnect
{00000001F1EA-08669123},2010-05-24 07:56:22,VBW2813,PC-0124,Disconnect
{00000001CE9F-39A6E655},2010-05-24 07:56:56,NDV4503,PC-0078,Connect
{00000001D07D-34505277},2010-05-24 08:07:43,OLN5687,PC-0088,Connect
{00000001C600-2F29B6AD},2010-05-24 08:42:33,CVC0519,PC-0015,Connect
{00000001E33A-3450C355},2010-05-24 08:43:50,KYR0991,PC-0061,Disconnect
{00000001CE02-1F92ABCD},2010-05-24 08:46:20,MDR4757,PC-0071,Connect
{00000001CD38-13FF299E},2010-05-24 08:48:07,KYR0991,PC-0061,Connect
{00000001D913-171C1A74},2010-05-24 09:04:48,ZUI9718,PC-0157,Connect
{00000001D2A6-30D486E9},2010-05-24 09:11:48,SBF1746,PC-0105,Connect
{00000001E4A0-105582E5},2010-05-24 09:20:56,NDV4503,PC-0078,Disconnect
{00000001E403-08C8656C},2010-05-24 09:30:20,MDR4757,PC-0071,Disconnect
{00000001E67E-007C6AD3},2010-05-24 09:33:43,OLN5687,PC-0088,Disconnect
{00000001DC01-02CCE9FC},2010-05-24 09:36:33,CVC0519,PC-0015,Disconnect
{00000001E339-1867309F},2010-05-24 09:46:07,KYR0991,PC-0061,Disconnect
{00000001D260-314BC5D7},2010-05-24 09:50:57,RUT1946,PC-0104,Connect
{00000001C601-0807814E},2010-05-24 09:51:44,CVC0519,PC-0015,Connect
{00000001E8A7-284B93C0},2010-05-24 09:52:48,SBF1746,PC-0105,Disconnect
{00000001D30F-3445B250},2010-05-24 10:13:42,SDT4191,PC-0106,Connect
{00000001EF14-3A2B9F47},2010-05-24 10:26:48,ZUI9718,PC-0157,Disconnect
{00000001E861-2CE7EB62},2010-05-24 10:36:57,RUT1946,PC-0104,Disconnect
{00000001C98F-1C0212BD},2010-05-24 10:51:27,HVG7968,PC-0044,Connect
{00000001DC02-0709C29B},2010-05-24 10:52:44,CVC0519,PC-0015,Disconnect
{00000001E910-330BCE74},2010-05-24 10:57:42,SDT4191,PC-0106,Disconnect
{00000001DF90-34C23DAB},2010-05-24 11:20:27,HVG7968,PC-0044,Disconnect
{00000001D7CE-3754E86A},2010-05-24 11:41:03,YDM6963,PC-0145,Connect
{00000001D310-3185B6DC},2010-05-24 12:15:06,SDT4191,PC-0106,Connect
{00000001EDCF-1290371E},2010-05-24 12:20:03,YDM6963,PC-0145,Disconnect
{00000001E911-10074BC4},2010-05-24 13:16:06,SDT4191,PC-0106,Disconnect
{00000001D1CC-3AFF055E},2010-05-24 13:29:45,QSC3123,PC-0100,Connect
{00000001E7CD-106058DF},2010-05-24 14:43:45,QSC3123,PC-0100,Disconnect
{00000001CCCB-12643CCA},2010-05-24 14:44:34,KJX0944,PC-0059,Connect
{00000001D07E-0CD9D447},2010-05-24 14:46:25,OLN5687,PC-0088,Connect
{00000001D764-2AEE33D0},2010-05-24 14:53:15,XGF2493,PC-0139,Connect
{00000001CF48-2A8EDD22},2010-05-24 15:11:53,NRU3936,PC-0083,Connect
{00000001E67F-06D54528},2010-05-24 15:30:25,OLN5687,PC-0088,Disconnect
{00000001D1CB-149A9DD0},2010-05-24 15:42:14,QSC3123,PC-0100,Connect
{00000001E549-2F4407BA},2010-05-24 15:42:53,NRU3936,PC-0083,Disconnect
{00000001E7CC-15DC84FA},2010-05-24 15:53:14,QSC3123,PC-0100,Disconnect
{00000001E2CC-3D45084C},2010-05-24 15:57:34,KJX0944,PC-0059,Disconnect
{00000001ED65-087F8A0A},2010-05-24 16:02:15,XGF2493,PC-0139,Disconnect
{00000001C8A1-169B7082},2010-05-24 16:26:28,GRQ1397,PC-0036,Connect
{00000001DEA2-267AEED9},2010-05-24 16:42:28,GRQ1397,PC-0036,Disconnect
{00000001C602-316D0813},2010-05-24 16:51:00,CVC0519,PC-0015,Connect
{00000001D4B9-162CB1CB},2010-05-24 16:52:05,UEH9251,PC-0117,Connect
{00000001EABA-3CB766AE},2010-05-24 17:27:05,UEH9251,PC-0117,Disconnect
{00000001DC03-0BEFB9C8},2010-05-24 17:28:00,CVC0519,PC-0015,Disconnect
{00000001C832-0B965F45},2010-05-24 17:52:01,FCN9756,PC-0031,Connect
{00000001D07C-01ACC97C},2010-05-24 17:57:17,OLN5687,PC-0088,Connect
{00000001DE33-2D726DF2},2010-05-24 18:15:01,FCN9756,PC-0031,Disconnect
{00000001E67D-249514D8},2010-05-24 19:15:17,OLN5687,PC-0088,Disconnect
{00000001F2F4-1D994081},2010-05-24 21:50:22,VBW2813,PC-0124,Connect
{00000001F3BD-224F6982},2010-05-24 22:22:22,VBW2813,PC-0124,Disconnect
{00000001CF4A-3B338FAA},2010-05-25 07:04:06,NRU3936,PC-0083,Connect
{00000001D07F-25C2DABB},2010-05-25 07:19:25,OLN5687,PC-0088,Connect
{00000001D39B-22E1FC11},2010-05-25 07:21:22,SHV5792,PC-0108,Connect
{00000001E680-070A63FE},2010-05-25 07:22:25,OLN5687,PC-0088,Disconnect
{00000001C603-3179F253},2010-05-25 07:24:03,CVC0519,PC-0015,Connect
{00000001C6D4-3D3F0D58},2010-05-25 07:44:30,DHG6594,PC-0016,Connect
{00000001F063-06F8006F},2010-05-25 07:54:36,VBW2813,PC-0124,Connect
{00000001E54B-3F87898C},2010-05-25 08:22:06,NRU3936,PC-0083,Disconnect
{00000001D70D-2B188CC2},2010-05-25 08:26:58,WLH0216,PC-0135,Connect
{00000001DC04-23AA886F},2010-05-25 08:34:03,CVC0519,PC-0015,Disconnect
{00000001D68D-1F52E757},2010-05-25 08:42:30,VNI5142,PC-0129,Connect
{00000001E99C-06986DC5},2010-05-25 08:49:22,SHV5792,PC-0108,Disconnect
{00000001C8EB-2A8DA88F},2010-05-25 08:49:56,GUG7168,PC-0037,Connect
{00000001CF4B-38345E91},2010-05-25 08:51:21,NRU3936,PC-0083,Connect
{00000001DCD5-09DF8AFA},2010-05-25 08:55:30,DHG6594,PC-0016,Disconnect
{00000001F1ED-35CB5020},2010-05-25 08:55:36,VBW2813,PC-0124,Disconnect
{00000001EC8E-13D5BB49},2010-05-25 09:04:30,VNI5142,PC-0129,Disconnect
{00000001DEEC-0142B6E6},2010-05-25 09:18:56,GUG7168,PC-0037,Disconnect
{00000001D3C6-15D720A0},2010-05-25 09:24:04,TTJ2624,PC-0112,Connect
{00000001ED0E-34C958BC},2010-05-25 09:38:58,WLH0216,PC-0135,Disconnect
{00000001E9C7-0EE54127},2010-05-25 09:48:04,TTJ2624,PC-0112,Disconnect
{00000001C9FD-3F9238E3},2010-05-25 09:48:37,IAC0900,PC-0045,Connect
{00000001C7C9-3418A0A9},2010-05-25 09:52:32,EHP1536,PC-0027,Connect
{00000001E54C-1ABB9F08},2010-05-25 10:09:21,NRU3936,PC-0083,Disconnect
{00000001F061-15DB54BA},2010-05-25 10:15:40,VBW2813,PC-0124,Connect
{00000001DFFE-3726530E},2010-05-25 10:17:37,IAC0900,PC-0045,Disconnect
{00000001DDCA-19B16EE5},2010-05-25 10:38:32,EHP1536,PC-0027,Disconnect
{00000001EFAC-23AC03CC},2010-05-25 10:59:16,HMR4907,PC-0043,Connect
{00000001F136-039A87D2},2010-05-25 11:03:16,HMR4907,PC-0043,Disconnect
{00000001C500-36A5651B},2010-05-25 11:16:17,COX0638,PC-0012,Connect
{00000001D10D-38A444F6},2010-05-25 11:16:29,OYC3975,PC-0091,Connect
{00000001F1EB-33FAA00B},2010-05-25 11:29:40,VBW2813,PC-0124,Disconnect
{00000001CC7D-37D52DE9},2010-05-25 11:39:47,KIX3704,PC-0058,Connect
{00000001E27E-31F15FD5},2010-05-25 11:45:47,KIX3704,PC-0058,Disconnect
{00000001DB01-009EC989},2010-05-25 11:46:17,COX0638,PC-0012,Disconnect
{00000001E70E-1FC05729},2010-05-25 12:13:29,OYC3975,PC-0091,Disconnect
{00000001C4E4-3EF3A2F5},2010-05-25 12:19:10,COU3039,PC-0011,Connect
{00000001CBB9-3D9497C4},2010-05-25 13:12:43,JMM0438,PC-0053,Connect
{00000001DAE5-0B0F5845},2010-05-25 13:40:10,COU3039,PC-0011,Disconnect
{00000001C6D2-27E214B5},2010-05-25 13:43:04,DHG6594,PC-0016,Connect
{00000001E1BA-2299F2BF},2010-05-25 13:48:43,JMM0438,PC-0053,Disconnect
{00000001C40E-2F5DA33F},2010-05-25 14:04:36,AUI6616,PC-0004,Connect
{00000001CE29-3FE7F2DA},2010-05-25 14:18:55,MGI5307,PC-0072,Connect
{00000001CF49-37DA6726},2010-05-25 14:25:40,NRU3936,PC-0083,Connect
{00000001C4AF-27A7B067},2010-05-25 14:31:30,BFH3103,PC-0007,Connect
{00000001F064-2C6F5D8D},2010-05-25 14:48:04,VBW2813,PC-0124,Connect
{00000001DCD3-3D4822C8},2010-05-25 14:56:04,DHG6594,PC-0016,Disconnect
{00000001DA0F-0B34DAB5},2010-05-25 14:56:36,AUI6616,PC-0004,Disconnect
{00000001CF4C-3BC7A82A},2010-05-25 15:02:12,NRU3936,PC-0083,Connect
{00000001E42A-2B1FE9B5},2010-05-25 15:06:55,MGI5307,PC-0072,Disconnect
{00000001F1EE-2A0291EB},2010-05-25 15:16:04,VBW2813,PC-0124,Disconnect
{00000001C40F-14BD1B1E},2010-05-25 15:38:42,AUI6616,PC-0004,Connect
{00000001E54A-2E5CFD8D},2010-05-25 15:40:40,NRU3936,PC-0083,Disconnect
{00000001DA10-323EC54C},2010-05-25 15:42:42,AUI6616,PC-0004,Disconnect
{00000001D68C-3D1D08E0},2010-05-25 15:50:49,VNI5142,PC-0129,Connect
{00000001DAB0-24F5DB98},2010-05-25 15:51:30,BFH3103,PC-0007,Disconnect
{00000001EC8D-08CA47FA},2010-05-25 16:09:49,VNI5142,PC-0129,Disconnect
{00000001E54D-281EF5BB},2010-05-25 16:14:12,NRU3936,PC-0083,Disconnect
{00000001C991-1841C9AD},2010-05-25 16:21:38,HVG7968,PC-0044,Connect
{00000001C4E3-1F662965},2010-05-25 16:29:06,COU3039,PC-0011,Connect
{00000001F062-315C0C1A},2010-05-25 16:38:24,VBW2813,PC-0124,Connect
{00000001DAE4-15F4EF02},2010-05-25 16:44:06,COU3039,PC-0011,Disconnect
{00000001D68E-3EF8AF66},2010-05-25 16:49:01,VNI5142,PC-0129,Connect
{00000001DF92-1FCB856D},2010-05-25 16:52:38,HVG7968,PC-0044,Disconnect
{00000001C990-09A15988},2010-05-25 17:19:02,HVG7968,PC-0044,Connect
{00000001C6D3-28F8911A},2010-05-25 17:39:13,DHG6594,PC-0016,Connect
{00000001F1EC-2B40643A},2010-05-25 17:50:24,VBW2813,PC-0124,Disconnect
{00000001DF91-370BFE1E},2010-05-25 17:54:02,HVG7968,PC-0044,Disconnect
{00000001EC8F-35809729},2010-05-25 18:10:01,VNI5142,PC-0129,Disconnect
{00000001DCD4-21466F74},2010-05-25 18:52:13,DHG6594,PC-0016,Disconnect
{00000001F2F5-125C15A7},2010-05-25 21:11:22,VBW2813,PC-0124,Connect
{00000001F3BE-3145626E},2010-05-25 21:18:22,VBW2813,PC-0124,Disconnect
{00000001F2F6-2EEC87A2},2010-05-26 00:24:48,VBW2813,PC-0124,Connect
{00000001F3BF-104940E2},2010-05-26 01:37:48,VBW2813,PC-0124,Disconnect
{00000001CF4D-05ED536F},2010-05-26 07:06:54,NRU3936,PC-0083,Connect
{00000001D134-156E3FF5},2010-05-26 07:16:30,QCT4158,PC-0097,Connect
{00000001CE2A-1731CA7B},2010-05-26 07:33:17,MGI5307,PC-0072,Connect
{00000001D55C-052DEC87},2010-05-26 07:45:32,UQK8227,PC-0120,Connect
{00000001E54E-322CC719},2010-05-26 07:52:54,NRU3936,PC-0083,Disconnect
{00000001D261-0A835634},2010-05-26 08:04:32,RUT1946,PC-0104,Connect
{00000001C9FE-3A957E8C},2010-05-26 08:05:37,IAC0900,PC-0045,Connect
{00000001E42B-16828B16},2010-05-26 08:12:17,MGI5307,PC-0072,Disconnect
{00000001E735-19C755CF},2010-05-26 08:24:30,QCT4158,PC-0097,Disconnect
{00000001EB5D-1238B7BC},2010-05-26 08:28:32,UQK8227,PC-0120,Disconnect
{00000001DFFF-13DD0E81},2010-05-26 08:36:37,IAC0900,PC-0045,Disconnect
{00000001CC7E-2D0F4633},2010-05-26 08:47:44,KIX3704,PC-0058,Connect
{00000001D70E-20DAD658},2010-05-26 08:56:59,WLH0216,PC-0135,Connect
{00000001E27F-0C7D6618},2010-05-26 08:57:44,KIX3704,PC-0058,Disconnect
{00000001E862-070F9BFB},2010-05-26 09:06:32,RUT1946,PC-0104,Disconnect
{00000001C992-23348CE4},2010-05-26 09:13:38,HVG7968,PC-0044,Connect
{00000001D823-13056C49},2010-05-26 09:42:51,YIO5206,PC-0146,Connect
{00000001EE24-2CD20CE4},2010-05-26 10:05:51,YIO5206,PC-0146,Disconnect
{00000001DF93-0E03A61E},2010-05-26 10:07:38,HVG7968,PC-0044,Disconnect
{00000001ED0F-264A4492},2010-05-26 10:15:59,WLH0216,PC-0135,Disconnect
{00000001EFAE-18F88679},2010-05-26 10:30:21,HMR4907,PC-0043,Connect
{00000001F138-00D50245},2010-05-26 11:38:21,HMR4907,PC-0043,Disconnect
{00000001EFAD-0C066673},2010-05-26 11:45:11,HMR4907,PC-0043,Connect
{00000001C833-18899F85},2010-05-26 11:59:50,FCN9756,PC-0031,Connect
{00000001CEB6-0B57DED5},2010-05-26 12:32:44,NJT3274,PC-0081,Connect
{00000001F137-01A14608},2010-05-26 12:37:11,HMR4907,PC-0043,Disconnect
{00000001CBBA-260E658D},2010-05-26 12:44:01,JMM0438,PC-0053,Connect
{00000001C80B-3674C25C},2010-05-26 12:49:50,ETS3545,PC-0029,Connect
{00000001E1BB-0A72038B},2010-05-26 12:54:01,JMM0438,PC-0053,Disconnect
{00000001DE34-245F88DF},2010-05-26 12:59:50,FCN9756,PC-0031,Disconnect
{00000001D5B5-1EF51BE0},2010-05-26 13:02:12,USS4618,PC-0121,Connect
{00000001C576-0E981C11},2010-05-26 13:06:48,CQZ8674,PC-0013,Connect
{00000001D914-38163AF6},2010-05-26 13:15:27,ZUI9718,PC-0157,Connect
{00000001DB77-069D3428},2010-05-26 13:23:48,CQZ8674,PC-0013,Disconnect
{00000001EBB6-2D161A78},2010-05-26 13:36:12,USS4618,PC-0121,Disconnect
{00000001F066-222135D4},2010-05-26 13:42:42,VBW2813,PC-0124,Connect
{00000001CE84-28A4E2DF},2010-05-26 13:43:18,NBM1814,PC-0077,Connect
{00000001F1F0-29C9576C},2010-05-26 13:46:42,VBW2813,PC-0124,Disconnect
{00000001CE51-11655DD6},2010-05-26 13:46:48,MSH7807,PC-0075,Connect
{00000001E4B7-0AC42BD3},2010-05-26 13:50:44,NJT3274,PC-0081,Disconnect
{00000001D765-197B3D8C},2010-05-26 13:54:13,XGF2493,PC-0139,Connect
{00000001DE0C-384160AF},2010-05-26 14:07:50,ETS3545,PC-0029,Disconnect
{00000001C5AE-082CADA7},2010-05-26 14:09:50,CUR4388,PC-0014,Connect
{00000001E485-2C804E07},2010-05-26 14:17:18,NBM1814,PC-0077,Disconnect
{00000001EF15-0D82A6CD},2010-05-26 14:21:27,ZUI9718,PC-0157,Disconnect
{00000001E452-23F9D4F7},2010-05-26 14:36:48,MSH7807,PC-0075,Disconnect
{00000001ED66-1DC9E997},2010-05-26 15:03:13,XGF2493,PC-0139,Disconnect
{00000001D5F4-3FC3C0FA},2010-05-26 15:10:47,UUU6648,PC-0122,Connect
{00000001DBAF-3DA0006B},2010-05-26 15:13:50,CUR4388,PC-0014,Disconnect
{00000001C6D6-32BC4D0B},2010-05-26 15:38:38,DHG6594,PC-0016,Connect
{00000001F065-17EAE9C3},2010-05-26 15:40:36,VBW2813,PC-0124,Connect
{00000001DCD7-397787FF},2010-05-26 15:55:38,DHG6594,PC-0016,Disconnect
{00000001D68F-1BBD410F},2010-05-26 16:03:07,VNI5142,PC-0129,Connect
{00000001F1EF-3FD8F372},2010-05-26 16:10:36,VBW2813,PC-0124,Disconnect
{00000001EBF5-2847FF55},2010-05-26 16:12:47,UUU6648,PC-0122,Disconnect
{00000001C993-3DF168B7},2010-05-26 16:18:02,HVG7968,PC-0044,Connect
{00000001CBBB-3605F53E},2010-05-26 16:22:59,JMM0438,PC-0053,Connect
{00000001D311-09EA4966},2010-05-26 16:25:45,SDT4191,PC-0106,Connect
{00000001DF94-1B6EB677},2010-05-26 16:38:02,HVG7968,PC-0044,Disconnect
{00000001EC90-172364BE},2010-05-26 16:44:07,VNI5142,PC-0129,Disconnect
{00000001E912-34C7C1DA},2010-05-26 16:47:45,SDT4191,PC-0106,Disconnect
{00000001D45B-241146AE},2010-05-26 16:53:50,TWU8511,PC-0115,Connect
{00000001CFC9-266C454B},2010-05-26 17:12:37,OET6830,PC-0086,Connect
{00000001D95B-1E1F7F27},2010-05-26 17:29:49,ZWA2339,PC-0158,Connect
{00000001F067-132E8E14},2010-05-26 17:35:25,VBW2813,PC-0124,Connect
{00000001C6D5-2084D96C},2010-05-26 17:45:30,DHG6594,PC-0016,Connect
{00000001E1BC-1592753E},2010-05-26 17:45:59,JMM0438,PC-0053,Disconnect
{00000001E5CA-1E37591A},2010-05-26 17:51:37,OET6830,PC-0086,Disconnect
{00000001EA5C-15D6A233},2010-05-26 17:56:50,TWU8511,PC-0115,Disconnect
{00000001EF5C-21D5C22B},2010-05-26 18:05:49,ZWA2339,PC-0158,Disconnect
{00000001F1F1-15C282FF},2010-05-26 18:20:25,VBW2813,PC-0124,Disconnect
{00000001DCD6-02B0C290},2010-05-26 18:21:30,DHG6594,PC-0016,Disconnect
{00000001F2F7-31A3B2DA},2010-05-26 18:56:53,VBW2813,PC-0124,Connect
{00000001F3C0-0B51D27B},2010-05-26 19:57:53,VBW2813,PC-0124,Disconnect
{00000001F2F8-03918ADB},2010-05-26 23:32:43,VBW2813,PC-0124,Connect
{00000001F3C1-076C0965},2010-05-27 00:00:43,VBW2813,PC-0124,Disconnect
{00000001F2F9-047CFF7D},2010-05-27 02:12:38,VBW2813,PC-0124,Connect
{00000001F3C2-19BD9DB2},2010-05-27 02:52:38,VBW2813,PC-0124,Disconnect
{00000001D7CF-1B19DFE2},2010-05-27 07:30:53,YDM6963,PC-0145,Connect
{00000001D39C-18F2514D},2010-05-27 07:42:54,SHV5792,PC-0108,Connect
{00000001EDD0-0E26AA26},2010-05-27 08:08:53,YDM6963,PC-0145,Disconnect
{00000001E99D-11C10F9D},2010-05-27 08:15:54,SHV5792,PC-0108,Disconnect
{00000001CBBC-0E50D7E0},2010-05-27 09:06:57,JMM0438,PC-0053,Connect
{00000001D10E-3FF54643},2010-05-27 09:12:46,OYC3975,PC-0091,Connect
{00000001D502-11003941},2010-05-27 09:32:01,UKR6395,PC-0118,Connect
{00000001C6D7-0E199B5F},2010-05-27 09:33:07,DHG6594,PC-0016,Connect
{00000001CC7F-0E5710B2},2010-05-27 09:34:08,KIX3704,PC-0058,Connect
{00000001CF4E-39F13036},2010-05-27 09:42:36,NRU3936,PC-0083,Connect
{00000001DCD8-0C5D3B4F},2010-05-27 09:43:07,DHG6594,PC-0016,Disconnect
{00000001E70F-2C53B967},2010-05-27 10:05:46,OYC3975,PC-0091,Disconnect
{00000001E1BD-3B3010A3},2010-05-27 10:06:57,JMM0438,PC-0053,Disconnect
{00000001CCCC-25511A84},2010-05-27 10:12:31,KJX0944,PC-0059,Connect
{00000001D5B6-07DB9831},2010-05-27 10:31:29,USS4618,PC-0121,Connect
{00000001EB03-2DB49E67},2010-05-27 10:35:01,UKR6395,PC-0118,Disconnect
{00000001E2CD-23BC3022},2010-05-27 10:37:31,KJX0944,PC-0059,Disconnect
{00000001E54F-02421870},2010-05-27 10:48:36,NRU3936,PC-0083,Disconnect
{00000001E280-13C426C4},2010-05-27 10:57:08,KIX3704,PC-0058,Disconnect
{00000001EBB7-2458B8E9},2010-05-27 11:13:29,USS4618,PC-0121,Disconnect
{00000001C994-0B5B9FAE},2010-05-27 11:40:57,HVG7968,PC-0044,Connect
{00000001D262-21C180D0},2010-05-27 11:50:11,RUT1946,PC-0104,Connect
{00000001C577-25E0C2A9},2010-05-27 12:12:47,CQZ8674,PC-0013,Connect
{00000001E863-1A1DFA41},2010-05-27 12:14:11,RUT1946,PC-0104,Disconnect
{00000001EFAF-01AC6D32},2010-05-27 12:42:17,HMR4907,PC-0043,Connect
{00000001DF95-33307044},2010-05-27 12:57:57,HVG7968,PC-0044,Disconnect
{00000001F139-3C87E14F},2010-05-27 12:58:17,HMR4907,PC-0043,Disconnect
{00000001F068-2E208DD0},2010-05-27 13:15:51,VBW2813,PC-0124,Connect
{00000001D39D-2AAED9A8},2010-05-27 13:24:49,SHV5792,PC-0108,Connect
{00000001D5B7-2BA4C469},2010-05-27 13:32:05,USS4618,PC-0121,Connect
{00000001E99E-04EF6C72},2010-05-27 13:33:49,SHV5792,PC-0108,Disconnect
{00000001DB78-2DAF3F26},2010-05-27 13:34:47,CQZ8674,PC-0013,Disconnect
{00000001EBB8-27BE434E},2010-05-27 13:42:05,USS4618,PC-0121,Disconnect
{00000001CD3A-3452B24B},2010-05-27 14:37:14,KYR0991,PC-0061,Connect
{00000001F1F2-3A618FEA},2010-05-27 14:40:51,VBW2813,PC-0124,Disconnect
{00000001C604-145D4522},2010-05-27 14:43:41,CVC0519,PC-0015,Connect
{00000001D080-30FF2A2D},2010-05-27 15:03:52,OLN5687,PC-0088,Connect
{00000001DC05-1D44209C},2010-05-27 15:28:41,CVC0519,PC-0015,Disconnect
{00000001E681-3DC81855},2010-05-27 15:40:52,OLN5687,PC-0088,Disconnect
{00000001E33B-32306B56},2010-05-27 15:49:14,KYR0991,PC-0061,Disconnect
{00000001C4E5-39610D34},2010-05-27 16:01:15,COU3039,PC-0011,Connect
{00000001C8A2-0B5F5ED6},2010-05-27 16:22:19,GRQ1397,PC-0036,Connect
{00000001D312-362A7CCD},2010-05-27 16:26:00,SDT4191,PC-0106,Connect
{00000001DAE6-1249A9BB},2010-05-27 16:30:15,COU3039,PC-0011,Disconnect
{00000001DEA3-3D060E0D},2010-05-27 16:53:19,GRQ1397,PC-0036,Disconnect
{00000001D5B8-0032BA28},2010-05-27 16:55:49,USS4618,PC-0121,Connect
{00000001C9FF-3E365641},2010-05-27 16:58:22,IAC0900,PC-0045,Connect
{00000001D3CC-1DFEBCD0},2010-05-27 17:00:42,TTS7860,PC-0113,Connect
{00000001C605-0F4B847F},2010-05-27 17:12:43,CVC0519,PC-0015,Connect
{00000001E9CD-1DFEBEE0},2010-05-27 17:15:42,TTS7860,PC-0113,Disconnect
{00000001D55D-04888089},2010-05-27 17:16:36,UQK8227,PC-0120,Connect
{00000001E913-0260AE0E},2010-05-27 17:17:00,SDT4191,PC-0106,Disconnect
{00000001EB5E-2BD89878},2010-05-27 17:28:36,UQK8227,PC-0120,Disconnect
{00000001DC06-38F622E1},2010-05-27 17:31:43,CVC0519,PC-0015,Disconnect
{00000001D5F5-2476B148},2010-05-27 17:32:38,UUU6648,PC-0122,Connect
{00000001CF8D-0DAA71DC},2010-05-27 17:42:19,OEM8566,PC-0085,Connect
{00000001C454-21DBF5C9},2010-05-27 17:59:54,AYY2409,PC-0005,Connect
{00000001DA55-2FDBCDA0},2010-05-27 18:13:54,AYY2409,PC-0005,Disconnect
{00000001EBB9-0DA146AB},2010-05-27 18:23:49,USS4618,PC-0121,Disconnect
{00000001E000-015269E5},2010-05-27 18:27:22,IAC0900,PC-0045,Disconnect
{00000001EBF6-0DDF7864},2010-05-27 18:37:38,UUU6648,PC-0122,Disconnect
{00000001F2FB-097D411D},2010-05-27 18:48:30,VBW2813,PC-0124,Connect
{00000001E58E-3DBE2D58},2010-05-27 19:05:19,OEM8566,PC-0085,Disconnect
{00000001F3C4-0E3E91DB},2010-05-27 19:58:30,VBW2813,PC-0124,Disconnect
{00000001F2FA-38BFAD90},2010-05-27 21:44:13,VBW2813,PC-0124,Connect
{00000001F3C3-350233B5},2010-05-27 22:36:13,VBW2813,PC-0124,Disconnect
{00000001F2FD-3ACAF793},2010-05-28 04:50:30,VBW2813,PC-0124,Connect
{00000001F3C6-3AAEAF43},2010-05-28 05:15:30,VBW2813,PC-0124,Disconnect
{00000001F069-0D3E4486},2010-05-28 07:22:15,VBW2813,PC-0124,Connect
{00000001CA93-30145C10},2010-05-28 07:30:52,IVL8082,PC-0051,Connect
{00000001F1F3-0B3DE994},2010-05-28 07:40:15,VBW2813,PC-0124,Disconnect
{00000001CA00-3D45CBEE},2010-05-28 08:03:12,IAC0900,PC-0045,Connect
{00000001E094-11B45374},2010-05-28 08:23:52,IVL8082,PC-0051,Disconnect
{00000001E001-13E9349A},2010-05-28 08:34:12,IAC0900,PC-0045,Disconnect
{00000001C834-308D2345},2010-05-28 08:47:07,FCN9756,PC-0031,Connect
{00000001CBBE-0230D230},2010-05-28 09:11:18,JMM0438,PC-0053,Connect
{00000001D7D0-2475FB02},2010-05-28 09:18:03,YDM6963,PC-0145,Connect
{00000001CBBD-2FE348C4},2010-05-28 09:27:00,JMM0438,PC-0053,Connect
{00000001D690-0EF1B053},2010-05-28 09:32:47,VNI5142,PC-0129,Connect
{00000001DE35-1E7C6BCF},2010-05-28 09:33:07,FCN9756,PC-0031,Disconnect
{00000001C455-35222959},2010-05-28 09:46:35,AYY2409,PC-0005,Connect
{00000001E1BE-219AB4DD},2010-05-28 09:49:00,JMM0438,PC-0053,Disconnect
{00000001E1BF-28B5D4AD},2010-05-28 09:50:18,JMM0438,PC-0053,Disconnect
{00000001CEB7-3F228D8B},2010-05-28 09:59:10,NJT3274,PC-0081,Connect
{00000001D889-17CC3857},2010-05-28 10:10:46,YST5811,PC-0149,Connect
{00000001C8A4-3B637B3C},2010-05-28 10:19:51,GRQ1397,PC-0036,Connect
{00000001EDD1-0FD6C4FE},2010-05-28 10:21:03,YDM6963,PC-0145,Disconnect
{00000001DA56-1A16FACA},2010-05-28 10:23:35,AYY2409,PC-0005,Disconnect
{00000001EC91-01F432E5},2010-05-28 10:24:47,VNI5142,PC-0129,Disconnect
{00000001E4B8-340673EE},2010-05-28 10:31:10,NJT3274,PC-0081,Disconnect
{00000001D1CE-3E15DC04},2010-05-28 10:36:58,QSC3123,PC-0100,Connect
{00000001D867-35AB339A},2010-05-28 10:47:51,YNX1016,PC-0148,Connect
{00000001D1CD-2498DBE3},2010-05-28 10:51:02,QSC3123,PC-0100,Connect
{00000001E7CF-2EC96354},2010-05-28 11:06:58,QSC3123,PC-0100,Disconnect
{00000001DEA5-04FD767B},2010-05-28 11:08:51,GRQ1397,PC-0036,Disconnect
{00000001EE8A-1A18D02C},2010-05-28 11:09:46,YST5811,PC-0149,Disconnect
{00000001CDBF-064BC214},2010-05-28 11:14:53,LYE5717,PC-0069,Connect
{00000001F06A-2CB20070},2010-05-28 11:47:41,VBW2813,PC-0124,Connect
{00000001EE68-043BF237},2010-05-28 12:10:51,YNX1016,PC-0148,Disconnect
{00000001E7CE-233BFFE5},2010-05-28 12:13:02,QSC3123,PC-0100,Disconnect
{00000001E3C0-1A2B515E},2010-05-28 12:17:53,LYE5717,PC-0069,Disconnect
{00000001F1F4-1A3AC3AA},2010-05-28 12:34:41,VBW2813,PC-0124,Disconnect
{00000001C491-2FE5C3EB},2010-05-28 12:41:12,AZE5960,PC-0006,Connect
{00000001D7D1-0DCF1AF9},2010-05-28 13:02:33,YDM6963,PC-0145,Connect
{00000001D916-36923AF0},2010-05-28 13:17:19,ZUI9718,PC-0157,Connect
{00000001DA92-121151BD},2010-05-28 13:27:12,AZE5960,PC-0006,Disconnect
{00000001EF17-3ADD0348},2010-05-28 13:37:19,ZUI9718,PC-0157,Disconnect
{00000001D766-388D6890},2010-05-28 13:42:11,XGF2493,PC-0139,Connect
{00000001D081-1A133554},2010-05-28 13:45:06,OLN5687,PC-0088,Connect
{00000001D082-187F0309},2010-05-28 13:56:11,OLN5687,PC-0088,Connect
{00000001D691-392E933C},2010-05-28 13:59:03,VNI5142,PC-0129,Connect
{00000001E683-2EC62519},2010-05-28 14:15:11,OLN5687,PC-0088,Disconnect
{00000001D503-12C69DEC},2010-05-28 14:24:10,UKR6395,PC-0118,Connect
{00000001D55E-00CBA792},2010-05-28 14:25:35,UQK8227,PC-0120,Connect
{00000001EDD2-0EAE2F42},2010-05-28 14:31:33,YDM6963,PC-0145,Disconnect
{00000001C456-3EE8C718},2010-05-28 14:31:36,AYY2409,PC-0005,Connect
{00000001C8A3-384A058D},2010-05-28 14:32:47,GRQ1397,PC-0036,Connect
{00000001ED67-0D9868E1},2010-05-28 14:36:11,XGF2493,PC-0139,Disconnect
{00000001EB5F-0F4EC516},2010-05-28 14:37:35,UQK8227,PC-0120,Disconnect
{00000001EC92-0A93CCF0},2010-05-28 14:40:03,VNI5142,PC-0129,Disconnect
{00000001EB04-179843A6},2010-05-28 14:43:10,UKR6395,PC-0118,Disconnect
{00000001DA57-2A1964F6},2010-05-28 14:44:36,AYY2409,PC-0005,Disconnect
{00000001E682-2200158B},2010-05-28 15:10:06,OLN5687,PC-0088,Disconnect
{00000001D504-12AA3D4D},2010-05-28 15:17:34,UKR6395,PC-0118,Connect
{00000001D692-3E37F918},2010-05-28 15:18:40,VNI5142,PC-0129,Connect
{00000001D39E-3294E035},2010-05-28 15:25:19,SHV5792,PC-0108,Connect
{00000001DEA4-21B968A5},2010-05-28 15:27:47,GRQ1397,PC-0036,Disconnect
{00000001EC93-1A8FD8F0},2010-05-28 15:30:40,VNI5142,PC-0129,Disconnect
{00000001CF8E-1F891B5F},2010-05-28 15:50:01,OEM8566,PC-0085,Connect
{00000001E99F-20213FBC},2010-05-28 16:30:19,SHV5792,PC-0108,Disconnect
{00000001D915-047AFD6A},2010-05-28 16:34:20,ZUI9718,PC-0157,Connect
{00000001CC80-337F64F9},2010-05-28 16:36:41,KIX3704,PC-0058,Connect
{00000001C579-0991A131},2010-05-28 16:38:36,CQZ8674,PC-0013,Connect
{00000001EB05-23188CE4},2010-05-28 16:44:34,UKR6395,PC-0118,Disconnect
{00000001D8C2-2A594DE6},2010-05-28 16:46:54,ZIF9528,PC-0154,Connect
{00000001C578-12DB4A2C},2010-05-28 16:56:26,CQZ8674,PC-0013,Connect
{00000001E58F-0B9F5EA7},2010-05-28 16:58:01,OEM8566,PC-0085,Disconnect
{00000001D313-2A6DAFF2},2010-05-28 17:28:24,SDT4191,PC-0106,Connect
{00000001DB79-33221BC9},2010-05-28 17:30:26,CQZ8674,PC-0013,Disconnect
{00000001E281-0A0EC512},2010-05-28 17:44:41,KIX3704,PC-0058,Disconnect
{00000001EEC3-08D86E93},2010-05-28 17:48:54,ZIF9528,PC-0154,Disconnect
{00000001EF16-0B3AE27E},2010-05-28 17:58:20,ZUI9718,PC-0157,Disconnect
{00000001DB7A-13781C50},2010-05-28 17:59:36,CQZ8674,PC-0013,Disconnect
{00000001E914-3EE5E50C},2010-05-28 18:54:24,SDT4191,PC-0106,Disconnect
{00000001F2FC-3441DF1F},2010-05-28 22:10:40,VBW2813,PC-0124,Connect
{00000001F3C5-13947449},2010-05-28 22:48:40,VBW2813,PC-0124,Disconnect
{00000001D266-2D2FBB16},2010-05-31 07:09:42,RUT1946,PC-0104,Connect
{00000001E867-191836BD},2010-05-31 07:29:42,RUT1946,PC-0104,Disconnect
{00000001CEA0-33B66976},2010-05-31 07:46:51,NDV4503,PC-0078,Connect
{00000001C4BC-3F588BD3},2010-05-31 07:48:02,CCL9026,PC-0010,Connect
{00000001DABD-0E2258F3},2010-05-31 07:51:02,CCL9026,PC-0010,Disconnect
{00000001C997-008B6AB3},2010-05-31 08:05:48,HVG7968,PC-0044,Connect
{00000001D710-1EE2EE64},2010-05-31 08:12:16,WLH0216,PC-0135,Connect
{00000001C8A5-16AE87B5},2010-05-31 08:15:04,GRQ1397,PC-0036,Connect
{00000001ED11-3FBD4636},2010-05-31 08:21:16,WLH0216,PC-0135,Disconnect
{00000001DEA6-1F7DCD64},2010-05-31 08:22:04,GRQ1397,PC-0036,Disconnect
{00000001E4A1-13C2CE6B},2010-05-31 08:27:51,NDV4503,PC-0078,Disconnect
{00000001C7CA-374C3ECE},2010-05-31 08:31:20,EHP1536,PC-0027,Connect
{00000001F06B-0AEB28E1},2010-05-31 08:38:57,VBW2813,PC-0124,Connect
{00000001CA3B-222F141F},2010-05-31 08:54:11,IDI9618,PC-0048,Connect
{00000001DF98-22F1E375},2010-05-31 08:57:48,HVG7968,PC-0044,Disconnect
{00000001F1F5-26B0E628},2010-05-31 09:03:57,VBW2813,PC-0124,Disconnect
{00000001DDCB-14A39F19},2010-05-31 09:38:20,EHP1536,PC-0027,Disconnect
{00000001CD77-3089A595},2010-05-31 09:44:07,LGT9691,PC-0063,Connect
{00000001E03C-31557F64},2010-05-31 09:51:11,IDI9618,PC-0048,Disconnect
{00000001CE2B-0EDC88E2},2010-05-31 10:02:25,MGI5307,PC-0072,Connect
{00000001D70F-3CE49E3E},2010-05-31 10:15:47,WLH0216,PC-0135,Connect
{00000001CAF0-3650E646},2010-05-31 10:30:18,JDE8246,PC-0052,Connect
{00000001C457-263D86B9},2010-05-31 10:34:00,AYY2409,PC-0005,Connect
{00000001E378-039B0263},2010-05-31 10:45:07,LGT9691,PC-0063,Disconnect
{00000001CAF1-1CE50A0E},2010-05-31 10:45:37,JDE8246,PC-0052,Connect
{00000001D0E2-275289DC},2010-05-31 10:45:58,OMU2669,PC-0089,Connect
{00000001ED10-289CA203},2010-05-31 11:03:47,WLH0216,PC-0135,Disconnect
{00000001E0F2-1BF994EC},2010-05-31 11:04:37,JDE8246,PC-0052,Disconnect
{00000001E0F1-05C3F5A3},2010-05-31 11:13:18,JDE8246,PC-0052,Disconnect
{00000001E42C-2C32E8C2},2010-05-31 11:15:25,MGI5307,PC-0072,Disconnect
{00000001DA58-3850F6CE},2010-05-31 11:30:00,AYY2409,PC-0005,Disconnect
{00000001E6E3-2BE3E095},2010-05-31 11:41:58,OMU2669,PC-0089,Disconnect
{00000001F06C-107B639B},2010-05-31 12:04:51,VBW2813,PC-0124,Connect
{00000001C996-074A277E},2010-05-31 12:11:43,HVG7968,PC-0044,Connect
{00000001CC81-32E54B83},2010-05-31 12:56:29,KIX3704,PC-0058,Connect
{00000001D3C7-1288F358},2010-05-31 13:06:33,TTJ2624,PC-0112,Connect
{00000001F1F6-1CFE38D3},2010-05-31 13:15:51,VBW2813,PC-0124,Disconnect
{00000001E9C8-14758AE1},2010-05-31 13:24:33,TTJ2624,PC-0112,Disconnect
{00000001DF97-0C983BA5},2010-05-31 13:25:43,HVG7968,PC-0044,Disconnect
{00000001E282-3D20E5B7},2010-05-31 13:32:29,KIX3704,PC-0058,Disconnect
{00000001C57B-11DA974A},2010-05-31 13:35:17,CQZ8674,PC-0013,Connect
{00000001D3DB-0F6F452D},2010-05-31 13:58:07,TVL8047,PC-0114,Connect
{00000001DB7C-3F324F38},2010-05-31 13:58:17,CQZ8674,PC-0013,Disconnect
{00000001CC82-2B635AF7},2010-05-31 14:05:52,KIX3704,PC-0058,Connect
{00000001D265-0754C05C},2010-05-31 14:06:24,RUT1946,PC-0104,Connect
{00000001D263-353CC6AA},2010-05-31 14:18:04,RUT1946,PC-0104,Connect
{00000001CBBF-2ABB34FE},2010-05-31 14:27:27,JMM0438,PC-0053,Connect
{00000001E1C0-15906AF2},2010-05-31 14:43:27,JMM0438,PC-0053,Disconnect
{00000001E9DC-3E4302CA},2010-05-31 14:47:07,TVL8047,PC-0114,Disconnect
{00000001D4BA-096CF0D5},2010-05-31 14:47:26,UEH9251,PC-0117,Connect
{00000001E283-139EC8E4},2010-05-31 14:49:52,KIX3704,PC-0058,Disconnect
{00000001D314-09144AD8},2010-05-31 15:14:25,SDT4191,PC-0106,Connect
{00000001CD3B-1892DF50},2010-05-31 15:15:41,KYR0991,PC-0061,Connect
{00000001E866-141C8056},2010-05-31 15:17:24,RUT1946,PC-0104,Disconnect
{00000001E864-3BBD1E7A},2010-05-31 15:20:04,RUT1946,PC-0104,Disconnect
{00000001D1CF-04082E5E},2010-05-31 15:25:06,QSC3123,PC-0100,Connect
{00000001CD95-3B0307C7},2010-05-31 15:32:46,LRR4710,PC-0067,Connect
{00000001CF4F-30559EBC},2010-05-31 15:39:11,NRU3936,PC-0083,Connect
{00000001D1D0-3EAFFB7E},2010-05-31 15:40:38,QSC3123,PC-0100,Connect
{00000001E7D0-1E98BD5E},2010-05-31 15:41:06,QSC3123,PC-0100,Disconnect
{00000001D61B-2741DF6D},2010-05-31 16:07:21,VDL1237,PC-0125,Connect
{00000001E7D1-3D5A50CA},2010-05-31 16:07:38,QSC3123,PC-0100,Disconnect
{00000001E550-2C4F590A},2010-05-31 16:10:11,NRU3936,PC-0083,Disconnect
{00000001EABB-2D29BA1A},2010-05-31 16:12:26,UEH9251,PC-0117,Disconnect
{00000001EC1C-2498BA0A},2010-05-31 16:18:21,VDL1237,PC-0125,Disconnect
{00000001C6D8-28522743},2010-05-31 16:18:39,DHG6594,PC-0016,Connect
{00000001E33C-1BE0196F},2010-05-31 16:19:41,KYR0991,PC-0061,Disconnect
{00000001D264-26AE20FF},2010-05-31 16:26:20,RUT1946,PC-0104,Connect
{00000001C995-21D1EFBC},2010-05-31 16:30:14,HVG7968,PC-0044,Connect
{00000001E396-17BA099B},2010-05-31 16:30:46,LRR4710,PC-0067,Disconnect
{00000001E915-374F5D54},2010-05-31 16:37:25,SDT4191,PC-0106,Disconnect
{00000001DCD9-34C27CB3},2010-05-31 16:55:39,DHG6594,PC-0016,Disconnect
{00000001C57A-0A0EEB19},2010-05-31 17:08:16,CQZ8674,PC-0013,Connect
{00000001DF96-15DAEC88},2010-05-31 17:17:14,HVG7968,PC-0044,Disconnect
{00000001E865-003CB6B6},2010-05-31 17:24:20,RUT1946,PC-0104,Disconnect
{00000001D39F-004F9A12},2010-05-31 17:41:19,SHV5792,PC-0108,Connect
{00000001E9A0-3840CD65},2010-05-31 17:47:19,SHV5792,PC-0108,Disconnect
{00000001DB7B-27A5D5E5},2010-05-31 18:21:16,CQZ8674,PC-0013,Disconnect
{00000001F301-0072855B},2010-06-01 02:11:03,VBW2813,PC-0124,Connect
{00000001F3CA-0AD2574D},2010-06-01 02:36:03,VBW2813,PC-0124,Disconnect
{00000001CAF4-14161309},2010-06-01 07:09:52,JDE8246,PC-0052,Connect
{00000001F06D-369C8678},2010-06-01 07:26:55,VBW2813,PC-0124,Connect
{00000001F1F7-058520E2},2010-06-01 07:36:55,VBW2813,PC-0124,Disconnect
{00000001C607-0C508F84},2010-06-01 07:53:07,CVC0519,PC-0015,Connect
{00000001E0F5-246C9BFE},2010-06-01 08:12:52,JDE8246,PC-0052,Disconnect
{00000001C8A7-0AD310B0},2010-06-01 08:29:26,GRQ1397,PC-0036,Connect
{00000001DC08-084A1603},2010-06-01 08:41:07,CVC0519,PC-0015,Disconnect
{00000001C608-100315C6},2010-06-01 08:50:43,CVC0519,PC-0015,Connect
{00000001F06E-2ADF3050},2010-06-01 08:57:41,VBW2813,PC-0124,Connect
{00000001C74D-394768B0},2010-06-01 09:08:25,DNM3159,PC-0019,Connect
{00000001DD4E-18F2BDD1},2010-06-01 09:12:25,DNM3159,PC-0019,Disconnect
{00000001D45D-3F96374D},2010-06-01 09:15:23,TWU8511,PC-0115,Connect
{00000001C835-15B8F6B2},2010-06-01 09:42:41,FCN9756,PC-0031,Connect
{00000001DEA8-38C10C02},2010-06-01 09:43:26,GRQ1397,PC-0036,Disconnect
{00000001C800-1A8500F0},2010-06-01 09:44:30,EIR1445,PC-0028,Connect
{00000001DC09-0158027A},2010-06-01 09:50:43,CVC0519,PC-0015,Disconnect
{00000001D5F6-2ECA43B7},2010-06-01 10:08:44,UUU6648,PC-0122,Connect
{00000001C57C-196D6EE3},2010-06-01 10:11:29,CQZ8674,PC-0013,Connect
{00000001EA5E-191AEFAD},2010-06-01 10:16:23,TWU8511,PC-0115,Disconnect
{00000001DE01-19DFFBE3},2010-06-01 10:23:30,EIR1445,PC-0028,Disconnect
{00000001F1F8-21D0F911},2010-06-01 10:25:41,VBW2813,PC-0124,Disconnect
{00000001DB7D-294874DB},2010-06-01 10:50:29,CQZ8674,PC-0013,Disconnect
{00000001EBF7-3447B01A},2010-06-01 10:57:44,UUU6648,PC-0122,Disconnect
{00000001DE36-1CCDE6C0},2010-06-01 11:01:41,FCN9756,PC-0031,Disconnect
{00000001D824-0357DA1C},2010-06-01 11:11:32,YIO5206,PC-0146,Connect
{00000001D083-12F19DCE},2010-06-01 11:28:31,OLN5687,PC-0088,Connect
{00000001D6C2-2AD76B63},2010-06-01 11:38:24,VVU9026,PC-0130,Connect
{00000001CE03-357ECA0B},2010-06-01 11:55:17,MDR4757,PC-0071,Connect
{00000001D7D2-1D4D6B21},2010-06-01 11:59:03,YDM6963,PC-0145,Connect
{00000001ECC3-08BB997B},2010-06-01 12:00:24,VVU9026,PC-0130,Disconnect
{00000001EE25-2D962D69},2010-06-01 12:00:32,YIO5206,PC-0146,Disconnect
{00000001CE04-2B59DB94},2010-06-01 12:07:45,MDR4757,PC-0071,Connect
{00000001CD86-068A3D16},2010-06-01 12:09:23,LMQ7847,PC-0066,Connect
{00000001E684-3F9A8BB6},2010-06-01 12:33:31,OLN5687,PC-0088,Disconnect
{00000001E387-2D04B38E},2010-06-01 12:44:23,LMQ7847,PC-0066,Disconnect
{00000001E404-1E7C36AB},2010-06-01 12:58:17,MDR4757,PC-0071,Disconnect
{00000001EDD3-31FF5895},2010-06-01 13:21:03,YDM6963,PC-0145,Disconnect
{00000001D316-0E9A1ACE},2010-06-01 13:23:49,SDT4191,PC-0106,Connect
{00000001E405-1021D0B8},2010-06-01 13:25:45,MDR4757,PC-0071,Disconnect
{00000001D88A-0FE9B832},2010-06-01 13:32:48,YST5811,PC-0149,Connect
{00000001D315-3DFC4EF4},2010-06-01 13:54:21,SDT4191,PC-0106,Connect
{00000001E917-0AB8BCB7},2010-06-01 14:01:49,SDT4191,PC-0106,Disconnect
{00000001E916-0EA8D9A8},2010-06-01 14:16:21,SDT4191,PC-0106,Disconnect
{00000001CC84-1E973FAD},2010-06-01 14:16:39,KIX3704,PC-0058,Connect
{00000001EE8B-32BF3B30},2010-06-01 14:25:48,YST5811,PC-0149,Disconnect
{00000001C8A6-36F098C4},2010-06-01 14:32:06,GRQ1397,PC-0036,Connect
{00000001CC83-11B89143},2010-06-01 14:32:45,KIX3704,PC-0058,Connect
{00000001CAF2-3D0DE019},2010-06-01 14:37:23,JDE8246,PC-0052,Connect
{00000001E285-1D17C3D8},2010-06-01 14:40:39,KIX3704,PC-0058,Disconnect
{00000001DEA7-0C4FEE80},2010-06-01 14:59:06,GRQ1397,PC-0036,Disconnect
{00000001E0F3-3C44D3C1},2010-06-01 15:12:23,JDE8246,PC-0052,Disconnect
{00000001C606-3128953B},2010-06-01 15:13:58,CVC0519,PC-0015,Connect
{00000001DC07-03F593E2},2010-06-01 15:27:58,CVC0519,PC-0015,Disconnect
{00000001E284-0BA107F7},2010-06-01 15:49:45,KIX3704,PC-0058,Disconnect
{00000001D767-19215B2E},2010-06-01 16:44:14,XGF2493,PC-0139,Connect
{00000001CAF3-1B8CEB0E},2010-06-01 16:55:31,JDE8246,PC-0052,Connect
{00000001D45C-3D19BEFA},2010-06-01 17:14:41,TWU8511,PC-0115,Connect
{00000001CBC0-2D2889C9},2010-06-01 17:27:33,JMM0438,PC-0053,Connect
{00000001D917-10484E40},2010-06-01 17:38:29,ZUI9718,PC-0157,Connect
{00000001ED68-2EBDB408},2010-06-01 17:41:14,XGF2493,PC-0139,Disconnect
{00000001EF18-2E0E8805},2010-06-01 17:53:29,ZUI9718,PC-0157,Disconnect
{00000001E0F4-2732D51B},2010-06-01 18:00:31,JDE8246,PC-0052,Disconnect
{00000001F2FF-37D3393A},2010-06-01 18:01:34,VBW2813,PC-0124,Connect
{00000001F3C8-28CE0ED1},2010-06-01 18:07:34,VBW2813,PC-0124,Disconnect
{00000001EA5D-0BD557A4},2010-06-01 18:28:41,TWU8511,PC-0115,Disconnect
{00000001E1C1-2E4CEAA1},2010-06-01 18:56:33,JMM0438,PC-0053,Disconnect
{00000001F300-375C72A8},2010-06-01 19:26:37,VBW2813,PC-0124,Connect
{00000001F2FE-3F0BD0F5},2010-06-01 20:02:15,VBW2813,PC-0124,Connect
{00000001F3C7-12840C56},2010-06-01 20:28:15,VBW2813,PC-0124,Disconnect
{00000001F3C9-0B074C44},2010-06-01 20:37:37,VBW2813,PC-0124,Disconnect
{00000001CFCA-023ABC80},2010-06-02 07:10:23,OET6830,PC-0086,Connect
{00000001F071-36610CB1},2010-06-02 07:28:04,VBW2813,PC-0124,Connect
{00000001C609-1A3B289E},2010-06-02 07:28:08,CVC0519,PC-0015,Connect
{00000001D084-26AEE4EC},2010-06-02 07:45:18,OLN5687,PC-0088,Connect
{00000001C60A-2D236F56},2010-06-02 07:45:55,CVC0519,PC-0015,Connect
{00000001C6DB-3B3A9A39},2010-06-02 07:47:19,DHG6594,PC-0016,Connect
{00000001D3DC-1CD1C0AC},2010-06-02 07:47:52,TVL8047,PC-0114,Connect
{00000001CAF5-22D8BC56},2010-06-02 07:51:52,JDE8246,PC-0052,Connect
{00000001C6DA-0A823C1B},2010-06-02 07:52:25,DHG6594,PC-0016,Connect
{00000001D95C-2B0A7BC8},2010-06-02 07:53:48,ZWA2339,PC-0158,Connect
{00000001DC0B-112111D1},2010-06-02 07:56:55,CVC0519,PC-0015,Disconnect
{00000001CAF7-20E70932},2010-06-02 07:59:20,JDE8246,PC-0052,Connect
{00000001CDC0-112A1261},2010-06-02 08:07:25,LYE5717,PC-0069,Connect
{00000001DCDC-3EE0A779},2010-06-02 08:09:19,DHG6594,PC-0016,Disconnect
{00000001D317-0CEA05BD},2010-06-02 08:09:53,SDT4191,PC-0106,Connect
{00000001E0F8-320BDFD6},2010-06-02 08:13:20,JDE8246,PC-0052,Disconnect
{00000001E9DD-019EA5AC},2010-06-02 08:19:52,TVL8047,PC-0114,Disconnect
{00000001CA94-04E83E3D},2010-06-02 08:19:58,IVL8082,PC-0051,Connect
{00000001C7CB-2EB5168A},2010-06-02 08:20:10,EHP1536,PC-0027,Connect
{00000001E095-13AE4E77},2010-06-02 08:21:58,IVL8082,PC-0051,Disconnect
{00000001E3C1-2A2A6F55},2010-06-02 08:26:25,LYE5717,PC-0069,Disconnect
{00000001E5CB-16CC50E1},2010-06-02 08:30:23,OET6830,PC-0086,Disconnect
{00000001D693-0E0AADEA},2010-06-02 08:39:51,VNI5142,PC-0129,Connect
{00000001F1FB-22C38646},2010-06-02 08:41:04,VBW2813,PC-0124,Disconnect
{00000001DCDB-0221B65F},2010-06-02 08:41:25,DHG6594,PC-0016,Disconnect
{00000001E918-30092703},2010-06-02 08:47:53,SDT4191,PC-0106,Disconnect
{00000001E685-095E7CDF},2010-06-02 08:48:18,OLN5687,PC-0088,Disconnect
{00000001F06F-2D08C902},2010-06-02 08:48:58,VBW2813,PC-0124,Connect
{00000001DC0A-032A67D0},2010-06-02 08:56:08,CVC0519,PC-0015,Disconnect
{00000001EF5D-3DDAD571},2010-06-02 08:57:48,ZWA2339,PC-0158,Disconnect
{00000001E0F6-289C159A},2010-06-02 09:15:52,JDE8246,PC-0052,Disconnect
{00000001DDCC-107ECD2F},2010-06-02 09:25:10,EHP1536,PC-0027,Disconnect
{00000001CEB8-040F2EE0},2010-06-02 09:25:53,NJT3274,PC-0081,Connect
{00000001E4B9-0EE3D69D},2010-06-02 09:40:53,NJT3274,PC-0081,Disconnect
{00000001F1F9-1C341F61},2010-06-02 09:47:58,VBW2813,PC-0124,Disconnect
{00000001EC94-0AF22130},2010-06-02 09:58:51,VNI5142,PC-0129,Disconnect
{00000001CAF6-0C889DFF},2010-06-02 10:02:26,JDE8246,PC-0052,Connect
{00000001D45F-180B0209},2010-06-02 10:08:11,TWU8511,PC-0115,Connect
{00000001F070-1631B89E},2010-06-02 10:11:40,VBW2813,PC-0124,Connect
{00000001D505-3AFF004E},2010-06-02 10:22:21,UKR6395,PC-0118,Connect
{00000001F1FA-0A0CE008},2010-06-02 10:25:40,VBW2813,PC-0124,Disconnect
{00000001CBC3-16EE6323},2010-06-02 10:32:47,JMM0438,PC-0053,Connect
{00000001E0F7-1193C88C},2010-06-02 10:42:26,JDE8246,PC-0052,Disconnect
{00000001D88B-3D4FB6B2},2010-06-02 10:43:16,YST5811,PC-0149,Connect
{00000001EB06-252AE1C8},2010-06-02 10:51:21,UKR6395,PC-0118,Disconnect
{00000001CBC1-1C2A90C1},2010-06-02 11:02:56,JMM0438,PC-0053,Connect
{00000001EA60-259D8E2F},2010-06-02 11:15:11,TWU8511,PC-0115,Disconnect
{00000001C4B0-230305E8},2010-06-02 11:24:46,BFH3103,PC-0007,Connect
{00000001D267-3BB5E494},2010-06-02 11:25:36,RUT1946,PC-0104,Connect
{00000001EE8C-3DBB2BB1},2010-06-02 11:30:16,YST5811,PC-0149,Disconnect
{00000001DAB1-0B494018},2010-06-02 11:36:46,BFH3103,PC-0007,Disconnect
{00000001E1C2-324475A2},2010-06-02 11:53:56,JMM0438,PC-0053,Disconnect
{00000001E1C4-1504F6D7},2010-06-02 12:01:47,JMM0438,PC-0053,Disconnect
{00000001C57E-11490ABF},2010-06-02 12:13:02,CQZ8674,PC-0013,Connect
{00000001E868-2F7AB3B3},2010-06-02 12:19:36,RUT1946,PC-0104,Disconnect
{00000001F072-129294DD},2010-06-02 12:24:43,VBW2813,PC-0124,Connect
{00000001D15E-18E87E31},2010-06-02 12:30:11,QHQ5150,PC-0098,Connect
{00000001D087-0E0AF9A5},2010-06-02 12:34:31,OLN5687,PC-0088,Connect
{00000001E75F-07F0FFEE},2010-06-02 12:46:11,QHQ5150,PC-0098,Disconnect
{00000001DB7F-1E1CEA53},2010-06-02 12:48:02,CQZ8674,PC-0013,Disconnect
{00000001E688-10BAB5D0},2010-06-02 13:21:31,OLN5687,PC-0088,Disconnect
{00000001CBC2-1D04B9DC},2010-06-02 13:25:40,JMM0438,PC-0053,Connect
{00000001C580-2F0C3212},2010-06-02 13:34:53,CQZ8674,PC-0013,Connect
{00000001F1FC-09814433},2010-06-02 13:40:43,VBW2813,PC-0124,Disconnect
{00000001DB81-2268BB26},2010-06-02 13:49:53,CQZ8674,PC-0013,Disconnect
{00000001C998-3371A87D},2010-06-02 13:51:38,HVG7968,PC-0044,Connect
{00000001DF99-3003A974},2010-06-02 14:06:38,HVG7968,PC-0044,Disconnect
{00000001E1C3-33AD1006},2010-06-02 14:10:40,JMM0438,PC-0053,Disconnect
{00000001C57F-2ABFE56F},2010-06-02 14:25:51,CQZ8674,PC-0013,Connect
{00000001D085-09901DA6},2010-06-02 14:27:16,OLN5687,PC-0088,Connect
{00000001DB80-0776022A},2010-06-02 14:28:51,CQZ8674,PC-0013,Disconnect
{00000001D825-2C2B13D9},2010-06-02 14:44:08,YIO5206,PC-0146,Connect
{00000001C57D-0F8600AC},2010-06-02 15:03:41,CQZ8674,PC-0013,Connect
{00000001C6D9-1548BA7D},2010-06-02 15:12:26,DHG6594,PC-0016,Connect
{00000001E686-168DAA7C},2010-06-02 15:24:16,OLN5687,PC-0088,Disconnect
{00000001EE26-0B851E07},2010-06-02 15:27:08,YIO5206,PC-0146,Disconnect
{00000001C458-202A351E},2010-06-02 15:43:56,AYY2409,PC-0005,Connect
{00000001D694-2CFCD6EB},2010-06-02 15:47:19,VNI5142,PC-0129,Connect
{00000001CA01-2AE829B2},2010-06-02 15:50:33,IAC0900,PC-0045,Connect
{00000001DCDA-3069DCD2},2010-06-02 15:56:26,DHG6594,PC-0016,Disconnect
{00000001CEA1-35EDF0F0},2010-06-02 16:02:42,NDV4503,PC-0078,Connect
{00000001DA59-080C39D4},2010-06-02 16:05:56,AYY2409,PC-0005,Disconnect
{00000001E4A2-3379BD05},2010-06-02 16:06:42,NDV4503,PC-0078,Disconnect
{00000001DB7E-2B3701E4},2010-06-02 16:18:41,CQZ8674,PC-0013,Disconnect
{00000001E002-3BBE49D5},2010-06-02 16:29:33,IAC0900,PC-0045,Disconnect
{00000001D918-2FD46E91},2010-06-02 16:33:18,ZUI9718,PC-0157,Connect
{00000001D919-0A9DB7F0},2010-06-02 16:43:58,ZUI9718,PC-0157,Connect
{00000001F073-0C74D25F},2010-06-02 16:47:06,VBW2813,PC-0124,Connect
{00000001D318-24208E5D},2010-06-02 16:48:13,SDT4191,PC-0106,Connect
{00000001D868-29C49E02},2010-06-02 16:48:26,YNX1016,PC-0148,Connect
{00000001E919-075754BA},2010-06-02 16:50:13,SDT4191,PC-0106,Disconnect
{00000001EC95-3048D70D},2010-06-02 17:07:19,VNI5142,PC-0129,Disconnect
{00000001D10F-0A332344},2010-06-02 17:16:29,OYC3975,PC-0091,Connect
{00000001D45E-30FBDB49},2010-06-02 17:17:22,TWU8511,PC-0115,Connect
{00000001E710-0D95A7B2},2010-06-02 17:20:29,OYC3975,PC-0091,Disconnect
{00000001EE69-3833F71B},2010-06-02 17:26:26,YNX1016,PC-0148,Disconnect
{00000001EA5F-1B1E624B},2010-06-02 17:28:22,TWU8511,PC-0115,Disconnect
{00000001F1FD-310CB88F},2010-06-02 17:54:06,VBW2813,PC-0124,Disconnect
{00000001D086-086BE1A0},2010-06-02 17:56:26,OLN5687,PC-0088,Connect
{00000001EF19-22A6C24A},2010-06-02 17:58:18,ZUI9718,PC-0157,Disconnect
{00000001F302-1318BF13},2010-06-02 18:00:41,VBW2813,PC-0124,Connect
{00000001EF1A-2A61B181},2010-06-02 18:09:58,ZUI9718,PC-0157,Disconnect
{00000001F303-358A1ACE},2010-06-02 18:10:30,VBW2813,PC-0124,Connect
{00000001F3CB-3A5D6F39},2010-06-02 18:35:41,VBW2813,PC-0124,Disconnect
{00000001E687-0D7E96FB},2010-06-02 19:01:26,OLN5687,PC-0088,Disconnect
{00000001F3CC-245DA588},2010-06-02 19:03:30,VBW2813,PC-0124,Disconnect
{00000001F305-225DDAE9},2010-06-03 02:21:15,VBW2813,PC-0124,Connect
{00000001F3CE-10842B28},2010-06-03 02:49:15,VBW2813,PC-0124,Disconnect
{00000001CBC5-0B9DA08C},2010-06-03 07:13:40,JMM0438,PC-0053,Connect
{00000001D26A-31942488},2010-06-03 07:24:26,RUT1946,PC-0104,Connect
{00000001E1C6-362650FA},2010-06-03 07:31:40,JMM0438,PC-0053,Disconnect
{00000001C60B-255C66CE},2010-06-03 07:38:19,CVC0519,PC-0015,Connect
{00000001D695-38882619},2010-06-03 07:49:24,VNI5142,PC-0129,Connect
{00000001E86B-01DD1129},2010-06-03 07:54:26,RUT1946,PC-0104,Disconnect
{00000001C99A-08460754},2010-06-03 08:08:54,HVG7968,PC-0044,Connect
{00000001DF9B-230EDF54},2010-06-03 08:15:54,HVG7968,PC-0044,Disconnect
{00000001C6DD-19FCEE5F},2010-06-03 08:22:33,DHG6594,PC-0016,Connect
{00000001CD87-1655E78D},2010-06-03 08:50:17,LMQ7847,PC-0066,Connect
{00000001EC96-026109C4},2010-06-03 08:57:24,VNI5142,PC-0129,Disconnect
{00000001DC0C-1C98BFB3},2010-06-03 09:04:19,CVC0519,PC-0015,Disconnect
{00000001E388-26D500BF},2010-06-03 09:11:17,LMQ7847,PC-0066,Disconnect
{00000001D269-029722A7},2010-06-03 09:15:29,RUT1946,PC-0104,Connect
{00000001DCDE-0A934735},2010-06-03 09:20:33,DHG6594,PC-0016,Disconnect
{00000001D089-3713EC24},2010-06-03 09:56:04,OLN5687,PC-0088,Connect
{00000001D826-046B2EEF},2010-06-03 10:32:46,YIO5206,PC-0146,Connect
{00000001CE85-23E79AA6},2010-06-03 10:38:16,NBM1814,PC-0077,Connect
{00000001E86A-2CE34A6F},2010-06-03 10:44:29,RUT1946,PC-0104,Disconnect
{00000001C8EC-17E0D96C},2010-06-03 10:55:23,GUG7168,PC-0037,Connect
{00000001CE2C-24050611},2010-06-03 10:55:41,MGI5307,PC-0072,Connect
{00000001C999-01C392B1},2010-06-03 10:56:32,HVG7968,PC-0044,Connect
{00000001E68A-35CA40DB},2010-06-03 11:04:04,OLN5687,PC-0088,Disconnect
{00000001EE27-3F3C929C},2010-06-03 11:08:46,YIO5206,PC-0146,Disconnect
{00000001DEED-1DCAF7B8},2010-06-03 11:22:23,GUG7168,PC-0037,Disconnect
{00000001E42D-3A7CC4E7},2010-06-03 11:27:41,MGI5307,PC-0072,Disconnect
{00000001C60C-12F668C3},2010-06-03 11:29:37,CVC0519,PC-0015,Connect
{00000001F074-0D650A5C},2010-06-03 11:30:48,VBW2813,PC-0124,Connect
{00000001E486-2E5635E4},2010-06-03 11:36:16,NBM1814,PC-0077,Disconnect
{00000001C3B8-270DA56E},2010-06-03 11:46:21,ADG1145,PC-0001,Connect
{00000001D769-399750E2},2010-06-03 11:50:00,XGF2493,PC-0139,Connect
{00000001F1FE-3261E695},2010-06-03 11:54:48,VBW2813,PC-0124,Disconnect
{00000001C837-3D68DED8},2010-06-03 12:00:54,FCN9756,PC-0031,Connect
{00000001DF9A-1E1664BC},2010-06-03 12:06:32,HVG7968,PC-0044,Disconnect
{00000001D268-2F9ABB88},2010-06-03 12:13:52,RUT1946,PC-0104,Connect
{00000001DE38-04810167},2010-06-03 12:25:54,FCN9756,PC-0031,Disconnect
{00000001D9B9-005365ED},2010-06-03 12:46:21,ADG1145,PC-0001,Disconnect
{00000001CBC4-3EC38AEF},2010-06-03 12:48:55,JMM0438,PC-0053,Connect
{00000001DC0D-1D8A367D},2010-06-03 12:52:37,CVC0519,PC-0015,Disconnect
{00000001E869-0CE47686},2010-06-03 12:52:52,RUT1946,PC-0104,Disconnect
{00000001ED6A-3464CBF7},2010-06-03 12:56:00,XGF2493,PC-0139,Disconnect
{00000001E1C5-34791552},2010-06-03 12:56:55,JMM0438,PC-0053,Disconnect
{00000001D711-0EBF8A02},2010-06-03 13:21:54,WLH0216,PC-0135,Connect
{00000001CD3C-0B005874},2010-06-03 13:40:56,KYR0991,PC-0061,Connect
{00000001ED12-1528B426},2010-06-03 13:53:54,WLH0216,PC-0135,Disconnect
{00000001D111-185CFDEC},2010-06-03 14:00:40,OYC3975,PC-0091,Connect
{00000001D5B9-2295107F},2010-06-03 14:10:50,USS4618,PC-0121,Connect
{00000001E712-24FFC7D0},2010-06-03 14:16:40,OYC3975,PC-0091,Disconnect
{00000001EBBA-021C6DEE},2010-06-03 14:16:50,USS4618,PC-0121,Disconnect
{00000001D768-28132B04},2010-06-03 14:37:31,XGF2493,PC-0139,Connect
{00000001F075-2BD28EF3},2010-06-03 14:41:34,VBW2813,PC-0124,Connect
{00000001E33D-0A383F5B},2010-06-03 14:43:56,KYR0991,PC-0061,Disconnect
{00000001CF51-0B6DDA3B},2010-06-03 14:45:46,NRU3936,PC-0083,Connect
{00000001CA95-2C63D546},2010-06-03 14:52:53,IVL8082,PC-0051,Connect
{00000001E552-217F71C5},2010-06-03 14:59:46,NRU3936,PC-0083,Disconnect
{00000001E096-2955A1DE},2010-06-03 15:08:53,IVL8082,PC-0051,Disconnect
{00000001ED69-38FEA78D},2010-06-03 15:17:31,XGF2493,PC-0139,Disconnect
{00000001CF50-3CEEEE75},2010-06-03 15:18:50,NRU3936,PC-0083,Connect
{00000001C3B7-0F501AF9},2010-06-03 15:30:46,ADG1145,PC-0001,Connect
{00000001F1FF-106F47FF},2010-06-03 15:45:34,VBW2813,PC-0124,Disconnect
{00000001C6DC-2A50F117},2010-06-03 15:56:35,DHG6594,PC-0016,Connect
{00000001D712-2D856CA6},2010-06-03 15:59:59,WLH0216,PC-0135,Connect
{00000001D088-195C11BE},2010-06-03 16:03:56,OLN5687,PC-0088,Connect
{00000001C7CC-1575BA6A},2010-06-03 16:16:30,EHP1536,PC-0027,Connect
{00000001E689-2CD7E055},2010-06-03 16:19:56,OLN5687,PC-0088,Disconnect
{00000001D9B8-0F9F4620},2010-06-03 16:21:46,ADG1145,PC-0001,Disconnect
{00000001DCDD-1C194DFF},2010-06-03 16:23:35,DHG6594,PC-0016,Disconnect
{00000001D506-2BB2AE67},2010-06-03 16:28:42,UKR6395,PC-0118,Connect
{00000001EB07-1686A887},2010-06-03 16:32:42,UKR6395,PC-0118,Disconnect
{00000001DDCD-1B2D260F},2010-06-03 16:35:30,EHP1536,PC-0027,Disconnect
{00000001E551-15894C80},2010-06-03 16:42:50,NRU3936,PC-0083,Disconnect
{00000001C581-2D62212E},2010-06-03 17:01:48,CQZ8674,PC-0013,Connect
{00000001CFCB-356D832F},2010-06-03 17:02:02,OET6830,PC-0086,Connect
{00000001ED13-10B01BC2},2010-06-03 17:05:59,WLH0216,PC-0135,Disconnect
{00000001D110-216C79B9},2010-06-03 17:09:14,OYC3975,PC-0091,Connect
{00000001E711-0FD14EC3},2010-06-03 17:43:14,OYC3975,PC-0091,Disconnect
{00000001E5CC-3B9C0EA0},2010-06-03 17:55:02,OET6830,PC-0086,Disconnect
{00000001C836-32DA491B},2010-06-03 17:56:13,FCN9756,PC-0031,Connect
{00000001DE37-391FC043},2010-06-03 18:26:13,FCN9756,PC-0031,Disconnect
{00000001DB82-142B51F3},2010-06-03 18:27:48,CQZ8674,PC-0013,Disconnect
{00000001F304-37822BBF},2010-06-03 21:36:00,VBW2813,PC-0124,Connect
{00000001F3CD-003CFCF3},2010-06-03 21:58:00,VBW2813,PC-0124,Disconnect
{00000001F306-05F5299A},2010-06-03 23:29:26,VBW2813,PC-0124,Connect
{00000001F3CF-11E89120},2010-06-04 00:53:26,VBW2813,PC-0124,Disconnect
{00000001F307-17174ABB},2010-06-04 03:18:23,VBW2813,PC-0124,Connect
{00000001F3D0-2B0B64ED},2010-06-04 04:39:23,VBW2813,PC-0124,Disconnect
{00000001D1D1-01EC0C4F},2010-06-04 07:06:30,QSC3123,PC-0100,Connect
{00000001C903-11F3C48D},2010-06-04 07:08:06,HMR4907,PC-0043,Connect
{00000001DF04-22C442A4},2010-06-04 07:17:06,HMR4907,PC-0043,Disconnect
{00000001E7D2-33D5D61C},2010-06-04 07:25:30,QSC3123,PC-0100,Disconnect
{00000001C6DE-24B4F7B4},2010-06-04 07:51:27,DHG6594,PC-0016,Connect
{00000001D26C-01AF24B6},2010-06-04 07:54:33,RUT1946,PC-0104,Connect
{00000001E86D-1EC56AE1},2010-06-04 08:29:33,RUT1946,PC-0104,Disconnect
{00000001D4BB-0609C8D9},2010-06-04 09:00:39,UEH9251,PC-0117,Connect
{00000001DCDF-10A6E71D},2010-06-04 09:05:27,DHG6594,PC-0016,Disconnect
{00000001D5BA-3A632CE1},2010-06-04 09:27:00,USS4618,PC-0121,Connect
{00000001CAF8-16F0EC63},2010-06-04 09:28:34,JDE8246,PC-0052,Connect
{00000001EBBB-20A3B98B},2010-06-04 09:31:00,USS4618,PC-0121,Disconnect
{00000001EABC-0B826EC8},2010-06-04 09:50:39,UEH9251,PC-0117,Disconnect
{00000001E0F9-10A43A8B},2010-06-04 10:02:34,JDE8246,PC-0052,Disconnect
{00000001F078-1BB0EFBD},2010-06-04 10:09:15,VBW2813,PC-0124,Connect
{00000001D461-18D214AE},2010-06-04 10:19:26,TWU8511,PC-0115,Connect
{00000001F077-0C587327},2010-06-04 10:28:47,VBW2813,PC-0124,Connect
{00000001C838-3708515B},2010-06-04 10:39:39,FCN9756,PC-0031,Connect
{00000001F202-06963BCD},2010-06-04 10:53:15,VBW2813,PC-0124,Disconnect
{00000001EA62-164718E2},2010-06-04 10:54:26,TWU8511,PC-0115,Disconnect
{00000001F201-08C57442},2010-06-04 11:02:47,VBW2813,PC-0124,Disconnect
{00000001C4E6-160C6058},2010-06-04 11:09:57,COU3039,PC-0011,Connect
{00000001D3A0-2B59A225},2010-06-04 11:13:31,SHV5792,PC-0108,Connect
{00000001CCCD-28B466ED},2010-06-04 11:13:56,KJX0944,PC-0059,Connect
{00000001D26B-1F03418C},2010-06-04 11:14:26,RUT1946,PC-0104,Connect
{00000001DAE7-2F01F887},2010-06-04 11:25:57,COU3039,PC-0011,Disconnect
{00000001CD3D-1AE9005B},2010-06-04 11:27:10,KYR0991,PC-0061,Connect
{00000001DE39-1E854F4D},2010-06-04 11:46:39,FCN9756,PC-0031,Disconnect
{00000001E9A1-2E342D86},2010-06-04 11:51:31,SHV5792,PC-0108,Disconnect
{00000001E2CE-39D284EE},2010-06-04 11:52:56,KJX0944,PC-0059,Disconnect
{00000001E33E-3F789492},2010-06-04 11:58:10,KYR0991,PC-0061,Disconnect
{00000001E86C-08B3BF5C},2010-06-04 12:30:26,RUT1946,PC-0104,Disconnect
{00000001F076-0D617306},2010-06-04 12:33:51,VBW2813,PC-0124,Connect
{00000001C3B9-244D67FF},2010-06-04 12:47:18,ADG1145,PC-0001,Connect
{00000001D460-22DE5B96},2010-06-04 12:54:00,TWU8511,PC-0115,Connect
{00000001CD3E-13BC4CCA},2010-06-04 12:55:53,KYR0991,PC-0061,Connect
{00000001CDC2-054CC083},2010-06-04 12:59:59,LYE5717,PC-0069,Connect
{00000001D827-1F957098},2010-06-04 13:05:09,YIO5206,PC-0146,Connect
{00000001D462-20183B24},2010-06-04 13:06:18,TWU8511,PC-0115,Connect
{00000001EA61-3F8E6924},2010-06-04 13:07:00,TWU8511,PC-0115,Disconnect
{00000001C4B1-3F347E79},2010-06-04 13:10:33,BFH3103,PC-0007,Connect
{00000001D9BA-1EA28BE9},2010-06-04 13:18:18,ADG1145,PC-0001,Disconnect
{00000001C3F0-006911DC},2010-06-04 13:21:07,ATM7194,PC-0003,Connect
{00000001F200-35952B54},2010-06-04 13:28:51,VBW2813,PC-0124,Disconnect
{00000001D9F1-213EC42A},2010-06-04 13:31:07,ATM7194,PC-0003,Disconnect
{00000001E33F-13F197B4},2010-06-04 13:33:53,KYR0991,PC-0061,Disconnect
{00000001D55F-1D0E8133},2010-06-04 14:04:01,UQK8227,PC-0120,Connect
{00000001EE28-0FA6D47E},2010-06-04 14:05:09,YIO5206,PC-0146,Disconnect
{00000001E3C3-2F948830},2010-06-04 14:08:59,LYE5717,PC-0069,Disconnect
{00000001DAB2-3A3D787E},2010-06-04 14:18:33,BFH3103,PC-0007,Disconnect
{00000001F079-16B7F1DB},2010-06-04 14:32:30,VBW2813,PC-0124,Connect
{00000001EA63-25957B03},2010-06-04 14:33:18,TWU8511,PC-0115,Disconnect
{00000001C3BA-3798F572},2010-06-04 14:48:11,ADG1145,PC-0001,Connect
{00000001EB60-3155FD12},2010-06-04 15:03:01,UQK8227,PC-0120,Disconnect
{00000001D319-256DE110},2010-06-04 15:16:51,SDT4191,PC-0106,Connect
{00000001C7CD-31972037},2010-06-04 15:19:00,EHP1536,PC-0027,Connect
{00000001F203-314D2E32},2010-06-04 15:37:30,VBW2813,PC-0124,Disconnect
{00000001D9BB-17E76EB6},2010-06-04 15:40:11,ADG1145,PC-0001,Disconnect
{00000001CE52-0C78D110},2010-06-04 16:24:45,MSH7807,PC-0075,Connect
{00000001E91A-2020251C},2010-06-04 16:38:51,SDT4191,PC-0106,Disconnect
{00000001E453-0AF5C018},2010-06-04 16:40:45,MSH7807,PC-0075,Disconnect
{00000001DDCE-277A7CE7},2010-06-04 16:42:00,EHP1536,PC-0027,Disconnect
{00000001C99B-2D4BA104},2010-06-04 16:47:59,HVG7968,PC-0044,Connect
{00000001CF8F-1CA7090C},2010-06-04 16:51:30,OEM8566,PC-0085,Connect
{00000001CE86-128D1C1A},2010-06-04 16:59:56,NBM1814,PC-0077,Connect
{00000001E590-052F6E52},2010-06-04 17:08:30,OEM8566,PC-0085,Disconnect
{00000001C492-2763DC9B},2010-06-04 17:13:43,AZE5960,PC-0006,Connect
{00000001D5BB-1604ACDD},2010-06-04 17:28:07,USS4618,PC-0121,Connect
{00000001DF9C-23649E3A},2010-06-04 17:39:59,HVG7968,PC-0044,Disconnect
{00000001CDC1-03D96E42},2010-06-04 17:42:37,LYE5717,PC-0069,Connect
{00000001D95D-13EBF9CC},2010-06-04 17:47:40,ZWA2339,PC-0158,Connect
{00000001E487-1A1522B2},2010-06-04 18:14:56,NBM1814,PC-0077,Disconnect
{00000001DA93-12536969},2010-06-04 18:15:43,AZE5960,PC-0006,Disconnect
{00000001E3C2-3223609D},2010-06-04 18:36:37,LYE5717,PC-0069,Disconnect
{00000001EF5E-394CB345},2010-06-04 18:42:40,ZWA2339,PC-0158,Disconnect
{00000001EBBC-0BC75604},2010-06-04 18:51:07,USS4618,PC-0121,Disconnect
{00000001F308-0F9B8256},2010-06-07 00:11:50,VBW2813,PC-0124,Connect
{00000001F3D1-30861F6D},2010-06-07 01:03:50,VBW2813,PC-0124,Disconnect
{00000001C6DF-0909AE30},2010-06-07 07:08:54,DHG6594,PC-0016,Connect
{00000001F07A-0F19B0DA},2010-06-07 07:23:57,VBW2813,PC-0124,Connect
{00000001F204-2C793B06},2010-06-07 07:29:57,VBW2813,PC-0124,Disconnect
{00000001DCE0-034B9313},2010-06-07 08:00:54,DHG6594,PC-0016,Disconnect
{00000001D713-2047E9EE},2010-06-07 08:43:35,WLH0216,PC-0135,Connect
{00000001ED14-3C76F33D},2010-06-07 09:36:35,WLH0216,PC-0135,Disconnect
{00000001C60D-0887538A},2010-06-07 10:17:56,CVC0519,PC-0015,Connect
{00000001C74E-20CE08FF},2010-06-07 10:23:08,DNM3159,PC-0019,Connect
{00000001CBC6-2A1B55AE},2010-06-07 10:23:28,JMM0438,PC-0053,Connect
{00000001CC86-00D9DFDF},2010-06-07 10:44:46,KIX3704,PC-0058,Connect
{00000001D6C3-2B3769E2},2010-06-07 11:00:39,VVU9026,PC-0130,Connect
{00000001E287-2BA84299},2010-06-07 11:14:46,KIX3704,PC-0058,Disconnect
{00000001D869-242E6845},2010-06-07 11:27:44,YNX1016,PC-0148,Connect
{00000001DD4F-2AB5AB3B},2010-06-07 11:30:08,DNM3159,PC-0019,Disconnect
{00000001DC0E-3C44A42C},2010-06-07 11:36:56,CVC0519,PC-0015,Disconnect
{00000001E1C7-1755EE2F},2010-06-07 11:44:28,JMM0438,PC-0053,Disconnect
{00000001EE6A-28C229CC},2010-06-07 11:51:44,YNX1016,PC-0148,Disconnect
{00000001C7CE-27439772},2010-06-07 12:09:23,EHP1536,PC-0027,Connect
{00000001ECC4-0D8EDBA8},2010-06-07 12:19:39,VVU9026,PC-0130,Disconnect
{00000001F07B-3614CD1E},2010-06-07 12:51:53,VBW2813,PC-0124,Connect
{00000001DDCF-12A0E634},2010-06-07 13:09:23,EHP1536,PC-0027,Disconnect
{00000001F205-17D88A95},2010-06-07 13:35:53,VBW2813,PC-0124,Disconnect
{00000001C99C-1713AD56},2010-06-07 14:16:18,HVG7968,PC-0044,Connect
{00000001DF9D-26305453},2010-06-07 14:19:18,HVG7968,PC-0044,Disconnect
{00000001C493-2164DC58},2010-06-07 14:41:51,AZE5960,PC-0006,Connect
{00000001DA94-120C3B85},2010-06-07 14:59:51,AZE5960,PC-0006,Disconnect
{00000001CAF9-344BFF7F},2010-06-07 15:54:45,JDE8246,PC-0052,Connect
{00000001D31A-20AC9D7C},2010-06-07 16:07:16,SDT4191,PC-0106,Connect
{00000001E91B-19C109D2},2010-06-07 16:50:16,SDT4191,PC-0106,Disconnect
{00000001E0FA-2F88574E},2010-06-07 16:54:45,JDE8246,PC-0052,Disconnect
{00000001D26D-045BB525},2010-06-07 17:07:52,RUT1946,PC-0104,Connect
{00000001CA58-128AF5CA},2010-06-07 17:34:51,IIY1438,PC-0050,Connect
{00000001C7CF-03C12EDC},2010-06-07 17:51:24,EHP1536,PC-0027,Connect
{00000001CC85-1D59966D},2010-06-07 17:54:42,KIX3704,PC-0058,Connect
{00000001E286-18B32DCA},2010-06-07 18:00:42,KIX3704,PC-0058,Disconnect
{00000001E86E-210C5822},2010-06-07 18:13:52,RUT1946,PC-0104,Disconnect
{00000001DDD0-364A7549},2010-06-07 18:20:24,EHP1536,PC-0027,Disconnect
{00000001E059-238D10FA},2010-06-07 18:21:51,IIY1438,PC-0050,Disconnect
{00000001F30A-32D68865},2010-06-08 06:18:40,VBW2813,PC-0124,Connect
{00000001F3D3-1633382F},2010-06-08 06:30:40,VBW2813,PC-0124,Disconnect
{00000001D464-21605222},2010-06-08 07:09:33,TWU8511,PC-0115,Connect
{00000001CD96-2CB3106C},2010-06-08 07:15:30,LRR4710,PC-0067,Connect
{00000001D08C-1AE57EF0},2010-06-08 07:24:30,OLN5687,PC-0088,Connect
{00000001E68D-016A69B5},2010-06-08 07:40:30,OLN5687,PC-0088,Disconnect
{00000001EA65-1B45F78A},2010-06-08 07:50:33,TWU8511,PC-0115,Disconnect
{00000001C7D0-032FC162},2010-06-08 07:51:41,EHP1536,PC-0027,Connect
{00000001DDD1-0E56D68A},2010-06-08 07:54:41,EHP1536,PC-0027,Disconnect
{00000001E397-3F5959A8},2010-06-08 08:19:30,LRR4710,PC-0067,Disconnect
{00000001C582-1982364F},2010-06-08 08:35:38,CQZ8674,PC-0013,Connect
{00000001F07E-1C8FBD53},2010-06-08 08:46:43,VBW2813,PC-0124,Connect
{00000001CF52-3EDC9A69},2010-06-08 08:50:01,NRU3936,PC-0083,Connect
{00000001C8A8-1449B298},2010-06-08 09:02:50,GRQ1397,PC-0036,Connect
{00000001F208-0CC4A2CA},2010-06-08 09:05:43,VBW2813,PC-0124,Disconnect
{00000001CE2D-1162F79A},2010-06-08 09:07:02,MGI5307,PC-0072,Connect
{00000001C4E8-28B26F5E},2010-06-08 09:13:13,COU3039,PC-0011,Connect
{00000001F07F-08AB0B51},2010-06-08 09:13:43,VBW2813,PC-0124,Connect
{00000001DEA9-1C66023E},2010-06-08 09:21:50,GRQ1397,PC-0036,Disconnect
{00000001F209-338F683B},2010-06-08 09:25:43,VBW2813,PC-0124,Disconnect
{00000001DB83-092A9569},2010-06-08 09:42:38,CQZ8674,PC-0013,Disconnect
{00000001C60E-3EA8A664},2010-06-08 10:01:00,CVC0519,PC-0015,Connect
{00000001E553-0A9699CF},2010-06-08 10:03:01,NRU3936,PC-0083,Disconnect
{00000001E42E-39BEBCDC},2010-06-08 10:19:02,MGI5307,PC-0072,Disconnect
{00000001D465-29CE2B5C},2010-06-08 10:20:14,TWU8511,PC-0115,Connect
{00000001DAE9-1F61AAA4},2010-06-08 10:23:13,COU3039,PC-0011,Disconnect
{00000001F07C-36949906},2010-06-08 10:26:00,VBW2813,PC-0124,Connect
{00000001CFCC-17A4CD1D},2010-06-08 10:41:19,OET6830,PC-0086,Connect
{00000001F206-34BB67CE},2010-06-08 11:11:00,VBW2813,PC-0124,Disconnect
{00000001E5CD-3C6B8867},2010-06-08 11:13:19,OET6830,PC-0086,Disconnect
{00000001DC0F-0794A0F3},2010-06-08 11:21:00,CVC0519,PC-0015,Disconnect
{00000001EA66-14046EDC},2010-06-08 11:34:14,TWU8511,PC-0115,Disconnect
{00000001D560-10B51380},2010-06-08 11:56:13,UQK8227,PC-0120,Connect
{00000001D463-0069A229},2010-06-08 12:37:28,TWU8511,PC-0115,Connect
{00000001F080-2A5B124F},2010-06-08 12:43:51,VBW2813,PC-0124,Connect
{00000001EA64-2BA9D2B2},2010-06-08 12:46:28,TWU8511,PC-0115,Disconnect
{00000001D3A3-3A022E0F},2010-06-08 12:50:33,SHV5792,PC-0108,Connect
{00000001D3A1-28C5AD07},2010-06-08 13:05:00,SHV5792,PC-0108,Connect
{00000001C6E0-25BD0C8A},2010-06-08 13:08:17,DHG6594,PC-0016,Connect
{00000001D61C-23CD4B10},2010-06-08 13:09:31,VDL1237,PC-0125,Connect
{00000001EB61-064168E7},2010-06-08 13:10:13,UQK8227,PC-0120,Disconnect
{00000001D08B-362698A7},2010-06-08 13:12:22,OLN5687,PC-0088,Connect
{00000001E9A4-1FEC2DE1},2010-06-08 13:26:33,SHV5792,PC-0108,Disconnect
{00000001EC1D-1EB1A1C0},2010-06-08 13:32:31,VDL1237,PC-0125,Disconnect
{00000001DCE1-0391EDFE},2010-06-08 13:35:17,DHG6594,PC-0016,Disconnect
{00000001F20A-3FE5507E},2010-06-08 14:04:51,VBW2813,PC-0124,Disconnect
{00000001E9A2-00564218},2010-06-08 14:13:00,SHV5792,PC-0108,Disconnect
{00000001E68C-054FBC12},2010-06-08 14:19:22,OLN5687,PC-0088,Disconnect
{00000001D76A-2D40FA1F},2010-06-08 14:24:20,XGF2493,PC-0139,Connect
{00000001ED6B-0AD96604},2010-06-08 14:27:20,XGF2493,PC-0139,Disconnect
{00000001CC87-1C10B7B3},2010-06-08 15:01:38,KIX3704,PC-0058,Connect
{00000001D3A2-1C3B7BA6},2010-06-08 15:27:50,SHV5792,PC-0108,Connect
{00000001C3BB-074FBABD},2010-06-08 15:28:11,ADG1145,PC-0001,Connect
{00000001CE53-1537FAD1},2010-06-08 15:31:59,MSH7807,PC-0075,Connect
{00000001CE2E-2E6E461E},2010-06-08 15:35:38,MGI5307,PC-0072,Connect
{00000001C4E7-2A2841B1},2010-06-08 15:46:10,COU3039,PC-0011,Connect
{00000001F07D-06D32EB0},2010-06-08 15:46:59,VBW2813,PC-0124,Connect
{00000001D1D2-05C32EA8},2010-06-08 16:01:02,QSC3123,PC-0100,Connect
{00000001C74F-3BDBE447},2010-06-08 16:13:17,DNM3159,PC-0019,Connect
{00000001CECD-32AEA37F},2010-06-08 16:14:04,NRI9556,PC-0082,Connect
{00000001E9A3-1445D366},2010-06-08 16:18:50,SHV5792,PC-0108,Disconnect
{00000001D9BC-14B260F2},2010-06-08 16:20:11,ADG1145,PC-0001,Disconnect
{00000001E288-36605ADD},2010-06-08 16:21:38,KIX3704,PC-0058,Disconnect
{00000001D7D3-303F1673},2010-06-08 16:31:08,YDM6963,PC-0145,Connect
{00000001E454-36CD72F3},2010-06-08 16:34:59,MSH7807,PC-0075,Disconnect
{00000001DAE8-1B3D84CB},2010-06-08 16:36:10,COU3039,PC-0011,Disconnect
{00000001F207-1A3F8325},2010-06-08 16:57:59,VBW2813,PC-0124,Disconnect
{00000001CA96-042E60B1},2010-06-08 16:59:04,IVL8082,PC-0051,Connect
{00000001C6E1-0086107B},2010-06-08 16:59:08,DHG6594,PC-0016,Connect
{00000001E42F-0EF33B08},2010-06-08 17:04:38,MGI5307,PC-0072,Disconnect
{00000001E097-3CE3F0B4},2010-06-08 17:08:04,IVL8082,PC-0051,Disconnect
{00000001E7D3-2C563920},2010-06-08 17:11:02,QSC3123,PC-0100,Disconnect
{00000001DD50-3941E2AE},2010-06-08 17:11:17,DNM3159,PC-0019,Disconnect
{00000001DCE2-20DB8D71},2010-06-08 17:15:08,DHG6594,PC-0016,Disconnect
{00000001EDD4-10FB72AD},2010-06-08 17:22:08,YDM6963,PC-0145,Disconnect
{00000001D714-18BC92E5},2010-06-08 17:24:22,WLH0216,PC-0135,Connect
{00000001E4CE-2B8DA57F},2010-06-08 17:36:04,NRI9556,PC-0082,Disconnect
{00000001D08A-24711172},2010-06-08 17:43:46,OLN5687,PC-0088,Connect
{00000001ED15-0969D9AD},2010-06-08 18:17:22,WLH0216,PC-0135,Disconnect
{00000001E68B-2CB82098},2010-06-08 18:28:46,OLN5687,PC-0088,Disconnect
{00000001F309-10D93334},2010-06-08 21:39:29,VBW2813,PC-0124,Connect
{00000001F3D2-2A2E1FD5},2010-06-08 22:29:29,VBW2813,PC-0124,Disconnect
{00000001D7D6-1BEF2CF0},2010-06-09 07:00:54,YDM6963,PC-0145,Connect
{00000001EDD7-289FBB91},2010-06-09 07:05:54,YDM6963,PC-0145,Disconnect
{00000001D5BC-10EA24F3},2010-06-09 07:47:43,USS4618,PC-0121,Connect
{00000001EF9D-245EA52E},2010-06-09 07:58:08,DXC7486,PC-0024,Connect
{00000001EBBD-34380368},2010-06-09 07:58:43,USS4618,PC-0121,Disconnect
{00000001D1D3-2015DC9D},2010-06-09 08:05:25,QSC3123,PC-0100,Connect
{00000001E7D4-28F4C3E8},2010-06-09 08:14:25,QSC3123,PC-0100,Disconnect
{00000001F127-287BF17B},2010-06-09 08:26:08,DXC7486,PC-0024,Disconnect
{00000001C99D-0F47BA3D},2010-06-09 08:26:54,HVG7968,PC-0044,Connect
{00000001D88C-2CAB1299},2010-06-09 08:29:21,YST5811,PC-0149,Connect
{00000001DF9E-3BCEC242},2010-06-09 08:40:54,HVG7968,PC-0044,Disconnect
{00000001D76B-20245847},2010-06-09 08:45:39,XGF2493,PC-0139,Connect
{00000001CBC7-0679891C},2010-06-09 08:53:59,JMM0438,PC-0053,Connect
{00000001C8AA-050014C0},2010-06-09 09:05:19,GRQ1397,PC-0036,Connect
{00000001EE8D-25AC4976},2010-06-09 09:08:21,YST5811,PC-0149,Disconnect
{00000001ED6C-1E245F82},2010-06-09 09:43:39,XGF2493,PC-0139,Disconnect
{00000001E1C8-2001E9F6},2010-06-09 09:48:59,JMM0438,PC-0053,Disconnect
{00000001DEAB-3AEE44E1},2010-06-09 09:49:19,GRQ1397,PC-0036,Disconnect
{00000001CA02-2890729C},2010-06-09 09:55:38,IAC0900,PC-0045,Connect
{00000001C583-34EFF6CC},2010-06-09 09:56:15,CQZ8674,PC-0013,Connect
{00000001D08E-114A341C},2010-06-09 10:00:31,OLN5687,PC-0088,Connect
{00000001DB84-1DACC41D},2010-06-09 10:08:15,CQZ8674,PC-0013,Disconnect
{00000001D6CA-35F14F9C},2010-06-09 10:12:09,VXF8934,PC-0132,Connect
{00000001E68F-262DCCE3},2010-06-09 10:28:31,OLN5687,PC-0088,Disconnect
{00000001C750-04443F74},2010-06-09 10:35:31,DNM3159,PC-0019,Connect
{00000001E003-3086C998},2010-06-09 10:36:38,IAC0900,PC-0045,Disconnect
{00000001D1D4-0DF4B9AD},2010-06-09 10:43:02,QSC3123,PC-0100,Connect
{00000001D26E-3C5B230E},2010-06-09 11:10:08,RUT1946,PC-0104,Connect
{00000001E7D5-2DD8E696},2010-06-09 11:27:02,QSC3123,PC-0100,Disconnect
{00000001CA97-37389222},2010-06-09 11:29:44,IVL8082,PC-0051,Connect
{00000001ECCB-08D96C4E},2010-06-09 11:38:09,VXF8934,PC-0132,Disconnect
{00000001D715-2825A7D6},2010-06-09 11:38:32,WLH0216,PC-0135,Connect
{00000001DD51-0F33C85D},2010-06-09 11:50:31,DNM3159,PC-0019,Disconnect
{00000001CC88-3554191A},2010-06-09 12:02:29,KIX3704,PC-0058,Connect
{00000001E289-0A7151FE},2010-06-09 12:08:29,KIX3704,PC-0058,Disconnect
{00000001E86F-01108030},2010-06-09 12:12:08,RUT1946,PC-0104,Disconnect
{00000001ED16-0DCB1C0D},2010-06-09 12:15:32,WLH0216,PC-0135,Disconnect
{00000001D7D4-0416898D},2010-06-09 12:21:52,YDM6963,PC-0145,Connect
{00000001F081-01387E4F},2010-06-09 12:26:14,VBW2813,PC-0124,Connect
{00000001E098-34754E75},2010-06-09 12:27:44,IVL8082,PC-0051,Disconnect
{00000001C45A-289CCAC6},2010-06-09 12:28:44,AYY2409,PC-0005,Connect
{00000001DA5B-30F9939A},2010-06-09 12:49:44,AYY2409,PC-0005,Disconnect
{00000001F082-328A6C85},2010-06-09 13:06:51,VBW2813,PC-0124,Connect
{00000001F20B-11C03C39},2010-06-09 13:16:14,VBW2813,PC-0124,Disconnect
{00000001C501-133AFA65},2010-06-09 13:16:44,COX0638,PC-0012,Connect
{00000001D31B-08988EDA},2010-06-09 13:26:36,SDT4191,PC-0106,Connect
{00000001DB02-065FD44E},2010-06-09 13:28:44,COX0638,PC-0012,Disconnect
{00000001EDD5-17DEB03C},2010-06-09 13:29:52,YDM6963,PC-0145,Disconnect
{00000001E91C-06D7EEB1},2010-06-09 13:34:36,SDT4191,PC-0106,Disconnect
{00000001D561-0C11C249},2010-06-09 13:40:53,UQK8227,PC-0120,Connect
{00000001D507-1E793F69},2010-06-09 13:52:09,UKR6395,PC-0118,Connect
{00000001C6E3-3C7CD067},2010-06-09 13:52:15,DHG6594,PC-0016,Connect
{00000001D697-23B52FD8},2010-06-09 14:08:41,VNI5142,PC-0129,Connect
{00000001F20C-17DE65D6},2010-06-09 14:14:51,VBW2813,PC-0124,Disconnect
{00000001EB62-05B737BE},2010-06-09 14:27:53,UQK8227,PC-0120,Disconnect
{00000001EB08-28FB47A0},2010-06-09 14:28:09,UKR6395,PC-0118,Disconnect
{00000001DCE4-307002B9},2010-06-09 14:34:15,DHG6594,PC-0016,Disconnect
{00000001C8A9-2DDA3D12},2010-06-09 14:52:04,GRQ1397,PC-0036,Connect
{00000001D696-09525D45},2010-06-09 14:55:26,VNI5142,PC-0129,Connect
{00000001D7D5-1DF051BE},2010-06-09 15:03:29,YDM6963,PC-0145,Connect
{00000001D3A4-2E8C6452},2010-06-09 15:03:57,SHV5792,PC-0108,Connect
{00000001DEAA-31621B29},2010-06-09 15:23:04,GRQ1397,PC-0036,Disconnect
{00000001CD3F-20D7F78B},2010-06-09 15:25:45,KYR0991,PC-0061,Connect
{00000001E9A5-02FDE19E},2010-06-09 15:28:57,SHV5792,PC-0108,Disconnect
{00000001EC98-282BE94B},2010-06-09 15:35:41,VNI5142,PC-0129,Disconnect
{00000001CE54-20CE2E51},2010-06-09 15:47:13,MSH7807,PC-0075,Connect
{00000001C459-3B2E0DA5},2010-06-09 15:47:32,AYY2409,PC-0005,Connect
{00000001DA5A-380B5F96},2010-06-09 15:57:32,AYY2409,PC-0005,Disconnect
{00000001EDD6-3BFF9D9C},2010-06-09 16:14:29,YDM6963,PC-0145,Disconnect
{00000001E340-3D67C059},2010-06-09 16:14:45,KYR0991,PC-0061,Disconnect
{00000001EC97-09528494},2010-06-09 16:22:26,VNI5142,PC-0129,Disconnect
{00000001E455-2847F1DA},2010-06-09 16:31:13,MSH7807,PC-0075,Disconnect
{00000001D4BC-34C8D857},2010-06-09 16:34:09,UEH9251,PC-0117,Connect
{00000001D08D-290AB189},2010-06-09 16:34:48,OLN5687,PC-0088,Connect
{00000001E68E-35328CE7},2010-06-09 16:45:48,OLN5687,PC-0088,Disconnect
{00000001D1FC-3950255C},2010-06-09 16:47:37,RLI6273,PC-0103,Connect
{00000001C6E2-3B85E16C},2010-06-09 17:00:12,DHG6594,PC-0016,Connect
{00000001C60F-047A3126},2010-06-09 17:09:46,CVC0519,PC-0015,Connect
{00000001EABD-09792BA8},2010-06-09 17:12:09,UEH9251,PC-0117,Disconnect
{00000001DCE3-35E5478E},2010-06-09 17:15:12,DHG6594,PC-0016,Disconnect
{00000001F083-3A5ADDA3},2010-06-09 17:27:08,VBW2813,PC-0124,Connect
{00000001DC10-298FE455},2010-06-09 17:27:46,CVC0519,PC-0015,Disconnect
{00000001E7FD-1D14BA6A},2010-06-09 17:59:37,RLI6273,PC-0103,Disconnect
{00000001F20D-2F083F74},2010-06-09 18:14:08,VBW2813,PC-0124,Disconnect
{00000001F30B-3D9BB228},2010-06-09 21:57:52,VBW2813,PC-0124,Connect
{00000001F3D4-329E764C},2010-06-09 23:22:52,VBW2813,PC-0124,Disconnect
{00000001C6E5-3C30CFB1},2010-06-10 07:01:29,DHG6594,PC-0016,Connect
{00000001DCE6-2B81FDE0},2010-06-10 07:22:29,DHG6594,PC-0016,Disconnect
{00000001C99F-281F0D6A},2010-06-10 07:25:20,HVG7968,PC-0044,Connect
{00000001CD40-2B89984B},2010-06-10 08:01:13,KYR0991,PC-0061,Connect
{00000001F087-234106DD},2010-06-10 08:24:40,VBW2813,PC-0124,Connect
{00000001E341-025FF029},2010-06-10 08:38:13,KYR0991,PC-0061,Disconnect
{00000001DFA0-23883EE9},2010-06-10 08:43:20,HVG7968,PC-0044,Disconnect
{00000001F211-1FB7C1AE},2010-06-10 09:18:40,VBW2813,PC-0124,Disconnect
{00000001D15F-168193A6},2010-06-10 09:23:21,QHQ5150,PC-0098,Connect
{00000001CC8A-1D04E42D},2010-06-10 09:52:04,KIX3704,PC-0058,Connect
{00000001E760-2007E7BD},2010-06-10 09:55:21,QHQ5150,PC-0098,Disconnect
{00000001D716-1B5D0A9D},2010-06-10 10:03:29,WLH0216,PC-0135,Connect
{00000001D76C-3B798B16},2010-06-10 10:06:04,XGF2493,PC-0139,Connect
{00000001E28B-037F4BF8},2010-06-10 10:10:04,KIX3704,PC-0058,Disconnect
{00000001C4E9-28406E95},2010-06-10 10:20:01,COU3039,PC-0011,Connect
{00000001ED6D-0A07FB78},2010-06-10 10:23:04,XGF2493,PC-0139,Disconnect
{00000001CBC8-34B4AE3D},2010-06-10 10:32:14,JMM0438,PC-0053,Connect
{00000001CF90-3127F8AD},2010-06-10 10:42:00,OEM8566,PC-0085,Connect
{00000001E1C9-1CCA1385},2010-06-10 10:47:14,JMM0438,PC-0053,Disconnect
{00000001ED17-239E7542},2010-06-10 10:47:29,WLH0216,PC-0135,Disconnect
{00000001E591-0C7B790C},2010-06-10 11:15:00,OEM8566,PC-0085,Disconnect
{00000001DAEA-2CFA3160},2010-06-10 11:16:01,COU3039,PC-0011,Disconnect
{00000001C7D1-13A6BB82},2010-06-10 11:17:53,EHP1536,PC-0027,Connect
{00000001DDD2-3432BA55},2010-06-10 11:36:53,EHP1536,PC-0027,Disconnect
{00000001D466-2E424C6F},2010-06-10 12:08:22,TWU8511,PC-0115,Connect
{00000001D88D-1D2CA6C8},2010-06-10 12:10:36,YST5811,PC-0149,Connect
{00000001EE8E-11C8E88E},2010-06-10 12:58:36,YST5811,PC-0149,Disconnect
{00000001EA67-0E44E21C},2010-06-10 13:34:22,TWU8511,PC-0115,Disconnect
{00000001F085-1E117A9B},2010-06-10 14:07:14,VBW2813,PC-0124,Connect
{00000001D76D-3F07F842},2010-06-10 14:49:08,XGF2493,PC-0139,Connect
{00000001C6E4-0B340215},2010-06-10 15:11:54,DHG6594,PC-0016,Connect
{00000001F20F-2079ED39},2010-06-10 15:13:14,VBW2813,PC-0124,Disconnect
{00000001ED6E-20CB82D0},2010-06-10 16:13:08,XGF2493,PC-0139,Disconnect
{00000001D5BD-06239F97},2010-06-10 16:14:11,USS4618,PC-0121,Connect
{00000001C4B2-26D3C02E},2010-06-10 16:22:24,BFH3103,PC-0007,Connect
{00000001C99E-0215DB42},2010-06-10 16:25:10,HVG7968,PC-0044,Connect
{00000001DCE5-151C3CCA},2010-06-10 16:30:54,DHG6594,PC-0016,Disconnect
{00000001D08F-08A57021},2010-06-10 16:37:05,OLN5687,PC-0088,Connect
{00000001D91A-1284656C},2010-06-10 16:40:30,ZUI9718,PC-0157,Connect
{00000001D112-2BF3933B},2010-06-10 16:44:32,OYC3975,PC-0091,Connect
{00000001F088-319B9B0E},2010-06-10 16:46:09,VBW2813,PC-0124,Connect
{00000001DAB3-2D055A29},2010-06-10 16:46:24,BFH3103,PC-0007,Disconnect
{00000001F212-395E2D7F},2010-06-10 16:49:09,VBW2813,PC-0124,Disconnect
{00000001F084-1F385C65},2010-06-10 16:53:44,VBW2813,PC-0124,Connect
{00000001EF1B-1C7B4BD2},2010-06-10 16:54:30,ZUI9718,PC-0157,Disconnect
{00000001EBBE-04775A33},2010-06-10 17:02:11,USS4618,PC-0121,Disconnect
{00000001C610-01F3D01C},2010-06-10 17:02:33,CVC0519,PC-0015,Connect
{00000001DF9F-11A8C907},2010-06-10 17:17:10,HVG7968,PC-0044,Disconnect
{00000001CC89-01BD0294},2010-06-10 17:20:48,KIX3704,PC-0058,Connect
{00000001DC11-20A30B4F},2010-06-10 17:24:33,CVC0519,PC-0015,Disconnect
{00000001E690-1DBA15BB},2010-06-10 17:36:05,OLN5687,PC-0088,Disconnect
{00000001F086-0A50744A},2010-06-10 17:39:00,VBW2813,PC-0124,Connect
{00000001F210-0CBA47CB},2010-06-10 17:41:00,VBW2813,PC-0124,Disconnect
{00000001CF53-156B0209},2010-06-10 17:50:35,NRU3936,PC-0083,Connect
{00000001C584-126684C9},2010-06-10 17:55:25,CQZ8674,PC-0013,Connect
{00000001F20E-28929BCB},2010-06-10 18:04:44,VBW2813,PC-0124,Disconnect
{00000001E713-1B46FE9C},2010-06-10 18:11:32,OYC3975,PC-0091,Disconnect
{00000001E28A-066BDE37},2010-06-10 18:29:48,KIX3704,PC-0058,Disconnect
{00000001E554-38E5DFB3},2010-06-10 18:42:35,NRU3936,PC-0083,Disconnect
{00000001DB85-1DD9D870},2010-06-10 19:19:25,CQZ8674,PC-0013,Disconnect
{00000001F30C-3E325AEE},2010-06-10 23:43:30,VBW2813,PC-0124,Connect
{00000001F3D5-29F18781},2010-06-11 01:06:30,VBW2813,PC-0124,Disconnect
{00000001F30F-1AA58285},2010-06-11 01:49:46,VBW2813,PC-0124,Connect
{00000001F3D8-08A58D53},2010-06-11 03:07:46,VBW2813,PC-0124,Disconnect
{00000001F30E-305E6221},2010-06-11 03:47:38,VBW2813,PC-0124,Connect
{00000001F3D7-2B424D6C},2010-06-11 03:53:38,VBW2813,PC-0124,Disconnect
{00000001D31D-3922A52C},2010-06-11 07:27:45,SDT4191,PC-0106,Connect
{00000001D1D5-25A1E301},2010-06-11 07:40:10,QSC3123,PC-0100,Connect
{00000001D090-23EFAECD},2010-06-11 07:59:04,OLN5687,PC-0088,Connect
{00000001E91E-1AFB7156},2010-06-11 08:19:45,SDT4191,PC-0106,Disconnect
{00000001CBC9-2DDE66EF},2010-06-11 08:21:52,JMM0438,PC-0053,Connect
{00000001E1CA-1B84B0CA},2010-06-11 08:31:52,JMM0438,PC-0053,Disconnect
{00000001E7D6-26213612},2010-06-11 08:37:10,QSC3123,PC-0100,Disconnect
{00000001D717-2AC61F4B},2010-06-11 08:55:03,WLH0216,PC-0135,Connect
{00000001E691-0832C580},2010-06-11 09:05:04,OLN5687,PC-0088,Disconnect
{00000001C494-0AAE37D3},2010-06-11 09:24:57,AZE5960,PC-0006,Connect
{00000001ED18-34EA3FE9},2010-06-11 09:28:03,WLH0216,PC-0135,Disconnect
{00000001D270-26154710},2010-06-11 09:29:01,RUT1946,PC-0104,Connect
{00000001D698-00F1E5F7},2010-06-11 09:56:29,VNI5142,PC-0129,Connect
{00000001D467-0F7CBFA0},2010-06-11 09:57:23,TWU8511,PC-0115,Connect
{00000001E871-16848BAA},2010-06-11 10:23:01,RUT1946,PC-0104,Disconnect
{00000001DA95-013D422D},2010-06-11 10:39:57,AZE5960,PC-0006,Disconnect
{00000001EC99-2E312071},2010-06-11 10:42:29,VNI5142,PC-0129,Disconnect
{00000001C3BD-30DDCAEC},2010-06-11 10:48:12,ADG1145,PC-0001,Connect
{00000001D9BE-3CD85ECD},2010-06-11 11:01:12,ADG1145,PC-0001,Disconnect
{00000001EA68-107539A2},2010-06-11 11:09:23,TWU8511,PC-0115,Disconnect
{00000001C585-3E22EC10},2010-06-11 11:25:42,CQZ8674,PC-0013,Connect
{00000001D272-2E85544A},2010-06-11 11:32:54,RUT1946,PC-0104,Connect
{00000001C586-22F914EC},2010-06-11 11:52:11,CQZ8674,PC-0013,Connect
{00000001DB86-16792207},2010-06-11 11:57:42,CQZ8674,PC-0013,Disconnect
{00000001E873-022F4B7B},2010-06-11 12:17:54,RUT1946,PC-0104,Disconnect
{00000001D5BE-39C25938},2010-06-11 12:25:53,USS4618,PC-0121,Connect
{00000001DB87-24473DB4},2010-06-11 12:49:11,CQZ8674,PC-0013,Disconnect
{00000001C6E7-0515990A},2010-06-11 12:54:26,DHG6594,PC-0016,Connect
{00000001DCE8-0AFEEEDC},2010-06-11 12:56:26,DHG6594,PC-0016,Disconnect
{00000001EBBF-377D4D9C},2010-06-11 13:15:53,USS4618,PC-0121,Disconnect
{00000001D0E3-041C468A},2010-06-11 13:20:07,OMU2669,PC-0089,Connect
{00000001D3A5-304E1879},2010-06-11 13:53:53,SHV5792,PC-0108,Connect
{00000001D508-26638646},2010-06-11 14:14:13,UKR6395,PC-0118,Connect
{00000001C8AB-0ECD8541},2010-06-11 14:19:39,GRQ1397,PC-0036,Connect
{00000001F08A-32FAF96B},2010-06-11 14:20:05,VBW2813,PC-0124,Connect
{00000001EB09-2FC6A3B4},2010-06-11 14:22:13,UKR6395,PC-0118,Disconnect
{00000001C751-0F17A61D},2010-06-11 14:27:59,DNM3159,PC-0019,Connect
{00000001E9A6-3331E0C8},2010-06-11 14:34:53,SHV5792,PC-0108,Disconnect
{00000001E6E4-204DC984},2010-06-11 14:37:07,OMU2669,PC-0089,Disconnect
{00000001DEAC-1E53F07B},2010-06-11 14:38:39,GRQ1397,PC-0036,Disconnect
{00000001D4BD-33D4E688},2010-06-11 14:43:20,UEH9251,PC-0117,Connect
{00000001C6E8-0837CA8A},2010-06-11 15:00:38,DHG6594,PC-0016,Connect
{00000001C3BC-1BD564A3},2010-06-11 15:09:47,ADG1145,PC-0001,Connect
{00000001F214-0C5FB497},2010-06-11 15:17:05,VBW2813,PC-0124,Disconnect
{00000001CD41-3F8F921E},2010-06-11 15:17:57,KYR0991,PC-0061,Connect
{00000001EABE-32CB40DE},2010-06-11 15:20:20,UEH9251,PC-0117,Disconnect
{00000001DCE9-1341A307},2010-06-11 15:23:38,DHG6594,PC-0016,Disconnect
{00000001DD52-0052F903},2010-06-11 15:23:59,DNM3159,PC-0019,Disconnect
{00000001D9BD-2D404E14},2010-06-11 15:32:47,ADG1145,PC-0001,Disconnect
{00000001C4B3-123EB288},2010-06-11 15:47:13,BFH3103,PC-0007,Connect
{00000001E342-2B66D0C0},2010-06-11 15:47:57,KYR0991,PC-0061,Disconnect
{00000001D31C-24B0BE48},2010-06-11 16:03:03,SDT4191,PC-0106,Connect
{00000001F089-30A6705F},2010-06-11 16:23:04,VBW2813,PC-0124,Connect
{00000001DAB4-2005BD93},2010-06-11 16:45:13,BFH3103,PC-0007,Disconnect
{00000001D4BE-1BD9D307},2010-06-11 16:47:45,UEH9251,PC-0117,Connect
{00000001C611-0DD395C3},2010-06-11 16:52:54,CVC0519,PC-0015,Connect
{00000001D271-277B0896},2010-06-11 17:03:12,RUT1946,PC-0104,Connect
{00000001C6E6-2151B4A3},2010-06-11 17:04:47,DHG6594,PC-0016,Connect
{00000001C6EA-063145BE},2010-06-11 17:05:13,DHG6594,PC-0016,Connect
{00000001DCE7-2AB99F62},2010-06-11 17:06:47,DHG6594,PC-0016,Disconnect
{00000001E91D-0F77E2C5},2010-06-11 17:07:03,SDT4191,PC-0106,Disconnect
{00000001DCEB-025337E4},2010-06-11 17:09:13,DHG6594,PC-0016,Disconnect
{00000001C8AC-23CA92FC},2010-06-11 17:24:06,GRQ1397,PC-0036,Connect
{00000001DEAD-1C446347},2010-06-11 17:26:06,GRQ1397,PC-0036,Disconnect
{00000001EABF-06E7DD0C},2010-06-11 17:35:45,UEH9251,PC-0117,Disconnect
{00000001E872-17EE7B06},2010-06-11 17:48:12,RUT1946,PC-0104,Disconnect
{00000001D26F-17B537B8},2010-06-11 17:48:50,RUT1946,PC-0104,Connect
{00000001F213-11BACD59},2010-06-11 17:51:04,VBW2813,PC-0124,Disconnect
{00000001C6E9-1D967FFA},2010-06-11 17:51:26,DHG6594,PC-0016,Connect
{00000001E870-37D0E363},2010-06-11 17:55:50,RUT1946,PC-0104,Disconnect
{00000001DC12-046D9EC3},2010-06-11 18:11:54,CVC0519,PC-0015,Disconnect
{00000001F30D-33D4CC3B},2010-06-11 18:52:43,VBW2813,PC-0124,Connect
{00000001DCEA-105A2980},2010-06-11 19:05:26,DHG6594,PC-0016,Disconnect
{00000001F3D6-19C97D0D},2010-06-11 19:23:43,VBW2813,PC-0124,Disconnect
{00000001C6EB-1DBA5F72},2010-06-14 07:08:53,DHG6594,PC-0016,Connect
{00000001D509-1DA1A96B},2010-06-14 07:09:41,UKR6395,PC-0118,Connect
{00000001D7D7-17023C9E},2010-06-14 07:09:55,YDM6963,PC-0145,Connect
{00000001DCEC-083E0982},2010-06-14 07:15:53,DHG6594,PC-0016,Disconnect
{00000001EDD8-30A76D8C},2010-06-14 07:45:55,YDM6963,PC-0145,Disconnect
{00000001EB0A-076E3BE4},2010-06-14 08:04:41,UKR6395,PC-0118,Disconnect
{00000001CC8D-0DBB638B},2010-06-14 08:42:08,KIX3704,PC-0058,Connect
{00000001C8ED-3B713252},2010-06-14 08:57:47,GUG7168,PC-0037,Connect
{00000001E28E-2D4D53A0},2010-06-14 08:58:08,KIX3704,PC-0058,Disconnect
{00000001D699-34B63D77},2010-06-14 09:00:13,VNI5142,PC-0129,Connect
{00000001C7D4-1798664A},2010-06-14 09:09:43,EHP1536,PC-0027,Connect
{00000001EC9A-27E9FB13},2010-06-14 09:22:13,VNI5142,PC-0129,Disconnect
{00000001F08D-1E17FE61},2010-06-14 09:30:33,VBW2813,PC-0124,Connect
{00000001DEEE-11C97C14},2010-06-14 09:46:47,GUG7168,PC-0037,Disconnect
{00000001C3F1-27A613DE},2010-06-14 09:55:15,ATM7194,PC-0003,Connect
{00000001CAFA-37EE4DB1},2010-06-14 09:59:17,JDE8246,PC-0052,Connect
{00000001DDD5-1C28DD25},2010-06-14 10:18:43,EHP1536,PC-0027,Disconnect
{00000001E0FB-1E24777F},2010-06-14 10:46:17,JDE8246,PC-0052,Disconnect
{00000001F217-3F04C215},2010-06-14 10:49:33,VBW2813,PC-0124,Disconnect
{00000001C45B-2F748E7C},2010-06-14 11:05:37,AYY2409,PC-0005,Connect
{00000001D9F2-11E928B4},2010-06-14 11:08:15,ATM7194,PC-0003,Disconnect
{00000001C752-0C8B8600},2010-06-14 11:27:25,DNM3159,PC-0019,Connect
{00000001DA5C-31C83E0E},2010-06-14 11:53:37,AYY2409,PC-0005,Disconnect
{00000001CD42-3788958D},2010-06-14 11:59:54,KYR0991,PC-0061,Connect
{00000001CC8C-0053D18D},2010-06-14 12:00:51,KIX3704,PC-0058,Connect
{00000001DD53-2C76E992},2010-06-14 12:07:25,DNM3159,PC-0019,Disconnect
{00000001CE2F-36486D15},2010-06-14 12:28:59,MGI5307,PC-0072,Connect
{00000001D0E4-1C68B0F7},2010-06-14 12:32:12,OMU2669,PC-0089,Connect
{00000001E28D-002A065B},2010-06-14 12:54:51,KIX3704,PC-0058,Disconnect
{00000001E6E5-26C0A3DF},2010-06-14 13:03:12,OMU2669,PC-0089,Disconnect
{00000001F08B-1B9C1A88},2010-06-14 13:24:02,VBW2813,PC-0124,Connect
{00000001D8C3-03348B9F},2010-06-14 13:25:49,ZIF9528,PC-0154,Connect
{00000001E343-0D2199FA},2010-06-14 13:26:54,KYR0991,PC-0061,Disconnect
{00000001E430-13EE275D},2010-06-14 13:30:59,MGI5307,PC-0072,Disconnect
{00000001CEB9-38CEA25E},2010-06-14 13:37:16,NJT3274,PC-0081,Connect
{00000001C612-2854EAC5},2010-06-14 13:53:40,CVC0519,PC-0015,Connect
{00000001EEC4-1197B3C9},2010-06-14 14:06:49,ZIF9528,PC-0154,Disconnect
{00000001C7D3-387AB0D2},2010-06-14 14:06:50,EHP1536,PC-0027,Connect
{00000001C754-3758779F},2010-06-14 14:07:48,DNM3159,PC-0019,Connect
{00000001F215-313F5952},2010-06-14 14:09:02,VBW2813,PC-0124,Disconnect
{00000001CA03-3264B1F1},2010-06-14 14:11:19,IAC0900,PC-0045,Connect
{00000001DC13-277DB44B},2010-06-14 14:28:40,CVC0519,PC-0015,Disconnect
{00000001E4BA-24D2AE03},2010-06-14 14:39:16,NJT3274,PC-0081,Disconnect
{00000001DDD4-39938329},2010-06-14 15:06:50,EHP1536,PC-0027,Disconnect
{00000001D469-19FE8595},2010-06-14 15:10:00,TWU8511,PC-0115,Connect
{00000001C753-051847CD},2010-06-14 15:14:44,DNM3159,PC-0019,Connect
{00000001C502-3D40D5FE},2010-06-14 15:16:03,COX0638,PC-0012,Connect
{00000001E004-2DB35E5E},2010-06-14 15:19:19,IAC0900,PC-0045,Disconnect
{00000001CA98-253848F4},2010-06-14 15:27:40,IVL8082,PC-0051,Connect
{00000001D562-22BF01A5},2010-06-14 15:30:16,UQK8227,PC-0120,Connect
{00000001DD55-2B85F4A2},2010-06-14 15:30:48,DNM3159,PC-0019,Disconnect
{00000001EA6A-0415F07E},2010-06-14 15:34:00,TWU8511,PC-0115,Disconnect
{00000001C7D2-1EF1F1EB},2010-06-14 15:49:55,EHP1536,PC-0027,Connect
{00000001E099-062FAC45},2010-06-14 15:57:40,IVL8082,PC-0051,Disconnect
{00000001CEBA-32360022},2010-06-14 16:01:34,NJT3274,PC-0081,Connect
{00000001CA3C-28EEA85E},2010-06-14 16:08:29,IDI9618,PC-0048,Connect
{00000001DD54-3250741A},2010-06-14 16:15:44,DNM3159,PC-0019,Disconnect
{00000001E03D-25B2F3F3},2010-06-14 16:19:29,IDI9618,PC-0048,Disconnect
{00000001DB03-151EB22A},2010-06-14 16:20:03,COX0638,PC-0012,Disconnect
{00000001EB63-04F4C9EE},2010-06-14 16:20:16,UQK8227,PC-0120,Disconnect
{00000001F08C-00C190C1},2010-06-14 16:21:18,VBW2813,PC-0124,Connect
{00000001DDD3-191F3418},2010-06-14 16:40:55,EHP1536,PC-0027,Disconnect
{00000001F216-0CFEEB95},2010-06-14 16:44:18,VBW2813,PC-0124,Disconnect
{00000001D61D-2DA833DB},2010-06-14 16:50:37,VDL1237,PC-0125,Connect
{00000001D468-1F33F7CB},2010-06-14 16:57:16,TWU8511,PC-0115,Connect
{00000001E4BB-09F22948},2010-06-14 17:06:34,NJT3274,PC-0081,Disconnect
{00000001C3BE-35BF85A2},2010-06-14 17:14:54,ADG1145,PC-0001,Connect
{00000001CA04-32FEDCDB},2010-06-14 17:25:12,IAC0900,PC-0045,Connect
{00000001CC8B-0CCDBB9A},2010-06-14 17:30:37,KIX3704,PC-0058,Connect
{00000001D091-18218164},2010-06-14 17:33:00,OLN5687,PC-0088,Connect
{00000001EA69-059023EE},2010-06-14 17:52:16,TWU8511,PC-0115,Disconnect
{00000001E28C-19585770},2010-06-14 17:55:37,KIX3704,PC-0058,Disconnect
{00000001E692-3D6CEB60},2010-06-14 17:56:00,OLN5687,PC-0088,Disconnect
{00000001EC1E-291516A8},2010-06-14 18:03:37,VDL1237,PC-0125,Disconnect
{00000001E005-3FA59EA1},2010-06-14 18:09:12,IAC0900,PC-0045,Disconnect
{00000001D9BF-0AA0D48C},2010-06-14 18:30:54,ADG1145,PC-0001,Disconnect
{00000001F310-3A03DE56},2010-06-14 21:43:27,VBW2813,PC-0124,Connect
{00000001F3D9-2C7406B2},2010-06-14 22:16:27,VBW2813,PC-0124,Disconnect
{00000001CE30-227357B1},2010-06-15 07:14:16,MGI5307,PC-0072,Connect
{00000001D91B-1662A493},2010-06-15 07:44:19,ZUI9718,PC-0157,Connect
{00000001D61E-11BC8DB5},2010-06-15 07:47:33,VDL1237,PC-0125,Connect
{00000001D3CD-25085FFA},2010-06-15 08:05:01,TTS7860,PC-0113,Connect
{00000001E9CE-3562FC93},2010-06-15 08:12:01,TTS7860,PC-0113,Disconnect
{00000001E431-156714FA},2010-06-15 08:41:16,MGI5307,PC-0072,Disconnect
{00000001C503-260E8919},2010-06-15 08:45:21,COX0638,PC-0012,Connect
{00000001D46B-09F64FD4},2010-06-15 08:45:30,TWU8511,PC-0115,Connect
{00000001EF1C-0F1C3C9F},2010-06-15 09:06:19,ZUI9718,PC-0157,Disconnect
{00000001D160-0055237A},2010-06-15 09:08:12,QHQ5150,PC-0098,Connect
{00000001EC1F-1EBF1E9D},2010-06-15 09:14:33,VDL1237,PC-0125,Disconnect
{00000001C8AD-0B37DC5F},2010-06-15 09:27:52,GRQ1397,PC-0036,Connect
{00000001C3BF-08CC927E},2010-06-15 09:28:10,ADG1145,PC-0001,Connect
{00000001E761-01089392},2010-06-15 09:28:12,QHQ5150,PC-0098,Disconnect
{00000001D31E-1E6D77B9},2010-06-15 09:28:49,SDT4191,PC-0106,Connect
{00000001DEAE-3C31319E},2010-06-15 09:29:52,GRQ1397,PC-0036,Disconnect
{00000001EA6C-06A56DC9},2010-06-15 09:37:30,TWU8511,PC-0115,Disconnect
{00000001CDC3-3CCE238C},2010-06-15 09:38:41,LYE5717,PC-0069,Connect
{00000001DB04-197E140E},2010-06-15 09:39:21,COX0638,PC-0012,Disconnect
{00000001E91F-199254C0},2010-06-15 09:40:49,SDT4191,PC-0106,Disconnect
{00000001D828-38EEE420},2010-06-15 09:43:10,YIO5206,PC-0146,Connect
{00000001E3C4-3A69C37B},2010-06-15 09:48:41,LYE5717,PC-0069,Disconnect
{00000001C613-1577FA56},2010-06-15 09:50:50,CVC0519,PC-0015,Connect
{00000001C615-020EF0FF},2010-06-15 09:54:28,CVC0519,PC-0015,Connect
{00000001C7D6-23B8A69E},2010-06-15 10:04:18,EHP1536,PC-0027,Connect
{00000001D4BF-3B5E705B},2010-06-15 10:27:02,UEH9251,PC-0117,Connect
{00000001CC8E-1F8B92C2},2010-06-15 10:32:55,KIX3704,PC-0058,Connect
{00000001DC14-1A195B55},2010-06-15 10:42:50,CVC0519,PC-0015,Disconnect
{00000001EAC0-3DABD568},2010-06-15 10:44:02,UEH9251,PC-0117,Disconnect
{00000001D9C0-3854EADA},2010-06-15 10:54:10,ADG1145,PC-0001,Disconnect
{00000001EE29-3CCF2838},2010-06-15 11:00:10,YIO5206,PC-0146,Disconnect
{00000001CD45-3612999B},2010-06-15 11:00:36,KYR0991,PC-0061,Connect
{00000001C6EC-1DD284AB},2010-06-15 11:02:22,DHG6594,PC-0016,Connect
{00000001D46A-3AE0D8F4},2010-06-15 11:04:16,TWU8511,PC-0115,Connect
{00000001D84C-0FBEAA06},2010-06-15 11:12:58,YLE8326,PC-0147,Connect
{00000001EA6B-2AD6FDA3},2010-06-15 11:15:16,TWU8511,PC-0115,Disconnect
{00000001CD43-274914BF},2010-06-15 11:16:12,KYR0991,PC-0061,Connect
{00000001D7D8-19AD9DA8},2010-06-15 11:16:46,YDM6963,PC-0145,Connect
{00000001C8AE-112DC3E6},2010-06-15 11:18:06,GRQ1397,PC-0036,Connect
{00000001DCED-2DC2B7FC},2010-06-15 11:19:22,DHG6594,PC-0016,Disconnect
{00000001D7D9-3D22E5DE},2010-06-15 11:20:23,YDM6963,PC-0145,Connect
{00000001C45C-21EA9A07},2010-06-15 11:22:50,AYY2409,PC-0005,Connect
{00000001DDD7-3CF5A7B1},2010-06-15 11:23:18,EHP1536,PC-0027,Disconnect
{00000001DC16-10B01446},2010-06-15 11:23:28,CVC0519,PC-0015,Disconnect
{00000001CAFB-20A03536},2010-06-15 11:24:30,JDE8246,PC-0052,Connect
{00000001E346-0B5EF595},2010-06-15 11:24:36,KYR0991,PC-0061,Disconnect
{00000001DEAF-39AD2442},2010-06-15 11:25:06,GRQ1397,PC-0036,Disconnect
{00000001EE4D-2D7095C7},2010-06-15 11:31:58,YLE8326,PC-0147,Disconnect
{00000001E28F-1535CA9E},2010-06-15 11:55:55,KIX3704,PC-0058,Disconnect
{00000001EDDA-23DAB314},2010-06-15 11:58:23,YDM6963,PC-0145,Disconnect
{00000001E0FC-034F432C},2010-06-15 12:06:30,JDE8246,PC-0052,Disconnect
{00000001D3A6-3E28B31B},2010-06-15 12:08:19,SHV5792,PC-0108,Connect
{00000001C45D-1E92AE6D},2010-06-15 12:14:16,AYY2409,PC-0005,Connect
{00000001EDD9-352F2261},2010-06-15 12:17:46,YDM6963,PC-0145,Disconnect
{00000001E344-3BBFAA23},2010-06-15 12:25:12,KYR0991,PC-0061,Disconnect
{00000001D1D6-3A67E275},2010-06-15 12:36:15,QSC3123,PC-0100,Connect
{00000001EF9E-160FA583},2010-06-15 12:38:23,DXC7486,PC-0024,Connect
{00000001DA5D-16F91FD6},2010-06-15 12:43:50,AYY2409,PC-0005,Disconnect
{00000001F08E-2DAB056F},2010-06-15 12:45:08,VBW2813,PC-0124,Connect
{00000001CD44-3BEC51AD},2010-06-15 12:45:46,KYR0991,PC-0061,Connect
{00000001F128-19F8F558},2010-06-15 12:53:23,DXC7486,PC-0024,Disconnect
{00000001E9A7-08DF808A},2010-06-15 13:07:19,SHV5792,PC-0108,Disconnect
{00000001C614-1426E8FF},2010-06-15 13:13:56,CVC0519,PC-0015,Connect
{00000001DA5E-0B1EF34E},2010-06-15 13:28:16,AYY2409,PC-0005,Disconnect
{00000001E345-23B1B18E},2010-06-15 13:28:46,KYR0991,PC-0061,Disconnect
{00000001E7D7-3419C4C9},2010-06-15 13:44:15,QSC3123,PC-0100,Disconnect
{00000001DC15-02275821},2010-06-15 13:52:56,CVC0519,PC-0015,Disconnect
{00000001F218-0ECE342E},2010-06-15 13:59:08,VBW2813,PC-0124,Disconnect
{00000001C9A0-3883A5F2},2010-06-15 14:16:29,HVG7968,PC-0044,Connect
{00000001C755-184D400D},2010-06-15 14:32:25,DNM3159,PC-0019,Connect
{00000001F08F-327A8A8E},2010-06-15 14:39:59,VBW2813,PC-0124,Connect
{00000001C7D5-05B6AE1D},2010-06-15 15:09:33,EHP1536,PC-0027,Connect
{00000001DFA1-19C7E507},2010-06-15 15:20:29,HVG7968,PC-0044,Disconnect
{00000001D829-354B3654},2010-06-15 15:26:50,YIO5206,PC-0146,Connect
{00000001DD56-0A6B96D8},2010-06-15 15:27:25,DNM3159,PC-0019,Disconnect
{00000001F219-3FD94D55},2010-06-15 15:50:59,VBW2813,PC-0124,Disconnect
{00000001C9A1-26CB2BE5},2010-06-15 15:52:11,HVG7968,PC-0044,Connect
{00000001D50B-16E7CBE8},2010-06-15 16:01:09,UKR6395,PC-0118,Connect
{00000001DDD6-37566E36},2010-06-15 16:17:33,EHP1536,PC-0027,Disconnect
{00000001EB0C-09FFD93C},2010-06-15 16:20:09,UKR6395,PC-0118,Disconnect
{00000001EE2A-234ECEA7},2010-06-15 16:26:50,YIO5206,PC-0146,Disconnect
{00000001D82A-178533F5},2010-06-15 16:48:04,YIO5206,PC-0146,Connect
{00000001CA05-0FC0B1B2},2010-06-15 16:51:25,IAC0900,PC-0045,Connect
{00000001D50A-2BBC0910},2010-06-15 16:54:01,UKR6395,PC-0118,Connect
{00000001C9A2-3C4927C3},2010-06-15 16:54:32,HVG7968,PC-0044,Connect
{00000001DFA2-11486C84},2010-06-15 17:11:11,HVG7968,PC-0044,Disconnect
{00000001CF54-026DB5DF},2010-06-15 17:39:30,NRU3936,PC-0083,Connect
{00000001EE2B-36FC3D75},2010-06-15 17:45:04,YIO5206,PC-0146,Disconnect
{00000001DFA3-2E4E05AA},2010-06-15 17:49:32,HVG7968,PC-0044,Disconnect
{00000001EB0B-17D29403},2010-06-15 18:15:01,UKR6395,PC-0118,Disconnect
{00000001E006-0879E56D},2010-06-15 18:20:25,IAC0900,PC-0045,Disconnect
{00000001E555-334479B1},2010-06-15 19:03:30,NRU3936,PC-0083,Disconnect
{00000001F311-0F3B4D30},2010-06-15 21:01:29,VBW2813,PC-0124,Connect
{00000001F3DA-001BEB42},2010-06-15 21:07:29,VBW2813,PC-0124,Disconnect
{00000001F312-285F9EBD},2010-06-15 23:36:32,VBW2813,PC-0124,Connect
{00000001F313-257A51B8},2010-06-15 23:58:52,VBW2813,PC-0124,Connect
{00000001F3DC-1F2CB67E},2010-06-16 00:06:52,VBW2813,PC-0124,Disconnect
{00000001F3DB-163152FA},2010-06-16 00:20:32,VBW2813,PC-0124,Disconnect
{00000001D3A7-37AC7B4E},2010-06-16 07:10:20,SHV5792,PC-0108,Connect
{00000001C3C1-0794FA43},2010-06-16 07:23:40,ADG1145,PC-0001,Connect
{00000001D5BF-1D84C276},2010-06-16 07:24:43,USS4618,PC-0121,Connect
{00000001E9A8-08F58F9A},2010-06-16 07:25:20,SHV5792,PC-0108,Disconnect
{00000001D9C2-204F1440},2010-06-16 07:28:40,ADG1145,PC-0001,Disconnect
{00000001D91C-12E3934F},2010-06-16 07:49:25,ZUI9718,PC-0157,Connect
{00000001EBC0-04A17BA6},2010-06-16 08:07:43,USS4618,PC-0121,Disconnect
{00000001CAFE-16B0A1B7},2010-06-16 08:11:44,JDE8246,PC-0052,Connect
{00000001E0FF-266D76E9},2010-06-16 08:15:44,JDE8246,PC-0052,Disconnect
{00000001C839-0B48DC23},2010-06-16 08:38:11,FCN9756,PC-0031,Connect
{00000001EF1D-2020E6BB},2010-06-16 08:56:25,ZUI9718,PC-0157,Disconnect
{00000001CF55-36806E39},2010-06-16 08:59:53,NRU3936,PC-0083,Connect
{00000001E556-164F35C6},2010-06-16 09:03:53,NRU3936,PC-0083,Disconnect
{00000001DE3A-17CB34A8},2010-06-16 09:11:11,FCN9756,PC-0031,Disconnect
{00000001C9A3-054B7A38},2010-06-16 09:12:34,HVG7968,PC-0044,Connect
{00000001CAFF-0D72EF11},2010-06-16 09:38:26,JDE8246,PC-0052,Connect
{00000001CAFD-11D13BEE},2010-06-16 09:59:26,JDE8246,PC-0052,Connect
{00000001CA3D-39B135FA},2010-06-16 10:06:29,IDI9618,PC-0048,Connect
{00000001DFA4-2A4D3C2D},2010-06-16 10:13:34,HVG7968,PC-0044,Disconnect
{00000001F090-29591A55},2010-06-16 10:14:27,VBW2813,PC-0124,Connect
{00000001E100-3461F7CE},2010-06-16 10:16:26,JDE8246,PC-0052,Disconnect
{00000001C587-0143D7A0},2010-06-16 10:21:58,CQZ8674,PC-0013,Connect
{00000001E03E-110DD33F},2010-06-16 10:24:29,IDI9618,PC-0048,Disconnect
{00000001C4B4-3AC4DFA1},2010-06-16 10:25:27,BFH3103,PC-0007,Connect
{00000001C8AF-3C972152},2010-06-16 10:35:57,GRQ1397,PC-0036,Connect
{00000001DB88-1BEA5021},2010-06-16 10:41:58,CQZ8674,PC-0013,Disconnect
{00000001DEB0-1A563F26},2010-06-16 10:43:57,GRQ1397,PC-0036,Disconnect
{00000001D31F-335A9BCA},2010-06-16 10:45:20,SDT4191,PC-0106,Connect
{00000001DAB5-109C4F1B},2010-06-16 11:02:27,BFH3103,PC-0007,Disconnect
{00000001F21A-115DFF41},2010-06-16 11:12:27,VBW2813,PC-0124,Disconnect
{00000001E0FE-197F8EDB},2010-06-16 11:27:26,JDE8246,PC-0052,Disconnect
{00000001E920-1FAD7303},2010-06-16 11:42:20,SDT4191,PC-0106,Disconnect
{00000001D320-00C36335},2010-06-16 11:59:27,SDT4191,PC-0106,Connect
{00000001D113-25E7BFAE},2010-06-16 12:20:47,OYC3975,PC-0091,Connect
{00000001C504-10646D31},2010-06-16 12:30:44,COX0638,PC-0012,Connect
{00000001CD46-3C13EF03},2010-06-16 12:54:10,KYR0991,PC-0061,Connect
{00000001D91F-157765E2},2010-06-16 12:59:00,ZUI9718,PC-0157,Connect
{00000001E921-2BD40407},2010-06-16 13:06:27,SDT4191,PC-0106,Disconnect
{00000001C8B0-052F2C7E},2010-06-16 13:16:38,GRQ1397,PC-0036,Connect
{00000001EF20-399713B3},2010-06-16 13:19:00,ZUI9718,PC-0157,Disconnect
{00000001C6ED-14A07675},2010-06-16 13:22:32,DHG6594,PC-0016,Connect
{00000001CA99-16E649F5},2010-06-16 13:27:10,IVL8082,PC-0051,Connect
{00000001C3C0-381263BB},2010-06-16 13:37:48,ADG1145,PC-0001,Connect
{00000001E714-080D4C4E},2010-06-16 13:40:47,OYC3975,PC-0091,Disconnect
{00000001DB05-2424567F},2010-06-16 13:47:44,COX0638,PC-0012,Disconnect
{00000001F091-22851393},2010-06-16 13:49:35,VBW2813,PC-0124,Connect
{00000001D91D-23E2EE34},2010-06-16 13:54:44,ZUI9718,PC-0157,Connect
{00000001F21B-22E46854},2010-06-16 13:57:35,VBW2813,PC-0124,Disconnect
{00000001DEB1-3F15BB43},2010-06-16 14:17:38,GRQ1397,PC-0036,Disconnect
{00000001E347-0CFCF12B},2010-06-16 14:19:10,KYR0991,PC-0061,Disconnect
{00000001DCEE-0131EFA9},2010-06-16 14:22:32,DHG6594,PC-0016,Disconnect
{00000001EF1E-0C5B760D},2010-06-16 14:30:44,ZUI9718,PC-0157,Disconnect
{00000001D9C1-2B29F604},2010-06-16 14:31:48,ADG1145,PC-0001,Disconnect
{00000001E09A-232B74B6},2010-06-16 14:35:10,IVL8082,PC-0051,Disconnect
{00000001D3A8-2168CFC7},2010-06-16 14:51:10,SHV5792,PC-0108,Connect
{00000001C616-1C9022AE},2010-06-16 14:51:59,CVC0519,PC-0015,Connect
{00000001DC17-08F74C5E},2010-06-16 14:57:59,CVC0519,PC-0015,Disconnect
{00000001E9A9-04CA4EDE},2010-06-16 15:13:10,SHV5792,PC-0108,Disconnect
{00000001C45E-0AC958FC},2010-06-16 15:52:54,AYY2409,PC-0005,Connect
{00000001D46C-2E369BE7},2010-06-16 16:20:54,TWU8511,PC-0115,Connect
{00000001DA5F-2EB2675D},2010-06-16 16:25:54,AYY2409,PC-0005,Disconnect
{00000001CAFC-399B7D11},2010-06-16 16:54:02,JDE8246,PC-0052,Connect
{00000001D273-2A168C67},2010-06-16 17:04:53,RUT1946,PC-0104,Connect
{00000001D092-27003CC7},2010-06-16 17:20:50,OLN5687,PC-0088,Connect
{00000001E693-3BDA6837},2010-06-16 17:36:50,OLN5687,PC-0088,Disconnect
{00000001D91E-39CEF8EA},2010-06-16 17:43:37,ZUI9718,PC-0157,Connect
{00000001EA6D-38CEDEC5},2010-06-16 17:48:54,TWU8511,PC-0115,Disconnect
{00000001E0FD-321A04BF},2010-06-16 17:57:02,JDE8246,PC-0052,Disconnect
{00000001EF1F-3DEADAEC},2010-06-16 18:08:37,ZUI9718,PC-0157,Disconnect
{00000001E874-31742212},2010-06-16 18:08:53,RUT1946,PC-0104,Disconnect
{00000001F314-0FB09BBA},2010-06-16 20:57:02,VBW2813,PC-0124,Connect
{00000001F3DD-2D0939D6},2010-06-16 22:11:02,VBW2813,PC-0124,Disconnect
{00000001CB00-02186CF1},2010-06-17 07:17:21,JDE8246,PC-0052,Connect
{00000001E101-2CB46D07},2010-06-17 07:29:21,JDE8246,PC-0052,Disconnect
{00000001CCCE-03A3B335},2010-06-17 08:01:17,KJX0944,PC-0059,Connect
{00000001C495-35D139D0},2010-06-17 08:02:58,AZE5960,PC-0006,Connect
{00000001CE87-150B3858},2010-06-17 08:13:10,NBM1814,PC-0077,Connect
{00000001CDE1-14343B5B},2010-06-17 08:23:38,MAP5551,PC-0070,Connect
{00000001D50C-2D947ECA},2010-06-17 08:31:42,UKR6395,PC-0118,Connect
{00000001D84D-390896B1},2010-06-17 08:32:33,YLE8326,PC-0147,Connect
{00000001DA96-2B5A7A43},2010-06-17 08:41:58,AZE5960,PC-0006,Disconnect
{00000001C617-239A1A01},2010-06-17 08:43:11,CVC0519,PC-0015,Connect
{00000001E488-25E71A8F},2010-06-17 08:53:10,NBM1814,PC-0077,Disconnect
{00000001D69A-076A5155},2010-06-17 08:54:25,VNI5142,PC-0129,Connect
{00000001E2CF-16C858CF},2010-06-17 08:56:17,KJX0944,PC-0059,Disconnect
{00000001EC9B-20DFA35D},2010-06-17 09:03:25,VNI5142,PC-0129,Disconnect
{00000001F093-22975940},2010-06-17 09:06:25,VBW2813,PC-0124,Connect
{00000001CBCA-2CCEE25C},2010-06-17 09:10:23,JMM0438,PC-0053,Connect
{00000001F094-0C0DB967},2010-06-17 09:15:11,VBW2813,PC-0124,Connect
{00000001EB0D-1C80F18F},2010-06-17 09:26:42,UKR6395,PC-0118,Disconnect
{00000001EE4E-117C303A},2010-06-17 09:28:33,YLE8326,PC-0147,Disconnect
{00000001CC8F-0749CA3C},2010-06-17 09:30:48,KIX3704,PC-0058,Connect
{00000001F21E-2C78D71B},2010-06-17 09:35:11,VBW2813,PC-0124,Disconnect
{00000001E1CB-1B8B12E8},2010-06-17 09:38:23,JMM0438,PC-0053,Disconnect
{00000001E3E2-23DAE8FC},2010-06-17 09:39:38,MAP5551,PC-0070,Disconnect
{00000001DC18-07321454},2010-06-17 09:40:11,CVC0519,PC-0015,Disconnect
{00000001D88E-2CCBAD07},2010-06-17 09:41:29,YST5811,PC-0149,Connect
{00000001F092-0BF5B63B},2010-06-17 09:48:49,VBW2813,PC-0124,Connect
{00000001CF57-3C7FCF17},2010-06-17 09:57:16,NRU3936,PC-0083,Connect
{00000001CF91-2FB2DD5A},2010-06-17 10:15:46,OEM8566,PC-0085,Connect
{00000001C7D7-21B4C20E},2010-06-17 10:17:58,EHP1536,PC-0027,Connect
{00000001F21D-17013532},2010-06-17 10:21:25,VBW2813,PC-0124,Disconnect
{00000001F21C-0CEF31D9},2010-06-17 10:22:49,VBW2813,PC-0124,Disconnect
{00000001CB01-1899A5C8},2010-06-17 10:38:53,JDE8246,PC-0052,Connect
{00000001E290-26CB022D},2010-06-17 10:48:48,KIX3704,PC-0058,Disconnect
{00000001EE8F-29C421DE},2010-06-17 10:50:29,YST5811,PC-0149,Disconnect
{00000001E102-319C991E},2010-06-17 10:53:53,JDE8246,PC-0052,Disconnect
{00000001E558-107857C3},2010-06-17 10:54:16,NRU3936,PC-0083,Disconnect
{00000001DDD8-214C260C},2010-06-17 11:03:58,EHP1536,PC-0027,Disconnect
{00000001D718-0066A728},2010-06-17 11:05:57,WLH0216,PC-0135,Connect
{00000001CD48-204E6DC8},2010-06-17 11:19:25,KYR0991,PC-0061,Connect
{00000001ED19-37E9EE8F},2010-06-17 11:21:57,WLH0216,PC-0135,Disconnect
{00000001E592-0E0A1E9C},2010-06-17 11:35:46,OEM8566,PC-0085,Disconnect
{00000001E349-315D6BD9},2010-06-17 12:07:25,KYR0991,PC-0061,Disconnect
{00000001C9A5-1F41D099},2010-06-17 12:08:14,HVG7968,PC-0044,Connect
{00000001D114-0971F869},2010-06-17 12:29:17,OYC3975,PC-0091,Connect
{00000001C4B6-1559C883},2010-06-17 12:34:42,BFH3103,PC-0007,Connect
{00000001E715-055EEA80},2010-06-17 13:08:17,OYC3975,PC-0091,Disconnect
{00000001CD47-3BFE0FE6},2010-06-17 13:21:08,KYR0991,PC-0061,Connect
{00000001DFA6-08930696},2010-06-17 13:30:14,HVG7968,PC-0044,Disconnect
{00000001D274-1FA1EDDF},2010-06-17 13:33:17,RUT1946,PC-0104,Connect
{00000001E875-1879CD9E},2010-06-17 13:45:17,RUT1946,PC-0104,Disconnect
{00000001E348-03518080},2010-06-17 13:53:08,KYR0991,PC-0061,Disconnect
{00000001DAB7-015C83A2},2010-06-17 14:00:42,BFH3103,PC-0007,Disconnect
{00000001CA9A-32075D12},2010-06-17 14:02:12,IVL8082,PC-0051,Connect
{00000001C6EE-15B5936D},2010-06-17 14:15:42,DHG6594,PC-0016,Connect
{00000001D46D-23493104},2010-06-17 14:38:16,TWU8511,PC-0115,Connect
{00000001C8B1-133C58F8},2010-06-17 14:41:50,GRQ1397,PC-0036,Connect
{00000001EA6E-36E887E6},2010-06-17 14:48:16,TWU8511,PC-0115,Disconnect
{00000001E09B-053BF19C},2010-06-17 14:49:12,IVL8082,PC-0051,Disconnect
{00000001DCEF-27617EC2},2010-06-17 15:32:42,DHG6594,PC-0016,Disconnect
{00000001DEB2-09C63C27},2010-06-17 15:40:50,GRQ1397,PC-0036,Disconnect
{00000001D920-20DF4028},2010-06-17 15:41:25,ZUI9718,PC-0157,Connect
{00000001EF21-08943234},2010-06-17 16:01:25,ZUI9718,PC-0157,Disconnect
{00000001C4B5-0AD0FAA0},2010-06-17 16:28:46,BFH3103,PC-0007,Connect
{00000001CA3E-27A2C413},2010-06-17 16:42:08,IDI9618,PC-0048,Connect
{00000001C6EF-2A1E4549},2010-06-17 16:53:30,DHG6594,PC-0016,Connect
{00000001CF56-3D3482E0},2010-06-17 17:06:53,NRU3936,PC-0083,Connect
{00000001DAB6-083FFBA2},2010-06-17 17:21:46,BFH3103,PC-0007,Disconnect
{00000001C8B2-1F8A7838},2010-06-17 17:31:39,GRQ1397,PC-0036,Connect
{00000001DCF0-161403DB},2010-06-17 17:40:30,DHG6594,PC-0016,Disconnect
{00000001C9A4-1657977F},2010-06-17 17:50:30,HVG7968,PC-0044,Connect
{00000001E03F-361B6E99},2010-06-17 17:53:08,IDI9618,PC-0048,Disconnect
{00000001DEB3-3197C028},2010-06-17 17:53:39,GRQ1397,PC-0036,Disconnect
{00000001E557-2D29CA68},2010-06-17 18:33:53,NRU3936,PC-0083,Disconnect
{00000001DFA5-363E1CC8},2010-06-17 18:45:30,HVG7968,PC-0044,Disconnect
{00000001F315-133E813A},2010-06-17 23:20:20,VBW2813,PC-0124,Connect
{00000001F3DE-3205DAD9},2010-06-17 23:55:20,VBW2813,PC-0124,Disconnect
{00000001C3C2-38DE63A9},2010-06-18 07:30:39,ADG1145,PC-0001,Connect
{00000001D093-1A3C35A5},2010-06-18 07:42:11,OLN5687,PC-0088,Connect
{00000001D9C3-1530162E},2010-06-18 08:17:39,ADG1145,PC-0001,Disconnect
{00000001CBCD-21059F55},2010-06-18 08:19:25,JMM0438,PC-0053,Connect
{00000001E1CE-3B436546},2010-06-18 08:54:25,JMM0438,PC-0053,Disconnect
{00000001E694-3F3B4020},2010-06-18 09:10:11,OLN5687,PC-0088,Disconnect
{00000001D3DD-0070EB5C},2010-06-18 09:10:42,TVL8047,PC-0114,Connect
{00000001C6F1-37887B0E},2010-06-18 09:27:24,DHG6594,PC-0016,Connect
{00000001D470-3BED6554},2010-06-18 09:37:22,TWU8511,PC-0115,Connect
{00000001D276-15DB4D74},2010-06-18 10:13:44,RUT1946,PC-0104,Connect
{00000001D7DB-1BA70FB5},2010-06-18 10:18:17,YDM6963,PC-0145,Connect
{00000001E9DE-1EC6B550},2010-06-18 10:24:42,TVL8047,PC-0114,Disconnect
{00000001D69C-0C4BBD3D},2010-06-18 10:38:10,VNI5142,PC-0129,Connect
{00000001DCF2-10FCDDEF},2010-06-18 10:45:24,DHG6594,PC-0016,Disconnect
{00000001D321-0E376035},2010-06-18 10:51:29,SDT4191,PC-0106,Connect
{00000001EC9D-21473E1C},2010-06-18 10:53:10,VNI5142,PC-0129,Disconnect
{00000001EA71-0EEC42C9},2010-06-18 10:55:22,TWU8511,PC-0115,Disconnect
{00000001E877-36961A4F},2010-06-18 11:03:44,RUT1946,PC-0104,Disconnect
{00000001D4C0-283483DC},2010-06-18 11:13:10,UEH9251,PC-0117,Connect
{00000001EDDC-16E65C16},2010-06-18 11:37:17,YDM6963,PC-0145,Disconnect
{00000001EAC1-3E1C893A},2010-06-18 11:52:10,UEH9251,PC-0117,Disconnect
{00000001D275-37EC4CF0},2010-06-18 11:57:10,RUT1946,PC-0104,Connect
{00000001E922-0E14D61D},2010-06-18 12:12:29,SDT4191,PC-0106,Disconnect
{00000001CD88-019FCA8C},2010-06-18 12:23:31,LMQ7847,PC-0066,Connect
{00000001E876-2145C371},2010-06-18 12:24:10,RUT1946,PC-0104,Disconnect
{00000001D322-32CE7B1E},2010-06-18 12:51:53,SDT4191,PC-0106,Connect
{00000001E389-1434D6BD},2010-06-18 12:53:31,LMQ7847,PC-0066,Disconnect
{00000001CBCB-1A35172F},2010-06-18 12:54:15,JMM0438,PC-0053,Connect
{00000001E923-152643C3},2010-06-18 12:56:53,SDT4191,PC-0106,Disconnect
{00000001D46E-1CED1AFA},2010-06-18 12:59:45,TWU8511,PC-0115,Connect
{00000001CBCE-3C22C453},2010-06-18 13:04:11,JMM0438,PC-0053,Connect
{00000001C588-230FACF1},2010-06-18 13:09:30,CQZ8674,PC-0013,Connect
{00000001CE88-39446553},2010-06-18 13:11:41,NBM1814,PC-0077,Connect
{00000001C6F0-35124C0A},2010-06-18 13:12:58,DHG6594,PC-0016,Connect
{00000001E489-3F3BC202},2010-06-18 13:16:41,NBM1814,PC-0077,Disconnect
{00000001E1CC-38FFE87E},2010-06-18 13:44:15,JMM0438,PC-0053,Disconnect
{00000001DCF1-0F743862},2010-06-18 13:50:58,DHG6594,PC-0016,Disconnect
{00000001E1CF-151EEE0B},2010-06-18 13:53:11,JMM0438,PC-0053,Disconnect
{00000001D50D-187D5814},2010-06-18 13:56:52,UKR6395,PC-0118,Connect
{00000001EB0E-0E1AD308},2010-06-18 13:59:52,UKR6395,PC-0118,Disconnect
{00000001EA6F-3E6F4DF3},2010-06-18 14:10:45,TWU8511,PC-0115,Disconnect
{00000001DB89-39B94B00},2010-06-18 14:15:30,CQZ8674,PC-0013,Disconnect
{00000001CA9B-30A037E9},2010-06-18 14:25:33,IVL8082,PC-0051,Connect
{00000001D7DA-3CA3D786},2010-06-18 14:36:29,YDM6963,PC-0145,Connect
{00000001CB02-2AD0FAAC},2010-06-18 14:44:49,JDE8246,PC-0052,Connect
{00000001D8C4-0F4276C8},2010-06-18 15:02:50,ZIF9528,PC-0154,Connect
{00000001D69B-23BA8C0C},2010-06-18 15:06:43,VNI5142,PC-0129,Connect
{00000001D88F-29F7563E},2010-06-18 15:15:05,YST5811,PC-0149,Connect
{00000001EE90-0134548D},2010-06-18 15:23:05,YST5811,PC-0149,Disconnect
{00000001E09C-3D54D934},2010-06-18 15:23:33,IVL8082,PC-0051,Disconnect
{00000001E103-38A0772C},2010-06-18 15:40:49,JDE8246,PC-0052,Disconnect
{00000001EDDB-399212DE},2010-06-18 15:42:29,YDM6963,PC-0145,Disconnect
{00000001EEC5-10908623},2010-06-18 15:45:50,ZIF9528,PC-0154,Disconnect
{00000001CFCD-1EE50EC4},2010-06-18 15:54:30,OET6830,PC-0086,Connect
{00000001CA3F-3C2DD2FE},2010-06-18 15:55:14,IDI9618,PC-0048,Connect
{00000001CE55-2685B341},2010-06-18 16:13:38,MSH7807,PC-0075,Connect
{00000001EC9C-13D96340},2010-06-18 16:17:43,VNI5142,PC-0129,Disconnect
{00000001E5CE-02CC08B1},2010-06-18 16:23:30,OET6830,PC-0086,Disconnect
{00000001CDE2-28F87465},2010-06-18 16:27:15,MAP5551,PC-0070,Connect
{00000001CBCC-1B285C1F},2010-06-18 16:50:38,JMM0438,PC-0053,Connect
{00000001CC90-1015F914},2010-06-18 16:56:47,KIX3704,PC-0058,Connect
{00000001D46F-2D512B13},2010-06-18 16:58:07,TWU8511,PC-0115,Connect
{00000001E040-0477899E},2010-06-18 17:08:14,IDI9618,PC-0048,Disconnect
{00000001E291-26848AAC},2010-06-18 17:18:47,KIX3704,PC-0058,Disconnect
{00000001E456-25D7B354},2010-06-18 17:19:38,MSH7807,PC-0075,Disconnect
{00000001EA70-385A2050},2010-06-18 17:27:07,TWU8511,PC-0115,Disconnect
{00000001E3E3-3EDA589C},2010-06-18 17:29:15,MAP5551,PC-0070,Disconnect
{00000001E1CD-0E8174A0},2010-06-18 17:37:38,JMM0438,PC-0053,Disconnect
{00000001D3A9-33E1E40A},2010-06-21 07:06:38,SHV5792,PC-0108,Connect
{00000001D50F-045849B7},2010-06-21 07:17:47,UKR6395,PC-0118,Connect
{00000001CC91-3249CB5D},2010-06-21 07:27:46,KIX3704,PC-0058,Connect
{00000001CA9C-3D404328},2010-06-21 07:34:23,IVL8082,PC-0051,Connect
{00000001E292-27C1EAB0},2010-06-21 07:43:46,KIX3704,PC-0058,Disconnect
{00000001E9AA-35B753A5},2010-06-21 07:49:38,SHV5792,PC-0108,Disconnect
{00000001D8C6-1493B374},2010-06-21 07:51:33,ZIF9528,PC-0154,Connect
{00000001EB10-2A7518F7},2010-06-21 07:52:47,UKR6395,PC-0118,Disconnect
{00000001D324-15CFA55A},2010-06-21 08:07:46,SDT4191,PC-0106,Connect
{00000001E925-19F6A8EE},2010-06-21 08:27:46,SDT4191,PC-0106,Disconnect
{00000001CBCF-07944055},2010-06-21 08:39:09,JMM0438,PC-0053,Connect
{00000001E09D-301A4B2E},2010-06-21 09:02:23,IVL8082,PC-0051,Disconnect
{00000001EEC7-036F81E1},2010-06-21 09:20:33,ZIF9528,PC-0154,Disconnect
{00000001CE57-39EDCE01},2010-06-21 09:34:28,MSH7807,PC-0075,Connect
{00000001D784-3F8038A6},2010-06-21 09:40:25,XHL6619,PC-0141,Connect
{00000001E1D0-334A3020},2010-06-21 09:41:09,JMM0438,PC-0053,Disconnect
{00000001D890-1198A068},2010-06-21 09:42:08,YST5811,PC-0149,Connect
{00000001E458-3945B95D},2010-06-21 09:48:28,MSH7807,PC-0075,Disconnect
{00000001ED85-14328FD4},2010-06-21 09:54:25,XHL6619,PC-0141,Disconnect
{00000001EE91-304CA5D7},2010-06-21 10:34:08,YST5811,PC-0149,Disconnect
{00000001D76E-3365D185},2010-06-21 10:58:07,XGF2493,PC-0139,Connect
{00000001CD78-3730D0B9},2010-06-21 11:05:24,LGT9691,PC-0063,Connect
{00000001CA06-30D892F9},2010-06-21 11:05:28,IAC0900,PC-0045,Connect
{00000001C589-24E7B85D},2010-06-21 11:13:39,CQZ8674,PC-0013,Connect
{00000001E007-030B60AD},2010-06-21 11:20:28,IAC0900,PC-0045,Disconnect
{00000001CDC4-00F65DB5},2010-06-21 11:21:46,LYE5717,PC-0069,Connect
{00000001D50E-2C22BEF4},2010-06-21 11:27:10,UKR6395,PC-0118,Connect
{00000001E3C5-2D3AB5E4},2010-06-21 11:28:46,LYE5717,PC-0069,Disconnect
{00000001C8B3-0C28F24D},2010-06-21 11:36:55,GRQ1397,PC-0036,Connect
{00000001CEBB-3B19BAF8},2010-06-21 11:42:00,NJT3274,PC-0081,Connect
{00000001CE56-0382E452},2010-06-21 11:44:59,MSH7807,PC-0075,Connect
{00000001D76F-1BC82E42},2010-06-21 11:45:21,XGF2493,PC-0139,Connect
{00000001E379-1BE34EBF},2010-06-21 11:48:24,LGT9691,PC-0063,Disconnect
{00000001E4BC-181BF7B5},2010-06-21 12:00:00,NJT3274,PC-0081,Disconnect
{00000001C7D8-0EF65E7B},2010-06-21 12:05:02,EHP1536,PC-0027,Connect
{00000001ED6F-10C485B7},2010-06-21 12:05:07,XGF2493,PC-0139,Disconnect
{00000001DEB4-2E0FC978},2010-06-21 12:10:55,GRQ1397,PC-0036,Disconnect
{00000001ED70-2A527E96},2010-06-21 12:22:21,XGF2493,PC-0139,Disconnect
{00000001EB0F-09F17CDA},2010-06-21 12:23:10,UKR6395,PC-0118,Disconnect
{00000001C6F2-32561944},2010-06-21 12:33:55,DHG6594,PC-0016,Connect
{00000001DB8A-3584FD6A},2010-06-21 12:35:39,CQZ8674,PC-0013,Disconnect
{00000001DCF3-3438B5E3},2010-06-21 12:44:55,DHG6594,PC-0016,Disconnect
{00000001D161-08D7BF7C},2010-06-21 12:52:00,QHQ5150,PC-0098,Connect
{00000001C3C3-063C0ABE},2010-06-21 13:06:16,ADG1145,PC-0001,Connect
{00000001E457-08D5F99C},2010-06-21 13:10:59,MSH7807,PC-0075,Disconnect
{00000001DDD9-0BF560E0},2010-06-21 13:11:02,EHP1536,PC-0027,Disconnect
{00000001CE05-24030C74},2010-06-21 13:17:21,MDR4757,PC-0071,Connect
{00000001C6F3-353C0C57},2010-06-21 13:22:26,DHG6594,PC-0016,Connect
{00000001C3F2-3354BA94},2010-06-21 13:32:55,ATM7194,PC-0003,Connect
{00000001DCF4-180CDBFD},2010-06-21 13:37:26,DHG6594,PC-0016,Disconnect
{00000001EF9F-0549C7B0},2010-06-21 13:57:04,DXC7486,PC-0024,Connect
{00000001E406-2E91AB93},2010-06-21 13:57:21,MDR4757,PC-0071,Disconnect
{00000001C9A6-16FF4B98},2010-06-21 14:03:19,HVG7968,PC-0044,Connect
{00000001E762-118BA915},2010-06-21 14:14:00,QHQ5150,PC-0098,Disconnect
{00000001D9C4-007BA8F8},2010-06-21 14:26:16,ADG1145,PC-0001,Disconnect
{00000001D277-2BE308AE},2010-06-21 14:36:37,RUT1946,PC-0104,Connect
{00000001D9F3-1F605D13},2010-06-21 14:54:55,ATM7194,PC-0003,Disconnect
{00000001DFA7-36655790},2010-06-21 15:02:19,HVG7968,PC-0044,Disconnect
{00000001F129-140A5385},2010-06-21 15:05:04,DXC7486,PC-0024,Disconnect
{00000001D8C5-3F0A3AFB},2010-06-21 15:06:32,ZIF9528,PC-0154,Connect
{00000001E878-21B218B4},2010-06-21 15:13:37,RUT1946,PC-0104,Disconnect
{00000001EEC6-3B2640E9},2010-06-21 15:33:32,ZIF9528,PC-0154,Disconnect
{00000001CF58-15CCE198},2010-06-21 15:40:47,NRU3936,PC-0083,Connect
{00000001C3C4-2C4DEE2F},2010-06-21 16:18:35,ADG1145,PC-0001,Connect
{00000001E559-24E624D3},2010-06-21 16:25:47,NRU3936,PC-0083,Disconnect
{00000001D323-3046913D},2010-06-21 16:28:12,SDT4191,PC-0106,Connect
{00000001C3F3-118BABBE},2010-06-21 16:35:23,ATM7194,PC-0003,Connect
{00000001D9C5-39092701},2010-06-21 16:56:35,ADG1145,PC-0001,Disconnect
{00000001CFCE-0B0983BE},2010-06-21 16:57:38,OET6830,PC-0086,Connect
{00000001CEA2-17DA3FA3},2010-06-21 17:02:55,NDV4503,PC-0078,Connect
{00000001E4A3-18286C04},2010-06-21 17:08:55,NDV4503,PC-0078,Disconnect
{00000001D9F4-2F25C64F},2010-06-21 17:14:23,ATM7194,PC-0003,Disconnect
{00000001E924-19BAA730},2010-06-21 17:41:12,SDT4191,PC-0106,Disconnect
{00000001D510-241A4AC9},2010-06-21 17:46:48,UKR6395,PC-0118,Connect
{00000001D094-31AFF599},2010-06-21 17:53:37,OLN5687,PC-0088,Connect
{00000001E5CF-3402F41B},2010-06-21 17:54:38,OET6830,PC-0086,Disconnect
{00000001E695-3FB3E8E0},2010-06-21 18:28:37,OLN5687,PC-0088,Disconnect
{00000001EB11-3650E7A5},2010-06-21 19:09:48,UKR6395,PC-0118,Disconnect
{00000001CE31-0A010F2E},2010-06-22 07:01:47,MGI5307,PC-0072,Connect
{00000001D115-05ADA879},2010-06-22 07:10:12,OYC3975,PC-0091,Connect
{00000001D7DC-01AC1FD0},2010-06-22 07:26:15,YDM6963,PC-0145,Connect
{00000001E716-1774F761},2010-06-22 07:41:12,OYC3975,PC-0091,Disconnect
{00000001E432-06BB2236},2010-06-22 07:46:47,MGI5307,PC-0072,Disconnect
{00000001EDDD-1AD68DC3},2010-06-22 07:53:15,YDM6963,PC-0145,Disconnect
{00000001D69D-2BE8ABA7},2010-06-22 07:58:03,VNI5142,PC-0129,Connect
{00000001C618-279489FE},2010-06-22 08:03:21,CVC0519,PC-0015,Connect
{00000001D325-3E86FC6C},2010-06-22 08:05:43,SDT4191,PC-0106,Connect
{00000001E926-2311930B},2010-06-22 08:08:43,SDT4191,PC-0106,Disconnect
{00000001CC92-3B083F2A},2010-06-22 08:09:09,KIX3704,PC-0058,Connect
{00000001D86A-0FAB5119},2010-06-22 08:11:34,YNX1016,PC-0148,Connect
{00000001C4B7-27BDEE7E},2010-06-22 08:13:25,BFH3103,PC-0007,Connect
{00000001EC9E-2F9C0E1A},2010-06-22 08:23:03,VNI5142,PC-0129,Disconnect
{00000001EE6B-2C4D2680},2010-06-22 08:33:34,YNX1016,PC-0148,Disconnect
{00000001D278-0290E4BB},2010-06-22 08:41:43,RUT1946,PC-0104,Connect
{00000001DC19-3D34A36A},2010-06-22 08:45:21,CVC0519,PC-0015,Disconnect
{00000001E293-0E7456B3},2010-06-22 09:03:09,KIX3704,PC-0058,Disconnect
{00000001C619-347A3A2E},2010-06-22 09:16:51,CVC0519,PC-0015,Connect
{00000001E879-32D8D058},2010-06-22 09:21:43,RUT1946,PC-0104,Disconnect
{00000001DAB8-14176DD0},2010-06-22 09:29:25,BFH3103,PC-0007,Disconnect
{00000001D921-342136CB},2010-06-22 09:49:12,ZUI9718,PC-0157,Connect
{00000001C7DA-33B766EC},2010-06-22 09:57:22,EHP1536,PC-0027,Connect
{00000001C8B4-3CF2A9EE},2010-06-22 09:59:54,GRQ1397,PC-0036,Connect
{00000001DEB5-15A75AAC},2010-06-22 10:01:54,GRQ1397,PC-0036,Disconnect
{00000001DC1A-10B264E7},2010-06-22 10:08:51,CVC0519,PC-0015,Disconnect
{00000001C6F4-30B21E45},2010-06-22 10:10:00,DHG6594,PC-0016,Connect
{00000001DDDB-260FDAD3},2010-06-22 10:14:22,EHP1536,PC-0027,Disconnect
{00000001C58A-09F05508},2010-06-22 10:35:17,CQZ8674,PC-0013,Connect
{00000001EF22-0ADD5108},2010-06-22 10:40:12,ZUI9718,PC-0157,Disconnect
{00000001DCF5-25A7CB2D},2010-06-22 10:42:00,DHG6594,PC-0016,Disconnect
{00000001DB8B-3F2EE1B3},2010-06-22 10:50:17,CQZ8674,PC-0013,Disconnect
{00000001C848-2538C747},2010-06-22 11:11:06,GGB1397,PC-0032,Connect
{00000001CF5A-3B8B5304},2010-06-22 11:13:49,NRU3936,PC-0083,Connect
{00000001DE49-0284F535},2010-06-22 11:33:06,GGB1397,PC-0032,Disconnect
{00000001D279-1A4FAB13},2010-06-22 11:36:14,RUT1946,PC-0104,Connect
{00000001CE89-0C51D1AB},2010-06-22 11:56:26,NBM1814,PC-0077,Connect
{00000001E48A-1E260AB6},2010-06-22 11:59:26,NBM1814,PC-0077,Disconnect
{00000001D922-23697DAE},2010-06-22 12:24:13,ZUI9718,PC-0157,Connect
{00000001E55B-3C20C9FB},2010-06-22 12:24:49,NRU3936,PC-0083,Disconnect
{00000001D770-354940A1},2010-06-22 12:27:35,XGF2493,PC-0139,Connect
{00000001EF23-06F724CC},2010-06-22 12:35:13,ZUI9718,PC-0157,Disconnect
{00000001D563-176D9FB3},2010-06-22 12:43:17,UQK8227,PC-0120,Connect
{00000001E87A-1C9F2FF1},2010-06-22 12:48:14,RUT1946,PC-0104,Disconnect
{00000001CBD2-0710FFF1},2010-06-22 12:55:46,JMM0438,PC-0053,Connect
{00000001D95E-19325465},2010-06-22 12:58:09,ZWA2339,PC-0158,Connect
{00000001C58B-2BFA3D4B},2010-06-22 13:05:41,CQZ8674,PC-0013,Connect
{00000001EF5F-25CCC532},2010-06-22 13:16:09,ZWA2339,PC-0158,Disconnect
{00000001D116-3EF9B34F},2010-06-22 13:17:53,OYC3975,PC-0091,Connect
{00000001ED71-28623723},2010-06-22 13:21:35,XGF2493,PC-0139,Disconnect
{00000001DB8C-2D633AC9},2010-06-22 13:39:41,CQZ8674,PC-0013,Disconnect
{00000001CF59-28B59486},2010-06-22 13:40:46,NRU3936,PC-0083,Connect
{00000001E717-0A7F96E7},2010-06-22 13:42:53,OYC3975,PC-0091,Disconnect
{00000001D891-2330DD70},2010-06-22 13:47:05,YST5811,PC-0149,Connect
{00000001CFCF-238CB17A},2010-06-22 13:50:10,OET6830,PC-0086,Connect
{00000001EB64-25ED549B},2010-06-22 13:51:17,UQK8227,PC-0120,Disconnect
{00000001D84E-285409F2},2010-06-22 13:58:00,YLE8326,PC-0147,Connect
{00000001EE92-01DE446C},2010-06-22 13:59:05,YST5811,PC-0149,Disconnect
{00000001D82B-0F6E5C32},2010-06-22 14:02:15,YIO5206,PC-0146,Connect
{00000001E1D3-2BEB6F18},2010-06-22 14:05:46,JMM0438,PC-0053,Disconnect
{00000001EE4F-0174290B},2010-06-22 14:14:00,YLE8326,PC-0147,Disconnect
{00000001EE2C-170E329C},2010-06-22 14:19:15,YIO5206,PC-0146,Disconnect
{00000001C904-10A8AEAC},2010-06-22 14:20:25,HMR4907,PC-0043,Connect
{00000001D564-13898083},2010-06-22 14:22:33,UQK8227,PC-0120,Connect
{00000001EB65-0564BDE9},2010-06-22 14:25:33,UQK8227,PC-0120,Disconnect
{00000001E55A-18B96C15},2010-06-22 14:35:46,NRU3936,PC-0083,Disconnect
{00000001C9A7-3619E96C},2010-06-22 14:37:46,HVG7968,PC-0044,Connect
{00000001D1D7-1EEE543C},2010-06-22 14:39:07,QSC3123,PC-0100,Connect
{00000001E5D0-0D5175E7},2010-06-22 14:51:10,OET6830,PC-0086,Disconnect
{00000001DF05-2DB53C12},2010-06-22 14:58:25,HMR4907,PC-0043,Disconnect
{00000001DFA8-144F746F},2010-06-22 15:12:46,HVG7968,PC-0044,Disconnect
{00000001E7D8-308154B0},2010-06-22 15:57:07,QSC3123,PC-0100,Disconnect
{00000001CBD0-190DB038},2010-06-22 16:02:49,JMM0438,PC-0053,Connect
{00000001C3C5-10026CA8},2010-06-22 16:09:24,ADG1145,PC-0001,Connect
{00000001EFA0-2D71F7BA},2010-06-22 17:04:05,DXC7486,PC-0024,Connect
{00000001E1D1-0CBC4B9C},2010-06-22 17:10:49,JMM0438,PC-0053,Disconnect
{00000001C7D9-292CBC1D},2010-06-22 17:17:51,EHP1536,PC-0027,Connect
{00000001CBD1-32AFD196},2010-06-22 17:18:18,JMM0438,PC-0053,Connect
{00000001D27A-27654C2B},2010-06-22 17:28:00,RUT1946,PC-0104,Connect
{00000001D9C6-20563690},2010-06-22 17:33:24,ADG1145,PC-0001,Disconnect
{00000001DDDA-0E896454},2010-06-22 17:52:51,EHP1536,PC-0027,Disconnect
{00000001EFA1-04107E89},2010-06-22 17:54:03,DXC7486,PC-0024,Connect
{00000001F12A-1FE773D9},2010-06-22 18:00:05,DXC7486,PC-0024,Disconnect
{00000001E87B-1FDD2A37},2010-06-22 18:02:00,RUT1946,PC-0104,Disconnect
{00000001F12B-2891101B},2010-06-22 18:05:03,DXC7486,PC-0024,Disconnect
{00000001E1D2-37AC5685},2010-06-22 18:17:18,JMM0438,PC-0053,Disconnect
{00000001D69F-21DDD9AA},2010-06-23 07:23:16,VNI5142,PC-0129,Connect
{00000001D512-18DB43DF},2010-06-23 07:31:50,UKR6395,PC-0118,Connect
{00000001D095-059BA6A5},2010-06-23 07:36:22,OLN5687,PC-0088,Connect
{00000001E696-0440A7BC},2010-06-23 07:50:22,OLN5687,PC-0088,Disconnect
{00000001EB13-0A7CA06D},2010-06-23 07:51:50,UKR6395,PC-0118,Disconnect
{00000001ECA0-26BDE6EA},2010-06-23 07:58:16,VNI5142,PC-0129,Disconnect
{00000001D8C7-0665C1FF},2010-06-23 08:03:56,ZIF9528,PC-0154,Connect
{00000001D69E-2570BB12},2010-06-23 08:09:16,VNI5142,PC-0129,Connect
{00000001EEC8-21D11AD8},2010-06-23 08:25:56,ZIF9528,PC-0154,Disconnect
{00000001D096-364073A8},2010-06-23 08:38:15,OLN5687,PC-0088,Connect
{00000001D27C-09631352},2010-06-23 08:40:35,RUT1946,PC-0104,Connect
{00000001C8B6-0F020820},2010-06-23 08:48:08,GRQ1397,PC-0036,Connect
{00000001EC9F-1966D217},2010-06-23 08:56:16,VNI5142,PC-0129,Disconnect
{00000001E697-2AB28FC4},2010-06-23 09:03:15,OLN5687,PC-0088,Disconnect
{00000001D3AA-1D3EA3BA},2010-06-23 09:44:40,SHV5792,PC-0108,Connect
{00000001E87D-23197F65},2010-06-23 09:50:35,RUT1946,PC-0104,Disconnect
{00000001DEB7-229485E6},2010-06-23 09:53:08,GRQ1397,PC-0036,Disconnect
{00000001C7DB-36A1408A},2010-06-23 09:59:09,EHP1536,PC-0027,Connect
{00000001E9AB-277227BB},2010-06-23 10:00:40,SHV5792,PC-0108,Disconnect
{00000001D511-0D7A8DA3},2010-06-23 10:11:14,UKR6395,PC-0118,Connect
{00000001CC94-0A87D862},2010-06-23 10:35:00,KIX3704,PC-0058,Connect
{00000001EB12-08B57E0D},2010-06-23 10:51:14,UKR6395,PC-0118,Disconnect
{00000001E295-23F93564},2010-06-23 10:54:00,KIX3704,PC-0058,Disconnect
{00000001D84F-0E240113},2010-06-23 10:56:56,YLE8326,PC-0147,Connect
{00000001DDDC-10CECADE},2010-06-23 11:00:09,EHP1536,PC-0027,Disconnect
{00000001D472-36B13181},2010-06-23 11:36:40,TWU8511,PC-0115,Connect
{00000001EA73-1A04D5A9},2010-06-23 12:08:40,TWU8511,PC-0115,Disconnect
{00000001C460-1CAAFA40},2010-06-23 12:13:34,AYY2409,PC-0005,Connect
{00000001EE50-2D890CD7},2010-06-23 12:25:56,YLE8326,PC-0147,Disconnect
{00000001C58C-0A1E5A72},2010-06-23 12:41:03,CQZ8674,PC-0013,Connect
{00000001DB8D-32CEB193},2010-06-23 12:56:03,CQZ8674,PC-0013,Disconnect
{00000001CA59-3B1AF9CB},2010-06-23 12:58:54,IIY1438,PC-0050,Connect
{00000001D1D8-174E281C},2010-06-23 13:05:20,QSC3123,PC-0100,Connect
{00000001CFD0-3A6C3A18},2010-06-23 13:32:33,OET6830,PC-0086,Connect
{00000001DA61-220029D6},2010-06-23 13:32:34,AYY2409,PC-0005,Disconnect
{00000001CDC5-289F1867},2010-06-23 13:39:15,LYE5717,PC-0069,Connect
{00000001E7D9-29450938},2010-06-23 14:04:20,QSC3123,PC-0100,Disconnect
{00000001E05A-21EA37B2},2010-06-23 14:20:54,IIY1438,PC-0050,Disconnect
{00000001D471-27A04C7D},2010-06-23 14:33:28,TWU8511,PC-0115,Connect
{00000001C8B5-10147682},2010-06-23 14:41:00,GRQ1397,PC-0036,Connect
{00000001D7DD-239A9A05},2010-06-23 14:46:34,YDM6963,PC-0145,Connect
{00000001E5D1-24F52269},2010-06-23 14:55:33,OET6830,PC-0086,Disconnect
{00000001E3C6-0408D292},2010-06-23 15:00:15,LYE5717,PC-0069,Disconnect
{00000001C9A9-12CD96F4},2010-06-23 15:01:10,HVG7968,PC-0044,Connect
{00000001EA72-08AEE3BA},2010-06-23 15:03:28,TWU8511,PC-0115,Disconnect
{00000001CECE-3223D245},2010-06-23 15:07:46,NRI9556,PC-0082,Connect
{00000001DFAA-13F0010F},2010-06-23 15:32:10,HVG7968,PC-0044,Disconnect
{00000001C9A8-1D0880AC},2010-06-23 15:40:28,HVG7968,PC-0044,Connect
{00000001CEBC-2149E107},2010-06-23 15:47:40,NJT3274,PC-0081,Connect
{00000001DEB6-3FF61F6B},2010-06-23 15:51:00,GRQ1397,PC-0036,Disconnect
{00000001C45F-2A1C2747},2010-06-23 15:52:27,AYY2409,PC-0005,Connect
{00000001EDDE-1FF96C33},2010-06-23 16:03:34,YDM6963,PC-0145,Disconnect
{00000001E4CF-0C17C88B},2010-06-23 16:09:46,NRI9556,PC-0082,Disconnect
{00000001CD49-23C9D0C0},2010-06-23 16:16:01,KYR0991,PC-0061,Connect
{00000001CC93-34A6E49D},2010-06-23 16:28:57,KIX3704,PC-0058,Connect
{00000001E34A-3666E82B},2010-06-23 16:31:01,KYR0991,PC-0061,Disconnect
{00000001DA60-0C8B6C3E},2010-06-23 16:34:27,AYY2409,PC-0005,Disconnect
{00000001DFA9-0CB47EF8},2010-06-23 16:37:28,HVG7968,PC-0044,Disconnect
{00000001E294-071B6933},2010-06-23 16:38:57,KIX3704,PC-0058,Disconnect
{00000001D892-0DA6B482},2010-06-23 16:47:20,YST5811,PC-0149,Connect
{00000001E4BD-0C180902},2010-06-23 16:47:40,NJT3274,PC-0081,Disconnect
{00000001EE93-30DA739D},2010-06-23 16:49:20,YST5811,PC-0149,Disconnect
{00000001D3AB-23AA58E7},2010-06-23 17:29:14,SHV5792,PC-0108,Connect
{00000001D27D-28552541},2010-06-23 17:31:43,RUT1946,PC-0104,Connect
{00000001CFD1-23815C15},2010-06-23 17:31:50,OET6830,PC-0086,Connect
{00000001EF6A-0490952F},2010-06-23 17:32:16,CCL9026,PC-0010,Connect
{00000001F0F4-00F94641},2010-06-23 17:45:16,CCL9026,PC-0010,Disconnect
{00000001D565-24E1B62C},2010-06-23 17:50:15,UQK8227,PC-0120,Connect
{00000001D27B-3F75635D},2010-06-23 17:50:51,RUT1946,PC-0104,Connect
{00000001C58D-060CAD08},2010-06-23 17:56:52,CQZ8674,PC-0013,Connect
{00000001E9AC-11C18D15},2010-06-23 18:04:14,SHV5792,PC-0108,Disconnect
{00000001E87C-301E4767},2010-06-23 18:04:51,RUT1946,PC-0104,Disconnect
{00000001DB8E-2B93CEF4},2010-06-23 18:05:52,CQZ8674,PC-0013,Disconnect
{00000001E87E-18CCA17E},2010-06-23 18:21:43,RUT1946,PC-0104,Disconnect
{00000001EB66-0781FC53},2010-06-23 18:53:15,UQK8227,PC-0120,Disconnect
{00000001E5D2-301E4595},2010-06-23 18:56:50,OET6830,PC-0086,Disconnect
{00000001D1D9-113EDF98},2010-06-24 07:03:05,QSC3123,PC-0100,Connect
{00000001C6F5-15002459},2010-06-24 07:35:31,DHG6594,PC-0016,Connect
{00000001DCF6-2B65629E},2010-06-24 07:40:31,DHG6594,PC-0016,Disconnect
{00000001D2A7-2E91DA14},2010-06-24 07:41:28,SBF1746,PC-0105,Connect
{00000001D5F8-27FF2ADB},2010-06-24 07:51:02,UUU6648,PC-0122,Connect
{00000001E7DA-0AFE034B},2010-06-24 08:12:05,QSC3123,PC-0100,Disconnect
{00000001D098-34D5A650},2010-06-24 08:22:18,OLN5687,PC-0088,Connect
{00000001E8A8-38D67EBA},2010-06-24 08:31:28,SBF1746,PC-0105,Disconnect
{00000001EBF9-287E05C3},2010-06-24 08:41:02,UUU6648,PC-0122,Disconnect
{00000001D893-1B786334},2010-06-24 08:42:38,YST5811,PC-0149,Connect
{00000001EE94-0FB58D1D},2010-06-24 08:49:38,YST5811,PC-0149,Disconnect
{00000001D473-24FFD292},2010-06-24 09:00:28,TWU8511,PC-0115,Connect
{00000001E699-00C111C9},2010-06-24 09:41:18,OLN5687,PC-0088,Disconnect
{00000001EA74-0AFC4427},2010-06-24 09:41:28,TWU8511,PC-0115,Disconnect
{00000001D3AC-19D15374},2010-06-24 09:55:49,SHV5792,PC-0108,Connect
{00000001D7E0-2B8FA745},2010-06-24 10:16:30,YDM6963,PC-0145,Connect
{00000001CF5B-001699DE},2010-06-24 10:37:24,NRU3936,PC-0083,Connect
{00000001CECF-2D4F6DC1},2010-06-24 10:39:22,NRI9556,PC-0082,Connect
{00000001C8B7-0E473B39},2010-06-24 11:02:05,GRQ1397,PC-0036,Connect
{00000001D7DE-2A58A4BA},2010-06-24 11:06:36,YDM6963,PC-0145,Connect
{00000001E55C-2FF89120},2010-06-24 11:07:24,NRU3936,PC-0083,Disconnect
{00000001C461-1EDA72C8},2010-06-24 11:16:23,AYY2409,PC-0005,Connect
{00000001C3F4-0BD76863},2010-06-24 11:17:59,ATM7194,PC-0003,Connect
{00000001EDDF-12282BA2},2010-06-24 11:19:36,YDM6963,PC-0145,Disconnect
{00000001D566-211D9F5F},2010-06-24 11:21:48,UQK8227,PC-0120,Connect
{00000001E9AD-33F10320},2010-06-24 11:21:49,SHV5792,PC-0108,Disconnect
{00000001EB67-026E648A},2010-06-24 11:31:48,UQK8227,PC-0120,Disconnect
{00000001D923-3036E1D1},2010-06-24 11:35:50,ZUI9718,PC-0157,Connect
{00000001EDE1-0CEA8020},2010-06-24 11:38:30,YDM6963,PC-0145,Disconnect
{00000001EF24-3D7ED605},2010-06-24 11:55:50,ZUI9718,PC-0157,Disconnect
{00000001E4D0-1F0923E7},2010-06-24 12:03:22,NRI9556,PC-0082,Disconnect
{00000001DEB8-3B6450AA},2010-06-24 12:07:05,GRQ1397,PC-0036,Disconnect
{00000001D117-0FBBF029},2010-06-24 12:10:20,OYC3975,PC-0091,Connect
{00000001DA62-0AD4C1BB},2010-06-24 12:32:23,AYY2409,PC-0005,Disconnect
{00000001D9F5-0F6AC374},2010-06-24 12:37:59,ATM7194,PC-0003,Disconnect
{00000001E718-042D7DA9},2010-06-24 12:47:20,OYC3975,PC-0091,Disconnect
{00000001C61A-3DCC1B8F},2010-06-24 13:17:45,CVC0519,PC-0015,Connect
{00000001CF92-2F13DA59},2010-06-24 13:18:10,OEM8566,PC-0085,Connect
{00000001D5F7-3BBC0EEE},2010-06-24 13:21:19,UUU6648,PC-0122,Connect
{00000001E593-1F026F38},2010-06-24 13:23:10,OEM8566,PC-0085,Disconnect
{00000001D326-0C7A452B},2010-06-24 13:33:14,SDT4191,PC-0106,Connect
{00000001D327-388564B0},2010-06-24 13:41:22,SDT4191,PC-0106,Connect
{00000001E927-025E9D06},2010-06-24 13:42:14,SDT4191,PC-0106,Disconnect
{00000001E928-1441C632},2010-06-24 13:44:22,SDT4191,PC-0106,Disconnect
{00000001DC1B-2C60B2CC},2010-06-24 14:03:45,CVC0519,PC-0015,Disconnect
{00000001D719-1FFE0B22},2010-06-24 14:16:10,WLH0216,PC-0135,Connect
{00000001D27E-14CE3A68},2010-06-24 14:19:54,RUT1946,PC-0104,Connect
{00000001EBF8-1A11C038},2010-06-24 14:32:19,UUU6648,PC-0122,Disconnect
{00000001D61F-147B612F},2010-06-24 14:33:15,VDL1237,PC-0125,Connect
{00000001ED1A-2431A1C9},2010-06-24 14:49:10,WLH0216,PC-0135,Disconnect
{00000001D1DA-07CAEF3B},2010-06-24 14:51:07,QSC3123,PC-0100,Connect
{00000001D7DF-06EAEFF0},2010-06-24 15:04:10,YDM6963,PC-0145,Connect
{00000001CEA3-15EA19A6},2010-06-24 15:06:32,NDV4503,PC-0078,Connect
{00000001D162-32C00F58},2010-06-24 15:08:11,QHQ5150,PC-0098,Connect
{00000001C410-2370275C},2010-06-24 15:20:36,AUI6616,PC-0004,Connect
{00000001EC20-2C2868A4},2010-06-24 15:24:15,VDL1237,PC-0125,Disconnect
{00000001E87F-3C80ED96},2010-06-24 15:40:54,RUT1946,PC-0104,Disconnect
{00000001EDE0-1AFF37E3},2010-06-24 15:53:10,YDM6963,PC-0145,Disconnect
{00000001E7DB-172D226C},2010-06-24 15:55:07,QSC3123,PC-0100,Disconnect
{00000001E763-28F8FB08},2010-06-24 16:05:11,QHQ5150,PC-0098,Disconnect
{00000001E4A4-206B8F21},2010-06-24 16:30:32,NDV4503,PC-0078,Disconnect
{00000001C4B8-23BD6801},2010-06-24 16:36:04,BFH3103,PC-0007,Connect
{00000001DA11-33A20794},2010-06-24 16:46:36,AUI6616,PC-0004,Disconnect
{00000001D097-2EDE9155},2010-06-24 17:06:30,OLN5687,PC-0088,Connect
{00000001C8B8-153A29E8},2010-06-24 17:21:12,GRQ1397,PC-0036,Connect
{00000001CE32-06BF20A1},2010-06-24 17:33:42,MGI5307,PC-0072,Connect
{00000001D513-085F14E8},2010-06-24 17:35:10,UKR6395,PC-0118,Connect
{00000001E698-3CFF45F8},2010-06-24 17:43:30,OLN5687,PC-0088,Disconnect
{00000001DEB9-2AF9E596},2010-06-24 17:44:12,GRQ1397,PC-0036,Disconnect
{00000001DAB9-2AD7C19D},2010-06-24 17:46:04,BFH3103,PC-0007,Disconnect
{00000001E433-04A19C61},2010-06-24 17:52:42,MGI5307,PC-0072,Disconnect
{00000001EB14-09D1F734},2010-06-24 18:35:10,UKR6395,PC-0118,Disconnect
{00000001D71A-20B2370B},2010-06-25 07:46:00,WLH0216,PC-0135,Connect
{00000001C61C-0AE782E8},2010-06-25 08:09:58,CVC0519,PC-0015,Connect
{00000001DC1D-044F7BF4},2010-06-25 08:51:58,CVC0519,PC-0015,Disconnect
{00000001ED1B-2C673F78},2010-06-25 08:56:00,WLH0216,PC-0135,Disconnect
{00000001CF5C-3739A91B},2010-06-25 09:52:43,NRU3936,PC-0083,Connect
{00000001C6F6-39B70D8D},2010-06-25 10:44:02,DHG6594,PC-0016,Connect
{00000001CBD6-2B6E04C9},2010-06-25 10:52:42,JMM0438,PC-0053,Connect
{00000001C61D-2BD89918},2010-06-25 11:18:41,CVC0519,PC-0015,Connect
{00000001E55D-10FC43A3},2010-06-25 11:21:43,NRU3936,PC-0083,Disconnect
{00000001DCF7-2A2A37F8},2010-06-25 11:24:02,DHG6594,PC-0016,Disconnect
{00000001D82C-1CCF2034},2010-06-25 11:48:03,YIO5206,PC-0146,Connect
{00000001E1D7-1C98BF54},2010-06-25 11:50:42,JMM0438,PC-0053,Disconnect
{00000001DC1E-364787A9},2010-06-25 11:54:41,CVC0519,PC-0015,Disconnect
{00000001EE2D-310CE320},2010-06-25 12:14:03,YIO5206,PC-0146,Disconnect
{00000001C61B-2CFCA671},2010-06-25 12:14:28,CVC0519,PC-0015,Connect
{00000001CBD3-0D751717},2010-06-25 12:27:41,JMM0438,PC-0053,Connect
{00000001DC1C-1B3A7D4C},2010-06-25 12:43:28,CVC0519,PC-0015,Disconnect
{00000001D7E1-13A28AC6},2010-06-25 12:51:09,YDM6963,PC-0145,Connect
{00000001CBD4-37D71FBC},2010-06-25 13:11:22,JMM0438,PC-0053,Connect
{00000001EDE2-05973A77},2010-06-25 13:15:09,YDM6963,PC-0145,Disconnect
{00000001E1D5-27DC7A1A},2010-06-25 13:18:22,JMM0438,PC-0053,Disconnect
{00000001CE33-145FCAC7},2010-06-25 13:18:42,MGI5307,PC-0072,Connect
{00000001D4C1-0B2BA213},2010-06-25 13:19:57,UEH9251,PC-0117,Connect
{00000001C9AA-330DE395},2010-06-25 13:23:14,HVG7968,PC-0044,Connect
{00000001C756-34C98F60},2010-06-25 13:23:42,DNM3159,PC-0019,Connect
{00000001E1D4-0D063DAD},2010-06-25 13:24:41,JMM0438,PC-0053,Disconnect
{00000001DFAB-04C044C9},2010-06-25 13:51:14,HVG7968,PC-0044,Disconnect
{00000001E434-283BA494},2010-06-25 14:16:42,MGI5307,PC-0072,Disconnect
{00000001D567-13651174},2010-06-25 14:33:36,UQK8227,PC-0120,Connect
{00000001EAC2-251EDB6C},2010-06-25 14:38:57,UEH9251,PC-0117,Disconnect
{00000001D0E5-18156E73},2010-06-25 14:39:00,OMU2669,PC-0089,Connect
{00000001DD57-320DF526},2010-06-25 14:43:42,DNM3159,PC-0019,Disconnect
{00000001CA40-220CFF5D},2010-06-25 14:45:33,IDI9618,PC-0048,Connect
{00000001EB68-38F800E3},2010-06-25 15:05:36,UQK8227,PC-0120,Disconnect
{00000001E6E6-0FB8A31A},2010-06-25 15:10:00,OMU2669,PC-0089,Disconnect
{00000001E041-28EE2C5A},2010-06-25 15:13:33,IDI9618,PC-0048,Disconnect
{00000001D86B-1F5108A8},2010-06-25 15:57:37,YNX1016,PC-0148,Connect
{00000001D099-330F30E2},2010-06-25 16:01:03,OLN5687,PC-0088,Connect
{00000001E69A-0CE14FFC},2010-06-25 16:04:03,OLN5687,PC-0088,Disconnect
{00000001CED0-3132C127},2010-06-25 16:38:35,NRI9556,PC-0082,Connect
{00000001CF5D-3D2934B0},2010-06-25 16:52:03,NRU3936,PC-0083,Connect
{00000001E4D1-29BA95AF},2010-06-25 16:59:35,NRI9556,PC-0082,Disconnect
{00000001CBD5-087444F5},2010-06-25 17:02:06,JMM0438,PC-0053,Connect
{00000001D474-1DDEEC5A},2010-06-25 17:04:51,TWU8511,PC-0115,Connect
{00000001EE6C-14B73320},2010-06-25 17:06:37,YNX1016,PC-0148,Disconnect
{00000001CB03-192657F2},2010-06-25 17:10:41,JDE8246,PC-0052,Connect
{00000001CD79-1F9E9913},2010-06-25 17:19:39,LGT9691,PC-0063,Connect
{00000001E104-2DBD46A2},2010-06-25 17:23:41,JDE8246,PC-0052,Disconnect
{00000001E1D6-098F4E94},2010-06-25 17:44:06,JMM0438,PC-0053,Disconnect
{00000001EFA2-0819A271},2010-06-25 17:45:14,DXC7486,PC-0024,Connect
{00000001C7DC-148BC348},2010-06-25 17:51:23,EHP1536,PC-0027,Connect
{00000001F12C-0F16BF32},2010-06-25 17:52:14,DXC7486,PC-0024,Disconnect
{00000001EA75-2B2A3D88},2010-06-25 18:03:51,TWU8511,PC-0115,Disconnect
{00000001E55E-3E94E182},2010-06-25 18:18:03,NRU3936,PC-0083,Disconnect
{00000001E37A-34AEF3F7},2010-06-25 18:18:39,LGT9691,PC-0063,Disconnect
{00000001DDDD-2DAC5FCE},2010-06-25 18:37:23,EHP1536,PC-0027,Disconnect
{00000001D328-342E18DE},2010-06-28 07:27:38,SDT4191,PC-0106,Connect
{00000001CA9D-0CDDA277},2010-06-28 07:35:11,IVL8082,PC-0051,Connect
{00000001D514-0A41ADAD},2010-06-28 07:35:17,UKR6395,PC-0118,Connect
{00000001D09A-2F2B2441},2010-06-28 07:47:43,OLN5687,PC-0088,Connect
{00000001E929-19FB75F8},2010-06-28 07:55:38,SDT4191,PC-0106,Disconnect
{00000001E69B-3C98CDEE},2010-06-28 07:57:43,OLN5687,PC-0088,Disconnect
{00000001C6F9-27AD8282},2010-06-28 07:58:15,DHG6594,PC-0016,Connect
{00000001E09E-386C748F},2010-06-28 08:00:11,IVL8082,PC-0051,Disconnect
{00000001D620-267AE916},2010-06-28 08:05:08,VDL1237,PC-0125,Connect
{00000001EC21-2CDE7BDC},2010-06-28 08:08:08,VDL1237,PC-0125,Disconnect
{00000001EB15-04F40F9E},2010-06-28 08:16:17,UKR6395,PC-0118,Disconnect
{00000001DCFA-2C529237},2010-06-28 08:26:15,DHG6594,PC-0016,Disconnect
{00000001EF6B-15E55C9E},2010-06-28 08:30:13,CCL9026,PC-0010,Connect
{00000001F0F5-02F7752C},2010-06-28 08:41:13,CCL9026,PC-0010,Disconnect
{00000001D71B-3D411FC5},2010-06-28 09:04:28,WLH0216,PC-0135,Connect
{00000001ED1C-18137644},2010-06-28 09:15:28,WLH0216,PC-0135,Disconnect
{00000001D71C-3F5CD2C0},2010-06-28 09:23:57,WLH0216,PC-0135,Connect
{00000001D6A0-38B1F1E8},2010-06-28 09:41:52,VNI5142,PC-0129,Connect
{00000001ED1D-005D1C25},2010-06-28 09:51:57,WLH0216,PC-0135,Disconnect
{00000001D329-26310736},2010-06-28 09:57:58,SDT4191,PC-0106,Connect
{00000001ECA1-1F7FEE37},2010-06-28 10:08:52,VNI5142,PC-0129,Disconnect
{00000001E92A-2E49BB2D},2010-06-28 10:21:58,SDT4191,PC-0106,Disconnect
{00000001D4C2-100B2A8D},2010-06-28 10:44:41,UEH9251,PC-0117,Connect
{00000001D475-0737FEDC},2010-06-28 10:46:10,TWU8511,PC-0115,Connect
{00000001EA76-2E9662CD},2010-06-28 11:17:10,TWU8511,PC-0115,Disconnect
{00000001CF5E-0F09AE23},2010-06-28 11:27:38,NRU3936,PC-0083,Connect
{00000001CBD8-0FAD34F5},2010-06-28 11:36:17,JMM0438,PC-0053,Connect
{00000001E1D9-25818D0E},2010-06-28 11:42:17,JMM0438,PC-0053,Disconnect
{00000001EAC3-008A9826},2010-06-28 11:48:41,UEH9251,PC-0117,Disconnect
{00000001CD4A-039855E3},2010-06-28 11:52:56,KYR0991,PC-0061,Connect
{00000001CBD7-05A2F457},2010-06-28 11:57:07,JMM0438,PC-0053,Connect
{00000001E34B-03E5DB63},2010-06-28 12:21:56,KYR0991,PC-0061,Disconnect
{00000001E55F-02D1AAF3},2010-06-28 12:26:38,NRU3936,PC-0083,Disconnect
{00000001D7E2-32255F30},2010-06-28 12:45:28,YDM6963,PC-0145,Connect
{00000001EFA3-0AFE4471},2010-06-28 12:48:53,DXC7486,PC-0024,Connect
{00000001D6A1-0B9EBCBE},2010-06-28 12:52:26,VNI5142,PC-0129,Connect
{00000001E1D8-080E470D},2010-06-28 13:11:07,JMM0438,PC-0053,Disconnect
{00000001D924-05C3FE2D},2010-06-28 13:20:53,ZUI9718,PC-0157,Connect
{00000001F12D-1B9D50CD},2010-06-28 13:30:53,DXC7486,PC-0024,Disconnect
{00000001ECA2-1E2C9292},2010-06-28 13:42:26,VNI5142,PC-0129,Disconnect
{00000001CBD9-0E120F14},2010-06-28 13:46:51,JMM0438,PC-0053,Connect
{00000001EDE3-3E4FE521},2010-06-28 14:04:28,YDM6963,PC-0145,Disconnect
{00000001EF25-295D8B0A},2010-06-28 14:18:53,ZUI9718,PC-0157,Disconnect
{00000001E1DA-18529865},2010-06-28 14:22:51,JMM0438,PC-0053,Disconnect
{00000001CE06-16518900},2010-06-28 14:23:52,MDR4757,PC-0071,Connect
{00000001D0E6-3A1ABDD8},2010-06-28 14:27:01,OMU2669,PC-0089,Connect
{00000001E407-07E65464},2010-06-28 14:51:52,MDR4757,PC-0071,Disconnect
{00000001C801-3563D984},2010-06-28 14:53:19,EIR1445,PC-0028,Connect
{00000001C6F7-16CF0B91},2010-06-28 15:14:32,DHG6594,PC-0016,Connect
{00000001CA41-2B3588FF},2010-06-28 15:19:23,IDI9618,PC-0048,Connect
{00000001E6E7-05F61509},2010-06-28 15:34:01,OMU2669,PC-0089,Disconnect
{00000001DE02-2AA23F2D},2010-06-28 15:38:19,EIR1445,PC-0028,Disconnect
{00000001E042-11558DF0},2010-06-28 15:51:23,IDI9618,PC-0048,Disconnect
{00000001C4EA-2DF9598A},2010-06-28 15:55:24,COU3039,PC-0011,Connect
{00000001C9AB-2130FD4F},2010-06-28 16:06:50,HVG7968,PC-0044,Connect
{00000001C411-38AB1C0F},2010-06-28 16:17:09,AUI6616,PC-0004,Connect
{00000001D894-3C1CBEA8},2010-06-28 16:25:44,YST5811,PC-0149,Connect
{00000001DA12-295D268B},2010-06-28 16:36:09,AUI6616,PC-0004,Disconnect
{00000001DCF8-10561CF1},2010-06-28 16:43:32,DHG6594,PC-0016,Disconnect
{00000001CA07-272B520F},2010-06-28 16:45:29,IAC0900,PC-0045,Connect
{00000001E008-19917034},2010-06-28 16:51:29,IAC0900,PC-0045,Disconnect
{00000001DFAC-2D1B8428},2010-06-28 16:51:50,HVG7968,PC-0044,Disconnect
{00000001C462-3009405A},2010-06-28 16:52:19,AYY2409,PC-0005,Connect
{00000001DAEB-2D69D7C1},2010-06-28 16:58:24,COU3039,PC-0011,Disconnect
{00000001C6F8-201282C4},2010-06-28 16:59:51,DHG6594,PC-0016,Connect
{00000001D895-14E020AB},2010-06-28 17:01:35,YST5811,PC-0149,Connect
{00000001DA63-247C8227},2010-06-28 17:09:19,AYY2409,PC-0005,Disconnect
{00000001EE95-3BB713B3},2010-06-28 17:12:44,YST5811,PC-0149,Disconnect
{00000001EE96-02B49B7A},2010-06-28 17:50:35,YST5811,PC-0149,Disconnect
{00000001DCF9-3B8ADFDF},2010-06-28 17:55:51,DHG6594,PC-0016,Disconnect
{00000001CDC7-29DAD5E6},2010-06-29 07:15:42,LYE5717,PC-0069,Connect
{00000001CBDA-086ED044},2010-06-29 07:25:18,JMM0438,PC-0053,Connect
{00000001E1DB-39B9259A},2010-06-29 07:32:18,JMM0438,PC-0053,Disconnect
{00000001CD4B-112B44E1},2010-06-29 07:46:12,KYR0991,PC-0061,Connect
{00000001E3C8-0CCA2007},2010-06-29 08:12:42,LYE5717,PC-0069,Disconnect
{00000001E34C-1251C8A2},2010-06-29 08:14:12,KYR0991,PC-0061,Disconnect
{00000001C61F-071A2544},2010-06-29 08:28:45,CVC0519,PC-0015,Connect
{00000001D477-0A55A671},2010-06-29 09:05:43,TWU8511,PC-0115,Connect
{00000001D09C-3DAAE10B},2010-06-29 09:14:51,OLN5687,PC-0088,Connect
{00000001C6FA-2F9E16D7},2010-06-29 09:35:54,DHG6594,PC-0016,Connect
{00000001DC20-1CF683C8},2010-06-29 09:37:45,CVC0519,PC-0015,Disconnect
{00000001E69D-138D19E6},2010-06-29 09:41:51,OLN5687,PC-0088,Disconnect
{00000001EA78-312D1015},2010-06-29 09:45:43,TWU8511,PC-0115,Disconnect
{00000001C83A-15C7DA38},2010-06-29 09:56:03,FCN9756,PC-0031,Connect
{00000001CC95-216DD543},2010-06-29 10:09:12,KIX3704,PC-0058,Connect
{00000001DE3B-29ACCB87},2010-06-29 10:10:03,FCN9756,PC-0031,Disconnect
{00000001D5C2-3918FE15},2010-06-29 10:21:30,USS4618,PC-0121,Connect
{00000001CF5F-1DAF1350},2010-06-29 10:33:36,NRU3936,PC-0083,Connect
{00000001E296-36E6089F},2010-06-29 10:49:12,KIX3704,PC-0058,Disconnect
{00000001DCFB-3E8DF7BB},2010-06-29 10:59:54,DHG6594,PC-0016,Disconnect
{00000001EBC3-05ECB66C},2010-06-29 11:07:30,USS4618,PC-0121,Disconnect
{00000001CD4E-0571A0DE},2010-06-29 11:26:58,KYR0991,PC-0061,Connect
{00000001CDE3-199D6891},2010-06-29 11:31:31,MAP5551,PC-0070,Connect
{00000001CD4D-0C8C9ACC},2010-06-29 11:32:51,KYR0991,PC-0061,Connect
{00000001EF6C-201F40D5},2010-06-29 11:33:03,CCL9026,PC-0010,Connect
{00000001E560-1CB1B7F6},2010-06-29 11:44:36,NRU3936,PC-0083,Disconnect
{00000001D5C1-3975EBEC},2010-06-29 11:46:47,USS4618,PC-0121,Connect
{00000001D568-1A10CCF7},2010-06-29 11:52:34,UQK8227,PC-0120,Connect
{00000001CDC6-1FECCD91},2010-06-29 12:16:12,LYE5717,PC-0069,Connect
{00000001E34E-3EB9675B},2010-06-29 12:25:51,KYR0991,PC-0061,Disconnect
{00000001C412-394464A3},2010-06-29 12:33:55,AUI6616,PC-0004,Connect
{00000001EB69-1A681461},2010-06-29 12:34:34,UQK8227,PC-0120,Disconnect
{00000001E3E4-209436F2},2010-06-29 12:37:31,MAP5551,PC-0070,Disconnect
{00000001F0F6-393CDB00},2010-06-29 12:41:03,CCL9026,PC-0010,Disconnect
{00000001C9AE-27802847},2010-06-29 12:44:47,HVG7968,PC-0044,Connect
{00000001DFAF-129B0105},2010-06-29 12:47:47,HVG7968,PC-0044,Disconnect
{00000001E34F-2CAE8206},2010-06-29 12:48:58,KYR0991,PC-0061,Disconnect
{00000001C849-2EADCF2D},2010-06-29 12:53:52,GGB1397,PC-0032,Connect
{00000001DA13-1723F438},2010-06-29 12:55:55,AUI6616,PC-0004,Disconnect
{00000001EBC2-05831084},2010-06-29 13:06:47,USS4618,PC-0121,Disconnect
{00000001E3C7-098C03AB},2010-06-29 13:12:12,LYE5717,PC-0069,Disconnect
{00000001DE4A-1E09C2F7},2010-06-29 13:24:52,GGB1397,PC-0032,Disconnect
{00000001D5C0-29597982},2010-06-29 13:27:28,USS4618,PC-0121,Connect
{00000001EBC1-2DA9B022},2010-06-29 13:38:28,USS4618,PC-0121,Disconnect
{00000001D6C4-0B29D6D9},2010-06-29 14:07:31,VVU9026,PC-0130,Connect
{00000001C6FC-30F5B90A},2010-06-29 14:09:58,DHG6594,PC-0016,Connect
{00000001ECC5-3AFFE3C7},2010-06-29 14:44:31,VVU9026,PC-0130,Disconnect
{00000001D09B-3440DF7B},2010-06-29 14:49:08,OLN5687,PC-0088,Connect
{00000001DCFD-050F93FE},2010-06-29 14:56:58,DHG6594,PC-0016,Disconnect
{00000001C8B9-35AF6CD0},2010-06-29 15:02:07,GRQ1397,PC-0036,Connect
{00000001DEBA-178FF45E},2010-06-29 15:05:07,GRQ1397,PC-0036,Disconnect
{00000001C58E-3C10A54E},2010-06-29 15:11:37,CQZ8674,PC-0013,Connect
{00000001C9AC-2DDDC3ED},2010-06-29 15:43:08,HVG7968,PC-0044,Connect
{00000001D621-0DC9AB3D},2010-06-29 15:49:04,VDL1237,PC-0125,Connect
{00000001D476-20E695F0},2010-06-29 15:52:12,TWU8511,PC-0115,Connect
{00000001C6FB-3B3D828A},2010-06-29 15:52:38,DHG6594,PC-0016,Connect
{00000001DFAD-067C2AC3},2010-06-29 16:03:08,HVG7968,PC-0044,Disconnect
{00000001C8BA-3BF16DFE},2010-06-29 16:07:01,GRQ1397,PC-0036,Connect
{00000001DCFC-2DBAC5B4},2010-06-29 16:08:38,DHG6594,PC-0016,Disconnect
{00000001E69C-0510FAB7},2010-06-29 16:14:08,OLN5687,PC-0088,Disconnect
{00000001CD4C-1E4BFE57},2010-06-29 16:20:07,KYR0991,PC-0061,Connect
{00000001D09D-3B331ED5},2010-06-29 16:27:57,OLN5687,PC-0088,Connect
{00000001DB8F-0BDF97A1},2010-06-29 16:39:37,CQZ8674,PC-0013,Disconnect
{00000001C7DD-23F5212C},2010-06-29 16:55:40,EHP1536,PC-0027,Connect
{00000001DEBB-0CC775BC},2010-06-29 17:01:01,GRQ1397,PC-0036,Disconnect
{00000001CD97-247D9489},2010-06-29 17:05:44,LRR4710,PC-0067,Connect
{00000001E69E-2165C77D},2010-06-29 17:07:57,OLN5687,PC-0088,Disconnect
{00000001EC22-19309F0E},2010-06-29 17:08:04,VDL1237,PC-0125,Disconnect
{00000001EA77-162B3D8B},2010-06-29 17:12:12,TWU8511,PC-0115,Disconnect
{00000001CE58-1BE4A98E},2010-06-29 17:18:42,MSH7807,PC-0075,Connect
{00000001D7E3-1E1328FF},2010-06-29 17:32:10,YDM6963,PC-0145,Connect
{00000001EDE4-1C7D9263},2010-06-29 17:44:10,YDM6963,PC-0145,Disconnect
{00000001C61E-38F66CF6},2010-06-29 17:44:24,CVC0519,PC-0015,Connect
{00000001C9AD-246D9A36},2010-06-29 17:47:26,HVG7968,PC-0044,Connect
{00000001E34D-1FF1F1AF},2010-06-29 17:48:07,KYR0991,PC-0061,Disconnect
{00000001DFAE-2D70060D},2010-06-29 17:54:26,HVG7968,PC-0044,Disconnect
{00000001DDDE-21C6DFB9},2010-06-29 17:54:40,EHP1536,PC-0027,Disconnect
{00000001E398-3A4B57B0},2010-06-29 17:54:44,LRR4710,PC-0067,Disconnect
{00000001E459-23F8BCF5},2010-06-29 18:02:42,MSH7807,PC-0075,Disconnect
{00000001DC1F-0D4A1366},2010-06-29 18:28:24,CVC0519,PC-0015,Disconnect
{00000001D135-3ACC4A23},2010-06-30 07:05:16,QCT4158,PC-0097,Connect
{00000001D6A2-34CF2F23},2010-06-30 07:08:00,VNI5142,PC-0129,Connect
{00000001E736-397899F6},2010-06-30 07:25:16,QCT4158,PC-0097,Disconnect
{00000001C3F5-2D2092D0},2010-06-30 07:30:11,ATM7194,PC-0003,Connect
{00000001CF61-38A81337},2010-06-30 07:44:53,NRU3936,PC-0083,Connect
{00000001D9F6-03334654},2010-06-30 07:49:11,ATM7194,PC-0003,Disconnect
{00000001E562-1FEAECFF},2010-06-30 07:50:53,NRU3936,PC-0083,Disconnect
{00000001D6C5-066E24F6},2010-06-30 08:05:32,VVU9026,PC-0130,Connect
{00000001ECA3-34EFC64F},2010-06-30 08:09:00,VNI5142,PC-0129,Disconnect
{00000001C463-30C273B8},2010-06-30 08:17:37,AYY2409,PC-0005,Connect
{00000001ECC6-2DD5F8C5},2010-06-30 08:32:32,VVU9026,PC-0130,Disconnect
{00000001D1DB-0C718647},2010-06-30 08:35:56,QSC3123,PC-0100,Connect
{00000001D3DE-1F75EE70},2010-06-30 09:00:27,TVL8047,PC-0114,Connect
{00000001CB05-3B15E789},2010-06-30 09:03:17,JDE8246,PC-0052,Connect
{00000001D771-0B2C89C7},2010-06-30 09:04:12,XGF2493,PC-0139,Connect
{00000001E7DC-2680E31C},2010-06-30 09:15:56,QSC3123,PC-0100,Disconnect
{00000001E9DF-23F22C10},2010-06-30 09:20:27,TVL8047,PC-0114,Disconnect
{00000001DA64-04EBAC51},2010-06-30 09:21:37,AYY2409,PC-0005,Disconnect
{00000001D1FD-00A647C4},2010-06-30 09:27:12,RLI6273,PC-0103,Connect
{00000001C58F-01AA5BAF},2010-06-30 09:38:47,CQZ8674,PC-0013,Connect
{00000001C757-153ECB16},2010-06-30 09:47:28,DNM3159,PC-0019,Connect
{00000001DB90-130FC2C7},2010-06-30 10:11:47,CQZ8674,PC-0013,Disconnect
{00000001CE59-258EF0AD},2010-06-30 10:13:37,MSH7807,PC-0075,Connect
{00000001E106-3D5AC46A},2010-06-30 10:20:17,JDE8246,PC-0052,Disconnect
{00000001DD58-1B00FBE8},2010-06-30 10:23:28,DNM3159,PC-0019,Disconnect
{00000001ED72-3CD91E5F},2010-06-30 10:31:12,XGF2493,PC-0139,Disconnect
{00000001C9AF-30A6B6A2},2010-06-30 10:32:23,HVG7968,PC-0044,Connect
{00000001E45A-1E65A402},2010-06-30 10:43:37,MSH7807,PC-0075,Disconnect
{00000001E7FE-1D949309},2010-06-30 10:55:12,RLI6273,PC-0103,Disconnect
{00000001C802-347836F1},2010-06-30 10:58:35,EIR1445,PC-0028,Connect
{00000001DE03-132FC2B5},2010-06-30 11:15:35,EIR1445,PC-0028,Disconnect
{00000001DFB0-1A0C2533},2010-06-30 11:33:23,HVG7968,PC-0044,Disconnect
{00000001D478-191E4DD2},2010-06-30 12:59:20,TWU8511,PC-0115,Connect
{00000001D5C4-292F6DC6},2010-06-30 13:16:28,USS4618,PC-0121,Connect
{00000001CD4F-12C74B29},2010-06-30 13:22:51,KYR0991,PC-0061,Connect
{00000001C590-21CA1D72},2010-06-30 13:28:25,CQZ8674,PC-0013,Connect
{00000001DB91-0536456F},2010-06-30 13:33:25,CQZ8674,PC-0013,Disconnect
{00000001C591-3C3E839E},2010-06-30 13:34:36,CQZ8674,PC-0013,Connect
{00000001E350-2CBF1C5B},2010-06-30 13:38:51,KYR0991,PC-0061,Disconnect
{00000001CED1-303F2A30},2010-06-30 13:49:34,NRI9556,PC-0082,Connect
{00000001D569-366D2090},2010-06-30 13:58:59,UQK8227,PC-0120,Connect
{00000001EA79-3F4F05F8},2010-06-30 14:02:20,TWU8511,PC-0115,Disconnect
{00000001CC96-1D4F37EE},2010-06-30 14:10:52,KIX3704,PC-0058,Connect
{00000001D27F-0458038F},2010-06-30 14:13:11,RUT1946,PC-0104,Connect
{00000001CF60-0E37D3A1},2010-06-30 14:14:31,NRU3936,PC-0083,Connect
{00000001CA08-315AA11E},2010-06-30 14:16:13,IAC0900,PC-0045,Connect
{00000001DB92-3B2052B4},2010-06-30 14:19:36,CQZ8674,PC-0013,Disconnect
{00000001EBC5-031016A7},2010-06-30 14:26:28,USS4618,PC-0121,Disconnect
{00000001D5C3-005EDFC6},2010-06-30 14:39:41,USS4618,PC-0121,Connect
{00000001E4D2-3494C77A},2010-06-30 14:45:34,NRI9556,PC-0082,Disconnect
{00000001E561-1D1EAA64},2010-06-30 15:00:31,NRU3936,PC-0083,Disconnect
{00000001E009-1EA1F112},2010-06-30 15:09:13,IAC0900,PC-0045,Disconnect
{00000001D09E-32339ACB},2010-06-30 15:11:38,OLN5687,PC-0088,Connect
{00000001EB6A-3963A535},2010-06-30 15:13:59,UQK8227,PC-0120,Disconnect
{00000001E297-1F377366},2010-06-30 15:23:52,KIX3704,PC-0058,Disconnect
{00000001EBC4-37B8C5A1},2010-06-30 15:32:41,USS4618,PC-0121,Disconnect
{00000001E880-3DBAFC28},2010-06-30 15:33:11,RUT1946,PC-0104,Disconnect
{00000001C8BB-186374C7},2010-06-30 16:01:22,GRQ1397,PC-0036,Connect
{00000001C7DE-0CABD57B},2010-06-30 16:04:44,EHP1536,PC-0027,Connect
{00000001DEBC-17BAD7CA},2010-06-30 16:11:22,GRQ1397,PC-0036,Disconnect
{00000001C464-1E2FAE6D},2010-06-30 16:19:55,AYY2409,PC-0005,Connect
{00000001CDC8-2A685C91},2010-06-30 16:20:45,LYE5717,PC-0069,Connect
{00000001E69F-14980DDD},2010-06-30 16:36:38,OLN5687,PC-0088,Disconnect
{00000001CB04-1BCA33D8},2010-06-30 16:47:39,JDE8246,PC-0052,Connect
{00000001CF62-1780F00C},2010-06-30 16:54:53,NRU3936,PC-0083,Connect
{00000001D71D-176D6DC2},2010-06-30 16:58:58,WLH0216,PC-0135,Connect
{00000001DA65-0B79E204},2010-06-30 17:05:55,AYY2409,PC-0005,Disconnect
{00000001C80C-054A0B39},2010-06-30 17:10:46,ETS3545,PC-0029,Connect
{00000001CD50-016220E6},2010-06-30 17:21:29,KYR0991,PC-0061,Connect
{00000001ED1E-2C7907F9},2010-06-30 17:21:58,WLH0216,PC-0135,Disconnect
{00000001E351-39E44F32},2010-06-30 17:25:29,KYR0991,PC-0061,Disconnect
{00000001DDDF-09B72CF6},2010-06-30 17:26:44,EHP1536,PC-0027,Disconnect
{00000001E3C9-2F871C6F},2010-06-30 17:45:45,LYE5717,PC-0069,Disconnect
{00000001E563-1C7E248C},2010-06-30 17:46:53,NRU3936,PC-0083,Disconnect
{00000001E105-27825484},2010-06-30 18:14:39,JDE8246,PC-0052,Disconnect
{00000001DE0D-09CDF374},2010-06-30 18:38:46,ETS3545,PC-0029,Disconnect
{00000001D82D-2FA42B58},2010-07-01 07:25:33,YIO5206,PC-0146,Connect
{00000001C496-12684399},2010-07-01 07:32:03,AZE5960,PC-0006,Connect
{00000001D09F-3323D9DD},2010-07-01 07:50:26,OLN5687,PC-0088,Connect
{00000001EE2E-245DE48E},2010-07-01 07:51:33,YIO5206,PC-0146,Disconnect
{00000001C620-2677E15C},2010-07-01 07:51:58,CVC0519,PC-0015,Connect
{00000001C622-084D499B},2010-07-01 08:09:58,CVC0519,PC-0015,Connect
{00000001DC23-3F1532AD},2010-07-01 08:20:58,CVC0519,PC-0015,Disconnect
{00000001C466-3AB6E0A6},2010-07-01 08:21:42,AYY2409,PC-0005,Connect
{00000001DA97-3BCF3F2D},2010-07-01 08:26:03,AZE5960,PC-0006,Disconnect
{00000001CF63-22428A24},2010-07-01 08:30:45,NRU3936,PC-0083,Connect
{00000001DC21-09847A5A},2010-07-01 08:57:58,CVC0519,PC-0015,Disconnect
{00000001E6A0-3DE61759},2010-07-01 09:00:26,OLN5687,PC-0088,Disconnect
{00000001CBDB-302345D5},2010-07-01 09:22:35,JMM0438,PC-0053,Connect
{00000001D3AD-0BFFFA7E},2010-07-01 09:29:04,SHV5792,PC-0108,Connect
{00000001DA67-0182D5F3},2010-07-01 09:30:42,AYY2409,PC-0005,Disconnect
{00000001D32A-32F2116F},2010-07-01 09:34:12,SDT4191,PC-0106,Connect
{00000001C8BC-3BC94E73},2010-07-01 09:43:35,GRQ1397,PC-0036,Connect
{00000001E564-144079C1},2010-07-01 09:56:45,NRU3936,PC-0083,Disconnect
{00000001DEBD-26618591},2010-07-01 10:01:35,GRQ1397,PC-0036,Disconnect
{00000001CCCF-366473B0},2010-07-01 10:07:32,KJX0944,PC-0059,Connect
{00000001E9AE-002F1A7C},2010-07-01 10:25:04,SHV5792,PC-0108,Disconnect
{00000001E2D0-1F202B6A},2010-07-01 10:27:32,KJX0944,PC-0059,Disconnect
{00000001E1DC-2C6BE763},2010-07-01 10:47:35,JMM0438,PC-0053,Disconnect
{00000001E92B-344E07B9},2010-07-01 10:57:12,SDT4191,PC-0106,Disconnect
{00000001C7DF-2A0C44DE},2010-07-01 10:58:39,EHP1536,PC-0027,Connect
{00000001CD52-132E2E16},2010-07-01 11:17:47,KYR0991,PC-0061,Connect
{00000001EFA4-340D5DC7},2010-07-01 11:29:11,DXC7486,PC-0024,Connect
{00000001DDE0-05FFE6CD},2010-07-01 11:29:39,EHP1536,PC-0027,Disconnect
{00000001C7E0-09897AF3},2010-07-01 11:36:44,EHP1536,PC-0027,Connect
{00000001D515-0405C721},2010-07-01 11:45:11,UKR6395,PC-0118,Connect
{00000001E353-35AAD7F4},2010-07-01 12:03:47,KYR0991,PC-0061,Disconnect
{00000001F12E-15422419},2010-07-01 12:10:11,DXC7486,PC-0024,Disconnect
{00000001EB16-21125FDA},2010-07-01 12:45:11,UKR6395,PC-0118,Disconnect
{00000001DDE1-2DE005ED},2010-07-01 12:59:44,EHP1536,PC-0027,Disconnect
{00000001C621-3F4D491D},2010-07-01 13:07:48,CVC0519,PC-0015,Connect
{00000001C3C7-0FBE07C2},2010-07-01 13:09:54,ADG1145,PC-0001,Connect
{00000001D1DC-091D45F9},2010-07-01 13:17:24,QSC3123,PC-0100,Connect
{00000001D622-0C22E4C3},2010-07-01 13:24:35,VDL1237,PC-0125,Connect
{00000001D9C8-0C5973DC},2010-07-01 13:32:54,ADG1145,PC-0001,Disconnect
{00000001C6FF-03BDCEA6},2010-07-01 13:49:10,DHG6594,PC-0016,Connect
{00000001E7DD-377DEF1A},2010-07-01 13:49:24,QSC3123,PC-0100,Disconnect
{00000001D623-11964385},2010-07-01 13:55:24,VDL1237,PC-0125,Connect
{00000001EC24-0D99C8CB},2010-07-01 13:57:24,VDL1237,PC-0125,Disconnect
{00000001C6FD-2DD7D3A7},2010-07-01 14:10:36,DHG6594,PC-0016,Connect
{00000001DC22-28877DC9},2010-07-01 14:18:48,CVC0519,PC-0015,Disconnect
{00000001EC23-07B4F376},2010-07-01 14:21:35,VDL1237,PC-0125,Disconnect
{00000001DD00-1C432BDD},2010-07-01 14:29:10,DHG6594,PC-0016,Disconnect
{00000001C9B0-343C6C22},2010-07-01 14:41:51,HVG7968,PC-0044,Connect
{00000001CD55-18415DB5},2010-07-01 14:42:11,KYR0991,PC-0061,Connect
{00000001CD54-2776F00E},2010-07-01 14:45:11,KYR0991,PC-0061,Connect
{00000001DFB1-261BC109},2010-07-01 14:59:51,HVG7968,PC-0044,Disconnect
{00000001C6FE-15B2FBCB},2010-07-01 15:02:53,DHG6594,PC-0016,Connect
{00000001D8C8-1D14799F},2010-07-01 15:05:50,ZIF9528,PC-0154,Connect
{00000001D1DD-3B54BAEB},2010-07-01 15:08:12,QSC3123,PC-0100,Connect
{00000001C3C6-269C58F6},2010-07-01 15:15:07,ADG1145,PC-0001,Connect
{00000001CD51-17ECD03C},2010-07-01 15:15:49,KYR0991,PC-0061,Connect
{00000001DCFE-2AE46A08},2010-07-01 15:21:36,DHG6594,PC-0016,Disconnect
{00000001C592-22AEA258},2010-07-01 15:26:35,CQZ8674,PC-0013,Connect
{00000001CD56-1F0416E2},2010-07-01 15:30:00,KYR0991,PC-0061,Connect
{00000001CA42-0F4B3A21},2010-07-01 15:31:08,IDI9618,PC-0048,Connect
{00000001E043-0144835E},2010-07-01 15:42:08,IDI9618,PC-0048,Disconnect
{00000001DCFF-2E237776},2010-07-01 15:44:53,DHG6594,PC-0016,Disconnect
{00000001E357-07FDE6E3},2010-07-01 15:46:00,KYR0991,PC-0061,Disconnect
{00000001E355-0FD0E2DA},2010-07-01 15:51:11,KYR0991,PC-0061,Disconnect
{00000001E356-0D12884D},2010-07-01 15:59:11,KYR0991,PC-0061,Disconnect
{00000001E352-0CE30021},2010-07-01 16:07:49,KYR0991,PC-0061,Disconnect
{00000001EF6D-2F57F361},2010-07-01 16:08:38,CCL9026,PC-0010,Connect
{00000001CEA4-2D39E9C0},2010-07-01 16:10:50,NDV4503,PC-0078,Connect
{00000001C758-348015CA},2010-07-01 16:15:20,DNM3159,PC-0019,Connect
{00000001EEC9-04C9C7C6},2010-07-01 16:20:50,ZIF9528,PC-0154,Disconnect
{00000001E4A5-3F608E41},2010-07-01 16:23:50,NDV4503,PC-0078,Disconnect
{00000001DB93-0023429D},2010-07-01 16:25:35,CQZ8674,PC-0013,Disconnect
{00000001E7DE-11760C21},2010-07-01 16:27:12,QSC3123,PC-0100,Disconnect
{00000001D0A0-2C473C9C},2010-07-01 16:28:15,OLN5687,PC-0088,Connect
{00000001D9C7-20D45D35},2010-07-01 16:37:07,ADG1145,PC-0001,Disconnect
{00000001DD59-36C327E5},2010-07-01 16:42:20,DNM3159,PC-0019,Disconnect
{00000001E6A1-27AECC23},2010-07-01 16:55:15,OLN5687,PC-0088,Disconnect
{00000001D6A3-25998E95},2010-07-01 17:03:36,VNI5142,PC-0129,Connect
{00000001F0F7-3CB77030},2010-07-01 17:08:38,CCL9026,PC-0010,Disconnect
{00000001C465-015BE40A},2010-07-01 17:22:01,AYY2409,PC-0005,Connect
{00000001C9B1-05D5BEF3},2010-07-01 17:29:22,HVG7968,PC-0044,Connect
{00000001DA66-3BABB2DC},2010-07-01 17:39:01,AYY2409,PC-0005,Disconnect
{00000001CBDC-16B64977},2010-07-01 17:41:12,JMM0438,PC-0053,Connect
{00000001CD53-3652EBC3},2010-07-01 17:45:48,KYR0991,PC-0061,Connect
{00000001CA43-3BECD597},2010-07-01 17:45:57,IDI9618,PC-0048,Connect
{00000001DFB2-183C5AFB},2010-07-01 18:18:22,HVG7968,PC-0044,Disconnect
{00000001ECA4-35B46230},2010-07-01 18:19:36,VNI5142,PC-0129,Disconnect
{00000001E354-1DEDF74D},2010-07-01 18:22:48,KYR0991,PC-0061,Disconnect
{00000001E1DD-0A7AA6B1},2010-07-01 18:23:12,JMM0438,PC-0053,Disconnect
{00000001E044-1ADBDD40},2010-07-01 18:44:57,IDI9618,PC-0048,Disconnect
{00000001D1FE-18ADCB38},2010-07-02 07:07:34,RLI6273,PC-0103,Connect
{00000001E7FF-04D4641A},2010-07-02 07:12:34,RLI6273,PC-0103,Disconnect
{00000001C627-2F9D8E9E},2010-07-02 07:13:04,CVC0519,PC-0015,Connect
{00000001C593-19EA9362},2010-07-02 08:06:27,CQZ8674,PC-0013,Connect
{00000001DC28-383B8E7E},2010-07-02 08:07:04,CVC0519,PC-0015,Disconnect
{00000001D5F9-2A87DF89},2010-07-02 08:21:48,UUU6648,PC-0122,Connect
{00000001DB94-35ACC179},2010-07-02 08:32:27,CQZ8674,PC-0013,Disconnect
{00000001CC97-3FE07C8C},2010-07-02 08:39:59,KIX3704,PC-0058,Connect
{00000001E298-21F3DC66},2010-07-02 08:44:59,KIX3704,PC-0058,Disconnect
{00000001C3C8-3EF13CE9},2010-07-02 08:58:43,ADG1145,PC-0001,Connect
{00000001EBFA-0E7C977A},2010-07-02 08:58:48,UUU6648,PC-0122,Disconnect
{00000001D7E4-0529E5AA},2010-07-02 09:06:20,YDM6963,PC-0145,Connect
{00000001C623-234CFF5A},2010-07-02 09:15:15,CVC0519,PC-0015,Connect
{00000001D5C5-18ED6B35},2010-07-02 09:38:51,USS4618,PC-0121,Connect
{00000001C467-10FA67D4},2010-07-02 09:43:22,AYY2409,PC-0005,Connect
{00000001D1DE-12D72452},2010-07-02 09:44:44,QSC3123,PC-0100,Connect
{00000001C468-1E4ED1A4},2010-07-02 09:47:32,AYY2409,PC-0005,Connect
{00000001DA69-1DEFF5C7},2010-07-02 09:50:32,AYY2409,PC-0005,Disconnect
{00000001E7DF-17D2C883},2010-07-02 09:54:44,QSC3123,PC-0100,Disconnect
{00000001D9C9-31595385},2010-07-02 10:01:43,ADG1145,PC-0001,Disconnect
{00000001EBC6-165FFCFA},2010-07-02 10:11:51,USS4618,PC-0121,Disconnect
{00000001EDE5-3AE350E8},2010-07-02 10:32:20,YDM6963,PC-0145,Disconnect
{00000001DC24-2F1298AF},2010-07-02 10:43:15,CVC0519,PC-0015,Disconnect
{00000001DA68-018474CF},2010-07-02 10:48:22,AYY2409,PC-0005,Disconnect
{00000001D1DF-20524F98},2010-07-02 12:31:30,QSC3123,PC-0100,Connect
{00000001C701-029274A6},2010-07-02 12:38:56,DHG6594,PC-0016,Connect
{00000001CFD2-3BA91E9B},2010-07-02 12:52:48,OET6830,PC-0086,Connect
{00000001C624-3289A660},2010-07-02 12:58:54,CVC0519,PC-0015,Connect
{00000001D3C8-282ACFF7},2010-07-02 13:11:01,TTJ2624,PC-0112,Connect
{00000001D6A5-31E40E07},2010-07-02 13:11:45,VNI5142,PC-0129,Connect
{00000001ECA6-1FF95372},2010-07-02 13:13:45,VNI5142,PC-0129,Disconnect
{00000001E9C9-3EA0F58B},2010-07-02 13:19:01,TTJ2624,PC-0112,Disconnect
{00000001D86C-34598208},2010-07-02 13:31:42,YNX1016,PC-0148,Connect
{00000001DD02-039B451B},2010-07-02 13:56:56,DHG6594,PC-0016,Disconnect
{00000001E7E0-0BD0400D},2010-07-02 13:59:30,QSC3123,PC-0100,Disconnect
{00000001CE8A-36B5007D},2010-07-02 14:03:31,NBM1814,PC-0077,Connect
{00000001EE6D-0B1404AB},2010-07-02 14:05:42,YNX1016,PC-0148,Disconnect
{00000001DC25-131F3CAD},2010-07-02 14:08:54,CVC0519,PC-0015,Disconnect
{00000001E5D3-18C7DBAE},2010-07-02 14:12:48,OET6830,PC-0086,Disconnect
{00000001C413-138A7F34},2010-07-02 14:31:35,AUI6616,PC-0004,Connect
{00000001E48B-0D2BE0C6},2010-07-02 14:41:31,NBM1814,PC-0077,Disconnect
{00000001C625-06AC957D},2010-07-02 14:46:58,CVC0519,PC-0015,Connect
{00000001DA14-144F31E4},2010-07-02 14:51:35,AUI6616,PC-0004,Disconnect
{00000001C700-1F27AC19},2010-07-02 14:53:20,DHG6594,PC-0016,Connect
{00000001DC26-016F23DD},2010-07-02 14:54:58,CVC0519,PC-0015,Disconnect
{00000001DD01-2E8C3318},2010-07-02 15:15:20,DHG6594,PC-0016,Disconnect
{00000001D8C9-046D0C4C},2010-07-02 15:22:41,ZIF9528,PC-0154,Connect
{00000001EECA-1FDB71ED},2010-07-02 15:36:41,ZIF9528,PC-0154,Disconnect
{00000001C626-222990CD},2010-07-02 16:19:52,CVC0519,PC-0015,Connect
{00000001D32C-175333E5},2010-07-02 16:20:00,SDT4191,PC-0106,Connect
{00000001D56A-308BA03A},2010-07-02 16:33:26,UQK8227,PC-0120,Connect
{00000001C759-335CCB31},2010-07-02 16:40:54,DNM3159,PC-0019,Connect
{00000001C702-38300C72},2010-07-02 16:48:47,DHG6594,PC-0016,Connect
{00000001CB06-1566F942},2010-07-02 16:53:54,JDE8246,PC-0052,Connect
{00000001DC27-2EC276C0},2010-07-02 16:58:52,CVC0519,PC-0015,Disconnect
{00000001DD03-2651C0CC},2010-07-02 17:06:47,DHG6594,PC-0016,Disconnect
{00000001DD5A-265B053F},2010-07-02 17:13:54,DNM3159,PC-0019,Disconnect
{00000001EB6B-2937CBE2},2010-07-02 17:17:26,UQK8227,PC-0120,Disconnect
{00000001D6A4-3FB59D8D},2010-07-02 17:26:47,VNI5142,PC-0129,Connect
{00000001C3F6-3942244E},2010-07-02 17:28:34,ATM7194,PC-0003,Connect
{00000001D925-22B6C41A},2010-07-02 17:31:06,ZUI9718,PC-0157,Connect
{00000001E107-0EEFCD4C},2010-07-02 17:31:54,JDE8246,PC-0052,Disconnect
{00000001E92D-3352A99C},2010-07-02 17:32:00,SDT4191,PC-0106,Disconnect
{00000001D32B-23EA70AD},2010-07-02 17:34:20,SDT4191,PC-0106,Connect
{00000001EF26-27E38DC6},2010-07-02 18:10:06,ZUI9718,PC-0157,Disconnect
{00000001ECA5-34DAEA82},2010-07-02 18:38:47,VNI5142,PC-0129,Disconnect
{00000001D9F7-14C46C44},2010-07-02 18:39:34,ATM7194,PC-0003,Disconnect
{00000001E92C-352BCD60},2010-07-02 19:00:20,SDT4191,PC-0106,Disconnect
{00000001CA5A-15659998},2010-07-05 07:20:47,IIY1438,PC-0050,Connect
{00000001D0E7-33C9587F},2010-07-05 07:28:23,OMU2669,PC-0089,Connect
{00000001E05B-04EF14A3},2010-07-05 07:30:47,IIY1438,PC-0050,Disconnect
{00000001C3C9-121AE19A},2010-07-05 07:34:44,ADG1145,PC-0001,Connect
{00000001E6E8-38AA00B7},2010-07-05 08:19:23,OMU2669,PC-0089,Disconnect
{00000001D280-08F33260},2010-07-05 08:28:53,RUT1946,PC-0104,Connect
{00000001D86D-3215E3CF},2010-07-05 08:29:12,YNX1016,PC-0148,Connect
{00000001E881-060DE9BB},2010-07-05 08:32:53,RUT1946,PC-0104,Disconnect
{00000001D9CA-00BC10D3},2010-07-05 08:51:44,ADG1145,PC-0001,Disconnect
{00000001D0A2-3088822F},2010-07-05 09:00:39,OLN5687,PC-0088,Connect
{00000001CFD3-3CC0737D},2010-07-05 09:17:28,OET6830,PC-0086,Connect
{00000001C469-030582E6},2010-07-05 09:38:01,AYY2409,PC-0005,Connect
{00000001EE6E-3D4B7B5E},2010-07-05 09:43:12,YNX1016,PC-0148,Disconnect
{00000001E6A3-07812434},2010-07-05 09:54:39,OLN5687,PC-0088,Disconnect
{00000001D1E0-0539F0E0},2010-07-05 10:10:55,QSC3123,PC-0100,Connect
{00000001CA44-32C48FAE},2010-07-05 10:17:41,IDI9618,PC-0048,Connect
{00000001C75A-00C937AF},2010-07-05 10:26:41,DNM3159,PC-0019,Connect
{00000001E5D4-385C49E2},2010-07-05 10:33:28,OET6830,PC-0086,Disconnect
{00000001E7E1-0CAB635C},2010-07-05 10:42:55,QSC3123,PC-0100,Disconnect
{00000001E045-360036B1},2010-07-05 10:53:41,IDI9618,PC-0048,Disconnect
{00000001DD5B-044C9368},2010-07-05 11:06:41,DNM3159,PC-0019,Disconnect
{00000001DA6A-0CC7FED5},2010-07-05 11:07:01,AYY2409,PC-0005,Disconnect
{00000001EF6E-147D9F74},2010-07-05 12:32:00,CCL9026,PC-0010,Connect
{00000001F0F8-21E041D5},2010-07-05 13:17:00,CCL9026,PC-0010,Disconnect
{00000001D0A1-3B17F4AC},2010-07-05 13:37:14,OLN5687,PC-0088,Connect
{00000001C8BD-28473DBD},2010-07-05 13:43:06,GRQ1397,PC-0036,Connect
{00000001DEBE-3D79F61E},2010-07-05 14:37:06,GRQ1397,PC-0036,Disconnect
{00000001E6A2-14BFD66B},2010-07-05 14:43:14,OLN5687,PC-0088,Disconnect
{00000001C84A-0C9F9037},2010-07-05 14:51:55,GGB1397,PC-0032,Connect
{00000001DE4B-043B44CA},2010-07-05 14:59:55,GGB1397,PC-0032,Disconnect
{00000001D7E5-380E903D},2010-07-05 15:01:11,YDM6963,PC-0145,Connect
{00000001D7E6-010028EE},2010-07-05 15:19:39,YDM6963,PC-0145,Connect
{00000001C703-1E1587B6},2010-07-05 15:22:36,DHG6594,PC-0016,Connect
{00000001D5C6-2ED04096},2010-07-05 15:26:57,USS4618,PC-0121,Connect
{00000001D772-19B74B47},2010-07-05 15:34:58,XGF2493,PC-0139,Connect
{00000001D7E7-387D6778},2010-07-05 15:37:19,YDM6963,PC-0145,Connect
{00000001CEBD-3D15B4A7},2010-07-05 15:37:41,NJT3274,PC-0081,Connect
{00000001D3AE-1FDC8761},2010-07-05 15:38:17,SHV5792,PC-0108,Connect
{00000001CF93-3EA70AB9},2010-07-05 15:47:13,OEM8566,PC-0085,Connect
{00000001EDE7-3FD53071},2010-07-05 15:47:39,YDM6963,PC-0145,Disconnect
{00000001E4BE-026B0DB0},2010-07-05 15:52:41,NJT3274,PC-0081,Disconnect
{00000001D32D-2185A86C},2010-07-05 15:55:38,SDT4191,PC-0106,Connect
{00000001CF64-21C112E7},2010-07-05 16:03:04,NRU3936,PC-0083,Connect
{00000001E594-3B1A5627},2010-07-05 16:05:13,OEM8566,PC-0085,Disconnect
{00000001E9AF-096F2901},2010-07-05 16:06:17,SHV5792,PC-0108,Disconnect
{00000001EDE6-1B757CA6},2010-07-05 16:25:11,YDM6963,PC-0145,Disconnect
{00000001CEA5-37ACD3E8},2010-07-05 16:25:37,NDV4503,PC-0078,Connect
{00000001D0E8-32E9BA91},2010-07-05 16:27:03,OMU2669,PC-0089,Connect
{00000001ED73-3B3B7336},2010-07-05 16:34:58,XGF2493,PC-0139,Disconnect
{00000001E6E9-0A0EA68F},2010-07-05 16:36:03,OMU2669,PC-0089,Disconnect
{00000001DD04-17768A9D},2010-07-05 16:36:36,DHG6594,PC-0016,Disconnect
{00000001EDE8-05BD0AE9},2010-07-05 16:37:19,YDM6963,PC-0145,Disconnect
{00000001EBC7-272D302C},2010-07-05 16:44:57,USS4618,PC-0121,Disconnect
{00000001E92E-261743FD},2010-07-05 16:56:38,SDT4191,PC-0106,Disconnect
{00000001E565-3C326071},2010-07-05 16:59:04,NRU3936,PC-0083,Disconnect
{00000001E4A6-2A929B67},2010-07-05 17:20:37,NDV4503,PC-0078,Disconnect
{00000001D82E-2F9BA59D},2010-07-05 17:54:44,YIO5206,PC-0146,Connect
{00000001EE2F-02601FAF},2010-07-05 18:23:44,YIO5206,PC-0146,Disconnect
{00000001D0A4-32D3D073},2010-07-06 07:01:01,OLN5687,PC-0088,Connect
{00000001D516-1F32B2AC},2010-07-06 07:19:31,UKR6395,PC-0118,Connect
{00000001E6A5-29A8C629},2010-07-06 07:20:01,OLN5687,PC-0088,Disconnect
{00000001D5C8-33CDC14F},2010-07-06 07:24:23,USS4618,PC-0121,Connect
{00000001C705-15FB3054},2010-07-06 07:33:11,DHG6594,PC-0016,Connect
{00000001CC9A-025EB82A},2010-07-06 07:48:07,KIX3704,PC-0058,Connect
{00000001EB17-0833FF95},2010-07-06 07:59:31,UKR6395,PC-0118,Disconnect
{00000001EBC9-1A481B78},2010-07-06 08:18:23,USS4618,PC-0121,Disconnect
{00000001DD06-2BA79A94},2010-07-06 08:31:11,DHG6594,PC-0016,Disconnect
{00000001C4EB-1D105FA2},2010-07-06 08:38:49,COU3039,PC-0011,Connect
{00000001E29B-0E71E416},2010-07-06 08:41:07,KIX3704,PC-0058,Disconnect
{00000001DAEC-1323B302},2010-07-06 08:41:49,COU3039,PC-0011,Disconnect
{00000001C9B5-1C6EF247},2010-07-06 09:03:00,HVG7968,PC-0044,Connect
{00000001C3F7-2AECD34E},2010-07-06 09:04:46,ATM7194,PC-0003,Connect
{00000001D927-2A4E299B},2010-07-06 09:21:58,ZUI9718,PC-0157,Connect
{00000001C46A-0312463D},2010-07-06 09:28:43,AYY2409,PC-0005,Connect
{00000001D9F8-0388EFAB},2010-07-06 09:31:46,ATM7194,PC-0003,Disconnect
{00000001CB07-1DE1D449},2010-07-06 09:33:41,JDE8246,PC-0052,Connect
{00000001C9B3-275766AE},2010-07-06 09:41:56,HVG7968,PC-0044,Connect
{00000001DFB6-2978182F},2010-07-06 09:44:00,HVG7968,PC-0044,Disconnect
{00000001C8EE-2CC2352C},2010-07-06 09:50:21,GUG7168,PC-0037,Connect
{00000001DEEF-07D1C7B0},2010-07-06 10:01:21,GUG7168,PC-0037,Disconnect
{00000001E108-3EB05865},2010-07-06 10:04:41,JDE8246,PC-0052,Disconnect
{00000001D7E8-0AFA984F},2010-07-06 10:08:06,YDM6963,PC-0145,Connect
{00000001C8C0-27BB6DC9},2010-07-06 10:14:37,GRQ1397,PC-0036,Connect
{00000001EF28-09411665},2010-07-06 10:19:58,ZUI9718,PC-0157,Disconnect
{00000001D0A3-21E82EBA},2010-07-06 10:29:59,OLN5687,PC-0088,Connect
{00000001DFB4-26AF44A0},2010-07-06 10:31:56,HVG7968,PC-0044,Disconnect
{00000001DA6B-00911521},2010-07-06 10:36:43,AYY2409,PC-0005,Disconnect
{00000001C9B6-0B29C6F9},2010-07-06 10:41:27,HVG7968,PC-0044,Connect
{00000001EDE9-05C5F567},2010-07-06 10:47:06,YDM6963,PC-0145,Disconnect
{00000001C8BF-123384F9},2010-07-06 10:54:31,GRQ1397,PC-0036,Connect
{00000001D6CB-02F2FD5C},2010-07-06 11:08:23,VXF8934,PC-0132,Connect
{00000001D5C7-1E4F0C72},2010-07-06 11:19:59,USS4618,PC-0121,Connect
{00000001ECCC-056F6333},2010-07-06 11:33:23,VXF8934,PC-0132,Disconnect
{00000001EBC8-01A382B3},2010-07-06 11:33:59,USS4618,PC-0121,Disconnect
{00000001DEC1-1FE7AA30},2010-07-06 11:34:37,GRQ1397,PC-0036,Disconnect
{00000001C9B4-1E93ECC5},2010-07-06 11:36:41,HVG7968,PC-0044,Connect
{00000001DFB7-0276BCFA},2010-07-06 11:42:27,HVG7968,PC-0044,Disconnect
{00000001E6A4-1BED8754},2010-07-06 11:58:59,OLN5687,PC-0088,Disconnect
{00000001DEC0-29DF89E0},2010-07-06 12:02:31,GRQ1397,PC-0036,Disconnect
{00000001DFB5-2EEE0683},2010-07-06 12:08:41,HVG7968,PC-0044,Disconnect
{00000001D785-3D7C9849},2010-07-06 12:12:29,XHL6619,PC-0141,Connect
{00000001CA45-22251F59},2010-07-06 12:35:39,IDI9618,PC-0048,Connect
{00000001CFD4-32CA4B78},2010-07-06 12:45:40,OET6830,PC-0086,Connect
{00000001CF65-0A8D7C3E},2010-07-06 13:11:22,NRU3936,PC-0083,Connect
{00000001C704-0BD0E342},2010-07-06 13:11:29,DHG6594,PC-0016,Connect
{00000001E566-21741C24},2010-07-06 13:13:22,NRU3936,PC-0083,Disconnect
{00000001C8EF-349FFD25},2010-07-06 13:23:27,GUG7168,PC-0037,Connect
{00000001E5D5-1E861F3A},2010-07-06 13:28:40,OET6830,PC-0086,Disconnect
{00000001CC99-1044EEFB},2010-07-06 13:28:54,KIX3704,PC-0058,Connect
{00000001D4C3-204BDDDE},2010-07-06 13:32:19,UEH9251,PC-0117,Connect
{00000001ED86-107D6727},2010-07-06 13:32:29,XHL6619,PC-0141,Disconnect
{00000001C8BE-36DAB593},2010-07-06 13:36:03,GRQ1397,PC-0036,Connect
{00000001CF66-13072685},2010-07-06 13:37:16,NRU3936,PC-0083,Connect
{00000001E567-095B0B57},2010-07-06 13:39:16,NRU3936,PC-0083,Disconnect
{00000001CBDD-18F47E2E},2010-07-06 13:43:38,JMM0438,PC-0053,Connect
{00000001C9B7-33672B38},2010-07-06 13:48:49,HVG7968,PC-0044,Connect
{00000001E046-2C654D7E},2010-07-06 13:49:39,IDI9618,PC-0048,Disconnect
{00000001D5C9-224C3EC6},2010-07-06 13:50:21,USS4618,PC-0121,Connect
{00000001EAC4-1EF883F2},2010-07-06 13:56:19,UEH9251,PC-0117,Disconnect
{00000001C594-0BAC5671},2010-07-06 13:57:32,CQZ8674,PC-0013,Connect
{00000001EBCA-214E58F1},2010-07-06 13:59:21,USS4618,PC-0121,Disconnect
{00000001CD57-3A833E5F},2010-07-06 14:01:17,KYR0991,PC-0061,Connect
{00000001DD05-31536DC2},2010-07-06 14:12:29,DHG6594,PC-0016,Disconnect
{00000001DB95-1A45742E},2010-07-06 14:12:32,CQZ8674,PC-0013,Disconnect
{00000001E29A-385E45E6},2010-07-06 14:29:54,KIX3704,PC-0058,Disconnect
{00000001DEF0-11A86CFD},2010-07-06 14:32:27,GUG7168,PC-0037,Disconnect
{00000001D32E-065B4F52},2010-07-06 14:32:36,SDT4191,PC-0106,Connect
{00000001DEBF-065F24B9},2010-07-06 14:43:03,GRQ1397,PC-0036,Disconnect
{00000001E1DE-283DEA00},2010-07-06 14:43:38,JMM0438,PC-0053,Disconnect
{00000001D4C4-0A5053A9},2010-07-06 14:44:20,UEH9251,PC-0117,Connect
{00000001DFB8-3E9CA1AE},2010-07-06 14:45:49,HVG7968,PC-0044,Disconnect
{00000001E92F-29FC4A82},2010-07-06 14:49:36,SDT4191,PC-0106,Disconnect
{00000001EAC5-2036E712},2010-07-06 14:53:20,UEH9251,PC-0117,Disconnect
{00000001E358-1E876793},2010-07-06 14:55:17,KYR0991,PC-0061,Disconnect
{00000001CEA6-2F42B47C},2010-07-06 15:31:32,NDV4503,PC-0078,Connect
{00000001D517-09C0AB8D},2010-07-06 15:44:59,UKR6395,PC-0118,Connect
{00000001E4A7-3EE0F10E},2010-07-06 15:51:32,NDV4503,PC-0078,Disconnect
{00000001C75B-226DCBDF},2010-07-06 16:02:27,DNM3159,PC-0019,Connect
{00000001C9B2-1B4E6895},2010-07-06 16:11:15,HVG7968,PC-0044,Connect
{00000001DD5C-13579FEB},2010-07-06 16:44:27,DNM3159,PC-0019,Disconnect
{00000001DFB3-13C50AFA},2010-07-06 16:45:15,HVG7968,PC-0044,Disconnect
{00000001CE07-05333ED3},2010-07-06 17:03:39,MDR4757,PC-0071,Connect
{00000001D6A6-18F19194},2010-07-06 17:05:14,VNI5142,PC-0129,Connect
{00000001CC98-03A88FFF},2010-07-06 17:06:43,KIX3704,PC-0058,Connect
{00000001ECA7-03C2FB01},2010-07-06 17:07:14,VNI5142,PC-0129,Disconnect
{00000001C4EC-2167E2E0},2010-07-06 17:11:44,COU3039,PC-0011,Connect
{00000001EB18-00D805DE},2010-07-06 17:13:59,UKR6395,PC-0118,Disconnect
{00000001D926-3CC30F17},2010-07-06 17:41:20,ZUI9718,PC-0157,Connect
{00000001E299-2556E752},2010-07-06 17:53:43,KIX3704,PC-0058,Disconnect
{00000001EF27-13BEE4F4},2010-07-06 17:54:20,ZUI9718,PC-0157,Disconnect
{00000001D71E-362B619F},2010-07-06 17:59:43,WLH0216,PC-0135,Connect
{00000001E408-3123D63B},2010-07-06 18:19:39,MDR4757,PC-0071,Disconnect
{00000001ED1F-0A31E0AC},2010-07-06 18:23:43,WLH0216,PC-0135,Disconnect
{00000001DAED-024DA533},2010-07-06 18:28:44,COU3039,PC-0011,Disconnect
{00000001CF67-0161311B},2010-07-07 07:38:26,NRU3936,PC-0083,Connect
{00000001D0A5-3118075B},2010-07-07 07:59:40,OLN5687,PC-0088,Connect
{00000001E568-37B5208F},2010-07-07 08:07:26,NRU3936,PC-0083,Disconnect
{00000001CBDE-00A2C55A},2010-07-07 08:38:25,JMM0438,PC-0053,Connect
{00000001E1DF-134BAC08},2010-07-07 08:59:25,JMM0438,PC-0053,Disconnect
{00000001CE08-34260E99},2010-07-07 08:59:40,MDR4757,PC-0071,Connect
{00000001E6A6-01FB8C05},2010-07-07 09:12:40,OLN5687,PC-0088,Disconnect
{00000001D0A7-14C47C6C},2010-07-07 09:17:34,OLN5687,PC-0088,Connect
{00000001CD7A-372A6267},2010-07-07 09:20:49,LGT9691,PC-0063,Connect
{00000001E37B-2BA59D84},2010-07-07 09:26:49,LGT9691,PC-0063,Disconnect
{00000001D928-3F0DEAC1},2010-07-07 09:32:56,ZUI9718,PC-0157,Connect
{00000001CB09-078F0B67},2010-07-07 09:37:36,JDE8246,PC-0052,Connect
{00000001D118-209409F1},2010-07-07 09:45:56,OYC3975,PC-0091,Connect
{00000001E719-3FDBD900},2010-07-07 09:49:56,OYC3975,PC-0091,Disconnect
{00000001CA9E-2DEDC352},2010-07-07 10:07:30,IVL8082,PC-0051,Connect
{00000001E409-2B07F070},2010-07-07 10:20:40,MDR4757,PC-0071,Disconnect
{00000001E10A-3028FE37},2010-07-07 10:29:36,JDE8246,PC-0052,Disconnect
{00000001E6A8-308E299E},2010-07-07 10:37:34,OLN5687,PC-0088,Disconnect
{00000001E09F-00608DE6},2010-07-07 10:50:30,IVL8082,PC-0051,Disconnect
{00000001EF29-2E7E62AA},2010-07-07 10:57:56,ZUI9718,PC-0157,Disconnect
{00000001CB08-0E6666C3},2010-07-07 11:09:02,JDE8246,PC-0052,Connect
{00000001E109-16607014},2010-07-07 11:11:02,JDE8246,PC-0052,Disconnect
{00000001D47A-01002AEE},2010-07-07 11:36:24,TWU8511,PC-0115,Connect
{00000001D6CC-1EDF241B},2010-07-07 12:34:21,VXF8934,PC-0132,Connect
{00000001EA7B-29C293B6},2010-07-07 13:02:24,TWU8511,PC-0115,Disconnect
{00000001ECCD-123DBBC3},2010-07-07 13:10:21,VXF8934,PC-0132,Disconnect
{00000001D47B-2DC27823},2010-07-07 13:46:27,TWU8511,PC-0115,Connect
{00000001EA7C-24EAFB71},2010-07-07 13:54:27,TWU8511,PC-0115,Disconnect
{00000001D929-000D410E},2010-07-07 14:33:40,ZUI9718,PC-0157,Connect
{00000001D479-3D7DE605},2010-07-07 14:39:46,TWU8511,PC-0115,Connect
{00000001CA09-29D66E23},2010-07-07 15:03:30,IAC0900,PC-0045,Connect
{00000001EF2A-27406534},2010-07-07 15:08:40,ZUI9718,PC-0157,Disconnect
{00000001E00A-124B03F5},2010-07-07 15:12:30,IAC0900,PC-0045,Disconnect
{00000001D281-0F52D99A},2010-07-07 15:15:04,RUT1946,PC-0104,Connect
{00000001CA5B-1068C9A5},2010-07-07 15:19:28,IIY1438,PC-0050,Connect
{00000001CD58-0B78E8AD},2010-07-07 15:28:16,KYR0991,PC-0061,Connect
{00000001D32F-00537809},2010-07-07 15:30:07,SDT4191,PC-0106,Connect
{00000001EA7A-2392CFC7},2010-07-07 15:50:46,TWU8511,PC-0115,Disconnect
{00000001E930-192AD0E0},2010-07-07 16:09:07,SDT4191,PC-0106,Disconnect
{00000001E359-11A68719},2010-07-07 16:27:16,KYR0991,PC-0061,Disconnect
{00000001D71F-1B945423},2010-07-07 16:27:18,WLH0216,PC-0135,Connect
{00000001C8C1-353ABF57},2010-07-07 16:32:26,GRQ1397,PC-0036,Connect
{00000001D7E9-37864D4C},2010-07-07 16:33:04,YDM6963,PC-0145,Connect
{00000001E882-304E17BB},2010-07-07 16:36:04,RUT1946,PC-0104,Disconnect
{00000001E05C-0DD88DEB},2010-07-07 16:40:28,IIY1438,PC-0050,Disconnect
{00000001C7E1-1F426A65},2010-07-07 16:56:23,EHP1536,PC-0027,Connect
{00000001C803-3022632E},2010-07-07 17:06:53,EIR1445,PC-0028,Connect
{00000001DEC2-13DC0245},2010-07-07 17:16:26,GRQ1397,PC-0036,Disconnect
{00000001C628-00CB08E4},2010-07-07 17:23:18,CVC0519,PC-0015,Connect
{00000001ED20-324CF306},2010-07-07 17:26:18,WLH0216,PC-0135,Disconnect
{00000001EFA5-31523BAE},2010-07-07 17:31:42,DXC7486,PC-0024,Connect
{00000001DE04-0E0D0189},2010-07-07 17:31:53,EIR1445,PC-0028,Disconnect
{00000001D0A6-1B9AC3CD},2010-07-07 17:51:05,OLN5687,PC-0088,Connect
{00000001EDEA-39AB4093},2010-07-07 17:53:04,YDM6963,PC-0145,Disconnect
{00000001F12F-268A66C8},2010-07-07 17:54:42,DXC7486,PC-0024,Disconnect
{00000001DDE2-36108ACC},2010-07-07 17:55:23,EHP1536,PC-0027,Disconnect
{00000001DC29-0BE22899},2010-07-07 18:13:18,CVC0519,PC-0015,Disconnect
{00000001E6A7-0548F566},2010-07-07 18:45:05,OLN5687,PC-0088,Disconnect
{00000001CA9F-201F83FB},2010-07-08 07:11:05,IVL8082,PC-0051,Connect
{00000001C3CA-39828A32},2010-07-08 07:46:02,ADG1145,PC-0001,Connect
{00000001C75C-02F16282},2010-07-08 07:56:23,DNM3159,PC-0019,Connect
{00000001D9CB-0000AB40},2010-07-08 08:03:02,ADG1145,PC-0001,Disconnect
{00000001E0A0-058917FC},2010-07-08 08:25:05,IVL8082,PC-0051,Disconnect
{00000001D0A9-04E3501C},2010-07-08 08:29:51,OLN5687,PC-0088,Connect
{00000001C3CD-18CC6F52},2010-07-08 09:01:08,ADG1145,PC-0001,Connect
{00000001CD98-3F8A5DF8},2010-07-08 09:04:52,LRR4710,PC-0067,Connect
{00000001E6AA-33CB6C2C},2010-07-08 09:09:51,OLN5687,PC-0088,Disconnect
{00000001DD5D-00A08E27},2010-07-08 09:17:23,DNM3159,PC-0019,Disconnect
{00000001D9CE-017B3C9B},2010-07-08 09:18:08,ADG1145,PC-0001,Disconnect
{00000001C9B8-3B5599B8},2010-07-08 09:20:12,HVG7968,PC-0044,Connect
{00000001DFB9-21303802},2010-07-08 09:53:12,HVG7968,PC-0044,Disconnect
{00000001D47C-3EAB3E14},2010-07-08 10:02:55,TWU8511,PC-0115,Connect
{00000001EA7D-00E3350C},2010-07-08 10:18:55,TWU8511,PC-0115,Disconnect
{00000001E399-334D535B},2010-07-08 10:31:52,LRR4710,PC-0067,Disconnect
{00000001CA0A-32B055C4},2010-07-08 10:37:41,IAC0900,PC-0045,Connect
{00000001E00B-1AF679D5},2010-07-08 10:56:41,IAC0900,PC-0045,Disconnect
{00000001D330-3CAAA587},2010-07-08 10:58:12,SDT4191,PC-0106,Connect
{00000001C8C2-34D69E41},2010-07-08 11:05:48,GRQ1397,PC-0036,Connect
{00000001C706-1B67B3A3},2010-07-08 11:34:16,DHG6594,PC-0016,Connect
{00000001E931-0B51C4F6},2010-07-08 11:43:12,SDT4191,PC-0106,Disconnect
{00000001DD07-17E6EA95},2010-07-08 12:01:16,DHG6594,PC-0016,Disconnect
{00000001DEC3-0F7C20FB},2010-07-08 12:15:48,GRQ1397,PC-0036,Disconnect
{00000001CC9B-2830A747},2010-07-08 12:20:45,KIX3704,PC-0058,Connect
{00000001CBDF-2B9A140C},2010-07-08 12:33:57,JMM0438,PC-0053,Connect
{00000001E1E0-0940ECCC},2010-07-08 12:49:57,JMM0438,PC-0053,Disconnect
{00000001C8C3-0823100D},2010-07-08 12:58:44,GRQ1397,PC-0036,Connect
{00000001E29C-06986B62},2010-07-08 12:59:45,KIX3704,PC-0058,Disconnect
{00000001C83B-0C4E2121},2010-07-08 13:08:21,FCN9756,PC-0031,Connect
{00000001CD59-20BC1FE0},2010-07-08 13:37:39,KYR0991,PC-0061,Connect
{00000001E35A-1A1E7BDA},2010-07-08 13:44:39,KYR0991,PC-0061,Disconnect
{00000001C707-2B0D90FA},2010-07-08 13:44:59,DHG6594,PC-0016,Connect
{00000001CD89-353BE2CA},2010-07-08 13:59:23,LMQ7847,PC-0066,Connect
{00000001E38A-1F58AD56},2010-07-08 14:01:23,LMQ7847,PC-0066,Disconnect
{00000001DEC4-325C0853},2010-07-08 14:03:44,GRQ1397,PC-0036,Disconnect
{00000001DD08-2B7043F0},2010-07-08 14:21:59,DHG6594,PC-0016,Disconnect
{00000001D3AF-32DF45BD},2010-07-08 14:27:31,SHV5792,PC-0108,Connect
{00000001DE3C-309D3DAC},2010-07-08 14:34:21,FCN9756,PC-0031,Disconnect
{00000001D850-0D4FD88A},2010-07-08 14:40:23,YLE8326,PC-0147,Connect
{00000001CEBE-134DCC12},2010-07-08 14:46:02,NJT3274,PC-0081,Connect
{00000001C629-33022B70},2010-07-08 14:58:50,CVC0519,PC-0015,Connect
{00000001E9B0-26C38FA7},2010-07-08 15:43:31,SHV5792,PC-0108,Disconnect
{00000001EE51-3392E298},2010-07-08 15:44:23,YLE8326,PC-0147,Disconnect
{00000001E4BF-0C281927},2010-07-08 15:46:02,NJT3274,PC-0081,Disconnect
{00000001DC2A-3A5AAE1E},2010-07-08 16:15:50,CVC0519,PC-0015,Disconnect
{00000001C3CB-2BADA906},2010-07-08 16:29:18,ADG1145,PC-0001,Connect
{00000001D82F-2C18B848},2010-07-08 16:36:10,YIO5206,PC-0146,Connect
{00000001D0A8-21D19B1A},2010-07-08 16:57:40,OLN5687,PC-0088,Connect
{00000001D6A7-218AAA1D},2010-07-08 17:00:05,VNI5142,PC-0129,Connect
{00000001D9CC-07890C1B},2010-07-08 17:13:18,ADG1145,PC-0001,Disconnect
{00000001ECA8-2AAFD5DB},2010-07-08 17:29:05,VNI5142,PC-0129,Disconnect
{00000001C8C4-0CBE1691},2010-07-08 17:36:00,GRQ1397,PC-0036,Connect
{00000001EE30-1EFC28E5},2010-07-08 17:39:10,YIO5206,PC-0146,Disconnect
{00000001C3CC-11F33092},2010-07-08 17:48:53,ADG1145,PC-0001,Connect
{00000001CBE0-097FE561},2010-07-08 17:53:27,JMM0438,PC-0053,Connect
{00000001E6A9-0F2E7D8D},2010-07-08 18:00:40,OLN5687,PC-0088,Disconnect
{00000001DEC5-0457A04E},2010-07-08 18:33:00,GRQ1397,PC-0036,Disconnect
{00000001D9CD-379594CE},2010-07-08 18:47:53,ADG1145,PC-0001,Disconnect
{00000001E1E1-12963539},2010-07-08 19:07:27,JMM0438,PC-0053,Disconnect
{00000001CF94-2500B58D},2010-07-09 07:44:26,OEM8566,PC-0085,Connect
{00000001C596-04B10A05},2010-07-09 07:49:00,CQZ8674,PC-0013,Connect
{00000001C70A-018B871D},2010-07-09 07:53:29,DHG6594,PC-0016,Connect
{00000001CBE1-11DDCD72},2010-07-09 08:06:18,JMM0438,PC-0053,Connect
{00000001DD0B-1DA0BD94},2010-07-09 08:07:29,DHG6594,PC-0016,Disconnect
{00000001C709-27366AB3},2010-07-09 08:17:33,DHG6594,PC-0016,Connect
{00000001DB97-008CF8EB},2010-07-09 08:21:00,CQZ8674,PC-0013,Disconnect
{00000001DD0A-14A7FB0D},2010-07-09 08:35:33,DHG6594,PC-0016,Disconnect
{00000001E595-2F6EC42C},2010-07-09 09:09:26,OEM8566,PC-0085,Disconnect
{00000001C3CE-2B9C259C},2010-07-09 09:10:09,ADG1145,PC-0001,Connect
{00000001E1E2-110C1C46},2010-07-09 09:35:18,JMM0438,PC-0053,Disconnect
{00000001D3B0-3CBB7886},2010-07-09 09:40:31,SHV5792,PC-0108,Connect
{00000001CDC9-00EA9BE3},2010-07-09 10:17:27,LYE5717,PC-0069,Connect
{00000001D830-1548B408},2010-07-09 10:29:50,YIO5206,PC-0146,Connect
{00000001D9CF-0BBC6351},2010-07-09 10:32:09,ADG1145,PC-0001,Disconnect
{00000001C708-0E3E2510},2010-07-09 10:37:50,DHG6594,PC-0016,Connect
{00000001E9B1-2523D316},2010-07-09 10:44:31,SHV5792,PC-0108,Disconnect
{00000001EE31-043830FC},2010-07-09 10:51:50,YIO5206,PC-0146,Disconnect
{00000001D960-10F3B3E7},2010-07-09 10:55:12,ZWA2339,PC-0158,Connect
{00000001D92A-00BAF9E7},2010-07-09 10:57:53,ZUI9718,PC-0157,Connect
{00000001C505-0F0D1173},2010-07-09 11:01:52,COX0638,PC-0012,Connect
{00000001C7E2-3350E646},2010-07-09 11:05:11,EHP1536,PC-0027,Connect
{00000001E3CA-05485EEC},2010-07-09 11:20:27,LYE5717,PC-0069,Disconnect
{00000001C595-1E7FFA8C},2010-07-09 11:21:07,CQZ8674,PC-0013,Connect
{00000001C597-1B1DCC28},2010-07-09 11:22:50,CQZ8674,PC-0013,Connect
{00000001D720-3C817703},2010-07-09 11:25:46,WLH0216,PC-0135,Connect
{00000001EF2B-3B4642CC},2010-07-09 11:29:53,ZUI9718,PC-0157,Disconnect
{00000001EF61-1878FC07},2010-07-09 11:33:12,ZWA2339,PC-0158,Disconnect
{00000001DDE3-33E6AE54},2010-07-09 11:35:11,EHP1536,PC-0027,Disconnect
{00000001C414-2EBEE402},2010-07-09 11:46:40,AUI6616,PC-0004,Connect
{00000001CC9C-2897FAA0},2010-07-09 11:53:26,KIX3704,PC-0058,Connect
{00000001DD09-11223BD2},2010-07-09 11:57:50,DHG6594,PC-0016,Disconnect
{00000001E29D-23EB9D23},2010-07-09 12:17:26,KIX3704,PC-0058,Disconnect
{00000001CF69-2689064F},2010-07-09 12:22:02,NRU3936,PC-0083,Connect
{00000001DB98-22980C32},2010-07-09 12:23:50,CQZ8674,PC-0013,Disconnect
{00000001DB06-1AE8EA33},2010-07-09 12:25:52,COX0638,PC-0012,Disconnect
{00000001DB96-049DFF65},2010-07-09 12:26:07,CQZ8674,PC-0013,Disconnect
{00000001E56A-294731B2},2010-07-09 12:38:02,NRU3936,PC-0083,Disconnect
{00000001D331-0E53733D},2010-07-09 12:40:10,SDT4191,PC-0106,Connect
{00000001ED21-3CC5DCF6},2010-07-09 12:41:46,WLH0216,PC-0135,Disconnect
{00000001D3B1-09C6ED20},2010-07-09 12:44:48,SHV5792,PC-0108,Connect
{00000001CB0B-296EAB3F},2010-07-09 13:09:00,JDE8246,PC-0052,Connect
{00000001DA15-227F481E},2010-07-09 13:11:40,AUI6616,PC-0004,Disconnect
{00000001E10C-3CAF4DB2},2010-07-09 13:31:00,JDE8246,PC-0052,Disconnect
{00000001E9B2-3F13947C},2010-07-09 13:32:48,SHV5792,PC-0108,Disconnect
{00000001C9B9-10855F6E},2010-07-09 13:40:11,HVG7968,PC-0044,Connect
{00000001D7EA-0698DFF8},2010-07-09 13:46:13,YDM6963,PC-0145,Connect
{00000001DFBA-1E875B03},2010-07-09 13:54:11,HVG7968,PC-0044,Disconnect
{00000001E932-1ED12AD1},2010-07-09 14:08:10,SDT4191,PC-0106,Disconnect
{00000001D282-104AF0C7},2010-07-09 14:20:13,RUT1946,PC-0104,Connect
{00000001D8CA-2B03C44D},2010-07-09 14:47:26,ZIF9528,PC-0154,Connect
{00000001D47D-2F624E31},2010-07-09 14:48:55,TWU8511,PC-0115,Connect
{00000001EECB-060C5131},2010-07-09 14:52:26,ZIF9528,PC-0154,Disconnect
{00000001EDEB-36C6AB6D},2010-07-09 15:01:13,YDM6963,PC-0145,Disconnect
{00000001D1E1-13C1E6FA},2010-07-09 15:22:17,QSC3123,PC-0100,Connect
{00000001E883-336D6A33},2010-07-09 15:31:13,RUT1946,PC-0104,Disconnect
{00000001D1E2-2DB3B1AC},2010-07-09 15:39:45,QSC3123,PC-0100,Connect
{00000001D283-3320C308},2010-07-09 15:51:26,RUT1946,PC-0104,Connect
{00000001EA7E-10C9090F},2010-07-09 15:56:55,TWU8511,PC-0115,Disconnect
{00000001CB0A-3F317A76},2010-07-09 16:12:16,JDE8246,PC-0052,Connect
{00000001E7E3-27133E92},2010-07-09 16:13:45,QSC3123,PC-0100,Disconnect
{00000001E10B-33D8864B},2010-07-09 16:14:16,JDE8246,PC-0052,Disconnect
{00000001E7E2-1CD13D4E},2010-07-09 16:14:17,QSC3123,PC-0100,Disconnect
{00000001E884-103BE6AF},2010-07-09 16:37:26,RUT1946,PC-0104,Disconnect
{00000001C70B-2B8313C4},2010-07-09 16:45:38,DHG6594,PC-0016,Connect
{00000001D95F-2B41B004},2010-07-09 16:54:53,ZWA2339,PC-0158,Connect
{00000001D3B2-2B9CC3DC},2010-07-09 16:59:29,SHV5792,PC-0108,Connect
{00000001EF60-11660357},2010-07-09 17:27:53,ZWA2339,PC-0158,Disconnect
{00000001DD0C-0A15D685},2010-07-09 17:39:38,DHG6594,PC-0016,Disconnect
{00000001E9B3-0F6CCF70},2010-07-09 17:45:29,SHV5792,PC-0108,Disconnect
{00000001CF68-034F499D},2010-07-09 17:48:13,NRU3936,PC-0083,Connect
{00000001E569-02975DC1},2010-07-09 18:48:13,NRU3936,PC-0083,Disconnect
{00000001EF6F-22B685D4},2010-07-12 07:13:56,CCL9026,PC-0010,Connect
{00000001D8CB-1E959CC3},2010-07-12 07:14:13,ZIF9528,PC-0154,Connect
{00000001EECC-3C69B9C1},2010-07-12 07:42:13,ZIF9528,PC-0154,Disconnect
{00000001D47E-2909EA9A},2010-07-12 08:05:25,TWU8511,PC-0115,Connect
{00000001F0F9-1EE5094D},2010-07-12 08:12:56,CCL9026,PC-0010,Disconnect
{00000001EA7F-054C5A79},2010-07-12 08:25:25,TWU8511,PC-0115,Disconnect
{00000001C9BB-1406CAE6},2010-07-12 09:07:40,HVG7968,PC-0044,Connect
{00000001DFBC-30378838},2010-07-12 09:11:40,HVG7968,PC-0044,Disconnect
{00000001D137-20F6D27B},2010-07-12 09:13:34,QCT4158,PC-0097,Connect
{00000001C70C-14655BE3},2010-07-12 09:43:11,DHG6594,PC-0016,Connect
{00000001C8C5-05945922},2010-07-12 10:01:42,GRQ1397,PC-0036,Connect
{00000001E738-1D9E2811},2010-07-12 10:10:34,QCT4158,PC-0097,Disconnect
{00000001C7E3-1D00F08A},2010-07-12 10:16:06,EHP1536,PC-0027,Connect
{00000001C9BA-13F6B355},2010-07-12 10:16:26,HVG7968,PC-0044,Connect
{00000001CB0C-099D04DB},2010-07-12 10:24:33,JDE8246,PC-0052,Connect
{00000001DD0D-3D0C26E0},2010-07-12 10:26:11,DHG6594,PC-0016,Disconnect
{00000001E10D-0987E14E},2010-07-12 10:36:33,JDE8246,PC-0052,Disconnect
{00000001D0AA-03217BF3},2010-07-12 10:38:09,OLN5687,PC-0088,Connect
{00000001E6AB-06AD24DA},2010-07-12 10:48:09,OLN5687,PC-0088,Disconnect
{00000001C4BD-1015042E},2010-07-12 11:08:36,CCL9026,PC-0010,Connect
{00000001D332-29268224},2010-07-12 11:12:28,SDT4191,PC-0106,Connect
{00000001DEC6-2ECD0508},2010-07-12 11:19:42,GRQ1397,PC-0036,Disconnect
{00000001E933-35BA672F},2010-07-12 11:25:28,SDT4191,PC-0106,Disconnect
{00000001D284-062FB31A},2010-07-12 11:38:10,RUT1946,PC-0104,Connect
{00000001DFBB-2F9A3A61},2010-07-12 11:38:26,HVG7968,PC-0044,Disconnect
{00000001DDE4-275D058F},2010-07-12 11:39:06,EHP1536,PC-0027,Disconnect
{00000001CF6A-305BE914},2010-07-12 11:43:41,NRU3936,PC-0083,Connect
{00000001C598-2821E7BC},2010-07-12 11:56:35,CQZ8674,PC-0013,Connect
{00000001C3CF-207578CA},2010-07-12 12:02:00,ADG1145,PC-0001,Connect
{00000001DABE-1ACEB73E},2010-07-12 12:05:36,CCL9026,PC-0010,Disconnect
{00000001E885-38921F7B},2010-07-12 12:13:10,RUT1946,PC-0104,Disconnect
{00000001D136-0462917A},2010-07-12 12:23:51,QCT4158,PC-0097,Connect
{00000001E56B-0B4652C6},2010-07-12 12:26:41,NRU3936,PC-0083,Disconnect
{00000001CD5A-2F64C19C},2010-07-12 12:56:17,KYR0991,PC-0061,Connect
{00000001E737-3D32F17E},2010-07-12 13:06:51,QCT4158,PC-0097,Disconnect
{00000001DB99-3EF481F5},2010-07-12 13:18:35,CQZ8674,PC-0013,Disconnect
{00000001D92B-30D97D25},2010-07-12 13:18:36,ZUI9718,PC-0157,Connect
{00000001D9D0-0E0C038C},2010-07-12 13:20:00,ADG1145,PC-0001,Disconnect
{00000001D831-0431DF44},2010-07-12 13:42:19,YIO5206,PC-0146,Connect
{00000001EE32-39D49329},2010-07-12 13:47:19,YIO5206,PC-0146,Disconnect
{00000001D7EB-1C8984C5},2010-07-12 13:50:19,YDM6963,PC-0145,Connect
{00000001E35B-0DF7F4D3},2010-07-12 13:56:17,KYR0991,PC-0061,Disconnect
{00000001EDEC-0CFBBE53},2010-07-12 14:05:19,YDM6963,PC-0145,Disconnect
{00000001CC9D-04D34CD1},2010-07-12 14:17:52,KIX3704,PC-0058,Connect
{00000001EF2C-0381EF64},2010-07-12 14:19:36,ZUI9718,PC-0157,Disconnect
{00000001D3B3-23AE50EA},2010-07-12 14:21:59,SHV5792,PC-0108,Connect
{00000001E29E-2A3F2826},2010-07-12 14:54:52,KIX3704,PC-0058,Disconnect
{00000001E9B4-2C2FD866},2010-07-12 15:18:59,SHV5792,PC-0108,Disconnect
{00000001C83C-325D591E},2010-07-12 15:35:13,FCN9756,PC-0031,Connect
{00000001D1E3-112D712B},2010-07-12 16:00:13,QSC3123,PC-0100,Connect
{00000001C905-343D4AB1},2010-07-12 16:10:40,HMR4907,PC-0043,Connect
{00000001DE3D-1169F25F},2010-07-12 16:12:13,FCN9756,PC-0031,Disconnect
{00000001DF06-34BAA872},2010-07-12 16:13:40,HMR4907,PC-0043,Disconnect
{00000001C9BC-2142751B},2010-07-12 16:21:35,HVG7968,PC-0044,Connect
{00000001D518-27564292},2010-07-12 16:37:53,UKR6395,PC-0118,Connect
{00000001C62A-13C8A416},2010-07-12 16:47:50,CVC0519,PC-0015,Connect
{00000001DC2B-2782FC63},2010-07-12 16:50:50,CVC0519,PC-0015,Disconnect
{00000001CA0B-14F5BA2F},2010-07-12 16:50:58,IAC0900,PC-0045,Connect
{00000001E7E4-1B1F4194},2010-07-12 17:16:13,QSC3123,PC-0100,Disconnect
{00000001EB19-1DA24365},2010-07-12 17:17:53,UKR6395,PC-0118,Disconnect
{00000001DFBD-355BD0A9},2010-07-12 17:18:35,HVG7968,PC-0044,Disconnect
{00000001C3D0-301787A7},2010-07-12 17:23:49,ADG1145,PC-0001,Connect
{00000001E00C-323BCD12},2010-07-12 17:43:58,IAC0900,PC-0045,Disconnect
{00000001C7E4-3C913EB8},2010-07-12 17:48:42,EHP1536,PC-0027,Connect
{00000001D9D1-157AC8D7},2010-07-12 18:48:49,ADG1145,PC-0001,Disconnect
{00000001DDE5-021DA718},2010-07-12 18:49:42,EHP1536,PC-0027,Disconnect
{00000001F27E-3F8ACE04},2010-07-13 06:47:27,CQZ8674,PC-0013,Connect
{00000001CD5C-0E9568C5},2010-07-13 07:00:42,KYR0991,PC-0061,Connect
{00000001D1E4-08D36434},2010-07-13 07:04:39,QSC3123,PC-0100,Connect
{00000001D47F-175DECB3},2010-07-13 07:31:44,TWU8511,PC-0115,Connect
{00000001EF73-12D88D10},2010-07-13 07:36:37,CQZ8674,PC-0013,Connect
{00000001F347-2ACB792A},2010-07-13 07:45:27,CQZ8674,PC-0013,Disconnect
{00000001EA80-2E92374E},2010-07-13 07:58:44,TWU8511,PC-0115,Disconnect
{00000001F0FD-3249AD7A},2010-07-13 08:03:37,CQZ8674,PC-0013,Disconnect
{00000001E35D-12BD0F2F},2010-07-13 08:06:42,KYR0991,PC-0061,Disconnect
{00000001D0AD-1A6CCAA0},2010-07-13 08:07:59,OLN5687,PC-0088,Connect
{00000001D519-37A2E772},2010-07-13 08:13:52,UKR6395,PC-0118,Connect
{00000001E7E5-3DC26E62},2010-07-13 08:19:39,QSC3123,PC-0100,Disconnect
{00000001D286-2AB406F2},2010-07-13 08:32:44,RUT1946,PC-0104,Connect
{00000001D333-17A365C3},2010-07-13 08:34:10,SDT4191,PC-0106,Connect
{00000001E887-1FC59F17},2010-07-13 09:00:44,RUT1946,PC-0104,Disconnect
{00000001C9BD-31C82662},2010-07-13 09:02:15,HVG7968,PC-0044,Connect
{00000001E6AE-3719F86F},2010-07-13 09:24:59,OLN5687,PC-0088,Disconnect
{00000001D962-318E4E59},2010-07-13 09:28:20,ZWA2339,PC-0158,Connect
{00000001EB1A-3623C98F},2010-07-13 09:29:52,UKR6395,PC-0118,Disconnect
{00000001D5CA-3BAF7C60},2010-07-13 09:34:36,USS4618,PC-0121,Connect
{00000001CFD5-3CCEAC5C},2010-07-13 09:46:38,OET6830,PC-0086,Connect
{00000001E934-13FF66CC},2010-07-13 09:50:10,SDT4191,PC-0106,Disconnect
{00000001EF63-39EB7D8B},2010-07-13 09:58:20,ZWA2339,PC-0158,Disconnect
{00000001EBCB-1A8F836B},2010-07-13 10:12:36,USS4618,PC-0121,Disconnect
{00000001DFBE-1C67559C},2010-07-13 10:19:15,HVG7968,PC-0044,Disconnect
{00000001E5D6-1FDB306C},2010-07-13 10:30:38,OET6830,PC-0086,Disconnect
{00000001C46C-17F2A33E},2010-07-13 11:16:53,AYY2409,PC-0005,Connect
{00000001CA5D-2BDF995D},2010-07-13 11:23:29,IIY1438,PC-0050,Connect
{00000001D0AC-235885A3},2010-07-13 11:26:43,OLN5687,PC-0088,Connect
{00000001DA6D-13B136B4},2010-07-13 12:13:53,AYY2409,PC-0005,Disconnect
{00000001E05E-168EBA6C},2010-07-13 12:19:29,IIY1438,PC-0050,Disconnect
{00000001CD5B-25134A40},2010-07-13 12:22:25,KYR0991,PC-0061,Connect
{00000001EF74-1DFEEF9F},2010-07-13 12:30:37,CQZ8674,PC-0013,Connect
{00000001D1E5-0CD259AE},2010-07-13 12:33:59,QSC3123,PC-0100,Connect
{00000001D8CC-00D54590},2010-07-13 12:44:10,ZIF9528,PC-0154,Connect
{00000001D285-025907DF},2010-07-13 12:44:21,RUT1946,PC-0104,Connect
{00000001E6AD-3C92FB12},2010-07-13 12:54:43,OLN5687,PC-0088,Disconnect
{00000001C70D-35DF316C},2010-07-13 13:14:00,DHG6594,PC-0016,Connect
{00000001E7E6-3E817277},2010-07-13 13:23:59,QSC3123,PC-0100,Disconnect
{00000001E886-0B346A54},2010-07-13 13:36:21,RUT1946,PC-0104,Disconnect
{00000001D138-013B6E6B},2010-07-13 13:40:29,QCT4158,PC-0097,Connect
{00000001E35C-113CFC32},2010-07-13 13:44:25,KYR0991,PC-0061,Disconnect
{00000001E739-21252C95},2010-07-13 13:54:29,QCT4158,PC-0097,Disconnect
{00000001D721-38B984FA},2010-07-13 13:56:27,WLH0216,PC-0135,Connect
{00000001F0FE-207F6D01},2010-07-13 13:56:37,CQZ8674,PC-0013,Disconnect
{00000001EECD-16D3173B},2010-07-13 14:06:10,ZIF9528,PC-0154,Disconnect
{00000001CA5C-1D1441B6},2010-07-13 14:21:02,IIY1438,PC-0050,Connect
{00000001ED22-00B9B5D3},2010-07-13 14:29:27,WLH0216,PC-0135,Disconnect
{00000001DD0E-201D2D1C},2010-07-13 14:35:00,DHG6594,PC-0016,Disconnect
{00000001CE8B-2B661B47},2010-07-13 14:48:52,NBM1814,PC-0077,Connect
{00000001D961-03EFF380},2010-07-13 14:57:55,ZWA2339,PC-0158,Connect
{00000001CE34-1E377B9F},2010-07-13 15:02:04,MGI5307,PC-0072,Connect
{00000001E48C-00AB463D},2010-07-13 15:05:52,NBM1814,PC-0077,Disconnect
{00000001E05D-1F4DEE9A},2010-07-13 15:06:02,IIY1438,PC-0050,Disconnect
{00000001CEA7-0251B504},2010-07-13 15:08:03,NDV4503,PC-0078,Connect
{00000001EF62-3B90B35C},2010-07-13 15:37:55,ZWA2339,PC-0158,Disconnect
{00000001D334-11A55E23},2010-07-13 15:39:32,SDT4191,PC-0106,Connect
{00000001C83D-0C850B14},2010-07-13 15:40:14,FCN9756,PC-0031,Connect
{00000001C75D-0B825D62},2010-07-13 15:40:20,DNM3159,PC-0019,Connect
{00000001CF6D-2855A9E3},2010-07-13 15:42:03,NRU3936,PC-0083,Connect
{00000001E4A8-01BA8A43},2010-07-13 15:44:03,NDV4503,PC-0078,Disconnect
{00000001D722-1DA46162},2010-07-13 15:53:42,WLH0216,PC-0135,Connect
{00000001E935-19AC17B2},2010-07-13 15:54:32,SDT4191,PC-0106,Disconnect
{00000001E435-1B23D922},2010-07-13 16:12:04,MGI5307,PC-0072,Disconnect
{00000001DD5E-19C6ED49},2010-07-13 16:17:20,DNM3159,PC-0019,Disconnect
{00000001CE5A-17A60AD5},2010-07-13 16:21:36,MSH7807,PC-0075,Connect
{00000001E56E-29D39E54},2010-07-13 16:48:03,NRU3936,PC-0083,Disconnect
{00000001EF72-31AB4DA9},2010-07-13 16:53:09,CQZ8674,PC-0013,Connect
{00000001DE3E-2EF5E9ED},2010-07-13 16:54:14,FCN9756,PC-0031,Disconnect
{00000001CF6B-2D085903},2010-07-13 16:56:37,NRU3936,PC-0083,Connect
{00000001ED23-3DEE4637},2010-07-13 17:05:42,WLH0216,PC-0135,Disconnect
{00000001F0FC-08981337},2010-07-13 17:14:09,CQZ8674,PC-0013,Disconnect
{00000001E45B-21C0DA96},2010-07-13 17:16:36,MSH7807,PC-0075,Disconnect
{00000001CC9E-0A992A35},2010-07-13 17:19:11,KIX3704,PC-0058,Connect
{00000001D624-07563D9F},2010-07-13 17:33:39,VDL1237,PC-0125,Connect
{00000001C46B-19DA620D},2010-07-13 17:40:58,AYY2409,PC-0005,Connect
{00000001DA6C-0AE6F242},2010-07-13 17:43:58,AYY2409,PC-0005,Disconnect
{00000001CF6C-076508A5},2010-07-13 17:45:17,NRU3936,PC-0083,Connect
{00000001E56C-2102362E},2010-07-13 17:45:37,NRU3936,PC-0083,Disconnect
{00000001D0AB-0687AA51},2010-07-13 17:51:17,OLN5687,PC-0088,Connect
{00000001E56D-1284DF66},2010-07-13 18:13:17,NRU3936,PC-0083,Disconnect
{00000001E6AC-03D812CC},2010-07-13 18:22:17,OLN5687,PC-0088,Disconnect
{00000001EC25-29B77572},2010-07-13 18:30:39,VDL1237,PC-0125,Disconnect
{00000001F27F-20A2ABBA},2010-07-13 18:46:55,CQZ8674,PC-0013,Connect
{00000001E29F-2A1F8139},2010-07-13 18:48:11,KIX3704,PC-0058,Disconnect
{00000001F280-054F4793},2010-07-13 19:29:03,CQZ8674,PC-0013,Connect
{00000001F349-14B910B8},2010-07-13 19:50:03,CQZ8674,PC-0013,Disconnect
{00000001F348-03A48732},2010-07-13 19:57:55,CQZ8674,PC-0013,Disconnect
{00000001CF6E-23053E40},2010-07-14 07:37:48,NRU3936,PC-0083,Connect
{00000001CD5D-356C55FF},2010-07-14 07:39:34,KYR0991,PC-0061,Connect
{00000001CBE2-0F214478},2010-07-14 07:58:27,JMM0438,PC-0053,Connect
{00000001E1E3-345B737E},2010-07-14 08:01:27,JMM0438,PC-0053,Disconnect
{00000001E56F-00703918},2010-07-14 08:15:48,NRU3936,PC-0083,Disconnect
{00000001CCA0-03D9BA92},2010-07-14 08:21:01,KIX3704,PC-0058,Connect
{00000001C70E-3D248626},2010-07-14 08:28:24,DHG6594,PC-0016,Connect
{00000001D852-215F6A53},2010-07-14 08:31:41,YLE8326,PC-0147,Connect
{00000001C8F0-07EB536B},2010-07-14 08:41:32,GUG7168,PC-0037,Connect
{00000001DEF1-149D097F},2010-07-14 08:46:32,GUG7168,PC-0037,Disconnect
{00000001CFD6-3C3F0142},2010-07-14 08:56:45,OET6830,PC-0086,Connect
{00000001E35E-3776298D},2010-07-14 09:08:34,KYR0991,PC-0061,Disconnect
{00000001EF75-34F6A70B},2010-07-14 09:15:08,CQZ8674,PC-0013,Connect
{00000001EE53-0EB52BA6},2010-07-14 09:20:41,YLE8326,PC-0147,Disconnect
{00000001D896-1FA8D1C5},2010-07-14 09:20:59,YST5811,PC-0149,Connect
{00000001F0FF-30FA9617},2010-07-14 09:26:08,CQZ8674,PC-0013,Disconnect
{00000001D51B-1ECF0232},2010-07-14 09:30:53,UKR6395,PC-0118,Connect
{00000001D6A9-0CCB6C38},2010-07-14 09:33:09,VNI5142,PC-0129,Connect
{00000001E5D7-3E76378F},2010-07-14 09:43:45,OET6830,PC-0086,Disconnect
{00000001E2A1-16BA2F53},2010-07-14 09:44:01,KIX3704,PC-0058,Disconnect
{00000001ECAA-281F4DC1},2010-07-14 09:45:09,VNI5142,PC-0129,Disconnect
{00000001DD0F-1C70B4B5},2010-07-14 09:51:24,DHG6594,PC-0016,Disconnect
{00000001D51A-38502709},2010-07-14 09:53:33,UKR6395,PC-0118,Connect
{00000001EB1B-2E9B4C0B},2010-07-14 09:56:33,UKR6395,PC-0118,Disconnect
{00000001D6A8-093CA4E4},2010-07-14 10:18:28,VNI5142,PC-0129,Connect
{00000001C62B-0E0E0BC9},2010-07-14 10:24:08,CVC0519,PC-0015,Connect
{00000001EF77-153820CC},2010-07-14 10:25:36,CQZ8674,PC-0013,Connect
{00000001ECA9-32EE7A3A},2010-07-14 10:26:28,VNI5142,PC-0129,Disconnect
{00000001DC2C-2A5E0D06},2010-07-14 10:30:08,CVC0519,PC-0015,Disconnect
{00000001EE97-2AC822C9},2010-07-14 10:36:59,YST5811,PC-0149,Disconnect
{00000001EB1C-07DFDA9C},2010-07-14 10:38:53,UKR6395,PC-0118,Disconnect
{00000001F101-28DC311D},2010-07-14 10:44:36,CQZ8674,PC-0013,Disconnect
{00000001EF76-32ED6B4F},2010-07-14 11:29:41,CQZ8674,PC-0013,Connect
{00000001CB0D-294A1B23},2010-07-14 12:06:08,JDE8246,PC-0052,Connect
{00000001F100-0F03AC4E},2010-07-14 12:06:41,CQZ8674,PC-0013,Disconnect
{00000001C599-038954A9},2010-07-14 12:14:48,CQZ8674,PC-0013,Connect
{00000001C7E6-28D58D5B},2010-07-14 12:32:21,EHP1536,PC-0027,Connect
{00000001CC9F-2D9CE810},2010-07-14 12:33:13,KIX3704,PC-0058,Connect
{00000001DDE7-3E9130CF},2010-07-14 13:03:21,EHP1536,PC-0027,Disconnect
{00000001D3B4-181D65C9},2010-07-14 13:04:59,SHV5792,PC-0108,Connect
{00000001DB9A-34A81446},2010-07-14 13:06:48,CQZ8674,PC-0013,Disconnect
{00000001C7E5-0A35AE7C},2010-07-14 13:16:50,EHP1536,PC-0027,Connect
{00000001EF78-28534AC6},2010-07-14 13:18:43,CQZ8674,PC-0013,Connect
{00000001DDE6-37944EF5},2010-07-14 13:18:50,EHP1536,PC-0027,Disconnect
{00000001E10E-0327EBCA},2010-07-14 13:23:08,JDE8246,PC-0052,Disconnect
{00000001F102-30412543},2010-07-14 13:31:43,CQZ8674,PC-0013,Disconnect
{00000001E2A0-37E8D287},2010-07-14 13:36:13,KIX3704,PC-0058,Disconnect
{00000001CD99-1F21BA9E},2010-07-14 13:41:14,LRR4710,PC-0067,Connect
{00000001E9B5-1CE47674},2010-07-14 14:06:59,SHV5792,PC-0108,Disconnect
{00000001C70F-210D91FC},2010-07-14 14:10:16,DHG6594,PC-0016,Connect
{00000001D963-07ACB356},2010-07-14 14:17:32,ZWA2339,PC-0158,Connect
{00000001E39A-236B0C14},2010-07-14 14:18:14,LRR4710,PC-0067,Disconnect
{00000001EF64-1EDCFF37},2010-07-14 14:29:32,ZWA2339,PC-0158,Disconnect
{00000001C46D-177BEE19},2010-07-14 14:29:51,AYY2409,PC-0005,Connect
{00000001D122-27839445},2010-07-14 15:04:22,PAJ4367,PC-0092,Connect
{00000001CBE3-2C0F90BF},2010-07-14 15:35:04,JMM0438,PC-0053,Connect
{00000001DD10-25784D36},2010-07-14 15:39:16,DHG6594,PC-0016,Disconnect
{00000001D287-14DC4B86},2010-07-14 15:44:46,RUT1946,PC-0104,Connect
{00000001DA6E-06EDA3DF},2010-07-14 15:45:51,AYY2409,PC-0005,Disconnect
{00000001D480-3FDC1513},2010-07-14 16:10:23,TWU8511,PC-0115,Connect
{00000001D723-367F096B},2010-07-14 16:15:32,WLH0216,PC-0135,Connect
{00000001E723-0EB1E984},2010-07-14 16:19:22,PAJ4367,PC-0092,Disconnect
{00000001EA81-03549D44},2010-07-14 16:21:23,TWU8511,PC-0115,Disconnect
{00000001E1E4-250516BE},2010-07-14 16:34:04,JMM0438,PC-0053,Disconnect
{00000001D851-259BCD2F},2010-07-14 16:39:57,YLE8326,PC-0147,Connect
{00000001EE52-0E852FA4},2010-07-14 16:41:57,YLE8326,PC-0147,Disconnect
{00000001C7E7-2F856B18},2010-07-14 16:54:11,EHP1536,PC-0027,Connect
{00000001E888-1B5744D0},2010-07-14 17:00:46,RUT1946,PC-0104,Disconnect
{00000001ED24-272F1A40},2010-07-14 17:10:32,WLH0216,PC-0135,Disconnect
{00000001DDE8-1C2B7FD4},2010-07-14 17:17:11,EHP1536,PC-0027,Disconnect
{00000001CD8A-1EDA0255},2010-07-14 17:39:15,LMQ7847,PC-0066,Connect
{00000001E38B-37E36003},2010-07-14 18:59:15,LMQ7847,PC-0066,Disconnect
{00000001C506-003A4115},2010-07-15 07:29:09,COX0638,PC-0012,Connect
{00000001DB07-3D1FCFED},2010-07-15 07:45:09,COX0638,PC-0012,Disconnect
{00000001EF7A-063D2FF7},2010-07-15 09:00:16,CQZ8674,PC-0013,Connect
{00000001D56B-3C3D0E8A},2010-07-15 09:09:01,UQK8227,PC-0120,Connect
{00000001F104-261E1094},2010-07-15 09:16:16,CQZ8674,PC-0013,Disconnect
{00000001D123-228DD2F1},2010-07-15 09:20:41,PAJ4367,PC-0092,Connect
{00000001E724-161B6072},2010-07-15 09:27:41,PAJ4367,PC-0092,Disconnect
{00000001CF95-300FA3BB},2010-07-15 09:38:08,OEM8566,PC-0085,Connect
{00000001C9BE-33313404},2010-07-15 09:54:42,HVG7968,PC-0044,Connect
{00000001D832-02342DBF},2010-07-15 09:56:28,YIO5206,PC-0146,Connect
{00000001EB6C-03D16523},2010-07-15 10:00:01,UQK8227,PC-0120,Disconnect
{00000001EE33-0F1FABE8},2010-07-15 10:02:28,YIO5206,PC-0146,Disconnect
{00000001C62C-18448740},2010-07-15 10:05:26,CVC0519,PC-0015,Connect
{00000001D288-2CA1298A},2010-07-15 10:14:49,RUT1946,PC-0104,Connect
{00000001E889-289D992C},2010-07-15 10:39:49,RUT1946,PC-0104,Disconnect
{00000001E596-1A21A7BE},2010-07-15 10:40:08,OEM8566,PC-0085,Disconnect
{00000001D92C-387214AF},2010-07-15 10:53:19,ZUI9718,PC-0157,Connect
{00000001CCA2-20134149},2010-07-15 10:59:32,KIX3704,PC-0058,Connect
{00000001DFBF-0FE7EBD4},2010-07-15 10:59:42,HVG7968,PC-0044,Disconnect
{00000001E2A3-022AEA60},2010-07-15 11:01:32,KIX3704,PC-0058,Disconnect
{00000001DC2D-12E05526},2010-07-15 11:14:26,CVC0519,PC-0015,Disconnect
{00000001D724-32CCFDC3},2010-07-15 11:28:28,WLH0216,PC-0135,Connect
{00000001EF70-0329D24B},2010-07-15 11:50:11,CCL9026,PC-0010,Connect
{00000001CF6F-077AC3F6},2010-07-15 11:52:43,NRU3936,PC-0083,Connect
{00000001CE35-00706723},2010-07-15 12:03:14,MGI5307,PC-0072,Connect
{00000001D139-108A3E58},2010-07-15 12:14:12,QCT4158,PC-0097,Connect
{00000001EF2D-204F5C39},2010-07-15 12:15:19,ZUI9718,PC-0157,Disconnect
{00000001E436-07F4AAE4},2010-07-15 12:23:14,MGI5307,PC-0072,Disconnect
{00000001ED25-12D6571E},2010-07-15 12:27:28,WLH0216,PC-0135,Disconnect
{00000001F0FA-221842D6},2010-07-15 12:28:11,CCL9026,PC-0010,Disconnect
{00000001E570-31AABC33},2010-07-15 13:00:43,NRU3936,PC-0083,Disconnect
{00000001CD5E-0B32869C},2010-07-15 13:02:09,KYR0991,PC-0061,Connect
{00000001CCA1-03CA3210},2010-07-15 13:05:21,KIX3704,PC-0058,Connect
{00000001E73A-1F822DB5},2010-07-15 13:07:12,QCT4158,PC-0097,Disconnect
{00000001CA0C-15DDBA6B},2010-07-15 13:15:44,IAC0900,PC-0045,Connect
{00000001E00D-18345330},2010-07-15 13:21:44,IAC0900,PC-0045,Disconnect
{00000001E2A2-197F50FD},2010-07-15 13:37:21,KIX3704,PC-0058,Disconnect
{00000001EF79-3E01DC16},2010-07-15 13:44:12,CQZ8674,PC-0013,Connect
{00000001CAA0-25004728},2010-07-15 14:02:49,IVL8082,PC-0051,Connect
{00000001F103-244AC8E5},2010-07-15 14:05:12,CQZ8674,PC-0013,Disconnect
{00000001E35F-1AD67F9B},2010-07-15 14:11:09,KYR0991,PC-0061,Disconnect
{00000001D774-00802198},2010-07-15 14:14:51,XGF2493,PC-0139,Connect
{00000001ED75-3A89BBCC},2010-07-15 14:17:51,XGF2493,PC-0139,Disconnect
{00000001D625-1DA15D49},2010-07-15 14:18:29,VDL1237,PC-0125,Connect
{00000001D773-32F5585F},2010-07-15 14:24:41,XGF2493,PC-0139,Connect
{00000001EC26-0AB44DBC},2010-07-15 14:25:29,VDL1237,PC-0125,Disconnect
{00000001E0A1-29FA1447},2010-07-15 14:40:49,IVL8082,PC-0051,Disconnect
{00000001ED74-05730213},2010-07-15 15:05:41,XGF2493,PC-0139,Disconnect
{00000001D0E9-2F18FB8D},2010-07-15 15:10:06,OMU2669,PC-0089,Connect
{00000001E6EA-2EDC3D46},2010-07-15 16:06:06,OMU2669,PC-0089,Disconnect
{00000001D4C5-2BBC159C},2010-07-15 16:20:21,UEH9251,PC-0117,Connect
{00000001CBE4-37119CC4},2010-07-15 16:20:58,JMM0438,PC-0053,Connect
{00000001CFD7-10ABDA5C},2010-07-15 16:33:29,OET6830,PC-0086,Connect
{00000001CD5F-25080DFA},2010-07-15 16:40:14,KYR0991,PC-0061,Connect
{00000001CB0E-25484E02},2010-07-15 17:00:49,JDE8246,PC-0052,Connect
{00000001E1E5-3CF5B10F},2010-07-15 17:04:58,JMM0438,PC-0053,Disconnect
{00000001EAC6-30DF17FC},2010-07-15 17:12:21,UEH9251,PC-0117,Disconnect
{00000001E360-146FC428},2010-07-15 17:20:14,KYR0991,PC-0061,Disconnect
{00000001E5D8-3B286022},2010-07-15 17:24:29,OET6830,PC-0086,Disconnect
{00000001E10F-02584918},2010-07-15 17:43:49,JDE8246,PC-0052,Disconnect
{00000001F282-1D747184},2010-07-15 18:56:51,CQZ8674,PC-0013,Connect
{00000001F34B-308EABD8},2010-07-15 20:08:51,CQZ8674,PC-0013,Disconnect
{00000001F281-2C6C2ADC},2010-07-15 23:41:22,CQZ8674,PC-0013,Connect
{00000001F34A-38C9C120},2010-07-16 00:20:22,CQZ8674,PC-0013,Disconnect
{00000001CB0F-3DC91720},2010-07-16 07:19:48,JDE8246,PC-0052,Connect
{00000001D3B5-05B13E1D},2010-07-16 07:32:43,SHV5792,PC-0108,Connect
{00000001D5FA-25299334},2010-07-16 07:52:14,UUU6648,PC-0122,Connect
{00000001E110-08C04BBD},2010-07-16 07:55:48,JDE8246,PC-0052,Disconnect
{00000001E9B6-00BF75CF},2010-07-16 07:58:43,SHV5792,PC-0108,Disconnect
{00000001C46F-29A742B0},2010-07-16 08:23:18,AYY2409,PC-0005,Connect
{00000001C83F-057F3C77},2010-07-16 08:32:35,FCN9756,PC-0031,Connect
{00000001DE40-3465E575},2010-07-16 08:36:35,FCN9756,PC-0031,Disconnect
{00000001DA70-0D8486A1},2010-07-16 08:38:18,AYY2409,PC-0005,Disconnect
{00000001C75E-334F5734},2010-07-16 08:45:54,DNM3159,PC-0019,Connect
{00000001C711-04A1FEBE},2010-07-16 08:47:26,DHG6594,PC-0016,Connect
{00000001D898-16BF92FE},2010-07-16 08:49:37,YST5811,PC-0149,Connect
{00000001DD12-245929FA},2010-07-16 08:54:26,DHG6594,PC-0016,Disconnect
{00000001DD5F-130A91B5},2010-07-16 09:18:54,DNM3159,PC-0019,Disconnect
{00000001EBFB-338C96BF},2010-07-16 09:20:14,UUU6648,PC-0122,Disconnect
{00000001EF7B-2C561E1F},2010-07-16 10:12:08,CQZ8674,PC-0013,Connect
{00000001C84C-308D8DBC},2010-07-16 10:13:34,GGB1397,PC-0032,Connect
{00000001EE99-0CF1EAD5},2010-07-16 10:15:37,YST5811,PC-0149,Disconnect
{00000001CBE6-2C8D41DD},2010-07-16 10:17:32,JMM0438,PC-0053,Connect
{00000001D4C6-2FCDC354},2010-07-16 10:21:45,UEH9251,PC-0117,Connect
{00000001F105-16B75E49},2010-07-16 10:27:08,CQZ8674,PC-0013,Disconnect
{00000001EF71-1116A108},2010-07-16 10:29:14,CCL9026,PC-0010,Connect
{00000001EAC7-2F878D1A},2010-07-16 10:58:45,UEH9251,PC-0117,Disconnect
{00000001C415-0527FC22},2010-07-16 11:01:53,AUI6616,PC-0004,Connect
{00000001C62D-2C4B1E75},2010-07-16 11:06:10,CVC0519,PC-0015,Connect
{00000001DE4D-3CFA525F},2010-07-16 11:12:34,GGB1397,PC-0032,Disconnect
{00000001E1E7-0EF1C749},2010-07-16 11:23:32,JMM0438,PC-0053,Disconnect
{00000001CE09-1BC8B7CB},2010-07-16 11:36:18,MDR4757,PC-0071,Connect
{00000001DC2E-38BA1212},2010-07-16 11:40:10,CVC0519,PC-0015,Disconnect
{00000001F0FB-138F5A7C},2010-07-16 11:43:14,CCL9026,PC-0010,Disconnect
{00000001D289-1DF90118},2010-07-16 11:47:59,RUT1946,PC-0104,Connect
{00000001DA16-0E693C7D},2010-07-16 11:48:53,AUI6616,PC-0004,Disconnect
{00000001E40A-38DE7064},2010-07-16 12:00:18,MDR4757,PC-0071,Disconnect
{00000001D1E7-145D3ADF},2010-07-16 12:01:23,QSC3123,PC-0100,Connect
{00000001C710-32107788},2010-07-16 12:03:42,DHG6594,PC-0016,Connect
{00000001E7E8-10A803A2},2010-07-16 12:11:23,QSC3123,PC-0100,Disconnect
{00000001CCA3-3D28FC91},2010-07-16 12:15:39,KIX3704,PC-0058,Connect
{00000001D92D-190E6D3E},2010-07-16 12:20:54,ZUI9718,PC-0157,Connect
{00000001D92E-1321D4D7},2010-07-16 12:24:12,ZUI9718,PC-0157,Connect
{00000001EF2F-02D41781},2010-07-16 12:35:12,ZUI9718,PC-0157,Disconnect
{00000001C416-2CCAFA3A},2010-07-16 12:38:06,AUI6616,PC-0004,Connect
{00000001E88A-2F56A0F6},2010-07-16 12:40:59,RUT1946,PC-0104,Disconnect
{00000001E2A4-1118E20F},2010-07-16 12:42:39,KIX3704,PC-0058,Disconnect
{00000001CEBF-016D9055},2010-07-16 12:54:11,NJT3274,PC-0081,Connect
{00000001DD11-2CD594B1},2010-07-16 12:56:42,DHG6594,PC-0016,Disconnect
{00000001EF2E-013A0D03},2010-07-16 13:23:54,ZUI9718,PC-0157,Disconnect
{00000001C83E-3AB5770B},2010-07-16 13:27:01,FCN9756,PC-0031,Connect
{00000001C4ED-25572962},2010-07-16 13:27:05,COU3039,PC-0011,Connect
{00000001E4C0-2EAD53AD},2010-07-16 13:51:11,NJT3274,PC-0081,Disconnect
{00000001DA17-39BFF53E},2010-07-16 13:58:06,AUI6616,PC-0004,Disconnect
{00000001C712-1F695AD5},2010-07-16 14:08:09,DHG6594,PC-0016,Connect
{00000001DE3F-07A209E3},2010-07-16 14:21:01,FCN9756,PC-0031,Disconnect
{00000001D1E6-25E0523C},2010-07-16 14:29:24,QSC3123,PC-0100,Connect
{00000001D335-0B60B66A},2010-07-16 14:29:56,SDT4191,PC-0106,Connect
{00000001CE0A-16601B46},2010-07-16 14:31:06,MDR4757,PC-0071,Connect
{00000001D0AE-0254C1E8},2010-07-16 14:40:16,OLN5687,PC-0088,Connect
{00000001DAEE-0B3A4A86},2010-07-16 14:48:05,COU3039,PC-0011,Disconnect
{00000001CE0B-3E16E610},2010-07-16 14:48:33,MDR4757,PC-0071,Connect
{00000001E936-0D08D957},2010-07-16 14:48:56,SDT4191,PC-0106,Disconnect
{00000001E7E7-27EACD73},2010-07-16 14:56:24,QSC3123,PC-0100,Disconnect
{00000001CF70-09AAD416},2010-07-16 15:00:13,NRU3936,PC-0083,Connect
{00000001C84B-10FECEA8},2010-07-16 15:00:32,GGB1397,PC-0032,Connect
{00000001E40B-054C8959},2010-07-16 15:08:06,MDR4757,PC-0071,Disconnect
{00000001DD13-269D88E0},2010-07-16 15:18:09,DHG6594,PC-0016,Disconnect
{00000001E6AF-3FE3AB5C},2010-07-16 15:23:16,OLN5687,PC-0088,Disconnect
{00000001E40C-2BFBA32C},2010-07-16 15:47:33,MDR4757,PC-0071,Disconnect
{00000001E571-1D40DF82},2010-07-16 15:52:13,NRU3936,PC-0083,Disconnect
{00000001CBE5-36F94815},2010-07-16 15:59:59,JMM0438,PC-0053,Connect
{00000001E1E6-04CB2430},2010-07-16 16:01:59,JMM0438,PC-0053,Disconnect
{00000001C46E-1C79A82A},2010-07-16 16:05:20,AYY2409,PC-0005,Connect
{00000001DE4C-209F4183},2010-07-16 16:09:32,GGB1397,PC-0032,Disconnect
{00000001C713-38E50A77},2010-07-16 16:23:36,DHG6594,PC-0016,Connect
{00000001DA6F-3A1CE7AF},2010-07-16 16:38:20,AYY2409,PC-0005,Disconnect
{00000001D626-3E0DD89C},2010-07-16 16:38:56,VDL1237,PC-0125,Connect
{00000001EC27-35C804E2},2010-07-16 17:06:56,VDL1237,PC-0125,Disconnect
{00000001DD14-1AD0CC3E},2010-07-16 17:12:36,DHG6594,PC-0016,Disconnect
{00000001C7E8-12FB35D2},2010-07-16 17:13:57,EHP1536,PC-0027,Connect
{00000001CAA1-033B64BA},2010-07-16 17:21:09,IVL8082,PC-0051,Connect
{00000001D481-19A51D5E},2010-07-16 17:22:50,TWU8511,PC-0115,Connect
{00000001C8F1-1C09632B},2010-07-16 17:30:21,GUG7168,PC-0037,Connect
{00000001CBE7-10B263FE},2010-07-16 17:40:20,JMM0438,PC-0053,Connect
{00000001D897-178A5CAC},2010-07-16 17:43:47,YST5811,PC-0149,Connect
{00000001E1E8-307AB11F},2010-07-16 17:48:20,JMM0438,PC-0053,Disconnect
{00000001E0A2-33AA581E},2010-07-16 17:58:09,IVL8082,PC-0051,Disconnect
{00000001EE98-14C92260},2010-07-16 17:59:47,YST5811,PC-0149,Disconnect
{00000001F283-229DEAC9},2010-07-16 18:00:56,CQZ8674,PC-0013,Connect
{00000001F34C-11106CE3},2010-07-16 18:09:56,CQZ8674,PC-0013,Disconnect
{00000001EA82-0E76A2FC},2010-07-16 18:12:50,TWU8511,PC-0115,Disconnect
{00000001DDE9-300F4764},2010-07-16 18:18:57,EHP1536,PC-0027,Disconnect
{00000001F284-0A7FCD4F},2010-07-16 18:55:25,CQZ8674,PC-0013,Connect
{00000001DEF2-1D05BFDC},2010-07-16 18:58:21,GUG7168,PC-0037,Disconnect
{00000001F34D-014E86F7},2010-07-16 20:10:25,CQZ8674,PC-0013,Disconnect
{00000001D482-3245DB70},2010-07-19 07:08:09,TWU8511,PC-0115,Connect
{00000001C906-192ECBE4},2010-07-19 07:10:23,HMR4907,PC-0043,Connect
{00000001D7EC-089A7C9B},2010-07-19 07:12:26,YDM6963,PC-0145,Connect
{00000001DF07-0146A65C},2010-07-19 07:25:23,HMR4907,PC-0043,Disconnect
{00000001EA83-1B692586},2010-07-19 07:27:09,TWU8511,PC-0115,Disconnect
{00000001D51C-31A5D980},2010-07-19 07:27:11,UKR6395,PC-0118,Connect
{00000001C470-12338656},2010-07-19 07:41:24,AYY2409,PC-0005,Connect
{00000001CCA4-28E9A496},2010-07-19 07:45:48,KIX3704,PC-0058,Connect
{00000001E2A5-05716C48},2010-07-19 07:57:48,KIX3704,PC-0058,Disconnect
{00000001D484-3270AAF5},2010-07-19 08:06:46,TWU8511,PC-0115,Connect
{00000001CA0D-2F2BB21E},2010-07-19 08:17:00,IAC0900,PC-0045,Connect
{00000001C715-1CC0FE03},2010-07-19 08:22:15,DHG6594,PC-0016,Connect
{00000001EB1D-3CD6836F},2010-07-19 08:26:11,UKR6395,PC-0118,Disconnect
{00000001EDED-0751B5D7},2010-07-19 08:35:26,YDM6963,PC-0145,Disconnect
{00000001D337-136DEDF9},2010-07-19 08:43:09,SDT4191,PC-0106,Connect
{00000001DA71-1F78E04D},2010-07-19 08:59:24,AYY2409,PC-0005,Disconnect
{00000001EA85-2F3A7E0A},2010-07-19 09:04:46,TWU8511,PC-0115,Disconnect
{00000001E00E-2CA9072B},2010-07-19 09:06:00,IAC0900,PC-0045,Disconnect
{00000001EF7D-25634DCC},2010-07-19 09:14:15,CQZ8674,PC-0013,Connect
{00000001DD16-2AA37B4D},2010-07-19 09:26:15,DHG6594,PC-0016,Disconnect
{00000001D56C-001C8F4C},2010-07-19 09:44:54,UQK8227,PC-0120,Connect
{00000001C8C7-00726AAB},2010-07-19 09:54:47,GRQ1397,PC-0036,Connect
{00000001EB6D-34477352},2010-07-19 09:58:54,UQK8227,PC-0120,Disconnect
{00000001D6AA-2CABC925},2010-07-19 09:59:24,VNI5142,PC-0129,Connect
{00000001E938-2C95BABB},2010-07-19 10:00:09,SDT4191,PC-0106,Disconnect
{00000001C8C8-331973E1},2010-07-19 10:01:58,GRQ1397,PC-0036,Connect
{00000001CCA6-30039018},2010-07-19 10:14:38,KIX3704,PC-0058,Connect
{00000001DEC9-13EF5701},2010-07-19 10:19:58,GRQ1397,PC-0036,Disconnect
{00000001F107-1270C27F},2010-07-19 10:21:15,CQZ8674,PC-0013,Disconnect
{00000001C507-0EB9A003},2010-07-19 10:22:25,COX0638,PC-0012,Connect
{00000001DEC8-26B2270C},2010-07-19 10:28:47,GRQ1397,PC-0036,Disconnect
{00000001C714-1834466D},2010-07-19 10:30:52,DHG6594,PC-0016,Connect
{00000001ECAB-15C9F72D},2010-07-19 10:41:24,VNI5142,PC-0129,Disconnect
{00000001CBE8-205E6EA8},2010-07-19 10:49:30,JMM0438,PC-0053,Connect
{00000001DD15-364F78FA},2010-07-19 10:56:52,DHG6594,PC-0016,Disconnect
{00000001DB08-2C8A0489},2010-07-19 11:20:25,COX0638,PC-0012,Disconnect
{00000001E2A7-25164A4E},2010-07-19 11:21:38,KIX3704,PC-0058,Disconnect
{00000001C8C6-37AB8E95},2010-07-19 11:31:40,GRQ1397,PC-0036,Connect
{00000001DEC7-2BF58A73},2010-07-19 11:37:40,GRQ1397,PC-0036,Disconnect
{00000001E1E9-3275FED4},2010-07-19 11:38:30,JMM0438,PC-0053,Disconnect
{00000001C9BF-3EADA6F0},2010-07-19 11:45:33,HVG7968,PC-0044,Connect
{00000001C8C9-3306C7B2},2010-07-19 11:54:37,GRQ1397,PC-0036,Connect
{00000001CF71-04FE820A},2010-07-19 12:14:26,NRU3936,PC-0083,Connect
{00000001DFC0-00C45BA9},2010-07-19 12:31:33,HVG7968,PC-0044,Disconnect
{00000001D336-0C6BDF0A},2010-07-19 12:35:10,SDT4191,PC-0106,Connect
{00000001DECA-148452B7},2010-07-19 12:47:37,GRQ1397,PC-0036,Disconnect
{00000001E572-2DE4F387},2010-07-19 12:49:26,NRU3936,PC-0083,Disconnect
{00000001CCA5-3E01423A},2010-07-19 12:59:16,KIX3704,PC-0058,Connect
{00000001C62E-326571D9},2010-07-19 13:08:55,CVC0519,PC-0015,Connect
{00000001C62F-094229A3},2010-07-19 13:16:07,CVC0519,PC-0015,Connect
{00000001CCD0-3852F590},2010-07-19 13:19:11,KJX0944,PC-0059,Connect
{00000001D0AF-2263F188},2010-07-19 13:20:07,OLN5687,PC-0088,Connect
{00000001EF7E-35BFCA76},2010-07-19 13:31:47,CQZ8674,PC-0013,Connect
{00000001D1E8-0016FC00},2010-07-19 13:37:12,QSC3123,PC-0100,Connect
{00000001E7E9-1A7EBC47},2010-07-19 13:43:12,QSC3123,PC-0100,Disconnect
{00000001E937-2AA9F563},2010-07-19 13:47:10,SDT4191,PC-0106,Disconnect
{00000001E6B0-38D381BE},2010-07-19 13:57:07,OLN5687,PC-0088,Disconnect
{00000001C716-1B85AFEF},2010-07-19 13:59:39,DHG6594,PC-0016,Connect
{00000001DC2F-28119330},2010-07-19 14:01:55,CVC0519,PC-0015,Disconnect
{00000001CB10-22B85402},2010-07-19 14:08:11,JDE8246,PC-0052,Connect
{00000001DD17-293055D5},2010-07-19 14:08:39,DHG6594,PC-0016,Disconnect
{00000001CED2-00B30CC0},2010-07-19 14:19:24,NRI9556,PC-0082,Connect
{00000001DC30-1FBCC882},2010-07-19 14:24:07,CVC0519,PC-0015,Disconnect
{00000001E111-386BD6A9},2010-07-19 14:26:11,JDE8246,PC-0052,Disconnect
{00000001D5CB-128A5469},2010-07-19 14:26:12,USS4618,PC-0121,Connect
{00000001E2D1-37CA8EA4},2010-07-19 14:27:11,KJX0944,PC-0059,Disconnect
{00000001E2A6-24D79A87},2010-07-19 14:27:16,KIX3704,PC-0058,Disconnect
{00000001F108-2A4A8C89},2010-07-19 14:44:47,CQZ8674,PC-0013,Disconnect
{00000001CF96-1A946BFB},2010-07-19 14:51:57,OEM8566,PC-0085,Connect
{00000001EBCC-2B5817F5},2010-07-19 14:55:12,USS4618,PC-0121,Disconnect
{00000001D833-1384C4E6},2010-07-19 15:01:46,YIO5206,PC-0146,Connect
{00000001E4D3-353CE2ED},2010-07-19 15:26:24,NRI9556,PC-0082,Disconnect
{00000001EE34-0FB5975B},2010-07-19 15:37:46,YIO5206,PC-0146,Disconnect
{00000001C9C0-27B75BEA},2010-07-19 15:41:46,HVG7968,PC-0044,Connect
{00000001E597-3AD4B633},2010-07-19 16:18:57,OEM8566,PC-0085,Disconnect
{00000001DFC1-234882BF},2010-07-19 16:44:46,HVG7968,PC-0044,Disconnect
{00000001CE0C-3100AEF6},2010-07-19 16:51:00,MDR4757,PC-0071,Connect
{00000001C417-2CDFF85C},2010-07-19 17:04:16,AUI6616,PC-0004,Connect
{00000001D483-01FFCDF9},2010-07-19 17:25:27,TWU8511,PC-0115,Connect
{00000001EF7C-1263280F},2010-07-19 17:32:08,CQZ8674,PC-0013,Connect
{00000001EF7F-1CB928CB},2010-07-19 17:54:14,CQZ8674,PC-0013,Connect
{00000001E40D-10FA4516},2010-07-19 18:03:00,MDR4757,PC-0071,Disconnect
{00000001DA18-1F56D586},2010-07-19 18:22:16,AUI6616,PC-0004,Disconnect
{00000001F109-04011642},2010-07-19 18:28:14,CQZ8674,PC-0013,Disconnect
{00000001F285-04B550A3},2010-07-19 18:33:25,CQZ8674,PC-0013,Connect
{00000001F106-07D558EE},2010-07-19 18:43:08,CQZ8674,PC-0013,Disconnect
{00000001EA84-3586EBA6},2010-07-19 18:48:27,TWU8511,PC-0115,Disconnect
{00000001F34E-29C226B5},2010-07-19 19:16:25,CQZ8674,PC-0013,Disconnect
{00000001D725-06291D5C},2010-07-20 07:32:38,WLH0216,PC-0135,Connect
{00000001D726-154F97CC},2010-07-20 07:42:42,WLH0216,PC-0135,Connect
{00000001CAA2-1904C792},2010-07-20 07:42:50,IVL8082,PC-0051,Connect
{00000001D727-29A9ABC8},2010-07-20 07:53:04,WLH0216,PC-0135,Connect
{00000001ED27-081F1C2D},2010-07-20 07:53:42,WLH0216,PC-0135,Disconnect
{00000001ED26-039AAE29},2010-07-20 07:59:38,WLH0216,PC-0135,Disconnect
{00000001E0A3-35B6CC80},2010-07-20 08:12:50,IVL8082,PC-0051,Disconnect
{00000001ED28-11650311},2010-07-20 08:17:04,WLH0216,PC-0135,Disconnect
{00000001D92F-0C1F4638},2010-07-20 08:23:47,ZUI9718,PC-0157,Connect
{00000001EF30-0FDF8D51},2010-07-20 08:36:47,ZUI9718,PC-0157,Disconnect
{00000001CEA8-2F67C0FF},2010-07-20 08:36:48,NDV4503,PC-0078,Connect
{00000001E4A9-189AAC39},2010-07-20 08:39:48,NDV4503,PC-0078,Disconnect
{00000001D3CE-2713204D},2010-07-20 08:45:15,TTS7860,PC-0113,Connect
{00000001CDCA-3E4758E3},2010-07-20 08:49:58,LYE5717,PC-0069,Connect
{00000001D0B1-02B9AB2F},2010-07-20 08:57:31,OLN5687,PC-0088,Connect
{00000001CB11-020875C6},2010-07-20 09:08:44,JDE8246,PC-0052,Connect
{00000001E3CB-1B469461},2010-07-20 09:59:58,LYE5717,PC-0069,Disconnect
{00000001C3F8-1984078E},2010-07-20 10:00:41,ATM7194,PC-0003,Connect
{00000001E9CF-06022266},2010-07-20 10:02:15,TTS7860,PC-0113,Disconnect
{00000001E6B2-240D687E},2010-07-20 10:08:31,OLN5687,PC-0088,Disconnect
{00000001E112-240A5341},2010-07-20 10:08:44,JDE8246,PC-0052,Disconnect
{00000001C7E9-2CC1CEBB},2010-07-20 10:10:55,EHP1536,PC-0027,Connect
{00000001D5CC-33B7CD41},2010-07-20 10:13:18,USS4618,PC-0121,Connect
{00000001EBCD-20C43F87},2010-07-20 10:26:18,USS4618,PC-0121,Disconnect
{00000001D9F9-06B9F892},2010-07-20 10:33:41,ATM7194,PC-0003,Disconnect
{00000001C59A-05AEBACF},2010-07-20 10:57:49,CQZ8674,PC-0013,Connect
{00000001EF80-3A31B49D},2010-07-20 11:00:10,CQZ8674,PC-0013,Connect
{00000001DDEA-2F0384A6},2010-07-20 11:02:55,EHP1536,PC-0027,Disconnect
{00000001D7ED-32492638},2010-07-20 11:10:02,YDM6963,PC-0145,Connect
{00000001DB9B-05578DD5},2010-07-20 11:21:49,CQZ8674,PC-0013,Disconnect
{00000001F10A-07302503},2010-07-20 11:37:10,CQZ8674,PC-0013,Disconnect
{00000001EDEE-2138E9AE},2010-07-20 12:08:02,YDM6963,PC-0145,Disconnect
{00000001CB12-17CC6789},2010-07-20 12:21:36,JDE8246,PC-0052,Connect
{00000001E113-2CEE9A4A},2010-07-20 12:56:36,JDE8246,PC-0052,Disconnect
{00000001CD60-2CED93D0},2010-07-20 12:58:21,KYR0991,PC-0061,Connect
{00000001CCA7-26454BB7},2010-07-20 13:12:11,KIX3704,PC-0058,Connect
{00000001C4EE-24B59592},2010-07-20 13:12:33,COU3039,PC-0011,Connect
{00000001E361-185F0569},2010-07-20 13:20:21,KYR0991,PC-0061,Disconnect
{00000001DAEF-3A7C47E4},2010-07-20 13:23:33,COU3039,PC-0011,Disconnect
{00000001D119-3402DCC8},2010-07-20 13:38:40,OYC3975,PC-0091,Connect
{00000001C75F-339846E3},2010-07-20 13:43:05,DNM3159,PC-0019,Connect
{00000001D6AB-2A593BBF},2010-07-20 13:59:10,VNI5142,PC-0129,Connect
{00000001D86E-37A53F61},2010-07-20 14:05:49,YNX1016,PC-0148,Connect
{00000001E2A8-1147CA11},2010-07-20 14:12:11,KIX3704,PC-0058,Disconnect
{00000001E71A-3A3AF665},2010-07-20 14:17:40,OYC3975,PC-0091,Disconnect
{00000001DD60-2722C113},2010-07-20 14:21:05,DNM3159,PC-0019,Disconnect
{00000001D0B0-2347CEA8},2010-07-20 14:41:08,OLN5687,PC-0088,Connect
{00000001CAA3-10225AB2},2010-07-20 14:45:23,IVL8082,PC-0051,Connect
{00000001EE6F-20E15E1E},2010-07-20 14:49:49,YNX1016,PC-0148,Disconnect
{00000001C497-33B72D46},2010-07-20 14:51:14,AZE5960,PC-0006,Connect
{00000001E6B1-3BF8C83C},2010-07-20 14:57:08,OLN5687,PC-0088,Disconnect
{00000001D728-25CC641B},2010-07-20 15:03:51,WLH0216,PC-0135,Connect
{00000001CFD8-2D0FE479},2010-07-20 15:15:16,OET6830,PC-0086,Connect
{00000001DA98-02BC15EE},2010-07-20 15:16:14,AZE5960,PC-0006,Disconnect
{00000001ECAC-08EE529D},2010-07-20 15:17:10,VNI5142,PC-0129,Disconnect
{00000001ED29-374968E6},2010-07-20 15:17:51,WLH0216,PC-0135,Disconnect
{00000001E5D9-275DC3EB},2010-07-20 15:21:16,OET6830,PC-0086,Disconnect
{00000001C59B-3CC58AB7},2010-07-20 15:31:45,CQZ8674,PC-0013,Connect
{00000001DB9C-00AE8BD4},2010-07-20 15:36:45,CQZ8674,PC-0013,Disconnect
{00000001E0A4-153D985F},2010-07-20 15:53:23,IVL8082,PC-0051,Disconnect
{00000001CED3-238F4F33},2010-07-20 17:11:37,NRI9556,PC-0082,Connect
{00000001E4D4-1929A9DE},2010-07-20 17:24:37,NRI9556,PC-0082,Disconnect
{00000001D28A-09E2E724},2010-07-20 17:36:56,RUT1946,PC-0104,Connect
{00000001EF81-1C3E41ED},2010-07-20 17:39:31,CQZ8674,PC-0013,Connect
{00000001C717-3452A5AF},2010-07-20 17:41:56,DHG6594,PC-0016,Connect
{00000001CE8C-01BCE5AF},2010-07-20 17:49:22,NBM1814,PC-0077,Connect
{00000001F10B-1ACAE240},2010-07-20 18:18:31,CQZ8674,PC-0013,Disconnect
{00000001E88B-1D45F336},2010-07-20 18:19:56,RUT1946,PC-0104,Disconnect
{00000001E48D-0298625A},2010-07-20 18:25:22,NBM1814,PC-0077,Disconnect
{00000001DD18-2ABD014F},2010-07-20 18:48:56,DHG6594,PC-0016,Disconnect
{00000001F286-0F7147E8},2010-07-21 03:55:34,CQZ8674,PC-0013,Connect
{00000001F34F-22F99C93},2010-07-21 04:43:34,CQZ8674,PC-0013,Disconnect
{00000001F289-2A5A26FB},2010-07-21 06:10:03,CQZ8674,PC-0013,Connect
{00000001F352-0B088D99},2010-07-21 06:12:03,CQZ8674,PC-0013,Disconnect
{00000001EF82-170F8A7F},2010-07-21 07:34:19,CQZ8674,PC-0013,Connect
{00000001F10C-2B9A85E3},2010-07-21 07:47:19,CQZ8674,PC-0013,Disconnect
{00000001D0EA-3354DEE7},2010-07-21 08:01:11,OMU2669,PC-0089,Connect
{00000001D486-0E235970},2010-07-21 08:08:16,TWU8511,PC-0115,Connect
{00000001CE0D-3B7A3164},2010-07-21 08:27:18,MDR4757,PC-0071,Connect
{00000001EA87-34F96F23},2010-07-21 08:31:16,TWU8511,PC-0115,Disconnect
{00000001D775-1FFD9BB4},2010-07-21 08:36:37,XGF2493,PC-0139,Connect
{00000001E40E-3C875198},2010-07-21 08:42:18,MDR4757,PC-0071,Disconnect
{00000001D931-0C5C0948},2010-07-21 08:42:27,ZUI9718,PC-0157,Connect
{00000001C7EB-0F348548},2010-07-21 08:52:53,EHP1536,PC-0027,Connect
{00000001D776-1B7BF1EB},2010-07-21 08:56:34,XGF2493,PC-0139,Connect
{00000001ED76-0C197A2B},2010-07-21 09:09:37,XGF2493,PC-0139,Disconnect
{00000001EF84-29E839DD},2010-07-21 09:14:23,CQZ8674,PC-0013,Connect
{00000001CCA8-27211E50},2010-07-21 09:27:55,KIX3704,PC-0058,Connect
{00000001E6EB-1B479799},2010-07-21 09:29:11,OMU2669,PC-0089,Disconnect
{00000001D485-20244B22},2010-07-21 09:36:33,TWU8511,PC-0115,Connect
{00000001F10E-294B3667},2010-07-21 09:37:23,CQZ8674,PC-0013,Disconnect
{00000001CF97-32CF42CE},2010-07-21 09:41:39,OEM8566,PC-0085,Connect
{00000001C80D-273A4497},2010-07-21 09:48:23,ETS3545,PC-0029,Connect
{00000001E598-14DDCE58},2010-07-21 09:54:39,OEM8566,PC-0085,Disconnect
{00000001ED77-3F9051A1},2010-07-21 10:01:34,XGF2493,PC-0139,Disconnect
{00000001EF32-37516396},2010-07-21 10:02:27,ZUI9718,PC-0157,Disconnect
{00000001DDEC-2965654D},2010-07-21 10:12:53,EHP1536,PC-0027,Disconnect
{00000001D338-344E1E9A},2010-07-21 10:23:53,SDT4191,PC-0106,Connect
{00000001D1E9-0DCD3C46},2010-07-21 10:24:48,QSC3123,PC-0100,Connect
{00000001DE0E-28F3AC50},2010-07-21 10:33:23,ETS3545,PC-0029,Disconnect
{00000001C9C1-0D7D3012},2010-07-21 10:42:02,HVG7968,PC-0044,Connect
{00000001E7EA-2DBE31C5},2010-07-21 10:44:48,QSC3123,PC-0100,Disconnect
{00000001E2A9-27B2127E},2010-07-21 10:50:55,KIX3704,PC-0058,Disconnect
{00000001E939-39321390},2010-07-21 10:52:53,SDT4191,PC-0106,Disconnect
{00000001EA86-39DF19DC},2010-07-21 11:03:33,TWU8511,PC-0115,Disconnect
{00000001D729-115CCB91},2010-07-21 11:04:56,WLH0216,PC-0135,Connect
{00000001C7EA-21BD5FB1},2010-07-21 11:14:15,EHP1536,PC-0027,Connect
{00000001D2A8-0B8EFBDE},2010-07-21 11:19:18,SBF1746,PC-0105,Connect
{00000001DFC2-0F42F811},2010-07-21 11:37:02,HVG7968,PC-0044,Disconnect
{00000001ED2A-3F0D5227},2010-07-21 11:50:56,WLH0216,PC-0135,Disconnect
{00000001E8A9-20F8068E},2010-07-21 12:19:18,SBF1746,PC-0105,Disconnect
{00000001DDEB-1E80BA37},2010-07-21 12:21:15,EHP1536,PC-0027,Disconnect
{00000001C630-11350573},2010-07-21 12:42:16,CVC0519,PC-0015,Connect
{00000001D3DF-258B08D3},2010-07-21 14:00:52,TVL8047,PC-0114,Connect
{00000001CF72-39B3376F},2010-07-21 14:07:12,NRU3936,PC-0083,Connect
{00000001DC31-35537D97},2010-07-21 14:07:16,CVC0519,PC-0015,Disconnect
{00000001E573-170123C3},2010-07-21 14:13:12,NRU3936,PC-0083,Disconnect
{00000001D930-3518BFFD},2010-07-21 14:37:14,ZUI9718,PC-0157,Connect
{00000001E9E0-327640CF},2010-07-21 14:45:52,TVL8047,PC-0114,Disconnect
{00000001D6AC-26D30AF2},2010-07-21 15:02:49,VNI5142,PC-0129,Connect
{00000001ECAD-3164E847},2010-07-21 15:23:49,VNI5142,PC-0129,Disconnect
{00000001EF31-223DA729},2010-07-21 15:53:14,ZUI9718,PC-0157,Disconnect
{00000001D834-0C0ADBDE},2010-07-21 16:01:08,YIO5206,PC-0146,Connect
{00000001D853-31560F04},2010-07-21 16:03:04,YLE8326,PC-0147,Connect
{00000001C760-1790299B},2010-07-21 16:07:13,DNM3159,PC-0019,Connect
{00000001DD61-03079B7D},2010-07-21 16:09:13,DNM3159,PC-0019,Disconnect
{00000001D8CD-1163D023},2010-07-21 16:18:52,ZIF9528,PC-0154,Connect
{00000001EE35-0471AD02},2010-07-21 16:52:08,YIO5206,PC-0146,Disconnect
{00000001EE54-3B273B0E},2010-07-21 17:17:04,YLE8326,PC-0147,Disconnect
{00000001EECE-318F049C},2010-07-21 17:19:52,ZIF9528,PC-0154,Disconnect
{00000001EF83-1CB0EDA9},2010-07-21 17:50:59,CQZ8674,PC-0013,Connect
{00000001F10D-2D3BE377},2010-07-21 18:04:59,CQZ8674,PC-0013,Disconnect
{00000001F28A-142608D3},2010-07-21 18:53:35,CQZ8674,PC-0013,Connect
{00000001F288-1B383876},2010-07-21 19:20:26,CQZ8674,PC-0013,Connect
{00000001F351-33CDAD97},2010-07-21 19:41:26,CQZ8674,PC-0013,Disconnect
{00000001F287-3499E418},2010-07-21 20:01:24,CQZ8674,PC-0013,Connect
{00000001F353-14736F82},2010-07-21 20:18:35,CQZ8674,PC-0013,Disconnect
{00000001F350-067C685C},2010-07-21 20:32:24,CQZ8674,PC-0013,Disconnect
{00000001C8F2-2D9500D4},2010-07-22 07:36:11,GUG7168,PC-0037,Connect
{00000001C9C5-12930104},2010-07-22 07:44:27,HVG7968,PC-0044,Connect
{00000001EF85-0A2EFEED},2010-07-22 07:45:38,CQZ8674,PC-0013,Connect
{00000001DFC6-066A6DCD},2010-07-22 07:46:27,HVG7968,PC-0044,Disconnect
{00000001D0EB-37CEC664},2010-07-22 07:52:20,OMU2669,PC-0089,Connect
{00000001C7EC-162C9E99},2010-07-22 08:15:43,EHP1536,PC-0027,Connect
{00000001EF88-2C0B4FE0},2010-07-22 08:33:02,CQZ8674,PC-0013,Connect
{00000001DEF3-05062A56},2010-07-22 08:34:11,GUG7168,PC-0037,Disconnect
{00000001F10F-06544E45},2010-07-22 08:36:38,CQZ8674,PC-0013,Disconnect
{00000001DDED-07C14170},2010-07-22 08:40:43,EHP1536,PC-0027,Disconnect
{00000001CA0E-37BC72DA},2010-07-22 08:41:08,IAC0900,PC-0045,Connect
{00000001E6EC-1C84D96B},2010-07-22 08:44:20,OMU2669,PC-0089,Disconnect
{00000001D6AD-312BEB4E},2010-07-22 08:44:58,VNI5142,PC-0129,Connect
{00000001D4C7-0CBA402E},2010-07-22 08:55:02,UEH9251,PC-0117,Connect
{00000001E00F-266DB6D3},2010-07-22 09:13:08,IAC0900,PC-0045,Disconnect
{00000001D777-13CEEB9B},2010-07-22 09:15:38,XGF2493,PC-0139,Connect
{00000001C3F9-2310E39D},2010-07-22 09:17:07,ATM7194,PC-0003,Connect
{00000001ECAE-210338BC},2010-07-22 09:17:58,VNI5142,PC-0129,Disconnect
{00000001D89A-1E6BD00A},2010-07-22 09:25:48,YST5811,PC-0149,Connect
{00000001CF74-055A58F7},2010-07-22 09:29:48,NRU3936,PC-0083,Connect
{00000001F112-0E59AEB8},2010-07-22 09:34:02,CQZ8674,PC-0013,Disconnect
{00000001CD7B-115C6EBA},2010-07-22 09:37:14,LGT9691,PC-0063,Connect
{00000001EAC8-33EF9F2C},2010-07-22 09:44:02,UEH9251,PC-0117,Disconnect
{00000001D9FA-38BC2B56},2010-07-22 09:56:07,ATM7194,PC-0003,Disconnect
{00000001ED78-283417C6},2010-07-22 10:00:38,XGF2493,PC-0139,Disconnect
{00000001E575-0DD32133},2010-07-22 10:02:48,NRU3936,PC-0083,Disconnect
{00000001CF98-26C18987},2010-07-22 10:06:29,OEM8566,PC-0085,Connect
{00000001EE9B-1A1F8D15},2010-07-22 10:27:48,YST5811,PC-0149,Disconnect
{00000001E599-13647621},2010-07-22 10:35:29,OEM8566,PC-0085,Disconnect
{00000001E37C-36C83512},2010-07-22 10:59:14,LGT9691,PC-0063,Disconnect
{00000001D7EF-362E1CBE},2010-07-22 11:05:05,YDM6963,PC-0145,Connect
{00000001C3FA-34655128},2010-07-22 11:29:27,ATM7194,PC-0003,Connect
{00000001EDF0-3950A88C},2010-07-22 11:42:05,YDM6963,PC-0145,Disconnect
{00000001CCA9-3E857EDB},2010-07-22 12:01:03,KIX3704,PC-0058,Connect
{00000001D2A9-2F1AC1A5},2010-07-22 12:14:42,SBF1746,PC-0105,Connect
{00000001D0EC-2120D0DD},2010-07-22 12:26:16,OMU2669,PC-0089,Connect
{00000001EF89-2D77D325},2010-07-22 12:26:55,CQZ8674,PC-0013,Connect
{00000001D9FB-381A3084},2010-07-22 12:33:27,ATM7194,PC-0003,Disconnect
{00000001F113-11AE2448},2010-07-22 12:41:55,CQZ8674,PC-0013,Disconnect
{00000001E2AA-14A6499D},2010-07-22 12:45:03,KIX3704,PC-0058,Disconnect
{00000001C9C4-20D41DD6},2010-07-22 12:47:41,HVG7968,PC-0044,Connect
{00000001E8AA-23C482BB},2010-07-22 12:48:42,SBF1746,PC-0105,Disconnect
{00000001E6ED-1FC71DF7},2010-07-22 13:00:16,OMU2669,PC-0089,Disconnect
{00000001D6AE-30837CB5},2010-07-22 13:11:53,VNI5142,PC-0129,Connect
{00000001DFC5-19BF456C},2010-07-22 13:16:41,HVG7968,PC-0044,Disconnect
{00000001D3B6-2EC0871C},2010-07-22 13:28:34,SHV5792,PC-0108,Connect
{00000001ECAF-0EC0BC00},2010-07-22 13:32:53,VNI5142,PC-0129,Disconnect
{00000001D5FB-2CB03B90},2010-07-22 13:42:16,UUU6648,PC-0122,Connect
{00000001C59C-03BAC56D},2010-07-22 13:51:54,CQZ8674,PC-0013,Connect
{00000001D7EE-0B4BA0D2},2010-07-22 13:53:42,YDM6963,PC-0145,Connect
{00000001EF87-01C28CEF},2010-07-22 13:56:12,CQZ8674,PC-0013,Connect
{00000001D56D-10349E54},2010-07-22 13:59:18,UQK8227,PC-0120,Connect
{00000001E9B7-03350A0C},2010-07-22 14:02:34,SHV5792,PC-0108,Disconnect
{00000001D33A-0D0CACE5},2010-07-22 14:11:32,SDT4191,PC-0106,Connect
{00000001D339-359F4913},2010-07-22 14:16:07,SDT4191,PC-0106,Connect
{00000001F111-2EAF0C3B},2010-07-22 14:26:12,CQZ8674,PC-0013,Disconnect
{00000001EBFC-28DE83DB},2010-07-22 14:28:16,UUU6648,PC-0122,Disconnect
{00000001EDEF-05FD51AC},2010-07-22 14:28:42,YDM6963,PC-0145,Disconnect
{00000001E93B-2AA6E037},2010-07-22 14:34:32,SDT4191,PC-0106,Disconnect
{00000001CF73-1DEA32A5},2010-07-22 14:38:12,NRU3936,PC-0083,Connect
{00000001D7F0-0846EFEC},2010-07-22 14:41:35,YDM6963,PC-0145,Connect
{00000001EB6E-1A22CE0B},2010-07-22 14:56:18,UQK8227,PC-0120,Disconnect
{00000001DB9D-12691787},2010-07-22 15:16:54,CQZ8674,PC-0013,Disconnect
{00000001EDF1-3D560B26},2010-07-22 15:20:35,YDM6963,PC-0145,Disconnect
{00000001E574-198BA4E2},2010-07-22 15:22:12,NRU3936,PC-0083,Disconnect
{00000001C9C3-3E1DF853},2010-07-22 15:28:59,HVG7968,PC-0044,Connect
{00000001E93A-001F2B36},2010-07-22 15:30:07,SDT4191,PC-0106,Disconnect
{00000001D899-3D10FA90},2010-07-22 15:41:07,YST5811,PC-0149,Connect
{00000001D7F1-03E146AD},2010-07-22 15:42:08,YDM6963,PC-0145,Connect
{00000001C4EF-2F2C3D68},2010-07-22 15:50:00,COU3039,PC-0011,Connect
{00000001D163-2DD8909C},2010-07-22 16:00:14,QHQ5150,PC-0098,Connect
{00000001DFC4-375E5307},2010-07-22 16:04:59,HVG7968,PC-0044,Disconnect
{00000001E764-0E2D2E29},2010-07-22 16:21:14,QHQ5150,PC-0098,Disconnect
{00000001DAF0-13F9CA71},2010-07-22 16:37:00,COU3039,PC-0011,Disconnect
{00000001C9C2-159ACF44},2010-07-22 16:49:52,HVG7968,PC-0044,Connect
{00000001EDF2-0656D17B},2010-07-22 16:57:08,YDM6963,PC-0145,Disconnect
{00000001EE9A-1C8123C1},2010-07-22 16:58:07,YST5811,PC-0149,Disconnect
{00000001DFC3-1075EDF0},2010-07-22 16:59:52,HVG7968,PC-0044,Disconnect
{00000001C761-1987A28E},2010-07-22 17:02:49,DNM3159,PC-0019,Connect
{00000001C718-0F60F2AE},2010-07-22 17:20:15,DHG6594,PC-0016,Connect
{00000001D779-3A4B7D36},2010-07-22 17:32:57,XGF2493,PC-0139,Connect
{00000001D778-2DA6D67B},2010-07-22 17:49:07,XGF2493,PC-0139,Connect
{00000001EF86-3658E262},2010-07-22 17:55:37,CQZ8674,PC-0013,Connect
{00000001CB13-36EAF630},2010-07-22 17:56:47,JDE8246,PC-0052,Connect
{00000001DD19-0B607AB9},2010-07-22 18:24:15,DHG6594,PC-0016,Disconnect
{00000001DD62-1DE0ED60},2010-07-22 18:31:49,DNM3159,PC-0019,Disconnect
{00000001F110-0D5EEBB7},2010-07-22 18:32:37,CQZ8674,PC-0013,Disconnect
{00000001ED7A-0F55F690},2010-07-22 18:33:57,XGF2493,PC-0139,Disconnect
{00000001ED79-06C2C834},2010-07-22 18:52:07,XGF2493,PC-0139,Disconnect
{00000001F28C-148D7386},2010-07-22 19:18:54,CQZ8674,PC-0013,Connect
{00000001E114-19DC38E7},2010-07-22 19:21:47,JDE8246,PC-0052,Disconnect
{00000001F355-1878C8E3},2010-07-22 19:31:54,CQZ8674,PC-0013,Disconnect
{00000001F28B-1C832183},2010-07-22 20:34:13,CQZ8674,PC-0013,Connect
{00000001F354-0668FF01},2010-07-22 20:39:13,CQZ8674,PC-0013,Disconnect
{00000001D5CD-3E33A01F},2010-07-23 07:24:27,USS4618,PC-0121,Connect
{00000001CFD9-129585A4},2010-07-23 07:39:53,OET6830,PC-0086,Connect
{00000001E5DA-0D032D89},2010-07-23 07:50:53,OET6830,PC-0086,Disconnect
{00000001D124-13331B98},2010-07-23 08:07:46,PAJ4367,PC-0092,Connect
{00000001D4C8-3F957348},2010-07-23 08:14:19,UEH9251,PC-0117,Connect
{00000001E725-003D97AF},2010-07-23 08:22:46,PAJ4367,PC-0092,Disconnect
{00000001EAC9-252811FC},2010-07-23 08:23:19,UEH9251,PC-0117,Disconnect
{00000001EBCE-3FBD3E76},2010-07-23 08:34:27,USS4618,PC-0121,Disconnect
{00000001D0B3-075FC9D1},2010-07-23 08:50:01,OLN5687,PC-0088,Connect
{00000001D28B-1E7B7279},2010-07-23 09:01:39,RUT1946,PC-0104,Connect
{00000001C9C7-21CAC544},2010-07-23 09:01:54,HVG7968,PC-0044,Connect
{00000001CB14-04AFD4D1},2010-07-23 09:15:19,JDE8246,PC-0052,Connect
{00000001D33C-2E17AB4C},2010-07-23 09:19:32,SDT4191,PC-0106,Connect
{00000001D0B2-32A3D162},2010-07-23 09:24:29,OLN5687,PC-0088,Connect
{00000001E88C-3F41CB05},2010-07-23 09:31:39,RUT1946,PC-0104,Disconnect
{00000001E93D-26AFED44},2010-07-23 09:34:32,SDT4191,PC-0106,Disconnect
{00000001DFC8-238F7591},2010-07-23 09:42:54,HVG7968,PC-0044,Disconnect
{00000001C471-152E3C06},2010-07-23 09:46:19,AYY2409,PC-0005,Connect
{00000001E6B3-05041544},2010-07-23 09:52:29,OLN5687,PC-0088,Disconnect
{00000001D164-351CC050},2010-07-23 09:56:16,QHQ5150,PC-0098,Connect
{00000001EF8A-280E3195},2010-07-23 09:59:38,CQZ8674,PC-0013,Connect
{00000001E6B4-23588E55},2010-07-23 10:00:01,OLN5687,PC-0088,Disconnect
{00000001E765-128984B0},2010-07-23 10:06:16,QHQ5150,PC-0098,Disconnect
{00000001D932-1CAA00DF},2010-07-23 10:06:29,ZUI9718,PC-0157,Connect
{00000001CBE9-32D9C583},2010-07-23 10:11:10,JMM0438,PC-0053,Connect
{00000001E115-0032BE23},2010-07-23 10:33:19,JDE8246,PC-0052,Disconnect
{00000001F114-381B4794},2010-07-23 10:33:38,CQZ8674,PC-0013,Disconnect
{00000001D28D-2EFD490B},2010-07-23 10:36:12,RUT1946,PC-0104,Connect
{00000001EF33-0B3F0EA1},2010-07-23 10:47:29,ZUI9718,PC-0157,Disconnect
{00000001E1EA-319AE4BA},2010-07-23 10:54:10,JMM0438,PC-0053,Disconnect
{00000001DA72-14DBC5C2},2010-07-23 10:57:19,AYY2409,PC-0005,Disconnect
{00000001E88E-3B332D7E},2010-07-23 11:05:12,RUT1946,PC-0104,Disconnect
{00000001C3D1-1CD01BD0},2010-07-23 11:42:12,ADG1145,PC-0001,Connect
{00000001D3B7-24A7A60A},2010-07-23 11:46:08,SHV5792,PC-0108,Connect
{00000001D28C-1B40744F},2010-07-23 11:50:55,RUT1946,PC-0104,Connect
{00000001CD7C-2C7F1E6B},2010-07-23 11:51:49,LGT9691,PC-0063,Connect
{00000001E9B8-0FB6CEF0},2010-07-23 12:02:08,SHV5792,PC-0108,Disconnect
{00000001C9C6-3CC9C99E},2010-07-23 12:25:25,HVG7968,PC-0044,Connect
{00000001E37D-3BA1D589},2010-07-23 12:32:49,LGT9691,PC-0063,Disconnect
{00000001D933-3FCE2F82},2010-07-23 12:43:07,ZUI9718,PC-0157,Connect
{00000001D9D2-32075491},2010-07-23 13:06:12,ADG1145,PC-0001,Disconnect
{00000001D51E-05A359A1},2010-07-23 13:08:19,UKR6395,PC-0118,Connect
{00000001C59D-07FD7440},2010-07-23 13:11:19,CQZ8674,PC-0013,Connect
{00000001D570-338FA674},2010-07-23 13:11:56,UQK8227,PC-0120,Connect
{00000001E88D-23674F79},2010-07-23 13:12:55,RUT1946,PC-0104,Disconnect
{00000001D488-1DE0820E},2010-07-23 13:20:30,TWU8511,PC-0115,Connect
{00000001EF34-3221C6D7},2010-07-23 13:22:07,ZUI9718,PC-0157,Disconnect
{00000001D33B-2D4FEA92},2010-07-23 13:25:49,SDT4191,PC-0106,Connect
{00000001DFC7-03F96910},2010-07-23 13:27:25,HVG7968,PC-0044,Disconnect
{00000001CDCB-0BDDD431},2010-07-23 13:30:48,LYE5717,PC-0069,Connect
{00000001EA89-0CEA963B},2010-07-23 13:34:30,TWU8511,PC-0115,Disconnect
{00000001DB9E-0FE35A0E},2010-07-23 13:36:19,CQZ8674,PC-0013,Disconnect
{00000001D964-38EE4117},2010-07-23 13:54:23,ZWA2339,PC-0158,Connect
{00000001EB1F-025B17BF},2010-07-23 14:08:19,UKR6395,PC-0118,Disconnect
{00000001E3CC-3A043524},2010-07-23 14:14:48,LYE5717,PC-0069,Disconnect
{00000001E93C-1963C1FC},2010-07-23 14:14:49,SDT4191,PC-0106,Disconnect
{00000001EB71-0D8FA669},2010-07-23 14:15:56,UQK8227,PC-0120,Disconnect
{00000001EF65-3C2C037D},2010-07-23 14:28:23,ZWA2339,PC-0158,Disconnect
{00000001D1EA-13435004},2010-07-23 14:47:58,QSC3123,PC-0100,Connect
{00000001E7EB-1F4FD17C},2010-07-23 14:53:58,QSC3123,PC-0100,Disconnect
{00000001D6AF-22D487E4},2010-07-23 15:37:41,VNI5142,PC-0129,Connect
{00000001ECB0-382D6189},2010-07-23 15:39:41,VNI5142,PC-0129,Disconnect
{00000001D51F-31FE234D},2010-07-23 15:57:39,UKR6395,PC-0118,Connect
{00000001D8CE-02867E73},2010-07-23 15:59:38,ZIF9528,PC-0154,Connect
{00000001D487-2AA54947},2010-07-23 16:00:39,TWU8511,PC-0115,Connect
{00000001EECF-0C927483},2010-07-23 16:03:38,ZIF9528,PC-0154,Disconnect
{00000001EB20-0742FBCF},2010-07-23 16:18:39,UKR6395,PC-0118,Disconnect
{00000001D8CF-02FEAF62},2010-07-23 16:40:29,ZIF9528,PC-0154,Connect
{00000001EA88-1E90A452},2010-07-23 16:42:39,TWU8511,PC-0115,Disconnect
{00000001D56F-0911B089},2010-07-23 16:43:56,UQK8227,PC-0120,Connect
{00000001D51D-3101E98B},2010-07-23 16:50:39,UKR6395,PC-0118,Connect
{00000001EED0-019EA116},2010-07-23 17:02:29,ZIF9528,PC-0154,Disconnect
{00000001EB70-3D92FA50},2010-07-23 17:13:56,UQK8227,PC-0120,Disconnect
{00000001EB1E-152DFC0D},2010-07-23 17:19:39,UKR6395,PC-0118,Disconnect
{00000001CDCC-3F4074EA},2010-07-23 17:19:56,LYE5717,PC-0069,Connect
{00000001D56E-3D147F5B},2010-07-23 17:31:58,UQK8227,PC-0120,Connect
{00000001D854-017A167C},2010-07-23 17:34:15,YLE8326,PC-0147,Connect
{00000001EB6F-1278F74D},2010-07-23 17:58:58,UQK8227,PC-0120,Disconnect
{00000001E3CD-13B859F3},2010-07-23 18:43:56,LYE5717,PC-0069,Disconnect
{00000001EE55-2CE7E262},2010-07-23 18:51:15,YLE8326,PC-0147,Disconnect
{00000001F28D-33B99D6B},2010-07-23 19:07:57,CQZ8674,PC-0013,Connect
{00000001F356-0F7784CC},2010-07-23 19:16:57,CQZ8674,PC-0013,Disconnect
{00000001F28E-3C448C8A},2010-07-26 02:32:41,CQZ8674,PC-0013,Connect
{00000001F357-18A0FFCF},2010-07-26 02:44:41,CQZ8674,PC-0013,Disconnect
{00000001CBEA-088F579C},2010-07-26 07:32:20,JMM0438,PC-0053,Connect
{00000001D855-2C8C29F4},2010-07-26 07:37:59,YLE8326,PC-0147,Connect
{00000001D5FC-3A699F27},2010-07-26 08:25:30,UUU6648,PC-0122,Connect
{00000001D6B0-21C063F3},2010-07-26 08:28:35,VNI5142,PC-0129,Connect
{00000001E1EB-23069A40},2010-07-26 08:38:20,JMM0438,PC-0053,Disconnect
{00000001EE56-261C923F},2010-07-26 08:49:59,YLE8326,PC-0147,Disconnect
{00000001C59E-125A286B},2010-07-26 09:09:47,CQZ8674,PC-0013,Connect
{00000001C3D3-209AF644},2010-07-26 09:17:45,ADG1145,PC-0001,Connect
{00000001EBFD-240DF1E4},2010-07-26 09:18:30,UUU6648,PC-0122,Disconnect
{00000001EF8B-321C57BC},2010-07-26 09:21:21,CQZ8674,PC-0013,Connect
{00000001D9D4-2FE672D9},2010-07-26 09:26:45,ADG1145,PC-0001,Disconnect
{00000001ECB1-10E71338},2010-07-26 09:35:35,VNI5142,PC-0129,Disconnect
{00000001D489-3924C9A4},2010-07-26 09:53:23,TWU8511,PC-0115,Connect
{00000001DB9F-2D587EE6},2010-07-26 09:57:47,CQZ8674,PC-0013,Disconnect
{00000001F115-0A5DA96B},2010-07-26 10:49:21,CQZ8674,PC-0013,Disconnect
{00000001EA8A-25B4D082},2010-07-26 10:53:23,TWU8511,PC-0115,Disconnect
{00000001D0B6-0B656366},2010-07-26 11:05:33,OLN5687,PC-0088,Connect
{00000001CE8D-0B32A5A5},2010-07-26 11:09:01,NBM1814,PC-0077,Connect
{00000001E48E-04504953},2010-07-26 11:17:01,NBM1814,PC-0077,Disconnect
{00000001D3B9-25A8E8EF},2010-07-26 11:35:52,SHV5792,PC-0108,Connect
{00000001C472-0E9B4AE4},2010-07-26 11:37:26,AYY2409,PC-0005,Connect
{00000001D33E-1CB3B138},2010-07-26 12:02:16,SDT4191,PC-0106,Connect
{00000001E9BA-1BA913FD},2010-07-26 12:03:52,SHV5792,PC-0108,Disconnect
{00000001E6B7-313E711E},2010-07-26 12:06:33,OLN5687,PC-0088,Disconnect
{00000001C4F1-3120A0AD},2010-07-26 12:43:40,COU3039,PC-0011,Connect
{00000001DA73-14ADEDB2},2010-07-26 12:49:26,AYY2409,PC-0005,Disconnect
{00000001C762-397FE22B},2010-07-26 12:53:14,DNM3159,PC-0019,Connect
{00000001DAF2-37FDB220},2010-07-26 13:03:40,COU3039,PC-0011,Disconnect
{00000001E93F-1D1257A2},2010-07-26 13:04:16,SDT4191,PC-0106,Disconnect
{00000001CCAA-370457B8},2010-07-26 13:14:21,KIX3704,PC-0058,Connect
{00000001D0B4-2515E0E8},2010-07-26 13:17:33,OLN5687,PC-0088,Connect
{00000001D3B8-33616CE2},2010-07-26 13:23:25,SHV5792,PC-0108,Connect
{00000001C3D2-3C77E224},2010-07-26 13:25:03,ADG1145,PC-0001,Connect
{00000001DD63-34B6F609},2010-07-26 13:34:14,DNM3159,PC-0019,Disconnect
{00000001E9B9-1EC580F1},2010-07-26 13:40:25,SHV5792,PC-0108,Disconnect
{00000001E6B5-3C6989CA},2010-07-26 13:40:33,OLN5687,PC-0088,Disconnect
{00000001EF8D-1A1EE9D2},2010-07-26 13:42:20,CQZ8674,PC-0013,Connect
{00000001E2AB-023A392E},2010-07-26 13:48:21,KIX3704,PC-0058,Disconnect
{00000001C4F0-07AB9034},2010-07-26 14:19:53,COU3039,PC-0011,Connect
{00000001D9D3-0BFBE584},2010-07-26 14:32:03,ADG1145,PC-0001,Disconnect
{00000001D856-06FD7081},2010-07-26 14:52:29,YLE8326,PC-0147,Connect
{00000001EE57-04C406F7},2010-07-26 15:04:29,YLE8326,PC-0147,Disconnect
{00000001F117-1E1D76DF},2010-07-26 15:09:20,CQZ8674,PC-0013,Disconnect
{00000001DAF1-317F9D8A},2010-07-26 15:31:53,COU3039,PC-0011,Disconnect
{00000001C631-153BA563},2010-07-26 15:56:22,CVC0519,PC-0015,Connect
{00000001D33D-3BD6C0E4},2010-07-26 15:56:56,SDT4191,PC-0106,Connect
{00000001EF8E-3A661968},2010-07-26 16:07:49,CQZ8674,PC-0013,Connect
{00000001EFC8-3B8FC105},2010-07-26 16:11:46,OQO5535,PC-0090,Connect
{00000001C498-2A85F6EC},2010-07-26 16:24:17,AZE5960,PC-0006,Connect
{00000001D0B5-25655BDF},2010-07-26 16:32:41,OLN5687,PC-0088,Connect
{00000001D3E0-16AC43C9},2010-07-26 16:34:15,TVL8047,PC-0114,Connect
{00000001D8D0-042145F3},2010-07-26 16:44:16,ZIF9528,PC-0154,Connect
{00000001E93E-3C12DDD7},2010-07-26 16:45:56,SDT4191,PC-0106,Disconnect
{00000001D28E-08EBE2E3},2010-07-26 16:47:01,RUT1946,PC-0104,Connect
{00000001CE0E-03971213},2010-07-26 16:49:21,MDR4757,PC-0071,Connect
{00000001D77A-1A0A6FD1},2010-07-26 16:54:33,XGF2493,PC-0139,Connect
{00000001DC32-11E7FFA4},2010-07-26 16:59:22,CVC0519,PC-0015,Disconnect
{00000001F118-123DEB5D},2010-07-26 17:02:49,CQZ8674,PC-0013,Disconnect
{00000001F152-24FBE523},2010-07-26 17:03:46,OQO5535,PC-0090,Disconnect
{00000001DA99-352461CB},2010-07-26 17:07:17,AZE5960,PC-0006,Disconnect
{00000001E6B6-18929738},2010-07-26 17:19:41,OLN5687,PC-0088,Disconnect
{00000001E88F-36AD8CCE},2010-07-26 17:25:01,RUT1946,PC-0104,Disconnect
{00000001E9E1-1A2C6F2C},2010-07-26 17:26:15,TVL8047,PC-0114,Disconnect
{00000001E40F-117A75B3},2010-07-26 17:30:21,MDR4757,PC-0071,Disconnect
{00000001ED7B-1F09744A},2010-07-26 17:35:33,XGF2493,PC-0139,Disconnect
{00000001EED1-1F129FE9},2010-07-26 17:36:16,ZIF9528,PC-0154,Disconnect
{00000001EF8C-3BECE508},2010-07-26 17:42:33,CQZ8674,PC-0013,Connect
{00000001C7ED-2987C455},2010-07-26 17:44:50,EHP1536,PC-0027,Connect
{00000001CB15-3018765C},2010-07-26 17:46:48,JDE8246,PC-0052,Connect
{00000001C719-2A4D481B},2010-07-26 17:47:30,DHG6594,PC-0016,Connect
{00000001E116-39ED786E},2010-07-26 17:53:48,JDE8246,PC-0052,Disconnect
{00000001DD1A-233C031A},2010-07-26 18:26:30,DHG6594,PC-0016,Disconnect
{00000001F116-134D63F8},2010-07-26 18:33:33,CQZ8674,PC-0013,Disconnect
{00000001DDEE-2EA047B3},2010-07-26 18:54:50,EHP1536,PC-0027,Disconnect
{00000001CCAF-2A6A027C},2010-07-27 07:12:51,KIX3704,PC-0058,Connect
{00000001CF75-3A598C8F},2010-07-27 07:22:44,NRU3936,PC-0083,Connect
{00000001CB16-26FC6504},2010-07-27 07:23:47,JDE8246,PC-0052,Connect
{00000001E2B0-2160664C},2010-07-27 07:42:51,KIX3704,PC-0058,Disconnect
{00000001E576-03ABCB0A},2010-07-27 07:51:44,NRU3936,PC-0083,Disconnect
{00000001E117-0754F03A},2010-07-27 08:00:47,JDE8246,PC-0052,Disconnect
{00000001D6B1-0B8645CB},2010-07-27 08:18:15,VNI5142,PC-0129,Connect
{00000001C9C8-21DE4CAD},2010-07-27 08:23:27,HVG7968,PC-0044,Connect
{00000001CCAE-3C40BE6F},2010-07-27 08:33:53,KIX3704,PC-0058,Connect
{00000001D521-3E672246},2010-07-27 08:35:29,UKR6395,PC-0118,Connect
{00000001CCAC-2093FCC5},2010-07-27 08:41:43,KIX3704,PC-0058,Connect
{00000001ECB2-3A379CEC},2010-07-27 08:49:15,VNI5142,PC-0129,Disconnect
{00000001D835-24711A09},2010-07-27 08:49:37,YIO5206,PC-0146,Connect
{00000001E2AF-05179E62},2010-07-27 08:50:53,KIX3704,PC-0058,Disconnect
{00000001E2AD-1BFEAEC0},2010-07-27 08:52:43,KIX3704,PC-0058,Disconnect
{00000001DFC9-054607AA},2010-07-27 08:57:27,HVG7968,PC-0044,Disconnect
{00000001C4F2-145A6A8B},2010-07-27 08:58:43,COU3039,PC-0011,Connect
{00000001C475-1D9CDB85},2010-07-27 08:59:35,AYY2409,PC-0005,Connect
{00000001EB22-310D9610},2010-07-27 09:01:29,UKR6395,PC-0118,Disconnect
{00000001EF90-083D0EC4},2010-07-27 09:02:33,CQZ8674,PC-0013,Connect
{00000001DAF3-1C82820C},2010-07-27 09:05:43,COU3039,PC-0011,Disconnect
{00000001DA76-26175E4F},2010-07-27 09:13:35,AYY2409,PC-0005,Disconnect
{00000001CE5B-131A03F2},2010-07-27 09:19:31,MSH7807,PC-0075,Connect
{00000001D48A-33F56EA6},2010-07-27 09:32:08,TWU8511,PC-0115,Connect
{00000001F11A-112A0D99},2010-07-27 09:34:33,CQZ8674,PC-0013,Disconnect
{00000001EE36-103584B6},2010-07-27 09:52:37,YIO5206,PC-0146,Disconnect
{00000001EA8B-20769A53},2010-07-27 09:53:08,TWU8511,PC-0115,Disconnect
{00000001CBEB-3194F333},2010-07-27 10:06:25,JMM0438,PC-0053,Connect
{00000001CA0F-3303DF1D},2010-07-27 10:19:22,IAC0900,PC-0045,Connect
{00000001E45C-35D10642},2010-07-27 10:21:31,MSH7807,PC-0075,Disconnect
{00000001D522-2E0489E9},2010-07-27 10:43:24,UKR6395,PC-0118,Connect
{00000001E010-0804E210},2010-07-27 10:49:22,IAC0900,PC-0045,Disconnect
{00000001D7F2-2C882875},2010-07-27 11:11:23,YDM6963,PC-0145,Connect
{00000001E1EC-359CA0F7},2010-07-27 11:12:25,JMM0438,PC-0053,Disconnect
{00000001EDF3-3F003A9D},2010-07-27 11:17:23,YDM6963,PC-0145,Disconnect
{00000001D7F3-1153EA07},2010-07-27 11:42:56,YDM6963,PC-0145,Connect
{00000001EB23-2FF613A4},2010-07-27 11:52:24,UKR6395,PC-0118,Disconnect
{00000001C59F-2A172C84},2010-07-27 11:59:28,CQZ8674,PC-0013,Connect
{00000001CCAB-39644339},2010-07-27 12:03:04,KIX3704,PC-0058,Connect
{00000001E2AC-1612F8D8},2010-07-27 12:13:04,KIX3704,PC-0058,Disconnect
{00000001D5FD-26F4B0DC},2010-07-27 12:18:46,UUU6648,PC-0122,Connect
{00000001D520-28D71F48},2010-07-27 12:35:35,UKR6395,PC-0118,Connect
{00000001CED4-25015B84},2010-07-27 12:54:01,NRI9556,PC-0082,Connect
{00000001EB21-13FC67F1},2010-07-27 12:54:35,UKR6395,PC-0118,Disconnect
{00000001D77B-3C5FB112},2010-07-27 12:55:34,XGF2493,PC-0139,Connect
{00000001EDF4-172EAFA1},2010-07-27 12:59:56,YDM6963,PC-0145,Disconnect
{00000001C632-04EB9959},2010-07-27 13:01:32,CVC0519,PC-0015,Connect
{00000001C474-31C54EB7},2010-07-27 13:06:08,AYY2409,PC-0005,Connect
{00000001EF8F-3F4B3530},2010-07-27 13:08:09,CQZ8674,PC-0013,Connect
{00000001DBA0-2F3C92F7},2010-07-27 13:13:28,CQZ8674,PC-0013,Disconnect
{00000001EBFE-3F14609A},2010-07-27 13:34:46,UUU6648,PC-0122,Disconnect
{00000001DC33-20EEFB85},2010-07-27 13:52:32,CVC0519,PC-0015,Disconnect
{00000001CCAD-3B0DD9A2},2010-07-27 13:52:36,KIX3704,PC-0058,Connect
{00000001E4D5-1A55AD06},2010-07-27 13:54:01,NRI9556,PC-0082,Disconnect
{00000001F119-3EE9C7F1},2010-07-27 13:54:09,CQZ8674,PC-0013,Disconnect
{00000001ED7C-37FEC359},2010-07-27 14:07:34,XGF2493,PC-0139,Disconnect
{00000001D77C-0250A102},2010-07-27 14:10:12,XGF2493,PC-0139,Connect
{00000001DA75-05197C53},2010-07-27 14:21:08,AYY2409,PC-0005,Disconnect
{00000001C763-3C31D2ED},2010-07-27 14:38:42,DNM3159,PC-0019,Connect
{00000001D165-2E6CB91F},2010-07-27 14:40:27,QHQ5150,PC-0098,Connect
{00000001E2AE-204A8664},2010-07-27 14:40:36,KIX3704,PC-0058,Disconnect
{00000001C473-30B9EF0E},2010-07-27 14:50:15,AYY2409,PC-0005,Connect
{00000001D3BA-07DF14D8},2010-07-27 14:57:51,SHV5792,PC-0108,Connect
{00000001DA74-061A3893},2010-07-27 15:06:15,AYY2409,PC-0005,Disconnect
{00000001E766-362295F9},2010-07-27 15:06:27,QHQ5150,PC-0098,Disconnect
{00000001ED7D-15E35C76},2010-07-27 15:08:12,XGF2493,PC-0139,Disconnect
{00000001DD64-1756352D},2010-07-27 15:16:42,DNM3159,PC-0019,Disconnect
{00000001E9BB-31381450},2010-07-27 15:17:51,SHV5792,PC-0108,Disconnect
{00000001C8CA-00B7D5B6},2010-07-27 15:18:11,GRQ1397,PC-0036,Connect
{00000001C9C9-21F3D56C},2010-07-27 15:46:07,HVG7968,PC-0044,Connect
{00000001D3BB-094D6C98},2010-07-27 15:46:17,SHV5792,PC-0108,Connect
{00000001DECB-23231313},2010-07-27 15:49:11,GRQ1397,PC-0036,Disconnect
{00000001C8CB-08D45239},2010-07-27 16:06:04,GRQ1397,PC-0036,Connect
{00000001E9BC-386657D4},2010-07-27 16:18:17,SHV5792,PC-0108,Disconnect
{00000001D0F1-0CA62C5B},2010-07-27 16:23:04,OQO5535,PC-0090,Connect
{00000001DFCA-24F7931C},2010-07-27 16:30:07,HVG7968,PC-0044,Disconnect
{00000001CD9A-1E143A55},2010-07-27 16:47:33,LRR4710,PC-0067,Connect
{00000001E6F2-2B7B66C7},2010-07-27 17:04:04,OQO5535,PC-0090,Disconnect
{00000001C840-33002890},2010-07-27 17:10:32,FCN9756,PC-0031,Connect
{00000001DECC-28C05ED5},2010-07-27 17:20:04,GRQ1397,PC-0036,Disconnect
{00000001CFDA-09C544C0},2010-07-27 17:22:32,OET6830,PC-0086,Connect
{00000001D166-0E304131},2010-07-27 17:28:08,QHQ5150,PC-0098,Connect
{00000001E767-077D4767},2010-07-27 17:39:08,QHQ5150,PC-0098,Disconnect
{00000001EF91-1DCCC910},2010-07-27 17:41:39,CQZ8674,PC-0013,Connect
{00000001DE41-102379AB},2010-07-27 17:54:32,FCN9756,PC-0031,Disconnect
{00000001D6B2-30F073AD},2010-07-27 17:56:58,VNI5142,PC-0129,Connect
{00000001E39B-30A13D66},2010-07-27 18:07:33,LRR4710,PC-0067,Disconnect
{00000001E5DB-249DD3E8},2010-07-27 18:42:32,OET6830,PC-0086,Disconnect
{00000001F11B-34BE57C0},2010-07-27 18:42:39,CQZ8674,PC-0013,Disconnect
{00000001ECB3-180211A6},2010-07-27 19:16:58,VNI5142,PC-0129,Disconnect
{00000001F290-1CB529C3},2010-07-27 20:41:09,CQZ8674,PC-0013,Connect
{00000001F28F-2F652237},2010-07-27 21:22:07,CQZ8674,PC-0013,Connect
{00000001F358-3F6DD7E4},2010-07-27 21:43:07,CQZ8674,PC-0013,Disconnect
{00000001F359-3843663F},2010-07-27 21:46:09,CQZ8674,PC-0013,Disconnect
{00000001F292-09E005D2},2010-07-28 00:25:46,CQZ8674,PC-0013,Connect
{00000001F35B-35F2801C},2010-07-28 01:34:46,CQZ8674,PC-0013,Disconnect
{00000001D1EB-1C85FF7A},2010-07-28 07:04:30,QSC3123,PC-0100,Connect
{00000001D5CF-289FF540},2010-07-28 07:21:53,USS4618,PC-0121,Connect
{00000001E7EC-29FBBD90},2010-07-28 07:43:30,QSC3123,PC-0100,Disconnect
{00000001D0B7-25DE97E5},2010-07-28 07:45:52,OLN5687,PC-0088,Connect
{00000001D11A-010FEA85},2010-07-28 07:50:14,OYC3975,PC-0091,Connect
{00000001E6B8-0FBF8C6F},2010-07-28 08:03:52,OLN5687,PC-0088,Disconnect
{00000001EBD0-27FD4F1A},2010-07-28 08:04:53,USS4618,PC-0121,Disconnect
{00000001C7EE-22DD0CAD},2010-07-28 08:05:22,EHP1536,PC-0027,Connect
{00000001D167-1559DDF0},2010-07-28 08:14:26,QHQ5150,PC-0098,Connect
{00000001DDEF-38414A79},2010-07-28 08:31:22,EHP1536,PC-0027,Disconnect
{00000001CEC0-01F45330},2010-07-28 08:54:21,NJT3274,PC-0081,Connect
{00000001EF94-1FD6DBFF},2010-07-28 08:57:42,CQZ8674,PC-0013,Connect
{00000001E71B-2DAF68A4},2010-07-28 08:58:14,OYC3975,PC-0091,Disconnect
{00000001E4C1-1217F831},2010-07-28 09:24:21,NJT3274,PC-0081,Disconnect
{00000001E768-3423B15C},2010-07-28 09:26:26,QHQ5150,PC-0098,Disconnect
{00000001CF76-311FCA99},2010-07-28 09:49:00,NRU3936,PC-0083,Connect
{00000001F11E-03632BCF},2010-07-28 10:16:42,CQZ8674,PC-0013,Disconnect
{00000001CCB1-1C74F5C7},2010-07-28 10:16:49,KIX3704,PC-0058,Connect
{00000001D5CE-2FEE756E},2010-07-28 10:20:13,USS4618,PC-0121,Connect
{00000001EBCF-039441A5},2010-07-28 11:01:13,USS4618,PC-0121,Disconnect
{00000001C8CC-10ECFC2F},2010-07-28 11:03:25,GRQ1397,PC-0036,Connect
{00000001E2B2-1EC33C9D},2010-07-28 11:05:49,KIX3704,PC-0058,Disconnect
{00000001E577-17045FE7},2010-07-28 11:17:00,NRU3936,PC-0083,Disconnect
{00000001EFCA-10C5C174},2010-07-28 11:26:53,OQO5535,PC-0090,Connect
{00000001D6C6-380C11A1},2010-07-28 11:32:58,VVU9026,PC-0130,Connect
{00000001DECD-3E342931},2010-07-28 12:12:25,GRQ1397,PC-0036,Disconnect
{00000001D6C7-3E491C06},2010-07-28 12:23:30,VVU9026,PC-0130,Connect
{00000001D7F4-05B89C42},2010-07-28 12:30:05,YDM6963,PC-0145,Connect
{00000001C4F3-0C0EBD51},2010-07-28 12:39:52,COU3039,PC-0011,Connect
{00000001F154-3019241E},2010-07-28 12:42:53,OQO5535,PC-0090,Disconnect
{00000001DAF4-234B3046},2010-07-28 12:54:52,COU3039,PC-0011,Disconnect
{00000001ECC8-1D271247},2010-07-28 12:57:30,VVU9026,PC-0130,Disconnect
{00000001ECC7-08590A7E},2010-07-28 12:57:58,VVU9026,PC-0130,Disconnect
{00000001CB17-0ED971EC},2010-07-28 13:20:58,JDE8246,PC-0052,Connect
{00000001D1FF-2F02F6D3},2010-07-28 13:26:46,RLI6273,PC-0103,Connect
{00000001E118-3806BEE2},2010-07-28 13:29:58,JDE8246,PC-0052,Disconnect
{00000001EDF5-003D4941},2010-07-28 13:40:05,YDM6963,PC-0145,Disconnect
{00000001EFC9-3FADA518},2010-07-28 13:40:43,OQO5535,PC-0090,Connect
{00000001CDCD-3C4A8BDF},2010-07-28 13:53:10,LYE5717,PC-0069,Connect
{00000001D0B8-278EFFB0},2010-07-28 13:53:11,OLN5687,PC-0088,Connect
{00000001E800-2260E381},2010-07-28 14:01:46,RLI6273,PC-0103,Disconnect
{00000001E6B9-02FFC8F6},2010-07-28 14:36:11,OLN5687,PC-0088,Disconnect
{00000001F153-322AF1B7},2010-07-28 14:38:43,OQO5535,PC-0090,Disconnect
{00000001E3CE-3928EF8A},2010-07-28 14:44:10,LYE5717,PC-0069,Disconnect
{00000001C5A0-0F84B2AF},2010-07-28 14:45:36,CQZ8674,PC-0013,Connect
{00000001DBA1-1BA99A84},2010-07-28 15:09:36,CQZ8674,PC-0013,Disconnect
{00000001EF93-085214D4},2010-07-28 15:12:54,CQZ8674,PC-0013,Connect
{00000001F11D-1818AA9C},2010-07-28 16:05:54,CQZ8674,PC-0013,Disconnect
{00000001D8D1-0D2A9799},2010-07-28 16:43:19,ZIF9528,PC-0154,Connect
{00000001EED2-375226D3},2010-07-28 17:01:19,ZIF9528,PC-0154,Disconnect
{00000001EF92-11E13767},2010-07-28 17:10:30,CQZ8674,PC-0013,Connect
{00000001C633-3BB301C3},2010-07-28 17:16:05,CVC0519,PC-0015,Connect
{00000001DC34-195764F0},2010-07-28 17:21:05,CVC0519,PC-0015,Disconnect
{00000001D934-38261B3B},2010-07-28 17:40:51,ZUI9718,PC-0157,Connect
{00000001D1EC-0C082359},2010-07-28 17:41:23,QSC3123,PC-0100,Connect
{00000001D523-134837D7},2010-07-28 17:54:28,UKR6395,PC-0118,Connect
{00000001CCB0-1F3D456D},2010-07-28 17:55:37,KIX3704,PC-0058,Connect
{00000001D6B3-2ADF9371},2010-07-28 17:58:35,VNI5142,PC-0129,Connect
{00000001E7ED-18BD9077},2010-07-28 18:11:23,QSC3123,PC-0100,Disconnect
{00000001EB24-39B947F7},2010-07-28 18:11:28,UKR6395,PC-0118,Disconnect
{00000001EF35-1A80F167},2010-07-28 18:12:51,ZUI9718,PC-0157,Disconnect
{00000001E2B1-05CE1ADB},2010-07-28 18:19:37,KIX3704,PC-0058,Disconnect
{00000001ECB4-03853AC1},2010-07-28 18:22:35,VNI5142,PC-0129,Disconnect
{00000001F11C-0D6C1890},2010-07-28 18:33:30,CQZ8674,PC-0013,Disconnect
{00000001F291-3E88A2A3},2010-07-28 18:36:50,CQZ8674,PC-0013,Connect
{00000001F35A-2C04B1D8},2010-07-28 19:17:50,CQZ8674,PC-0013,Disconnect
{00000001F293-03F1A0FD},2010-07-28 19:47:45,CQZ8674,PC-0013,Connect
{00000001F35C-26A062AE},2010-07-28 20:06:45,CQZ8674,PC-0013,Disconnect
{00000001F294-12AC1D37},2010-07-29 05:52:32,CQZ8674,PC-0013,Connect
{00000001D4CA-222F130F},2010-07-29 07:01:05,UEH9251,PC-0117,Connect
{00000001F35D-0906B644},2010-07-29 07:04:32,CQZ8674,PC-0013,Disconnect
{00000001CE8E-0D6DFE9A},2010-07-29 07:08:57,NBM1814,PC-0077,Connect
{00000001CCB2-364149D6},2010-07-29 07:17:17,KIX3704,PC-0058,Connect
{00000001C634-0D56C906},2010-07-29 07:22:22,CVC0519,PC-0015,Connect
{00000001E48F-1365D59A},2010-07-29 07:43:57,NBM1814,PC-0077,Disconnect
{00000001DC35-23CE1496},2010-07-29 07:54:22,CVC0519,PC-0015,Disconnect
{00000001EACB-0DA867B5},2010-07-29 08:04:05,UEH9251,PC-0117,Disconnect
{00000001E2B3-13B4E10F},2010-07-29 08:11:17,KIX3704,PC-0058,Disconnect
{00000001C9CA-38E9B945},2010-07-29 08:28:17,HVG7968,PC-0044,Connect
{00000001EF96-2F272D37},2010-07-29 08:28:58,CQZ8674,PC-0013,Connect
{00000001F120-3CFBEEAD},2010-07-29 08:45:58,CQZ8674,PC-0013,Disconnect
{00000001CBEC-2F932EE2},2010-07-29 08:48:58,JMM0438,PC-0053,Connect
{00000001D77D-38F3B22B},2010-07-29 08:54:20,XGF2493,PC-0139,Connect
{00000001DFCB-1800C69A},2010-07-29 08:55:17,HVG7968,PC-0044,Disconnect
{00000001D48B-03C6D3C8},2010-07-29 09:02:07,TWU8511,PC-0115,Connect
{00000001C5AF-06D84940},2010-07-29 09:28:06,CUR4388,PC-0014,Connect
{00000001EA8C-0CA5BF0B},2010-07-29 09:28:07,TWU8511,PC-0115,Disconnect
{00000001CE36-1C8A7AF5},2010-07-29 09:28:52,MGI5307,PC-0072,Connect
{00000001EF97-19A602CB},2010-07-29 09:29:47,CQZ8674,PC-0013,Connect
{00000001ED7E-1A1B2E88},2010-07-29 09:38:20,XGF2493,PC-0139,Disconnect
{00000001D935-09AB2097},2010-07-29 09:49:04,ZUI9718,PC-0157,Connect
{00000001EF36-08E89345},2010-07-29 09:57:04,ZUI9718,PC-0157,Disconnect
{00000001CF99-0A979877},2010-07-29 10:00:16,OEM8566,PC-0085,Connect
{00000001E1ED-00B7C361},2010-07-29 10:05:58,JMM0438,PC-0053,Disconnect
{00000001DBB0-06018BF1},2010-07-29 10:16:06,CUR4388,PC-0014,Disconnect
{00000001D4C9-0443BCDC},2010-07-29 10:21:42,UEH9251,PC-0117,Connect
{00000001E437-2DD0C609},2010-07-29 10:29:52,MGI5307,PC-0072,Disconnect
{00000001F121-1EEB936C},2010-07-29 10:39:47,CQZ8674,PC-0013,Disconnect
{00000001EFCB-0C577F5D},2010-07-29 10:43:48,OQO5535,PC-0090,Connect
{00000001EACA-03645514},2010-07-29 11:08:42,UEH9251,PC-0117,Disconnect
{00000001EF95-194FC5B4},2010-07-29 11:14:03,CQZ8674,PC-0013,Connect
{00000001F155-0E63E7A3},2010-07-29 11:25:48,OQO5535,PC-0090,Disconnect
{00000001E59A-1EC3975B},2010-07-29 11:27:16,OEM8566,PC-0085,Disconnect
{00000001F11F-2AABB10F},2010-07-29 12:10:03,CQZ8674,PC-0013,Disconnect
{00000001CBEE-20E659DB},2010-07-29 12:29:19,JMM0438,PC-0053,Connect
{00000001CD61-39BDEB2A},2010-07-29 13:02:23,KYR0991,PC-0061,Connect
{00000001C418-281F0DF6},2010-07-29 13:07:35,AUI6616,PC-0004,Connect
{00000001E362-287E62D9},2010-07-29 13:09:23,KYR0991,PC-0061,Disconnect
{00000001EF9A-365E6227},2010-07-29 13:31:46,CQZ8674,PC-0013,Connect
{00000001E1EF-0EA3BF40},2010-07-29 13:37:19,JMM0438,PC-0053,Disconnect
{00000001C636-135B18DA},2010-07-29 13:43:48,CVC0519,PC-0015,Connect
{00000001D572-39F645EC},2010-07-29 13:52:06,UQK8227,PC-0120,Connect
{00000001D200-3687411A},2010-07-29 13:52:35,RLI6273,PC-0103,Connect
{00000001EF99-21796DA8},2010-07-29 14:01:24,CQZ8674,PC-0013,Connect
{00000001F123-3742378A},2010-07-29 14:08:24,CQZ8674,PC-0013,Disconnect
{00000001D6B4-1E756C2C},2010-07-29 14:14:11,VNI5142,PC-0129,Connect
{00000001CD62-07FB1360},2010-07-29 14:21:11,KYR0991,PC-0061,Connect
{00000001EB73-0224953B},2010-07-29 14:22:06,UQK8227,PC-0120,Disconnect
{00000001DA19-39A00993},2010-07-29 14:27:35,AUI6616,PC-0004,Disconnect
{00000001CAA4-1B6F1CD2},2010-07-29 14:36:02,IVL8082,PC-0051,Connect
{00000001CBED-247AB7C6},2010-07-29 14:39:45,JMM0438,PC-0053,Connect
{00000001F124-226C2584},2010-07-29 14:47:46,CQZ8674,PC-0013,Disconnect
{00000001E801-02D6F403},2010-07-29 14:48:35,RLI6273,PC-0103,Disconnect
{00000001C637-06DBCD2E},2010-07-29 15:04:15,CVC0519,PC-0015,Connect
{00000001E363-3358E10B},2010-07-29 15:05:11,KYR0991,PC-0061,Disconnect
{00000001DC37-1C7F26B6},2010-07-29 15:09:48,CVC0519,PC-0015,Disconnect
{00000001C4F4-1A90C593},2010-07-29 15:09:51,COU3039,PC-0011,Connect
{00000001ECB5-0490ED22},2010-07-29 15:10:11,VNI5142,PC-0129,Disconnect
{00000001D571-26365578},2010-07-29 15:12:53,UQK8227,PC-0120,Connect
{00000001D1ED-02D4E2F7},2010-07-29 15:16:22,QSC3123,PC-0100,Connect
{00000001E7EE-15FB43A2},2010-07-29 15:19:22,QSC3123,PC-0100,Disconnect
{00000001E0A5-1ACEDF8B},2010-07-29 15:21:02,IVL8082,PC-0051,Disconnect
{00000001E1EE-1992AC6B},2010-07-29 15:22:45,JMM0438,PC-0053,Disconnect
{00000001D524-1CDC2E7C},2010-07-29 15:23:50,UKR6395,PC-0118,Connect
{00000001DC38-048D96B0},2010-07-29 15:24:15,CVC0519,PC-0015,Disconnect
{00000001EB72-11CFB37E},2010-07-29 15:28:53,UQK8227,PC-0120,Disconnect
{00000001EB25-28CEE866},2010-07-29 15:41:50,UKR6395,PC-0118,Disconnect
{00000001DAF5-2C4873A5},2010-07-29 15:53:51,COU3039,PC-0011,Disconnect
{00000001CEC1-244066BD},2010-07-29 16:18:07,NJT3274,PC-0081,Connect
{00000001C5A1-32D8C202},2010-07-29 16:26:50,CQZ8674,PC-0013,Connect
{00000001EF98-30A6B168},2010-07-29 17:04:23,CQZ8674,PC-0013,Connect
{00000001C9CB-279BE6CC},2010-07-29 17:05:07,HVG7968,PC-0044,Connect
{00000001C635-1BBDDF99},2010-07-29 17:05:59,CVC0519,PC-0015,Connect
{00000001DFCC-02C86CF7},2010-07-29 17:14:07,HVG7968,PC-0044,Disconnect
{00000001F122-060AE5AB},2010-07-29 17:20:23,CQZ8674,PC-0013,Disconnect
{00000001D3BC-3A5DD2D0},2010-07-29 17:20:24,SHV5792,PC-0108,Connect
{00000001DBA2-11AF577C},2010-07-29 17:39:50,CQZ8674,PC-0013,Disconnect
{00000001E4C2-27703F41},2010-07-29 17:44:07,NJT3274,PC-0081,Disconnect
{00000001D11B-2DFDE4FD},2010-07-29 17:57:49,OYC3975,PC-0091,Connect
{00000001DC36-09264427},2010-07-29 18:19:59,CVC0519,PC-0015,Disconnect
{00000001E9BD-2FEA7F0F},2010-07-29 18:26:24,SHV5792,PC-0108,Disconnect
{00000001E71C-2F63ED8E},2010-07-29 18:58:49,OYC3975,PC-0091,Disconnect
{00000001CF77-21F11C8E},2010-07-30 07:09:56,NRU3936,PC-0083,Connect
{00000001E578-3F3FB81F},2010-07-30 07:42:56,NRU3936,PC-0083,Disconnect
{00000001C638-15909420},2010-07-30 08:12:51,CVC0519,PC-0015,Connect
{00000001D72A-0B5AB3E3},2010-07-30 08:17:14,WLH0216,PC-0135,Connect
{00000001CE5C-331865CA},2010-07-30 08:28:58,MSH7807,PC-0075,Connect
{00000001CD63-183EC5EE},2010-07-30 08:33:05,KYR0991,PC-0061,Connect
{00000001E45D-063795B4},2010-07-30 08:34:58,MSH7807,PC-0075,Disconnect
{00000001E364-0C4A0C6A},2010-07-30 08:35:05,KYR0991,PC-0061,Disconnect
{00000001DC39-33F4BB11},2010-07-30 08:43:51,CVC0519,PC-0015,Disconnect
{00000001D1EF-3BA80393},2010-07-30 09:06:54,QSC3123,PC-0100,Connect
{00000001CCB3-3B74F25A},2010-07-30 09:23:36,KIX3704,PC-0058,Connect
{00000001D89B-05410C42},2010-07-30 09:33:21,YST5811,PC-0149,Connect
{00000001ED2B-1BB2ADAD},2010-07-30 09:40:14,WLH0216,PC-0135,Disconnect
{00000001E7F0-02F7CB54},2010-07-30 09:56:54,QSC3123,PC-0100,Disconnect
{00000001E2B4-3B1748E2},2010-07-30 10:06:36,KIX3704,PC-0058,Disconnect
{00000001EE9C-3B0D57B4},2010-07-30 10:20:21,YST5811,PC-0149,Disconnect
{00000001CB18-360BC450},2010-07-30 10:37:49,JDE8246,PC-0052,Connect
{00000001CAA5-08ED84C6},2010-07-30 10:57:09,IVL8082,PC-0051,Connect
{00000001D168-08A371E8},2010-07-30 11:19:23,QHQ5150,PC-0098,Connect
{00000001C3FB-2781BDFE},2010-07-30 11:31:02,ATM7194,PC-0003,Connect
{00000001EF9B-229AD70A},2010-07-30 11:38:52,CQZ8674,PC-0013,Connect
{00000001E0A6-27BFD546},2010-07-30 11:49:09,IVL8082,PC-0051,Disconnect
{00000001D937-04A39503},2010-07-30 11:50:12,ZUI9718,PC-0157,Connect
{00000001E769-0268EE25},2010-07-30 12:01:23,QHQ5150,PC-0098,Disconnect
{00000001E119-04ABFDD3},2010-07-30 12:05:49,JDE8246,PC-0052,Disconnect
{00000001F125-04FEDE87},2010-07-30 12:18:52,CQZ8674,PC-0013,Disconnect
{00000001D9FC-0B8A30AE},2010-07-30 12:26:02,ATM7194,PC-0003,Disconnect
{00000001EF38-1F7D882E},2010-07-30 12:50:12,ZUI9718,PC-0157,Disconnect
{00000001CBEF-395225ED},2010-07-30 12:55:12,JMM0438,PC-0053,Connect
{00000001C5A2-0359F34D},2010-07-30 12:55:35,CQZ8674,PC-0013,Connect
{00000001DBA3-3A1A9E67},2010-07-30 13:01:35,CQZ8674,PC-0013,Disconnect
{00000001CD64-2D4C5B54},2010-07-30 13:19:59,KYR0991,PC-0061,Connect
{00000001CA10-389212DA},2010-07-30 13:45:17,IAC0900,PC-0045,Connect
{00000001E1F0-3AE12870},2010-07-30 14:15:12,JMM0438,PC-0053,Disconnect
{00000001D6B5-23773411},2010-07-30 14:15:28,VNI5142,PC-0129,Connect
{00000001C7F0-3EEDC811},2010-07-30 14:17:14,EHP1536,PC-0027,Connect
{00000001ECB6-3F350F6F},2010-07-30 14:25:28,VNI5142,PC-0129,Disconnect
{00000001E365-1FCE7393},2010-07-30 14:25:59,KYR0991,PC-0061,Disconnect
{00000001D5FE-275F23C8},2010-07-30 14:38:32,UUU6648,PC-0122,Connect
{00000001E011-156CB586},2010-07-30 14:52:17,IAC0900,PC-0045,Disconnect
{00000001D573-39B9B61F},2010-07-30 15:03:02,UQK8227,PC-0120,Connect
{00000001EF9C-35AB3EF7},2010-07-30 15:17:30,CQZ8674,PC-0013,Connect
{00000001D77E-324FF6DA},2010-07-30 15:18:56,XGF2493,PC-0139,Connect
{00000001D836-0699DFDA},2010-07-30 15:23:01,YIO5206,PC-0146,Connect
{00000001D1EE-38BC8B9C},2010-07-30 15:41:30,QSC3123,PC-0100,Connect
{00000001DDF1-27502A06},2010-07-30 15:42:14,EHP1536,PC-0027,Disconnect
{00000001C7EF-08001EFC},2010-07-30 15:50:52,EHP1536,PC-0027,Connect
{00000001F126-05FE588D},2010-07-30 15:52:30,CQZ8674,PC-0013,Disconnect
{00000001D7F5-06AD8D3B},2010-07-30 15:55:52,YDM6963,PC-0145,Connect
{00000001EBFF-24D87AC9},2010-07-30 16:06:32,UUU6648,PC-0122,Disconnect
{00000001EDF6-11C9CA10},2010-07-30 16:08:52,YDM6963,PC-0145,Disconnect
{00000001CDE4-22EB8891},2010-07-30 16:14:12,MAP5551,PC-0070,Connect
{00000001EB74-159841DA},2010-07-30 16:21:02,UQK8227,PC-0120,Disconnect
{00000001DDF0-14190AAF},2010-07-30 16:25:52,EHP1536,PC-0027,Disconnect
{00000001EE37-0EF04AFC},2010-07-30 16:29:01,YIO5206,PC-0146,Disconnect
{00000001D936-3E9754AC},2010-07-30 16:31:24,ZUI9718,PC-0157,Connect
{00000001E3E5-2BFECA90},2010-07-30 16:32:12,MAP5551,PC-0070,Disconnect
{00000001C71A-1D2083FA},2010-07-30 16:42:52,DHG6594,PC-0016,Connect
{00000001ED7F-2DE97762},2010-07-30 16:46:56,XGF2493,PC-0139,Disconnect
{00000001CEC2-2519172C},2010-07-30 17:03:41,NJT3274,PC-0081,Connect
{00000001D48C-0C35F2F0},2010-07-30 17:04:21,TWU8511,PC-0115,Connect
{00000001E7EF-0AFD611E},2010-07-30 17:05:30,QSC3123,PC-0100,Disconnect
{00000001EF37-0B0E5685},2010-07-30 17:09:24,ZUI9718,PC-0157,Disconnect
{00000001C71B-3015DED6},2010-07-30 17:16:33,DHG6594,PC-0016,Connect
{00000001DD1B-080C3127},2010-07-30 18:07:52,DHG6594,PC-0016,Disconnect
{00000001EA8D-054324CF},2010-07-30 18:08:21,TWU8511,PC-0115,Disconnect
{00000001DD1C-1F6DE537},2010-07-30 18:08:33,DHG6594,PC-0016,Disconnect
{00000001F296-012A6058},2010-07-30 18:18:41,CQZ8674,PC-0013,Connect
{00000001F35F-0A8F8FC4},2010-07-30 18:22:41,CQZ8674,PC-0013,Disconnect
{00000001E4C3-1F28BF9E},2010-07-30 18:31:41,NJT3274,PC-0081,Disconnect
{00000001F297-3065BAAC},2010-07-30 20:05:43,CQZ8674,PC-0013,Connect
{00000001F360-0548D473},2010-07-30 20:32:43,CQZ8674,PC-0013,Disconnect
{00000001F295-07F1B62C},2010-07-30 23:13:15,CQZ8674,PC-0013,Connect
{00000001F35E-105B72B1},2010-07-30 23:27:15,CQZ8674,PC-0013,Disconnect
{00000001D13A-212D34E9},2010-08-02 07:16:16,QCT4158,PC-0097,Connect
{00000001C71C-1FA89CEA},2010-08-02 07:16:53,DHG6594,PC-0016,Connect
{00000001CBF0-3F7C686C},2010-08-02 07:24:22,JMM0438,PC-0053,Connect
{00000001C71D-1B60A600},2010-08-02 07:28:26,DHG6594,PC-0016,Connect
{00000001DD1E-31A0C376},2010-08-02 07:45:26,DHG6594,PC-0016,Disconnect
{00000001E73B-217D82B3},2010-08-02 08:06:16,QCT4158,PC-0097,Disconnect
{00000001DD1D-1E467DFB},2010-08-02 08:11:53,DHG6594,PC-0016,Disconnect
{00000001E1F1-18F4D85B},2010-08-02 08:35:22,JMM0438,PC-0053,Disconnect
{00000001D965-277C741C},2010-08-02 08:42:26,ZWA2339,PC-0158,Connect
{00000001D48D-0134C4B4},2010-08-02 08:54:04,TWU8511,PC-0115,Connect
{00000001C907-02FD26DE},2010-08-02 09:02:37,HMR4907,PC-0043,Connect
{00000001D0B9-33CCCCC8},2010-08-02 09:32:21,OLN5687,PC-0088,Connect
{00000001EA8E-398ADDFA},2010-08-02 09:33:04,TWU8511,PC-0115,Disconnect
{00000001CE0F-22ADFE18},2010-08-02 09:35:51,MDR4757,PC-0071,Connect
{00000001D28F-0CF30865},2010-08-02 09:39:50,RUT1946,PC-0104,Connect
{00000001EF66-1F44577B},2010-08-02 09:44:26,ZWA2339,PC-0158,Disconnect
{00000001E6BA-075477A4},2010-08-02 09:57:21,OLN5687,PC-0088,Disconnect
{00000001C7F1-3B262F12},2010-08-02 10:04:52,EHP1536,PC-0027,Connect
{00000001DF08-1668C919},2010-08-02 10:08:37,HMR4907,PC-0043,Disconnect
{00000001D1F0-172562F5},2010-08-02 10:09:25,QSC3123,PC-0100,Connect
{00000001E890-1726590A},2010-08-02 10:20:50,RUT1946,PC-0104,Disconnect
{00000001E7F1-2C79E9A6},2010-08-02 10:26:25,QSC3123,PC-0100,Disconnect
{00000001E410-0A8582EE},2010-08-02 10:42:51,MDR4757,PC-0071,Disconnect
{00000001DDF2-176BE057},2010-08-02 11:00:52,EHP1536,PC-0027,Disconnect
{00000001C841-3960AD57},2010-08-02 11:22:04,FCN9756,PC-0031,Connect
{00000001D0BB-15403071},2010-08-02 11:29:30,OLN5687,PC-0088,Connect
{00000001CEA9-1F01FC4E},2010-08-02 11:36:44,NDV4503,PC-0078,Connect
{00000001C9CD-3E1555D7},2010-08-02 11:42:39,HVG7968,PC-0044,Connect
{00000001DE42-129747A5},2010-08-02 12:15:04,FCN9756,PC-0031,Disconnect
{00000001DFCE-34DB9E78},2010-08-02 12:21:39,HVG7968,PC-0044,Disconnect
{00000001E4AA-2AADF365},2010-08-02 12:23:44,NDV4503,PC-0078,Disconnect
{00000001E6BC-110ABE73},2010-08-02 12:50:30,OLN5687,PC-0088,Disconnect
{00000001D86F-3B5E3093},2010-08-02 12:51:37,YNX1016,PC-0148,Connect
{00000001CBF1-19172F2F},2010-08-02 13:14:43,JMM0438,PC-0053,Connect
{00000001C9CC-1181516D},2010-08-02 13:37:46,HVG7968,PC-0044,Connect
{00000001EE70-23ED8112},2010-08-02 13:41:37,YNX1016,PC-0148,Disconnect
{00000001EFCC-3054DF97},2010-08-02 13:54:18,OQO5535,PC-0090,Connect
{00000001E1F2-3E263E1B},2010-08-02 14:01:43,JMM0438,PC-0053,Disconnect
{00000001D3BE-27F7FBA8},2010-08-02 14:08:39,SHV5792,PC-0108,Connect
{00000001CE38-2FAF7115},2010-08-02 14:12:52,MGI5307,PC-0072,Connect
{00000001F156-321E77D3},2010-08-02 14:42:18,OQO5535,PC-0090,Disconnect
{00000001DFCD-1DBC993D},2010-08-02 14:48:46,HVG7968,PC-0044,Disconnect
{00000001C639-064A5C1F},2010-08-02 14:51:20,CVC0519,PC-0015,Connect
{00000001E9BF-1E8F281E},2010-08-02 15:02:39,SHV5792,PC-0108,Disconnect
{00000001E439-166E43F8},2010-08-02 15:03:52,MGI5307,PC-0072,Disconnect
{00000001CF78-21FA8A0E},2010-08-02 15:17:33,NRU3936,PC-0083,Connect
{00000001DC3A-0E41361C},2010-08-02 15:32:20,CVC0519,PC-0015,Disconnect
{00000001D0BA-2715ABFF},2010-08-02 15:37:59,OLN5687,PC-0088,Connect
{00000001D33F-23375B0F},2010-08-02 15:45:27,SDT4191,PC-0106,Connect
{00000001C7F2-00645266},2010-08-02 15:50:06,EHP1536,PC-0027,Connect
{00000001E6BB-264FAD33},2010-08-02 15:58:59,OLN5687,PC-0088,Disconnect
{00000001D7F6-328A301F},2010-08-02 15:59:14,YDM6963,PC-0145,Connect
{00000001E579-2F1D2ADA},2010-08-02 15:59:33,NRU3936,PC-0083,Disconnect
{00000001DDF3-0123C3DA},2010-08-02 16:03:06,EHP1536,PC-0027,Disconnect
{00000001EDF7-0655A51E},2010-08-02 16:13:14,YDM6963,PC-0145,Disconnect
{00000001CE37-276C6F98},2010-08-02 16:27:02,MGI5307,PC-0072,Connect
{00000001D966-15E232A5},2010-08-02 16:42:13,ZWA2339,PC-0158,Connect
{00000001E940-0D5AF41D},2010-08-02 16:42:27,SDT4191,PC-0106,Disconnect
{00000001CF9A-3176DE1A},2010-08-02 16:46:13,OEM8566,PC-0085,Connect
{00000001D3BD-0624AC92},2010-08-02 16:52:31,SHV5792,PC-0108,Connect
{00000001E59B-12CB39DC},2010-08-02 16:59:13,OEM8566,PC-0085,Disconnect
{00000001E9BE-30B73018},2010-08-02 17:18:31,SHV5792,PC-0108,Disconnect
{00000001E438-142AD5B8},2010-08-02 17:30:02,MGI5307,PC-0072,Disconnect
{00000001EF67-17DD969D},2010-08-02 17:41:13,ZWA2339,PC-0158,Disconnect
{00000001C5A3-3E06B662},2010-08-02 17:50:30,CQZ8674,PC-0013,Connect
{00000001DBA4-319F630E},2010-08-02 19:08:30,CQZ8674,PC-0013,Disconnect
{00000001CA11-10F1A27E},2010-08-03 07:17:38,IAC0900,PC-0045,Connect
{00000001CBF2-165F0A76},2010-08-03 07:25:17,JMM0438,PC-0053,Connect
{00000001E1F3-0AE36F57},2010-08-03 07:42:17,JMM0438,PC-0053,Disconnect
{00000001E012-3FBBFAE3},2010-08-03 07:47:38,IAC0900,PC-0045,Disconnect
{00000001D525-0B2F5EDB},2010-08-03 08:33:49,UKR6395,PC-0118,Connect
{00000001CFDB-12F5FE00},2010-08-03 08:53:06,OET6830,PC-0086,Connect
{00000001C9CE-1E72A77D},2010-08-03 08:55:13,HVG7968,PC-0044,Connect
{00000001CCD1-1A062D92},2010-08-03 09:06:30,KJX0944,PC-0059,Connect
{00000001C3D4-14354E31},2010-08-03 09:09:19,ADG1145,PC-0001,Connect
{00000001EB26-2C923307},2010-08-03 09:28:49,UKR6395,PC-0118,Disconnect
{00000001E2D2-0CD26D57},2010-08-03 09:32:30,KJX0944,PC-0059,Disconnect
{00000001D7F7-04E542F2},2010-08-03 09:38:26,YDM6963,PC-0145,Connect
{00000001D9D5-3A99CEF1},2010-08-03 09:40:19,ADG1145,PC-0001,Disconnect
{00000001DFCF-117DF2FE},2010-08-03 10:09:13,HVG7968,PC-0044,Disconnect
{00000001EDF8-1EE1CA4E},2010-08-03 10:09:26,YDM6963,PC-0145,Disconnect
{00000001E5DC-081AB90F},2010-08-03 10:22:06,OET6830,PC-0086,Disconnect
{00000001C8CD-0311362D},2010-08-03 10:47:23,GRQ1397,PC-0036,Connect
{00000001DECE-3E05A15D},2010-08-03 11:03:23,GRQ1397,PC-0036,Disconnect
{00000001D13B-3C073758},2010-08-03 11:37:51,QCT4158,PC-0097,Connect
{00000001CE39-00DC6A11},2010-08-03 11:40:51,MGI5307,PC-0072,Connect
{00000001D0BC-0C23A7CC},2010-08-03 11:40:59,OLN5687,PC-0088,Connect
{00000001E6BD-36C62F06},2010-08-03 12:02:59,OLN5687,PC-0088,Disconnect
{00000001E73C-3759DD84},2010-08-03 12:03:51,QCT4158,PC-0097,Disconnect
{00000001E43A-0F47A6A1},2010-08-03 12:21:51,MGI5307,PC-0072,Disconnect
{00000001D48E-06BDAA4E},2010-08-03 12:58:33,TWU8511,PC-0115,Connect
{00000001D3E1-0545761B},2010-08-03 12:58:55,TVL8047,PC-0114,Connect
{00000001EA8F-20559524},2010-08-03 13:18:33,TWU8511,PC-0115,Disconnect
{00000001CF79-10C1CC42},2010-08-03 13:40:33,NRU3936,PC-0083,Connect
{00000001C7F3-0B8A3644},2010-08-03 13:43:58,EHP1536,PC-0027,Connect
{00000001E57A-25BEBAB0},2010-08-03 13:45:33,NRU3936,PC-0083,Disconnect
{00000001D8D2-029497EE},2010-08-03 13:56:18,ZIF9528,PC-0154,Connect
{00000001E9E2-29F17DE8},2010-08-03 13:57:55,TVL8047,PC-0114,Disconnect
{00000001D169-139AB0CE},2010-08-03 14:00:33,QHQ5150,PC-0098,Connect
{00000001D5FF-0E7F9A35},2010-08-03 14:10:27,UUU6648,PC-0122,Connect
{00000001EED3-38EA3277},2010-08-03 14:24:18,ZIF9528,PC-0154,Disconnect
{00000001C5A4-30D2A473},2010-08-03 14:26:18,CQZ8674,PC-0013,Connect
{00000001C71E-399CD9B3},2010-08-03 14:35:50,DHG6594,PC-0016,Connect
{00000001EC00-37BCFFBA},2010-08-03 14:39:27,UUU6648,PC-0122,Disconnect
{00000001DDF4-17FBF0F9},2010-08-03 14:50:58,EHP1536,PC-0027,Disconnect
{00000001DBA5-290E4142},2010-08-03 15:03:18,CQZ8674,PC-0013,Disconnect
{00000001E76A-3427FF30},2010-08-03 15:13:33,QHQ5150,PC-0098,Disconnect
{00000001D837-00B29319},2010-08-03 15:34:50,YIO5206,PC-0146,Connect
{00000001DD1F-019E62EB},2010-08-03 15:45:50,DHG6594,PC-0016,Disconnect
{00000001EE38-3F88068B},2010-08-03 16:09:50,YIO5206,PC-0146,Disconnect
{00000001CFDC-2103B889},2010-08-03 17:39:20,OET6830,PC-0086,Connect
{00000001CD9B-26558BDF},2010-08-03 17:41:33,LRR4710,PC-0067,Connect
{00000001D89C-091D3831},2010-08-03 17:47:28,YST5811,PC-0149,Connect
{00000001E39C-14122C09},2010-08-03 17:48:33,LRR4710,PC-0067,Disconnect
{00000001D526-076817E3},2010-08-03 17:51:02,UKR6395,PC-0118,Connect
{00000001D6B6-20B58EF1},2010-08-03 17:52:00,VNI5142,PC-0129,Connect
{00000001D967-01F13D85},2010-08-03 17:52:12,ZWA2339,PC-0158,Connect
{00000001EB27-3B0F134A},2010-08-03 18:27:02,UKR6395,PC-0118,Disconnect
{00000001EE9D-20F51769},2010-08-03 18:28:28,YST5811,PC-0149,Disconnect
{00000001ECB7-1DCF96E3},2010-08-03 18:41:00,VNI5142,PC-0129,Disconnect
{00000001E5DD-18FCA652},2010-08-03 18:55:20,OET6830,PC-0086,Disconnect
{00000001EF68-073829E0},2010-08-03 19:04:12,ZWA2339,PC-0158,Disconnect
{00000001CBF4-3970851A},2010-08-04 07:01:23,JMM0438,PC-0053,Connect
{00000001C8CE-05202E34},2010-08-04 07:01:28,GRQ1397,PC-0036,Connect
{00000001CBF6-1D08EEE5},2010-08-04 07:01:46,JMM0438,PC-0053,Connect
{00000001E1F5-0325E100},2010-08-04 07:06:23,JMM0438,PC-0053,Disconnect
{00000001DECF-16594789},2010-08-04 07:08:28,GRQ1397,PC-0036,Disconnect
{00000001D48F-20E7DDCB},2010-08-04 07:42:15,TWU8511,PC-0115,Connect
{00000001EA90-0BB08867},2010-08-04 07:52:15,TWU8511,PC-0115,Disconnect
{00000001E1F7-2AD430A8},2010-08-04 07:54:46,JMM0438,PC-0053,Disconnect
{00000001CCB4-3CB1BBE2},2010-08-04 08:00:35,KIX3704,PC-0058,Connect
{00000001C5A5-0C524B95},2010-08-04 08:07:36,CQZ8674,PC-0013,Connect
{00000001DBA6-05DA0711},2010-08-04 08:48:36,CQZ8674,PC-0013,Disconnect
{00000001E2B5-2F286AEA},2010-08-04 09:02:35,KIX3704,PC-0058,Disconnect
{00000001CB19-22F6C65D},2010-08-04 09:45:50,JDE8246,PC-0052,Connect
{00000001E11A-11C4CF34},2010-08-04 09:51:50,JDE8246,PC-0052,Disconnect
{00000001D340-29643212},2010-08-04 10:25:47,SDT4191,PC-0106,Connect
{00000001E941-03886271},2010-08-04 11:07:47,SDT4191,PC-0106,Disconnect
{00000001CCB5-05E6623C},2010-08-04 11:42:10,KIX3704,PC-0058,Connect
{00000001D574-2D8D3798},2010-08-04 11:57:44,UQK8227,PC-0120,Connect
{00000001D627-17ACF6DE},2010-08-04 12:09:45,VDL1237,PC-0125,Connect
{00000001CBF5-0C8BE115},2010-08-04 12:14:27,JMM0438,PC-0053,Connect
{00000001E1F6-0382138E},2010-08-04 12:38:27,JMM0438,PC-0053,Disconnect
{00000001CDCF-05719E2A},2010-08-04 12:53:31,LYE5717,PC-0069,Connect
{00000001E3D0-20182D87},2010-08-04 12:58:31,LYE5717,PC-0069,Disconnect
{00000001EB75-17A429AA},2010-08-04 13:03:44,UQK8227,PC-0120,Disconnect
{00000001E2B6-194ECD1E},2010-08-04 13:05:10,KIX3704,PC-0058,Disconnect
{00000001CBF3-00FB1C10},2010-08-04 13:14:46,JMM0438,PC-0053,Connect
{00000001EC28-0A76E065},2010-08-04 13:30:45,VDL1237,PC-0125,Disconnect
{00000001CEAA-10243C1F},2010-08-04 13:48:50,NDV4503,PC-0078,Connect
{00000001D1F1-3C6CDE2A},2010-08-04 13:49:33,QSC3123,PC-0100,Connect
{00000001E4AB-322A4720},2010-08-04 14:00:50,NDV4503,PC-0078,Disconnect
{00000001E1F4-2A122BA6},2010-08-04 14:01:46,JMM0438,PC-0053,Disconnect
{00000001CD9C-0E50C3BE},2010-08-04 14:14:48,LRR4710,PC-0067,Connect
{00000001D290-0B725A7B},2010-08-04 14:28:48,RUT1946,PC-0104,Connect
{00000001E7F2-1EF95F4A},2010-08-04 14:29:33,QSC3123,PC-0100,Disconnect
{00000001D939-1C4B76DE},2010-08-04 15:02:52,ZUI9718,PC-0157,Connect
{00000001E39D-293EDFA4},2010-08-04 15:09:48,LRR4710,PC-0067,Disconnect
{00000001E891-340C7DA7},2010-08-04 15:11:48,RUT1946,PC-0104,Disconnect
{00000001EF3A-07025709},2010-08-04 15:28:52,ZUI9718,PC-0157,Disconnect
{00000001D490-27DE0164},2010-08-04 15:36:18,TWU8511,PC-0115,Connect
{00000001CDCE-20BE4FBA},2010-08-04 15:42:05,LYE5717,PC-0069,Connect
{00000001D6B7-08ECF59C},2010-08-04 15:51:34,VNI5142,PC-0129,Connect
{00000001E3CF-3D8E9409},2010-08-04 16:19:05,LYE5717,PC-0069,Disconnect
{00000001C71F-11F73E59},2010-08-04 16:24:46,DHG6594,PC-0016,Connect
{00000001DD20-1496321B},2010-08-04 16:33:46,DHG6594,PC-0016,Disconnect
{00000001EA91-3F06A479},2010-08-04 16:38:18,TWU8511,PC-0115,Disconnect
{00000001D938-224E58AA},2010-08-04 16:42:51,ZUI9718,PC-0157,Connect
{00000001C4F5-03A20288},2010-08-04 16:48:18,COU3039,PC-0011,Connect
{00000001CB1A-1EAD4F40},2010-08-04 16:50:03,JDE8246,PC-0052,Connect
{00000001C9CF-0826C642},2010-08-04 17:00:20,HVG7968,PC-0044,Connect
{00000001ECB8-22FD56E4},2010-08-04 17:11:34,VNI5142,PC-0129,Disconnect
{00000001D89D-3B355FB5},2010-08-04 17:15:15,YST5811,PC-0149,Connect
{00000001EE9E-2174A700},2010-08-04 17:28:15,YST5811,PC-0149,Disconnect
{00000001EF39-381BC3D0},2010-08-04 17:31:51,ZUI9718,PC-0157,Disconnect
{00000001D72B-3940452B},2010-08-04 17:52:35,WLH0216,PC-0135,Connect
{00000001DFD0-1C3E855F},2010-08-04 18:04:20,HVG7968,PC-0044,Disconnect
{00000001E11B-2BA69DF7},2010-08-04 18:08:03,JDE8246,PC-0052,Disconnect
{00000001DAF6-2231850F},2010-08-04 18:08:18,COU3039,PC-0011,Disconnect
{00000001ED2C-30571DD1},2010-08-04 18:08:35,WLH0216,PC-0135,Disconnect
{00000001CAA7-26AE2AF3},2010-08-05 07:09:32,IVL8082,PC-0051,Connect
{00000001EFCD-074E2553},2010-08-05 07:47:02,OQO5535,PC-0090,Connect
{00000001E0A8-270814EC},2010-08-05 07:53:32,IVL8082,PC-0051,Disconnect
{00000001F157-347ABE95},2010-08-05 07:54:02,OQO5535,PC-0090,Disconnect
{00000001D968-204C7DFE},2010-08-05 08:20:29,ZWA2339,PC-0158,Connect
{00000001D5D0-0D510D54},2010-08-05 08:45:59,USS4618,PC-0121,Connect
{00000001D292-2E8F7057},2010-08-05 08:54:15,RUT1946,PC-0104,Connect
{00000001EF69-3F3C6B82},2010-08-05 09:03:29,ZWA2339,PC-0158,Disconnect
{00000001C8D0-12A19523},2010-08-05 09:03:54,GRQ1397,PC-0036,Connect
{00000001E893-1ADAAA38},2010-08-05 09:11:15,RUT1946,PC-0104,Disconnect
{00000001C9D0-1B2C47C5},2010-08-05 09:13:41,HVG7968,PC-0044,Connect
{00000001EBD1-2188786B},2010-08-05 09:51:59,USS4618,PC-0121,Disconnect
{00000001C3D5-21B8B1A6},2010-08-05 10:09:32,ADG1145,PC-0001,Connect
{00000001CCB7-353D1130},2010-08-05 10:16:56,KIX3704,PC-0058,Connect
{00000001CF7A-3B2851E7},2010-08-05 10:27:13,NRU3936,PC-0083,Connect
{00000001DFD1-39196DCC},2010-08-05 10:27:41,HVG7968,PC-0044,Disconnect
{00000001DED1-2A76E6B1},2010-08-05 10:30:54,GRQ1397,PC-0036,Disconnect
{00000001CB1B-315254D6},2010-08-05 10:35:44,JDE8246,PC-0052,Connect
{00000001D9D6-130D6A6C},2010-08-05 10:50:32,ADG1145,PC-0001,Disconnect
{00000001E57B-1DC2E49A},2010-08-05 10:58:13,NRU3936,PC-0083,Disconnect
{00000001E2B8-23A97B20},2010-08-05 11:08:56,KIX3704,PC-0058,Disconnect
{00000001CCBA-0A0AA803},2010-08-05 11:46:08,KIX3704,PC-0058,Connect
{00000001D7F9-320F9275},2010-08-05 12:01:25,YDM6963,PC-0145,Connect
{00000001E11C-0A35B466},2010-08-05 12:03:44,JDE8246,PC-0052,Disconnect
{00000001D8D3-33429F63},2010-08-05 12:05:12,ZIF9528,PC-0154,Connect
{00000001E2BB-0DCB2256},2010-08-05 12:10:08,KIX3704,PC-0058,Disconnect
{00000001C720-3B9DD84A},2010-08-05 12:11:45,DHG6594,PC-0016,Connect
{00000001DD21-35EAE49C},2010-08-05 12:16:45,DHG6594,PC-0016,Disconnect
{00000001CCB8-1B7D0342},2010-08-05 12:17:36,KIX3704,PC-0058,Connect
{00000001C8CF-2B7E8766},2010-08-05 12:37:19,GRQ1397,PC-0036,Connect
{00000001C4F6-3B9A334E},2010-08-05 12:42:26,COU3039,PC-0011,Connect
{00000001DED0-21D1974E},2010-08-05 12:48:19,GRQ1397,PC-0036,Disconnect
{00000001CE5D-135D031F},2010-08-05 12:58:49,MSH7807,PC-0075,Connect
{00000001D527-2A6F662D},2010-08-05 13:07:46,UKR6395,PC-0118,Connect
{00000001CAA6-0F452231},2010-08-05 13:15:43,IVL8082,PC-0051,Connect
{00000001DAF7-2D94C05E},2010-08-05 13:19:26,COU3039,PC-0011,Disconnect
{00000001EDFA-207441D9},2010-08-05 13:21:25,YDM6963,PC-0145,Disconnect
{00000001EED4-28A7BCC6},2010-08-05 13:33:12,ZIF9528,PC-0154,Disconnect
{00000001E2B9-3260587B},2010-08-05 13:44:36,KIX3704,PC-0058,Disconnect
{00000001E45E-07543D6A},2010-08-05 13:50:49,MSH7807,PC-0075,Disconnect
{00000001CCB9-0FC8B7D1},2010-08-05 13:51:29,KIX3704,PC-0058,Connect
{00000001D77F-1267D502},2010-08-05 13:51:52,XGF2493,PC-0139,Connect
{00000001CE10-1F343A0D},2010-08-05 13:52:53,MDR4757,PC-0071,Connect
{00000001D4CB-136E045E},2010-08-05 13:56:48,UEH9251,PC-0117,Connect
{00000001ED80-1BE3078E},2010-08-05 14:00:52,XGF2493,PC-0139,Disconnect
{00000001EACC-200F4E33},2010-08-05 14:03:48,UEH9251,PC-0117,Disconnect
{00000001EB28-094B3311},2010-08-05 14:15:46,UKR6395,PC-0118,Disconnect
{00000001D3E2-00082589},2010-08-05 14:30:46,TVL8047,PC-0114,Connect
{00000001E2BA-18ED931B},2010-08-05 14:31:29,KIX3704,PC-0058,Disconnect
{00000001E411-0D32918F},2010-08-05 14:33:53,MDR4757,PC-0071,Disconnect
{00000001E0A7-06F1ABA5},2010-08-05 14:40:43,IVL8082,PC-0051,Disconnect
{00000001D7F8-0D8EE3A5},2010-08-05 15:04:08,YDM6963,PC-0145,Connect
{00000001C721-2AD1EFC6},2010-08-05 15:17:31,DHG6594,PC-0016,Connect
{00000001C476-2DF6F430},2010-08-05 15:21:08,AYY2409,PC-0005,Connect
{00000001DD22-3C20C629},2010-08-05 15:42:31,DHG6594,PC-0016,Disconnect
{00000001D0BE-0812091E},2010-08-05 15:45:35,OLN5687,PC-0088,Connect
{00000001CD65-366F2403},2010-08-05 15:46:30,KYR0991,PC-0061,Connect
{00000001EDF9-13694867},2010-08-05 15:50:08,YDM6963,PC-0145,Disconnect
{00000001E9E3-00E4FFF5},2010-08-05 15:58:46,TVL8047,PC-0114,Disconnect
{00000001D291-19AB39A9},2010-08-05 16:02:33,RUT1946,PC-0104,Connect
{00000001DA77-0D40C0FB},2010-08-05 16:14:08,AYY2409,PC-0005,Disconnect
{00000001D0BD-3481D469},2010-08-05 16:20:45,OLN5687,PC-0088,Connect
{00000001E6BF-3DDAC465},2010-08-05 16:30:35,OLN5687,PC-0088,Disconnect
{00000001CCB6-184DEEBF},2010-08-05 16:33:50,KIX3704,PC-0058,Connect
{00000001CBF7-1582F564},2010-08-05 16:36:51,JMM0438,PC-0053,Connect
{00000001E366-339BE3DB},2010-08-05 16:40:30,KYR0991,PC-0061,Disconnect
{00000001CFDD-150C72F0},2010-08-05 16:45:01,OET6830,PC-0086,Connect
{00000001E2B7-34B462D5},2010-08-05 16:56:50,KIX3704,PC-0058,Disconnect
{00000001D1F2-2C5B324B},2010-08-05 17:00:08,QSC3123,PC-0100,Connect
{00000001E6BE-0F9588D4},2010-08-05 17:02:45,OLN5687,PC-0088,Disconnect
{00000001E892-10801615},2010-08-05 17:05:33,RUT1946,PC-0104,Disconnect
{00000001E5DE-019D7F34},2010-08-05 17:29:01,OET6830,PC-0086,Disconnect
{00000001E1F8-2A16DD47},2010-08-05 17:52:51,JMM0438,PC-0053,Disconnect
{00000001E7F3-187242A1},2010-08-05 18:26:08,QSC3123,PC-0100,Disconnect
{00000001D7FA-28B68E1F},2010-08-06 07:03:41,YDM6963,PC-0145,Connect
{00000001D3E3-19E0AE55},2010-08-06 07:11:12,TVL8047,PC-0114,Connect
{00000001E9E4-2115B7E8},2010-08-06 07:20:12,TVL8047,PC-0114,Disconnect
{00000001CE8F-37C906F7},2010-08-06 07:38:33,NBM1814,PC-0077,Connect
{00000001E490-0425283C},2010-08-06 07:42:33,NBM1814,PC-0077,Disconnect
{00000001EDFB-0C0AFF20},2010-08-06 07:47:41,YDM6963,PC-0145,Disconnect
{00000001C723-129C7517},2010-08-06 07:53:31,DHG6594,PC-0016,Connect
{00000001C724-0E7410C3},2010-08-06 07:54:20,DHG6594,PC-0016,Connect
{00000001D1F4-0789F7CB},2010-08-06 08:31:59,QSC3123,PC-0100,Connect
{00000001C63B-0F88CB8E},2010-08-06 08:39:22,CVC0519,PC-0015,Connect
{00000001DD25-166CD09F},2010-08-06 08:59:20,DHG6594,PC-0016,Disconnect
{00000001DC3C-18DB0276},2010-08-06 09:10:22,CVC0519,PC-0015,Disconnect
{00000001C8D2-3B23F12F},2010-08-06 09:15:52,GRQ1397,PC-0036,Connect
{00000001DD24-167A79ED},2010-08-06 09:22:31,DHG6594,PC-0016,Disconnect
{00000001E7F5-38DF6FBD},2010-08-06 09:30:59,QSC3123,PC-0100,Disconnect
{00000001CE5E-347ED9EE},2010-08-06 09:32:33,MSH7807,PC-0075,Connect
{00000001DED3-2BEB52E0},2010-08-06 09:48:52,GRQ1397,PC-0036,Disconnect
{00000001C9D2-34A950EC},2010-08-06 10:18:31,HVG7968,PC-0044,Connect
{00000001DFD3-0810BC60},2010-08-06 10:23:31,HVG7968,PC-0044,Disconnect
{00000001D93A-0D9ABEE7},2010-08-06 10:42:03,ZUI9718,PC-0157,Connect
{00000001D6B9-1F64171E},2010-08-06 10:42:17,VNI5142,PC-0129,Connect
{00000001E45F-28EBADB4},2010-08-06 10:47:33,MSH7807,PC-0075,Disconnect
{00000001CBFA-03DBEC23},2010-08-06 10:49:09,JMM0438,PC-0053,Connect
{00000001CDD0-0853E012},2010-08-06 10:57:27,LYE5717,PC-0069,Connect
{00000001CED5-0DB050D3},2010-08-06 11:00:05,NRI9556,PC-0082,Connect
{00000001E3D1-2512BFB6},2010-08-06 11:05:27,LYE5717,PC-0069,Disconnect
{00000001C5A6-0E50FF34},2010-08-06 11:11:26,CQZ8674,PC-0013,Connect
{00000001EF3B-022B8FF2},2010-08-06 11:12:03,ZUI9718,PC-0157,Disconnect
{00000001CD7D-06226A2E},2010-08-06 11:13:34,LGT9691,PC-0063,Connect
{00000001E1FB-1237D4B5},2010-08-06 11:19:09,JMM0438,PC-0053,Disconnect
{00000001C4F7-06713EF5},2010-08-06 11:20:47,COU3039,PC-0011,Connect
{00000001E4D6-03F69149},2010-08-06 11:39:05,NRI9556,PC-0082,Disconnect
{00000001D5D1-3972A0BF},2010-08-06 11:39:15,USS4618,PC-0121,Connect
{00000001D493-3E6EEF7D},2010-08-06 11:43:47,TWU8511,PC-0115,Connect
{00000001ECBA-313BC764},2010-08-06 11:51:17,VNI5142,PC-0129,Disconnect
{00000001D492-33680E6A},2010-08-06 12:08:43,TWU8511,PC-0115,Connect
{00000001DAF8-02D8AF4D},2010-08-06 12:15:47,COU3039,PC-0011,Disconnect
{00000001E37E-264E3A0A},2010-08-06 12:20:34,LGT9691,PC-0063,Disconnect
{00000001CCBB-36C0A11F},2010-08-06 12:26:44,KIX3704,PC-0058,Connect
{00000001DBA7-1F5B7C54},2010-08-06 12:28:26,CQZ8674,PC-0013,Disconnect
{00000001EA94-0735990A},2010-08-06 12:28:47,TWU8511,PC-0115,Disconnect
{00000001EA93-20449850},2010-08-06 12:30:43,TWU8511,PC-0115,Disconnect
{00000001C8D1-3721BB19},2010-08-06 12:31:31,GRQ1397,PC-0036,Connect
{00000001EBD2-3417CAEE},2010-08-06 12:33:15,USS4618,PC-0121,Disconnect
{00000001D491-0FFB4B5A},2010-08-06 12:33:34,TWU8511,PC-0115,Connect
{00000001D528-153703D4},2010-08-06 12:42:54,UKR6395,PC-0118,Connect
{00000001E2BC-0E9BF1CA},2010-08-06 12:57:44,KIX3704,PC-0058,Disconnect
{00000001D7FB-2DEED8ED},2010-08-06 13:01:18,YDM6963,PC-0145,Connect
{00000001EA92-3232EBB0},2010-08-06 13:11:34,TWU8511,PC-0115,Disconnect
{00000001CBF8-26EA4ACC},2010-08-06 13:22:23,JMM0438,PC-0053,Connect
{00000001DED2-1C2BB0B9},2010-08-06 13:28:31,GRQ1397,PC-0036,Disconnect
{00000001C9D1-31A5C94A},2010-08-06 13:29:02,HVG7968,PC-0044,Connect
{00000001E1F9-1B20CDB7},2010-08-06 13:31:23,JMM0438,PC-0053,Disconnect
{00000001D11C-0CDF5761},2010-08-06 13:32:32,OYC3975,PC-0091,Connect
{00000001C722-339C3DDA},2010-08-06 13:56:16,DHG6594,PC-0016,Connect
{00000001DD23-3CF5AAA3},2010-08-06 14:10:16,DHG6594,PC-0016,Disconnect
{00000001D600-11AD636D},2010-08-06 14:11:50,UUU6648,PC-0122,Connect
{00000001EB29-230312EE},2010-08-06 14:11:54,UKR6395,PC-0118,Disconnect
{00000001EDFC-2623012E},2010-08-06 14:19:18,YDM6963,PC-0145,Disconnect
{00000001D6B8-0AD1E170},2010-08-06 14:20:58,VNI5142,PC-0129,Connect
{00000001D575-1B11CD37},2010-08-06 14:21:01,UQK8227,PC-0120,Connect
{00000001ECB9-22B00163},2010-08-06 14:23:58,VNI5142,PC-0129,Disconnect
{00000001CBF9-38375ACF},2010-08-06 14:30:19,JMM0438,PC-0053,Connect
{00000001E1FA-2E833E74},2010-08-06 14:38:19,JMM0438,PC-0053,Disconnect
{00000001E71D-1D03F3BC},2010-08-06 14:38:32,OYC3975,PC-0091,Disconnect
{00000001DFD2-23F0B736},2010-08-06 14:40:02,HVG7968,PC-0044,Disconnect
{00000001D72C-28434230},2010-08-06 15:06:03,WLH0216,PC-0135,Connect
{00000001ED2D-14EF5873},2010-08-06 15:32:03,WLH0216,PC-0135,Disconnect
{00000001D0BF-0301C33A},2010-08-06 15:37:00,OLN5687,PC-0088,Connect
{00000001CF7B-15F13FF0},2010-08-06 15:37:15,NRU3936,PC-0083,Connect
{00000001EC01-39109B07},2010-08-06 15:40:50,UUU6648,PC-0122,Disconnect
{00000001EB76-36091D24},2010-08-06 15:47:01,UQK8227,PC-0120,Disconnect
{00000001C63A-3BC7182B},2010-08-06 15:48:51,CVC0519,PC-0015,Connect
{00000001C804-3F1C6F78},2010-08-06 15:54:57,EIR1445,PC-0028,Connect
{00000001E57C-1FB33327},2010-08-06 16:36:15,NRU3936,PC-0083,Disconnect
{00000001C726-161B5228},2010-08-06 16:36:15,DHG6594,PC-0016,Connect
{00000001C8D3-02DCE821},2010-08-06 16:44:49,GRQ1397,PC-0036,Connect
{00000001DC3B-2F20727B},2010-08-06 16:51:51,CVC0519,PC-0015,Disconnect
{00000001E6C0-258EF4F6},2010-08-06 16:55:00,OLN5687,PC-0088,Disconnect
{00000001DE05-2CA7AEAF},2010-08-06 17:01:57,EIR1445,PC-0028,Disconnect
{00000001DD27-3026DAD0},2010-08-06 17:37:15,DHG6594,PC-0016,Disconnect
{00000001C4F8-0FC1C7D3},2010-08-06 17:45:59,COU3039,PC-0011,Connect
{00000001D293-0C7994A1},2010-08-06 17:50:28,RUT1946,PC-0104,Connect
{00000001C725-3DF22563},2010-08-06 17:51:11,DHG6594,PC-0016,Connect
{00000001CFDE-0060C687},2010-08-06 17:52:31,OET6830,PC-0086,Connect
{00000001D1F3-30AF8EBE},2010-08-06 17:55:13,QSC3123,PC-0100,Connect
{00000001CAA8-22005684},2010-08-06 17:58:20,IVL8082,PC-0051,Connect
{00000001DED4-0CBF1399},2010-08-06 18:01:49,GRQ1397,PC-0036,Disconnect
{00000001DAF9-1B502FFC},2010-08-06 18:15:59,COU3039,PC-0011,Disconnect
{00000001E0A9-1BDC2D93},2010-08-06 18:20:20,IVL8082,PC-0051,Disconnect
{00000001E7F4-381E77DF},2010-08-06 18:43:13,QSC3123,PC-0100,Disconnect
{00000001E894-2310D261},2010-08-06 18:59:28,RUT1946,PC-0104,Disconnect
{00000001E5DF-3EE1F9E8},2010-08-06 19:09:31,OET6830,PC-0086,Disconnect
{00000001DD26-30D01542},2010-08-06 19:11:11,DHG6594,PC-0016,Disconnect
{00000001CCBC-36F2EEF6},2010-08-09 07:31:30,KIX3704,PC-0058,Connect
{00000001D341-3058F520},2010-08-09 07:41:18,SDT4191,PC-0106,Connect
{00000001D0ED-391F8DC6},2010-08-09 07:58:55,OMU2669,PC-0089,Connect
{00000001C7F4-0FEF5CC0},2010-08-09 08:02:13,EHP1536,PC-0027,Connect
{00000001C63C-0DFB70A0},2010-08-09 08:04:01,CVC0519,PC-0015,Connect
{00000001D93B-35B07829},2010-08-09 08:06:08,ZUI9718,PC-0157,Connect
{00000001DC3D-05C9FBF9},2010-08-09 08:13:01,CVC0519,PC-0015,Disconnect
{00000001E2BD-387F1B7B},2010-08-09 08:30:30,KIX3704,PC-0058,Disconnect
{00000001EF3C-0A0CDCA4},2010-08-09 08:32:08,ZUI9718,PC-0157,Disconnect
{00000001DDF5-38C78064},2010-08-09 08:34:13,EHP1536,PC-0027,Disconnect
{00000001E942-0FF0036B},2010-08-09 08:35:18,SDT4191,PC-0106,Disconnect
{00000001C7F9-3A0D788E},2010-08-09 08:36:39,EHP1536,PC-0027,Connect
{00000001CE91-3B695DF0},2010-08-09 08:56:03,NBM1814,PC-0077,Connect
{00000001DDFA-2501D1EC},2010-08-09 08:58:39,EHP1536,PC-0027,Disconnect
{00000001CBFB-2293CD4E},2010-08-09 09:04:09,JMM0438,PC-0053,Connect
{00000001D93C-2F6DCF45},2010-08-09 09:24:30,ZUI9718,PC-0157,Connect
{00000001E6EE-2BA90781},2010-08-09 09:24:55,OMU2669,PC-0089,Disconnect
{00000001E492-009D3FA0},2010-08-09 09:48:03,NBM1814,PC-0077,Disconnect
{00000001C728-1981DCDC},2010-08-09 09:57:21,DHG6594,PC-0016,Connect
{00000001E1FC-338243B5},2010-08-09 10:04:09,JMM0438,PC-0053,Disconnect
{00000001DD29-236FF87F},2010-08-09 10:12:21,DHG6594,PC-0016,Disconnect
{00000001CA46-39201B07},2010-08-09 10:13:43,IDI9618,PC-0048,Connect
{00000001EF3D-256D4F58},2010-08-09 10:18:30,ZUI9718,PC-0157,Disconnect
{00000001D294-21CBF886},2010-08-09 10:48:05,RUT1946,PC-0104,Connect
{00000001C5A7-0590AEDD},2010-08-09 10:59:04,CQZ8674,PC-0013,Connect
{00000001C727-1946297A},2010-08-09 11:14:00,DHG6594,PC-0016,Connect
{00000001E047-3E5C06B8},2010-08-09 11:16:43,IDI9618,PC-0048,Disconnect
{00000001D0C1-36F6A3AC},2010-08-09 11:27:57,OLN5687,PC-0088,Connect
{00000001E895-192FDACF},2010-08-09 11:34:05,RUT1946,PC-0104,Disconnect
{00000001C7F7-3EBDF173},2010-08-09 11:36:27,EHP1536,PC-0027,Connect
{00000001CD66-2CB11CFE},2010-08-09 11:38:12,KYR0991,PC-0061,Connect
{00000001C4BE-26E8F9BE},2010-08-09 11:44:20,CCL9026,PC-0010,Connect
{00000001DABF-20737EFF},2010-08-09 12:09:20,CCL9026,PC-0010,Disconnect
{00000001DBA8-0F65F7BE},2010-08-09 12:10:04,CQZ8674,PC-0013,Disconnect
{00000001DD28-0C2FD82E},2010-08-09 12:17:00,DHG6594,PC-0016,Disconnect
{00000001D5D2-0A5F3305},2010-08-09 12:22:44,USS4618,PC-0121,Connect
{00000001D0C2-37350D94},2010-08-09 12:29:02,OLN5687,PC-0088,Connect
{00000001E367-17187941},2010-08-09 12:32:12,KYR0991,PC-0061,Disconnect
{00000001E6C2-0E6D8C4B},2010-08-09 12:33:57,OLN5687,PC-0088,Disconnect
{00000001D296-341E63DF},2010-08-09 12:38:19,RUT1946,PC-0104,Connect
{00000001D295-00E2F949},2010-08-09 12:45:24,RUT1946,PC-0104,Connect
{00000001DDF8-0BE58C97},2010-08-09 12:48:27,EHP1536,PC-0027,Disconnect
{00000001E897-1D258DEA},2010-08-09 13:16:19,RUT1946,PC-0104,Disconnect
{00000001E6C3-3DDEC23B},2010-08-09 13:19:02,OLN5687,PC-0088,Disconnect
{00000001CE90-22CF5FD0},2010-08-09 13:19:32,NBM1814,PC-0077,Connect
{00000001E896-1048B93D},2010-08-09 13:23:24,RUT1946,PC-0104,Disconnect
{00000001EBD3-27E5D2D5},2010-08-09 13:23:44,USS4618,PC-0121,Disconnect
{00000001C477-3BFF7DE5},2010-08-09 13:27:40,AYY2409,PC-0005,Connect
{00000001DA78-1C29BC7F},2010-08-09 13:41:40,AYY2409,PC-0005,Disconnect
{00000001E491-3D4D7BE8},2010-08-09 13:44:32,NBM1814,PC-0077,Disconnect
{00000001D529-1DAF98EE},2010-08-09 13:46:54,UKR6395,PC-0118,Connect
{00000001D494-34AE09FC},2010-08-09 13:47:46,TWU8511,PC-0115,Connect
{00000001EB2A-0ADC9257},2010-08-09 13:48:54,UKR6395,PC-0118,Disconnect
{00000001C7F6-3C27685D},2010-08-09 13:50:45,EHP1536,PC-0027,Connect
{00000001D495-26DCCE38},2010-08-09 14:13:05,TWU8511,PC-0115,Connect
{00000001D0C0-21965241},2010-08-09 14:18:09,OLN5687,PC-0088,Connect
{00000001C7F8-0A166527},2010-08-09 14:24:24,EHP1536,PC-0027,Connect
{00000001EA95-3A3E01AD},2010-08-09 14:32:46,TWU8511,PC-0115,Disconnect
{00000001DDF7-3CF41FF8},2010-08-09 15:09:45,EHP1536,PC-0027,Disconnect
{00000001EA96-00CF267E},2010-08-09 15:12:05,TWU8511,PC-0115,Disconnect
{00000001D7FC-3347FE21},2010-08-09 15:22:36,YDM6963,PC-0145,Connect
{00000001EDFD-0003584D},2010-08-09 15:24:36,YDM6963,PC-0145,Disconnect
{00000001C7F5-0E071E98},2010-08-09 15:32:54,EHP1536,PC-0027,Connect
{00000001E6C1-085738BE},2010-08-09 15:35:09,OLN5687,PC-0088,Disconnect
{00000001DDF6-38DC1518},2010-08-09 15:35:54,EHP1536,PC-0027,Disconnect
{00000001DDF9-21507A7F},2010-08-09 15:41:24,EHP1536,PC-0027,Disconnect
{00000001CCD2-377EB7AD},2010-08-09 16:03:33,KJX0944,PC-0059,Connect
{00000001CF7C-1C49864F},2010-08-09 17:02:04,NRU3936,PC-0083,Connect
{00000001C9D3-013C3E7C},2010-08-09 17:20:04,HVG7968,PC-0044,Connect
{00000001E2D3-03334D49},2010-08-09 17:21:33,KJX0944,PC-0059,Disconnect
{00000001E57D-263EE480},2010-08-09 17:35:04,NRU3936,PC-0083,Disconnect
{00000001D6BA-3EDB63A6},2010-08-09 17:47:55,VNI5142,PC-0129,Connect
{00000001C729-128F2D80},2010-08-09 17:57:52,DHG6594,PC-0016,Connect
{00000001DFD4-1354A8EB},2010-08-09 18:09:04,HVG7968,PC-0044,Disconnect
{00000001ECBB-08BA5AD5},2010-08-09 18:12:55,VNI5142,PC-0129,Disconnect
{00000001DD2A-3A4F78A3},2010-08-09 18:15:52,DHG6594,PC-0016,Disconnect
{00000001C5B0-29EBEB22},2010-08-10 07:06:58,CUR4388,PC-0014,Connect
{00000001DBB1-0CFCDF39},2010-08-10 07:28:58,CUR4388,PC-0014,Disconnect
{00000001D343-182ED40E},2010-08-10 07:56:24,SDT4191,PC-0106,Connect
{00000001D496-1F8226F9},2010-08-10 08:36:16,TWU8511,PC-0115,Connect
{00000001D576-1686AB9D},2010-08-10 09:14:50,UQK8227,PC-0120,Connect
{00000001CB1C-22ACCB43},2010-08-10 09:19:50,JDE8246,PC-0052,Connect
{00000001E944-00729B12},2010-08-10 09:24:24,SDT4191,PC-0106,Disconnect
{00000001D297-3B2F13E0},2010-08-10 09:31:26,RUT1946,PC-0104,Connect
{00000001E11D-175623CD},2010-08-10 09:45:50,JDE8246,PC-0052,Disconnect
{00000001EA97-3C2C4798},2010-08-10 09:54:16,TWU8511,PC-0115,Disconnect
{00000001C9D4-2D95E3D9},2010-08-10 09:54:18,HVG7968,PC-0044,Connect
{00000001E898-06B1AD03},2010-08-10 10:11:26,RUT1946,PC-0104,Disconnect
{00000001DFD5-3CE1603E},2010-08-10 10:13:18,HVG7968,PC-0044,Disconnect
{00000001EB77-3FB9C86F},2010-08-10 10:33:50,UQK8227,PC-0120,Disconnect
{00000001EFCE-2A2B245D},2010-08-10 11:19:23,OQO5535,PC-0090,Connect
{00000001F158-27DC2178},2010-08-10 11:22:23,OQO5535,PC-0090,Disconnect
{00000001EFCF-3D8EEF22},2010-08-10 11:43:13,OQO5535,PC-0090,Connect
{00000001C7FA-141CF74D},2010-08-10 12:09:00,EHP1536,PC-0027,Connect
{00000001F159-3F7035B7},2010-08-10 12:26:13,OQO5535,PC-0090,Disconnect
{00000001D16A-15F7C7B4},2010-08-10 12:30:05,QHQ5150,PC-0098,Connect
{00000001CD67-2B22B737},2010-08-10 13:13:45,KYR0991,PC-0061,Connect
{00000001E368-057EB4E5},2010-08-10 13:25:45,KYR0991,PC-0061,Disconnect
{00000001DDFB-3EA4C97B},2010-08-10 13:36:00,EHP1536,PC-0027,Disconnect
{00000001C479-3284B2D3},2010-08-10 13:45:02,AYY2409,PC-0005,Connect
{00000001E76B-27CCD6C0},2010-08-10 13:45:05,QHQ5150,PC-0098,Disconnect
{00000001CB1D-22350EBE},2010-08-10 14:25:59,JDE8246,PC-0052,Connect
{00000001DA7A-08CD1C56},2010-08-10 14:28:02,AYY2409,PC-0005,Disconnect
{00000001D0C3-1ADF7B50},2010-08-10 15:00:02,OLN5687,PC-0088,Connect
{00000001C478-0E9E03E7},2010-08-10 15:05:02,AYY2409,PC-0005,Connect
{00000001D89E-13DC9930},2010-08-10 15:06:36,YST5811,PC-0149,Connect
{00000001D342-3A2D0A62},2010-08-10 15:27:27,SDT4191,PC-0106,Connect
{00000001D1F5-3EB903EB},2010-08-10 15:31:42,QSC3123,PC-0100,Connect
{00000001CAAA-109616D0},2010-08-10 15:38:14,IVL8082,PC-0051,Connect
{00000001E943-0A4328AE},2010-08-10 15:42:27,SDT4191,PC-0106,Disconnect
{00000001E6C4-0E9BFB38},2010-08-10 15:46:02,OLN5687,PC-0088,Disconnect
{00000001E0AB-252C703F},2010-08-10 15:52:14,IVL8082,PC-0051,Disconnect
{00000001E11E-1ED31967},2010-08-10 15:53:59,JDE8246,PC-0052,Disconnect
{00000001EE9F-25F20429},2010-08-10 16:08:36,YST5811,PC-0149,Disconnect
{00000001E7F6-3F29CE8E},2010-08-10 16:14:42,QSC3123,PC-0100,Disconnect
{00000001CDD1-05E93247},2010-08-10 16:19:14,LYE5717,PC-0069,Connect
{00000001DA79-1B8941A3},2010-08-10 16:22:02,AYY2409,PC-0005,Disconnect
{00000001E3D2-27F43BDF},2010-08-10 16:26:14,LYE5717,PC-0069,Disconnect
{00000001CAA9-06229D13},2010-08-10 16:28:19,IVL8082,PC-0051,Connect
{00000001E0AA-279FA008},2010-08-10 16:36:19,IVL8082,PC-0051,Disconnect
{00000001CA12-0BB4F016},2010-08-10 16:37:16,IAC0900,PC-0045,Connect
{00000001D8D4-3BF3D1BC},2010-08-10 16:40:14,ZIF9528,PC-0154,Connect
{00000001C72A-12A5A1B9},2010-08-10 16:46:38,DHG6594,PC-0016,Connect
{00000001D601-3118A1F9},2010-08-10 16:55:38,UUU6648,PC-0122,Connect
{00000001DD2B-3E44AD9E},2010-08-10 17:06:38,DHG6594,PC-0016,Disconnect
{00000001E013-0E6794D6},2010-08-10 17:14:16,IAC0900,PC-0045,Disconnect
{00000001EC02-3F81B1F4},2010-08-10 17:16:38,UUU6648,PC-0122,Disconnect
{00000001CAAB-10919656},2010-08-10 17:32:21,IVL8082,PC-0051,Connect
{00000001EED5-35C4A9D8},2010-08-10 17:35:14,ZIF9528,PC-0154,Disconnect
{00000001E0AC-2A106B42},2010-08-10 18:02:21,IVL8082,PC-0051,Disconnect
{00000001D2AA-32D571F0},2010-08-11 07:29:58,SBF1746,PC-0105,Connect
{00000001E8AB-2A925587},2010-08-11 07:52:58,SBF1746,PC-0105,Disconnect
{00000001D93E-04864FCB},2010-08-11 07:59:18,ZUI9718,PC-0157,Connect
{00000001C8F3-37DCF9F6},2010-08-11 08:01:43,GUG7168,PC-0037,Connect
{00000001EF3F-10E44604},2010-08-11 08:19:18,ZUI9718,PC-0157,Disconnect
{00000001D1F6-3330EEFD},2010-08-11 08:27:17,QSC3123,PC-0100,Connect
{00000001D8D5-1494883C},2010-08-11 09:05:25,ZIF9528,PC-0154,Connect
{00000001DEF4-3B9FEF01},2010-08-11 09:06:43,GUG7168,PC-0037,Disconnect
{00000001EFD0-1810F102},2010-08-11 09:17:39,OQO5535,PC-0090,Connect
{00000001D298-29A4EBE8},2010-08-11 09:18:54,RUT1946,PC-0104,Connect
{00000001EED6-1101A6D8},2010-08-11 09:19:25,ZIF9528,PC-0154,Disconnect
{00000001CF7D-0B673DD0},2010-08-11 09:21:39,NRU3936,PC-0083,Connect
{00000001E57E-2A7A2D79},2010-08-11 09:24:39,NRU3936,PC-0083,Disconnect
{00000001E7F7-041578EF},2010-08-11 09:46:17,QSC3123,PC-0100,Disconnect
{00000001CCBD-02D9E81B},2010-08-11 09:58:54,KIX3704,PC-0058,Connect
{00000001E2BE-0D2AF0C7},2010-08-11 10:00:54,KIX3704,PC-0058,Disconnect
{00000001C3D6-2581B22D},2010-08-11 10:05:23,ADG1145,PC-0001,Connect
{00000001F15A-389CA60E},2010-08-11 10:19:39,OQO5535,PC-0090,Disconnect
{00000001C63D-394BA3F2},2010-08-11 10:21:43,CVC0519,PC-0015,Connect
{00000001E899-2F13B0B2},2010-08-11 10:23:54,RUT1946,PC-0104,Disconnect
{00000001D72D-2FB2AE1C},2010-08-11 10:24:53,WLH0216,PC-0135,Connect
{00000001D838-2611EC43},2010-08-11 10:35:22,YIO5206,PC-0146,Connect
{00000001EE39-3071FEAB},2010-08-11 10:38:22,YIO5206,PC-0146,Disconnect
{00000001D6BB-3D7502A7},2010-08-11 10:46:05,VNI5142,PC-0129,Connect
{00000001D9D7-1755139D},2010-08-11 10:51:23,ADG1145,PC-0001,Disconnect
{00000001ED2E-37D139BD},2010-08-11 10:56:53,WLH0216,PC-0135,Disconnect
{00000001C63E-13EB85F5},2010-08-11 11:00:12,CVC0519,PC-0015,Connect
{00000001D93D-29FB18DB},2010-08-11 11:11:38,ZUI9718,PC-0157,Connect
{00000001DC3E-219ADF02},2010-08-11 11:16:43,CVC0519,PC-0015,Disconnect
{00000001D628-2D488291},2010-08-11 11:18:33,VDL1237,PC-0125,Connect
{00000001EC29-3C19CD0D},2010-08-11 11:45:33,VDL1237,PC-0125,Disconnect
{00000001CBFE-256B5AD1},2010-08-11 11:56:03,JMM0438,PC-0053,Connect
{00000001DC3F-0E014126},2010-08-11 12:00:12,CVC0519,PC-0015,Disconnect
{00000001CBFC-3AC039AE},2010-08-11 12:00:47,JMM0438,PC-0053,Connect
{00000001ECBC-2FDEE4AC},2010-08-11 12:06:05,VNI5142,PC-0129,Disconnect
{00000001EF3E-3838443F},2010-08-11 12:09:38,ZUI9718,PC-0157,Disconnect
{00000001E1FF-16F9F4C9},2010-08-11 12:20:03,JMM0438,PC-0053,Disconnect
{00000001CFDF-1EDB0A40},2010-08-11 12:22:43,OET6830,PC-0086,Connect
{00000001CDD2-195B0FB2},2010-08-11 12:23:08,LYE5717,PC-0069,Connect
{00000001D299-34CA3002},2010-08-11 12:32:16,RUT1946,PC-0104,Connect
{00000001E1FD-39FA306D},2010-08-11 12:34:47,JMM0438,PC-0053,Disconnect
{00000001C5A8-32A93DE9},2010-08-11 12:46:47,CQZ8674,PC-0013,Connect
{00000001D52B-1FA526C0},2010-08-11 12:51:04,UKR6395,PC-0118,Connect
{00000001D1F7-3083DE06},2010-08-11 13:00:28,QSC3123,PC-0100,Connect
{00000001E7F8-3A503E25},2010-08-11 13:03:28,QSC3123,PC-0100,Disconnect
{00000001D52A-02950A86},2010-08-11 13:04:32,UKR6395,PC-0118,Connect
{00000001DBA9-017117C0},2010-08-11 13:05:47,CQZ8674,PC-0013,Disconnect
{00000001E89A-22358121},2010-08-11 13:17:16,RUT1946,PC-0104,Disconnect
{00000001E3D3-0A5A7EB7},2010-08-11 13:27:08,LYE5717,PC-0069,Disconnect
{00000001EB2C-1FD030CE},2010-08-11 13:48:04,UKR6395,PC-0118,Disconnect
{00000001E5E0-22338E24},2010-08-11 13:50:43,OET6830,PC-0086,Disconnect
{00000001EB2B-344D348F},2010-08-11 14:15:32,UKR6395,PC-0118,Disconnect
{00000001D11D-1DB25988},2010-08-11 14:25:10,OYC3975,PC-0091,Connect
{00000001E71E-0013C257},2010-08-11 15:18:10,OYC3975,PC-0091,Disconnect
{00000001D7FD-31A8FA06},2010-08-11 15:21:30,YDM6963,PC-0145,Connect
{00000001CBFD-1710285F},2010-08-11 15:30:42,JMM0438,PC-0053,Connect
{00000001C7FB-26B2E0C5},2010-08-11 15:38:36,EHP1536,PC-0027,Connect
{00000001E1FE-1425951B},2010-08-11 15:42:42,JMM0438,PC-0053,Disconnect
{00000001C8D4-1FA26D26},2010-08-11 16:14:09,GRQ1397,PC-0036,Connect
{00000001EDFE-16BD8255},2010-08-11 16:27:30,YDM6963,PC-0145,Disconnect
{00000001C5B1-0303AA18},2010-08-11 16:43:13,CUR4388,PC-0014,Connect
{00000001DDFC-02B19D70},2010-08-11 16:49:36,EHP1536,PC-0027,Disconnect
{00000001D16B-1B0A61E7},2010-08-11 16:57:18,QHQ5150,PC-0098,Connect
{00000001C72B-2645B991},2010-08-11 17:02:38,DHG6594,PC-0016,Connect
{00000001DBB2-0F878BA7},2010-08-11 17:12:13,CUR4388,PC-0014,Disconnect
{00000001DED5-340BFDC2},2010-08-11 17:18:09,GRQ1397,PC-0036,Disconnect
{00000001E76C-1A200DC0},2010-08-11 17:52:18,QHQ5150,PC-0098,Disconnect
{00000001D4CC-1C938137},2010-08-11 17:57:29,UEH9251,PC-0117,Connect
{00000001DD2C-197C76EA},2010-08-11 18:24:38,DHG6594,PC-0016,Disconnect
{00000001EACD-37B5439F},2010-08-11 19:25:29,UEH9251,PC-0117,Disconnect
{00000001CF7E-0FC358CE},2010-08-12 07:03:17,NRU3936,PC-0083,Connect
{00000001CA47-3EBBFF70},2010-08-12 07:23:05,IDI9618,PC-0048,Connect
{00000001D1F8-39DF63BA},2010-08-12 07:37:25,QSC3123,PC-0100,Connect
{00000001C72C-0F552E19},2010-08-12 07:51:01,DHG6594,PC-0016,Connect
{00000001E7F9-31B8EC8C},2010-08-12 07:52:25,QSC3123,PC-0100,Disconnect
{00000001DD2D-1E6FA053},2010-08-12 07:59:01,DHG6594,PC-0016,Disconnect
{00000001D629-37181B2E},2010-08-12 08:05:22,VDL1237,PC-0125,Connect
{00000001E57F-3235A391},2010-08-12 08:07:17,NRU3936,PC-0083,Disconnect
{00000001E048-1BBA9579},2010-08-12 08:18:05,IDI9618,PC-0048,Disconnect
{00000001D602-3FE37ADD},2010-08-12 08:24:31,UUU6648,PC-0122,Connect
{00000001D4CD-393C7D12},2010-08-12 08:25:21,UEH9251,PC-0117,Connect
{00000001D577-31B503D3},2010-08-12 08:27:54,UQK8227,PC-0120,Connect
{00000001EACE-03E921C8},2010-08-12 08:45:21,UEH9251,PC-0117,Disconnect
{00000001EC2A-3FA24849},2010-08-12 08:45:22,VDL1237,PC-0125,Disconnect
{00000001CD6A-308E28E9},2010-08-12 08:50:49,KYR0991,PC-0061,Connect
{00000001EC03-39CDFF7E},2010-08-12 08:58:31,UUU6648,PC-0122,Disconnect
{00000001C72E-3547360D},2010-08-12 09:02:08,DHG6594,PC-0016,Connect
{00000001EB78-0FEB37F0},2010-08-12 09:44:54,UQK8227,PC-0120,Disconnect
{00000001CD69-31ED66E1},2010-08-12 09:58:06,KYR0991,PC-0061,Connect
{00000001D5D3-0FB0D289},2010-08-12 10:07:14,USS4618,PC-0121,Connect
{00000001C72D-14978361},2010-08-12 10:09:23,DHG6594,PC-0016,Connect
{00000001E36B-1DCF8774},2010-08-12 10:13:49,KYR0991,PC-0061,Disconnect
{00000001DD2F-3E6EC01C},2010-08-12 10:24:08,DHG6594,PC-0016,Disconnect
{00000001DD2E-1BF0382C},2010-08-12 10:25:23,DHG6594,PC-0016,Disconnect
{00000001E36A-068CC529},2010-08-12 10:57:06,KYR0991,PC-0061,Disconnect
{00000001EBD4-10CDF45E},2010-08-12 11:02:14,USS4618,PC-0121,Disconnect
{00000001D7FE-3F995905},2010-08-12 11:04:17,YDM6963,PC-0145,Connect
{00000001CCD3-08D80AF4},2010-08-12 11:04:45,KJX0944,PC-0059,Connect
{00000001D497-1EA68E12},2010-08-12 11:07:04,TWU8511,PC-0115,Connect
{00000001D93F-37F004E9},2010-08-12 11:17:37,ZUI9718,PC-0157,Connect
{00000001C8D5-15E601DB},2010-08-12 11:20:18,GRQ1397,PC-0036,Connect
{00000001EA98-3CD61009},2010-08-12 11:22:04,TWU8511,PC-0115,Disconnect
{00000001CA5E-1A706535},2010-08-12 11:23:16,IIY1438,PC-0050,Connect
{00000001D498-3F57E49C},2010-08-12 11:47:02,TWU8511,PC-0115,Connect
{00000001EF40-1AAE60B8},2010-08-12 11:48:37,ZUI9718,PC-0157,Disconnect
{00000001CE92-2AA50629},2010-08-12 11:49:20,NBM1814,PC-0077,Connect
{00000001C842-045BE002},2010-08-12 11:55:14,FCN9756,PC-0031,Connect
{00000001E2D4-11CD6F87},2010-08-12 12:01:45,KJX0944,PC-0059,Disconnect
{00000001E05F-17743763},2010-08-12 12:06:16,IIY1438,PC-0050,Disconnect
{00000001CBFF-3E181EF5},2010-08-12 12:08:06,JMM0438,PC-0053,Connect
{00000001CB1F-0F0C21CB},2010-08-12 12:12:14,JDE8246,PC-0052,Connect
{00000001EDFF-20770F9B},2010-08-12 12:18:17,YDM6963,PC-0145,Disconnect
{00000001DED6-330C81A1},2010-08-12 12:23:18,GRQ1397,PC-0036,Disconnect
{00000001DE43-2A8C9010},2010-08-12 12:25:14,FCN9756,PC-0031,Disconnect
{00000001E120-1156D8CA},2010-08-12 12:29:14,JDE8246,PC-0052,Disconnect
{00000001E493-28756BCA},2010-08-12 12:34:20,NBM1814,PC-0077,Disconnect
{00000001E200-35719E95},2010-08-12 12:37:06,JMM0438,PC-0053,Disconnect
{00000001D6BC-323BD867},2010-08-12 12:37:34,VNI5142,PC-0129,Connect
{00000001EA99-06FB47BE},2010-08-12 12:59:02,TWU8511,PC-0115,Disconnect
{00000001ECBD-18CCAFB3},2010-08-12 13:04:34,VNI5142,PC-0129,Disconnect
{00000001C419-2FD95E69},2010-08-12 14:11:13,AUI6616,PC-0004,Connect
{00000001DA1A-303931A8},2010-08-12 14:15:13,AUI6616,PC-0004,Disconnect
{00000001CDD3-0AA64721},2010-08-12 14:22:35,LYE5717,PC-0069,Connect
{00000001E3D4-3E5E6F50},2010-08-12 14:34:35,LYE5717,PC-0069,Disconnect
{00000001D940-06DCC74F},2010-08-12 14:36:02,ZUI9718,PC-0157,Connect
{00000001EF41-1620D616},2010-08-12 14:54:02,ZUI9718,PC-0157,Disconnect
{00000001CAAC-0C2363F4},2010-08-12 15:12:17,IVL8082,PC-0051,Connect
{00000001D16C-2F3D69B8},2010-08-12 15:24:03,QHQ5150,PC-0098,Connect
{00000001E0AD-0049F309},2010-08-12 15:25:17,IVL8082,PC-0051,Disconnect
{00000001E76D-07C91C08},2010-08-12 15:30:03,QHQ5150,PC-0098,Disconnect
{00000001D29A-1B674C62},2010-08-12 15:38:05,RUT1946,PC-0104,Connect
{00000001CD68-25FDED6A},2010-08-12 15:45:36,KYR0991,PC-0061,Connect
{00000001C3FC-06D23842},2010-08-12 16:05:00,ATM7194,PC-0003,Connect
{00000001C3FD-1131E49A},2010-08-12 16:10:39,ATM7194,PC-0003,Connect
{00000001E369-0F931205},2010-08-12 16:16:36,KYR0991,PC-0061,Disconnect
{00000001D9FD-02B08922},2010-08-12 16:24:00,ATM7194,PC-0003,Disconnect
{00000001E89B-1CE759A4},2010-08-12 16:24:05,RUT1946,PC-0104,Disconnect
{00000001C7FC-08F969BB},2010-08-12 16:48:33,EHP1536,PC-0027,Connect
{00000001C63F-2597BE71},2010-08-12 16:53:10,CVC0519,PC-0015,Connect
{00000001DC40-1529BA38},2010-08-12 17:05:10,CVC0519,PC-0015,Disconnect
{00000001D9FE-01C860FD},2010-08-12 17:15:39,ATM7194,PC-0003,Disconnect
{00000001CB1E-23AEDFEB},2010-08-12 17:19:12,JDE8246,PC-0052,Connect
{00000001E11F-3E5B6AE3},2010-08-12 17:27:12,JDE8246,PC-0052,Disconnect
{00000001DDFD-3812861C},2010-08-12 17:27:33,EHP1536,PC-0027,Disconnect
{00000001D5D4-0DBD12E8},2010-08-12 17:33:54,USS4618,PC-0121,Connect
{00000001EBD5-0D419827},2010-08-12 18:15:54,USS4618,PC-0121,Disconnect
{00000001C640-2FF67380},2010-08-13 07:24:15,CVC0519,PC-0015,Connect
{00000001DC41-2554C148},2010-08-13 07:51:15,CVC0519,PC-0015,Disconnect
{00000001C41A-08182584},2010-08-13 07:59:13,AUI6616,PC-0004,Connect
{00000001D6BD-1E6830EA},2010-08-13 08:21:59,VNI5142,PC-0129,Connect
{00000001ECBE-3C01933F},2010-08-13 08:25:59,VNI5142,PC-0129,Disconnect
{00000001D578-2C58E794},2010-08-13 08:55:21,UQK8227,PC-0120,Connect
{00000001CD6B-2E34AD06},2010-08-13 08:57:34,KYR0991,PC-0061,Connect
{00000001DA1B-18143102},2010-08-13 09:05:13,AUI6616,PC-0004,Disconnect
{00000001D3BF-28B6B707},2010-08-13 09:28:52,SHV5792,PC-0108,Connect
{00000001C5B2-0C2ABF68},2010-08-13 09:30:01,CUR4388,PC-0014,Connect
{00000001EB79-10D19882},2010-08-13 09:47:21,UQK8227,PC-0120,Disconnect
{00000001E9C0-3ED1ABF5},2010-08-13 09:47:52,SHV5792,PC-0108,Disconnect
{00000001DBB3-1C97F0B3},2010-08-13 10:19:01,CUR4388,PC-0014,Disconnect
{00000001E36C-3BEEB9FD},2010-08-13 10:23:34,KYR0991,PC-0061,Disconnect
{00000001D603-2793F887},2010-08-13 10:25:34,UUU6648,PC-0122,Connect
{00000001EC04-2AB43B2F},2010-08-13 10:53:34,UUU6648,PC-0122,Disconnect
{00000001CC00-34F133E2},2010-08-13 11:07:54,JMM0438,PC-0053,Connect
{00000001CCBE-236F02F0},2010-08-13 11:15:03,KIX3704,PC-0058,Connect
{00000001E201-25C828BE},2010-08-13 11:25:54,JMM0438,PC-0053,Disconnect
{00000001CDD4-1CC9A5EF},2010-08-13 11:32:41,LYE5717,PC-0069,Connect
{00000001C7FD-33ACED36},2010-08-13 11:34:39,EHP1536,PC-0027,Connect
{00000001E2BF-0379D429},2010-08-13 11:35:03,KIX3704,PC-0058,Disconnect
{00000001D49A-0613A716},2010-08-13 11:37:33,TWU8511,PC-0115,Connect
{00000001D839-22087C41},2010-08-13 11:40:58,YIO5206,PC-0146,Connect
{00000001CF7F-03E326DD},2010-08-13 11:41:20,NRU3936,PC-0083,Connect
{00000001D8D6-27F36E81},2010-08-13 12:00:26,ZIF9528,PC-0154,Connect
{00000001C47A-0F98B9C2},2010-08-13 12:01:42,AYY2409,PC-0005,Connect
{00000001C499-3F5AE4DF},2010-08-13 12:02:25,AZE5960,PC-0006,Connect
{00000001EE3A-10C7E0BD},2010-08-13 12:19:58,YIO5206,PC-0146,Disconnect
{00000001E580-1FE8E926},2010-08-13 12:42:20,NRU3936,PC-0083,Disconnect
{00000001DA7B-0DFD0EA5},2010-08-13 12:43:42,AYY2409,PC-0005,Disconnect
{00000001E3D5-247C3629},2010-08-13 12:46:41,LYE5717,PC-0069,Disconnect
{00000001EED7-07F4BABE},2010-08-13 12:48:26,ZIF9528,PC-0154,Disconnect
{00000001DDFE-14A6A1E9},2010-08-13 12:49:39,EHP1536,PC-0027,Disconnect
{00000001DA9A-2555A4DB},2010-08-13 12:52:25,AZE5960,PC-0006,Disconnect
{00000001D83A-0698D273},2010-08-13 12:58:25,YIO5206,PC-0146,Connect
{00000001EA9B-25D207EA},2010-08-13 13:02:33,TWU8511,PC-0115,Disconnect
{00000001D499-3D61F331},2010-08-13 13:27:49,TWU8511,PC-0115,Connect
{00000001D89F-0304CCD5},2010-08-13 13:39:35,YST5811,PC-0149,Connect
{00000001D3C0-19654536},2010-08-13 13:39:37,SHV5792,PC-0108,Connect
{00000001CC02-0199D8E9},2010-08-13 14:01:23,JMM0438,PC-0053,Connect
{00000001CC01-3CA76FC4},2010-08-13 14:05:50,JMM0438,PC-0053,Connect
{00000001EEA0-285AC8A5},2010-08-13 14:07:35,YST5811,PC-0149,Disconnect
{00000001EA9A-03480161},2010-08-13 14:08:49,TWU8511,PC-0115,Disconnect
{00000001E202-3034A87D},2010-08-13 14:13:50,JMM0438,PC-0053,Disconnect
{00000001E9C1-21E2A97B},2010-08-13 14:21:37,SHV5792,PC-0108,Disconnect
{00000001EE3B-17DC4715},2010-08-13 14:24:25,YIO5206,PC-0146,Disconnect
{00000001E203-2AE14398},2010-08-13 14:29:23,JMM0438,PC-0053,Disconnect
{00000001C9D5-27FCB606},2010-08-13 14:35:33,HVG7968,PC-0044,Connect
{00000001C3D7-11A35DCE},2010-08-13 14:40:37,ADG1145,PC-0001,Connect
{00000001C5B3-1E1BCB66},2010-08-13 14:53:08,CUR4388,PC-0014,Connect
{00000001CD7E-3A8FC5FA},2010-08-13 15:00:51,LGT9691,PC-0063,Connect
{00000001D1F9-35BBF380},2010-08-13 15:03:21,QSC3123,PC-0100,Connect
{00000001D9D8-0898ECEE},2010-08-13 15:14:37,ADG1145,PC-0001,Disconnect
{00000001E7FA-06C991FB},2010-08-13 15:23:21,QSC3123,PC-0100,Disconnect
{00000001CA48-048E4DAA},2010-08-13 15:26:07,IDI9618,PC-0048,Connect
{00000001DBB4-21A4FDDC},2010-08-13 15:35:08,CUR4388,PC-0014,Disconnect
{00000001DFD6-38C3870A},2010-08-13 15:49:33,HVG7968,PC-0044,Disconnect
{00000001CE5F-36E2AC7F},2010-08-13 16:02:47,MSH7807,PC-0075,Connect
{00000001E37F-125EFCDC},2010-08-13 16:05:51,LGT9691,PC-0063,Disconnect
{00000001E049-0AEB8054},2010-08-13 16:22:07,IDI9618,PC-0048,Disconnect
{00000001D201-2B0015C8},2010-08-13 16:22:51,RLI6273,PC-0103,Connect
{00000001E802-2C801949},2010-08-13 17:07:51,RLI6273,PC-0103,Disconnect
{00000001C8D6-2474A4B5},2010-08-13 17:09:26,GRQ1397,PC-0036,Connect
{00000001E460-0A7DF723},2010-08-13 17:11:47,MSH7807,PC-0075,Disconnect
{00000001C72F-2FC76344},2010-08-13 17:58:57,DHG6594,PC-0016,Connect
{00000001DED7-3AE5A3D3},2010-08-13 18:25:26,GRQ1397,PC-0036,Disconnect
{00000001DD30-3C519A55},2010-08-13 19:07:57,DHG6594,PC-0016,Disconnect
