user,Isolation Forest_Prediction,Isolation Forest_Score,One-Class SVM_Prediction,One-Class SVM_Score,LOF_Prediction,LOF_Score,Elliptic Envelope_Prediction,Elliptic Envelope_Score,PCA_Prediction,PCA_Score,DBSCAN_Prediction,DBSCAN_Score,KMeans_Prediction,KMeans_Score,Suspicious_Count,Consensus_Percentage
AJF0370,Suspicious,0.717708366939492,Suspicious,-1.051679118500412,Suspicious,1.9652794514093952,Suspicious,1077388.9118416244,Suspicious,0.5491223609326235,Suspicious,1.0,Suspicious,14.053861469970808,7,100.0
BAL0044,Suspicious,0.6551402382026843,Suspicious,-1.1045510266618919,Suspicious,1.5265388723881057,Suspicious,946014.3368737698,Suspicious,0.64308038096192,Suspicious,1.0,Suspicious,7.419178914629794,7,100.0
EIS0041,Suspicious,0.6585188447771002,Suspicious,-1.1043058080783628,Suspicious,1.5842223087120613,Suspicious,930742.1143406116,Suspicious,0.7377567629735041,Suspicious,1.0,Suspicious,7.931346785207256,7,100.0
IBB0359,Suspicious,0.6647537166035111,Normal,-1.1048487157253775,Suspicious,1.6765255413165157,Suspicious,916148.4654735411,Suspicious,0.9585344510486834,Suspicious,1.0,Suspicious,8.76318741684537,6,85.71428571428571
HDS0367,Suspicious,0.6511162092869529,Normal,-1.1047126702666035,Suspicious,1.5946866837352247,Suspicious,953323.508642842,Suspicious,0.7592613935357782,Suspicious,1.0,Suspicious,7.949061754443376,6,85.71428571428571
BRM0995,Normal,0.5701065639199541,Suspicious,-1.104436548052518,Suspicious,1.6268089842933182,Normal,59802.76849090146,Suspicious,0.5862555270528912,Suspicious,1.0,Suspicious,6.965573174082166,5,71.42857142857143
HRL0540,Normal,0.5790635689426624,Suspicious,-1.1043186908497054,Suspicious,1.7289882635697953,Normal,46279.92074152066,Suspicious,0.48391842923611483,Suspicious,1.0,Suspicious,7.35787452049257,5,71.42857142857143
OBH0499,Suspicious,0.598447373931105,Suspicious,-1.104582107872275,Normal,1.3129898861545282,Normal,148776.31054820406,Suspicious,0.9682145399853369,Suspicious,1.0,Suspicious,9.695223617178137,5,71.42857142857143
DLM0051,Suspicious,0.6723132499644066,Normal,-1.1046849066182516,Suspicious,1.4801951984254575,Normal,125509.45829458795,Normal,0.031736684645913754,Suspicious,1.0,Suspicious,9.519216010842147,4,57.14285714285714
LBF0214,Suspicious,0.5866979966876517,Suspicious,-1.104392808918418,Normal,1.22943644609125,Normal,63469.05941578143,Normal,0.03415679820652378,Suspicious,1.0,Suspicious,8.48499659220215,4,57.14285714285714
BSS0369,Suspicious,0.6314112853493467,Normal,-1.1045982756003447,Normal,1.3766333313938421,Suspicious,636085.6593521829,Suspicious,0.4147522774990614,Suspicious,1.0,Normal,5.859738123725971,4,57.14285714285714
KKW0879,Normal,0.5423517995779027,Suspicious,-1.1043231109693128,Normal,1.281862927343501,Normal,66940.30187189204,Suspicious,0.5938990931384507,Suspicious,1.0,Suspicious,6.976295017506511,4,57.14285714285714
JCC0225,Suspicious,0.5853351709847224,Suspicious,-1.104561338363289,Normal,0.9967800603105736,Suspicious,982692.9966260861,Normal,0.13026666544171123,Suspicious,1.0,Normal,4.1376307655090265,4,57.14285714285714
ATE0869,Suspicious,0.6120664042908944,Suspicious,-1.1043837870559505,Normal,1.314234520257559,Normal,107294.54034505722,Normal,0.033520283502434405,Suspicious,1.0,Suspicious,10.403041379476488,4,57.14285714285714
HDD0806,Normal,0.554068031205544,Suspicious,-1.1042068535867875,Suspicious,1.6024326205684374,Normal,32763.533460901363,Normal,0.1349341704476815,Suspicious,1.0,Suspicious,6.460169900843029,4,57.14285714285714
MPM0220,Suspicious,0.6497573494522955,Normal,-1.1046473829583883,Suspicious,1.484481531139825,Normal,507338.76783449814,Normal,0.17167606818575917,Suspicious,1.0,Suspicious,7.783856107112119,4,57.14285714285714
WPR0368,Suspicious,0.6211230829485433,Suspicious,-1.1043636059821265,Normal,1.1464294725144977,Suspicious,1261057.9349745752,Normal,0.10918211897232802,Suspicious,1.0,Normal,5.644638270800854,4,57.14285714285714
CAS0507,Normal,0.5669722508794098,Suspicious,-1.1045787076269165,Normal,1.3573044289357534,Normal,24807.788308235005,Suspicious,0.3192550700466846,Suspicious,1.0,Suspicious,6.533564941273782,4,57.14285714285714
HAD0246,Normal,0.5597886751085254,Suspicious,-1.1041600581040718,Normal,1.199438389480386,Normal,47219.11800601337,Normal,0.019799025267226423,Suspicious,1.0,Suspicious,7.7959418297504754,3,42.857142857142854
AJR0319,Normal,0.5224945812383801,Suspicious,-1.1044092245362411,Normal,1.3451117753890558,Normal,62196.41936150334,Normal,0.002762230956040459,Suspicious,1.0,Suspicious,7.404600814085747,3,42.857142857142854
AIP0982,Normal,0.5026311826712081,Suspicious,-1.1044231120842753,Normal,1.3498843414181583,Normal,23420.021094204236,Suspicious,0.3559118814774945,Suspicious,1.0,Normal,4.933109372240601,3,42.857142857142854
HPH0075,Suspicious,0.6175171370345447,Suspicious,-1.1044108719106391,Normal,1.1522495569448044,Normal,56465.32025800326,Normal,0.04244394543521804,Suspicious,1.0,Normal,6.04722508677635,3,42.857142857142854
KBP0008,Normal,0.5285573295176605,Suspicious,-1.1045510415694542,Suspicious,1.6405066726137634,Normal,54.54159073010021,Normal,0.027157409419665116,Suspicious,1.0,Normal,5.924794543663434,3,42.857142857142854
MSO0222,Normal,0.5774785969036801,Suspicious,-1.104206346352799,Normal,1.0200470391519494,Suspicious,579045.3764104014,Normal,0.08840679562890906,Suspicious,1.0,Normal,4.478785549050076,3,42.857142857142854
GTD0116,Normal,0.5091636039735185,Suspicious,-1.1043676200502266,Suspicious,1.4275933063963628,Normal,128.67566892495392,Suspicious,0.2258030548623929,Normal,0.0,Normal,5.6272126779099105,3,42.857142857142854
TVS0006,Normal,0.5097820165460833,Suspicious,-1.1043792090786175,Suspicious,1.6099013818916164,Normal,43.88183982260437,Normal,0.037358302654424774,Suspicious,1.0,Normal,5.679405728930107,3,42.857142857142854
WIF0691,Suspicious,0.5791136407500268,Suspicious,-1.1044694773028092,Normal,1.0809521448511583,Normal,12596.197469804125,Normal,0.06858888690098748,Suspicious,1.0,Normal,4.447141627062027,3,42.857142857142854
SBN0866,Normal,0.531422836665821,Suspicious,-1.1045522921705937,Normal,1.3630936761837598,Normal,21092.29107484595,Suspicious,0.2791227897737499,Suspicious,1.0,Normal,5.770866076629188,3,42.857142857142854
NWK0215,Normal,0.5589037447021145,Suspicious,-1.1045109210864186,Normal,1.2499308023351356,Normal,45532.72479612301,Normal,0.0276027693750314,Suspicious,1.0,Suspicious,7.332976378156837,3,42.857142857142854
MLL0598,Normal,0.4841331334568459,Normal,-1.1047171486313434,Suspicious,1.4462576096000002,Normal,54042.22748097106,Suspicious,0.4954233415261525,Suspicious,1.0,Normal,5.364579473255294,3,42.857142857142854
DMG0358,Suspicious,0.5802478883368555,Suspicious,-1.1044164610983251,Normal,0.9980561490579613,Suspicious,962192.741877257,Normal,0.1326930609149553,Normal,0.0,Normal,3.486725157842018,3,42.857142857142854
LBH0942,Suspicious,0.6139225715389128,Normal,-1.1049550386739726,Normal,1.1518805505760465,Normal,75091.17186901432,Normal,0.03540769320842591,Suspicious,1.0,Suspicious,6.4570131753386795,3,42.857142857142854
IIW0249,Normal,0.5304188292640283,Normal,-1.1046428323093371,Normal,1.3455050365234766,Normal,85123.52628071404,Suspicious,0.8367568411267302,Suspicious,1.0,Suspicious,7.1233488810445,3,42.857142857142854
DFH0188,Normal,0.5012430979495749,Suspicious,-1.1045200115205462,Normal,1.3688347036861994,Normal,23340.64811252287,Suspicious,0.3565218152739458,Suspicious,1.0,Normal,5.409235775904755,3,42.857142857142854
HSB0196,Suspicious,0.6571391567226114,Normal,-1.1048443686362956,Normal,1.3875296650043576,Normal,115327.34288380196,Normal,0.028488752791651507,Suspicious,1.0,Suspicious,8.92912984165945,3,42.857142857142854
NAF0326,Suspicious,0.5875989346713656,Normal,-1.1050219132988512,Normal,1.1937704571687064,Normal,80184.4189693699,Normal,0.009199980636361373,Suspicious,1.0,Suspicious,8.785695523190128,3,42.857142857142854
JDF0593,Normal,0.5461216011669132,Normal,-1.1047115907508018,Normal,1.330069903641316,Normal,70770.29177181759,Suspicious,0.6855246654819971,Suspicious,1.0,Suspicious,6.880780628608298,3,42.857142857142854
MSS0001,Normal,0.5362625367088839,Normal,-1.1045948770677978,Suspicious,2.153406459090189,Normal,100.69415663739711,Normal,0.010186740439285745,Suspicious,1.0,Suspicious,8.545153132850533,3,42.857142857142854
ESJ0670,Normal,0.5284232158214895,Suspicious,-1.10438982736518,Normal,1.2041018829550745,Normal,43437.036658273646,Normal,0.1439292633860267,Suspicious,1.0,Suspicious,6.57755771753653,3,42.857142857142854
XWD0923,Normal,0.5433436807627011,Suspicious,-1.104146409031614,Normal,1.3792984959765784,Normal,17593.341471792883,Suspicious,0.28440252729980936,Suspicious,1.0,Normal,5.784242330585752,3,42.857142857142854
BAJ0654,Normal,0.5697765685037359,Normal,-1.1046608916142675,Suspicious,1.5208382365695639,Normal,10848.432346845466,Suspicious,0.18046903025195593,Suspicious,1.0,Normal,5.658367955984566,3,42.857142857142854
CCA0046,Suspicious,0.5819446809384815,Normal,-1.1046414867573977,Normal,1.172096505666354,Normal,480084.7136002065,Suspicious,0.1782520094466607,Suspicious,1.0,Normal,4.272248899801347,3,42.857142857142854
JDC0030,Normal,0.5676313437848357,Suspicious,-1.1045701266103962,Normal,1.2990497685578206,Normal,55921.006246573685,Normal,0.137090704814363,Suspicious,1.0,Suspicious,7.924975584190769,3,42.857142857142854
GTD0219,Suspicious,0.5793546296495188,Suspicious,-1.1044610633151908,Normal,1.2146497128631883,Normal,225517.97884024345,Normal,0.08453097802919611,Suspicious,1.0,Normal,5.690424503121867,3,42.857142857142854
HCS0003,Normal,0.5638392221375976,Normal,-1.1048635619346636,Suspicious,1.693880544444582,Normal,811.7618287148316,Normal,0.12815471957434105,Suspicious,1.0,Suspicious,6.886191538157161,3,42.857142857142854
HRB0351,Normal,0.5618133480820315,Normal,-1.1046588796012664,Suspicious,1.4093998621965744,Normal,18880.97266767522,Normal,0.12212760371232272,Suspicious,1.0,Normal,5.72704047460838,2,28.57142857142857
CTA0020,Normal,0.482665487607405,Normal,-1.1127995029915938,Normal,1.30202638832725,Normal,59672.09472827672,Suspicious,0.5402409353940538,Suspicious,1.0,Normal,5.637383839635562,2,28.57142857142857
AVM0947,Suspicious,0.6015853502382289,Normal,-1.1047799503777154,Normal,1.1456508982609672,Normal,16541.19876024302,Normal,0.07942132690401836,Suspicious,1.0,Normal,5.257787697994469,2,28.57142857142857
MOS0047,Suspicious,0.5859614478378093,Normal,-1.1456778063049025,Normal,1.1258828926717845,Normal,414408.23097416473,Normal,0.07295920190660353,Suspicious,1.0,Normal,4.18798768503465,2,28.57142857142857
COF0120,Normal,0.529790181185611,Normal,-1.1046041809924203,Suspicious,1.5329048803324716,Normal,929.0101159039402,Normal,0.13025139888026735,Suspicious,1.0,Normal,5.050706967756051,2,28.57142857142857
BTW0005,Normal,0.49712955892002364,Normal,-1.3224252504984852,Suspicious,1.5274879514460473,Normal,20.886164235831227,Normal,0.019023576434731047,Suspicious,1.0,Normal,5.283597240312165,2,28.57142857142857
IRM0931,Normal,0.5481651328927684,Normal,-1.1405285720971294,Normal,1.1492719087409806,Normal,39980.1397581264,Normal,0.03617235298047851,Suspicious,1.0,Suspicious,7.3813855600019975,2,28.57142857142857
DAR0885,Normal,0.5176374817520789,Suspicious,-1.104361619762291,Normal,1.1015030362448237,Normal,1002.2693405792812,Normal,0.03201803802289994,Suspicious,1.0,Normal,5.810579503911555,2,28.57142857142857
KSP0357,Normal,0.5393179096375448,Normal,-1.286095323482313,Normal,1.0001823973303345,Suspicious,649439.2871787425,Normal,0.11784468411271182,Suspicious,1.0,Normal,3.946739872847098,2,28.57142857142857
RZC0746,Normal,0.5602063024353464,Normal,-1.1047343385495472,Normal,1.2807625943213536,Normal,99114.52993228061,Normal,0.005641200426213456,Suspicious,1.0,Suspicious,9.098544388413899,2,28.57142857142857
JGT0221,Normal,0.553980756906928,Normal,-1.1047652182191037,Normal,1.156285360742119,Normal,327420.6557364343,Normal,0.09244593743453572,Suspicious,1.0,Suspicious,6.498379774823675,2,28.57142857142857
RSC0089,Normal,0.5112909192709565,Normal,-1.4108212769802395,Normal,1.1500242133883796,Normal,53979.56938766767,Suspicious,0.4910649764453194,Suspicious,1.0,Normal,6.214206086688034,2,28.57142857142857
AIB0948,Normal,0.5091837514584182,Normal,-1.1046036960543986,Normal,1.3079746414035964,Normal,49075.674598047495,Suspicious,0.43891801498926486,Suspicious,1.0,Normal,5.76920939529855,2,28.57142857142857
NAH0503,Normal,0.5312714536538328,Suspicious,-1.1045449377998837,Normal,1.3247999128888595,Normal,11389.181192529475,Normal,0.02148807246561331,Suspicious,1.0,Normal,5.61017404213726,2,28.57142857142857
FUM0015,Normal,0.48978008373497284,Suspicious,-1.104481937102369,Normal,1.3112824784202872,Normal,86.72819030734802,Suspicious,0.18777813219167977,Normal,0.0,Normal,4.900051096870817,2,28.57142857142857
EHB0420,Normal,0.5142863893705701,Suspicious,-1.1043329921881528,Normal,1.284484427774379,Normal,13510.333715513443,Normal,0.03301398368047794,Suspicious,1.0,Normal,5.8610958704051965,2,28.57142857142857
KCO0122,Normal,0.559010591804297,Normal,-1.1046171056894991,Normal,1.3364974175945485,Normal,1134.7286734170114,Suspicious,0.20768574743200457,Suspicious,1.0,Normal,5.403749858280577,2,28.57142857142857
VTT0385,Normal,0.5013072004278023,Normal,-1.1046018543426426,Normal,1.2866300586726538,Normal,52703.095957782694,Suspicious,0.48702051364937143,Suspicious,1.0,Normal,5.29334282120536,2,28.57142857142857
JDB0169,Normal,0.5658219866397234,Suspicious,-1.1041965573258576,Normal,1.1527756177371218,Normal,12074.733310678286,Normal,0.02992102701530575,Suspicious,1.0,Normal,3.999233666911383,2,28.57142857142857
YIC0195,Normal,0.4507773263748973,Normal,-1.3073605640274113,Suspicious,1.539415494283544,Normal,16330.98246992288,Normal,0.014188894862092375,Suspicious,1.0,Normal,4.363968721895792,2,28.57142857142857
BRS0734,Normal,0.5156233824289108,Suspicious,-1.1045276940104083,Normal,1.1244646288113591,Normal,5526.604438231383,Normal,0.038568808320772696,Suspicious,1.0,Normal,4.879247587170802,2,28.57142857142857
LIM0674,Normal,0.505478535961365,Suspicious,-1.1042059870125458,Normal,1.0398129240125562,Normal,829.1355019776694,Normal,0.01729770710326103,Suspicious,1.0,Normal,5.307550844671911,2,28.57142857142857
LBC0356,Suspicious,0.5940397976828586,Normal,-1.1047735258926157,Normal,0.9982098396899071,Suspicious,971584.0506251582,Normal,0.15277487079213037,Normal,0.0,Normal,4.091597654981438,2,28.57142857142857
WIQ0567,Normal,0.5201758165855898,Suspicious,-1.104570747397138,Normal,1.23589114768798,Normal,22307.33629636418,Normal,0.04637958310653565,Suspicious,1.0,Normal,5.8483648681569775,2,28.57142857142857
KWC0004,Normal,0.48179551942804966,Normal,-1.2728483130721506,Suspicious,1.5691801791719686,Normal,21.85190755604179,Normal,0.03556795485557684,Suspicious,1.0,Normal,5.233992948434664,2,28.57142857142857
SOB0360,Normal,0.5395173026190191,Normal,-1.2557307864343734,Normal,0.991587108874235,Suspicious,552944.9232368888,Normal,0.07886225439116826,Suspicious,1.0,Normal,4.191324874674733,2,28.57142857142857
CMB0912,Normal,0.5210742517358092,Normal,-1.1049125880651331,Suspicious,1.4584368137617232,Normal,29386.147167093422,Normal,0.008929316875444652,Suspicious,1.0,Normal,5.461985852723059,2,28.57142857142857
SSJ0784,Normal,0.5147202503749866,Suspicious,-1.10449240824533,Normal,1.1412530490033679,Normal,2732.615487884684,Normal,0.014492418465006995,Suspicious,1.0,Normal,5.316339819561291,2,28.57142857142857
CLB0774,Suspicious,0.5823327612770148,Normal,-1.1050297145058934,Normal,1.0893842221514871,Normal,15506.93524472011,Normal,0.017584931307062415,Suspicious,1.0,Normal,4.536263418188274,2,28.57142857142857
SGG0787,Normal,0.49246110726056264,Suspicious,-1.1044691560564013,Normal,1.348640596569141,Normal,97.73736928876477,Suspicious,0.21609691243628684,Normal,0.0,Normal,4.707595226966851,2,28.57142857142857
JBD0616,Normal,0.4644387123849204,Normal,-1.1065159918130694,Normal,1.2519315649394966,Normal,63623.33346152644,Suspicious,0.5779387275437485,Suspicious,1.0,Normal,5.375492168969475,2,28.57142857142857
LCB0664,Normal,0.47591709529877535,Normal,-1.1048615276523772,Normal,1.3031062893565681,Normal,62094.92217119514,Suspicious,0.5565068553860422,Suspicious,1.0,Normal,5.503420658407448,2,28.57142857142857
THR0873,Suspicious,0.594757512523466,Normal,-1.1050297800727216,Normal,1.07328803484519,Normal,13758.905511015626,Normal,0.032387877500641614,Suspicious,1.0,Normal,4.469853001390955,2,28.57142857142857
CBB0365,Normal,0.5768858962218458,Suspicious,-1.1043311461343086,Normal,0.9957878153456903,Suspicious,963863.100944434,Normal,0.1399686805836437,Normal,0.0,Normal,3.9224175871066347,2,28.57142857142857
UIR0043,Suspicious,0.5813594075680448,Normal,-1.1360919186809715,Normal,0.9976330815104267,Suspicious,957019.7391327522,Normal,0.11840255518147219,Normal,0.0,Normal,3.292766842649748,2,28.57142857142857
HTH0007,Normal,0.49816569592035037,Normal,-1.248250754554808,Suspicious,1.5497845940752903,Normal,39.98971375463731,Normal,0.004470363698304704,Suspicious,1.0,Normal,5.298829463356861,2,28.57142857142857
BJP0134,Normal,0.567165030423649,Suspicious,-1.1045546104224826,Normal,1.07441725727723,Normal,14440.144956392362,Normal,0.04536076566814359,Suspicious,1.0,Normal,4.459648108668436,2,28.57142857142857
BJM0111,Suspicious,0.6033910819063492,Normal,-1.1049631078165454,Normal,1.0479421124478965,Normal,14581.885285904897,Normal,0.011885855621173379,Suspicious,1.0,Normal,4.849641201067001,2,28.57142857142857
ACV0812,Normal,0.49963507207923735,Suspicious,-1.1044697984960528,Normal,1.3272580193194061,Normal,716.0794591476512,Normal,0.11596289600249049,Suspicious,1.0,Normal,4.469315877415212,2,28.57142857142857
MOH0273,Suspicious,0.5867292303235816,Normal,-1.1048965228858398,Normal,1.0381271969280108,Normal,28939.98295843335,Normal,0.019266792026198604,Suspicious,1.0,Normal,3.673454717954189,2,28.57142857142857
FFC0891,Normal,0.5301893626650666,Suspicious,-1.1042508909946922,Normal,1.0781691947582774,Normal,678.1322392323267,Normal,0.03548315386767229,Suspicious,1.0,Normal,5.285978464861155,2,28.57142857142857
BMG0917,Suspicious,0.5907293556358953,Normal,-1.1048074820452385,Normal,1.0755482467155706,Normal,15125.745198767389,Normal,0.09637078635092164,Suspicious,1.0,Normal,4.784621913748324,2,28.57142857142857
IBS0836,Normal,0.531054268773758,Suspicious,-1.1043137918211792,Normal,1.1075847994267762,Normal,707.7728100780582,Normal,0.012378953550111477,Suspicious,1.0,Normal,5.315653823079628,2,28.57142857142857
HCM0267,Normal,0.5527202229172345,Suspicious,-1.1042861899375236,Normal,1.037486883167842,Normal,14488.477806180048,Normal,0.04037285890689725,Suspicious,1.0,Normal,3.3801378950365444,2,28.57142857142857
HWY0038,Normal,0.5411248657341364,Normal,-1.1240921891362343,Normal,1.1071508987388679,Normal,195717.69144885495,Normal,0.08500825728665039,Suspicious,1.0,Normal,5.906990147601087,1,14.285714285714285
JNA0559,Normal,0.4454415683440886,Suspicious,-1.1045461574789235,Normal,1.1492314486649602,Normal,20.010386335082195,Normal,0.022806129180972416,Normal,0.0,Normal,4.385290351124636,1,14.285714285714285
CRK0916,Normal,0.4516494574862971,Normal,-1.4728702138503538,Normal,1.225300701826644,Normal,572.6938445959859,Normal,0.05555570023114984,Suspicious,1.0,Normal,3.6026327240004012,1,14.285714285714285
SRH0155,Normal,0.4715511934890861,Normal,-1.3202958471627915,Normal,1.093915824701813,Normal,771.1510686748487,Normal,0.015663215947976792,Suspicious,1.0,Normal,4.36434467109833,1,14.285714285714285
CSC0217,Normal,0.5466867233543881,Normal,-1.2295188926422957,Normal,1.0780880696910164,Normal,202069.61933920058,Normal,0.06539550788728922,Suspicious,1.0,Normal,5.956222955140459,1,14.285714285714285
FGW0853,Normal,0.47425744046163726,Normal,-1.1847890821918043,Normal,1.1595534751358467,Normal,350.43992178204286,Normal,0.012475274265344982,Suspicious,1.0,Normal,4.504330329654193,1,14.285714285714285
WKD0013,Normal,0.4947445290294524,Normal,-1.2343824739937617,Normal,1.2859001311726346,Normal,495.93134446308756,Normal,0.018164201087461977,Suspicious,1.0,Normal,4.607059841378596,1,14.285714285714285
PMJ0564,Normal,0.4602180471769054,Normal,-1.3870303239535489,Normal,1.1102763714563118,Normal,468.15125456575527,Normal,0.04439848733282323,Suspicious,1.0,Normal,4.685915403104895,1,14.285714285714285
JTM0223,Normal,0.5418099113029626,Normal,-1.221406207797111,Normal,1.1239923886296201,Normal,313868.1372069551,Normal,0.091303990029942,Suspicious,1.0,Normal,5.816339558079093,1,14.285714285714285
LRR0148,Normal,0.5080847985415989,Normal,-1.4653976314196904,Normal,1.3198965185193094,Normal,14705.79475667141,Normal,0.007378973255138035,Suspicious,1.0,Normal,4.674623895944336,1,14.285714285714285
BAM0636,Normal,0.4838351716450607,Suspicious,-1.104467837295255,Normal,1.374156924366537,Normal,28.550334366773566,Normal,0.03407649535692611,Normal,0.0,Normal,4.547601782469941,1,14.285714285714285
KCF0045,Normal,0.5612495286157022,Normal,-1.3173010023949163,Normal,0.995622249718094,Suspicious,985352.3812159981,Normal,0.08889972332511936,Normal,0.0,Normal,2.876256114312758,1,14.285714285714285
BBS0039,Normal,0.5525467638379743,Normal,-1.1048897725428626,Normal,1.1531548515797034,Normal,357721.7012333768,Normal,0.0704966868497663,Suspicious,1.0,Normal,5.7989690692693365,1,14.285714285714285
AIP0394,Normal,0.47012133511094034,Normal,-1.3671492599843431,Normal,1.278504621243313,Normal,433.72826481687855,Normal,0.03612873533884518,Suspicious,1.0,Normal,4.142451936461847,1,14.285714285714285
DBB0384,Normal,0.5393252981386661,Normal,-1.275929161248438,Normal,1.0637094185624123,Normal,14643.526382553411,Normal,0.020741278569898505,Suspicious,1.0,Normal,2.7460767226837155,1,14.285714285714285
CHM0821,Normal,0.5179770683010457,Suspicious,-1.1044877668336655,Normal,1.0784730191122953,Normal,765.0073210510172,Normal,0.05135296671905274,Normal,0.0,Normal,5.088560947607821,1,14.285714285714285
LPH0572,Normal,0.4738325211448687,Suspicious,-1.1044507509817456,Normal,1.066555195141362,Normal,479.0917497348077,Normal,0.026715477117181027,Normal,0.0,Normal,5.021267350036444,1,14.285714285714285
IMB0481,Normal,0.43493361962910665,Suspicious,-1.1043592031261524,Normal,1.1902218798160789,Normal,22.582246306149454,Normal,0.010503153359880148,Normal,0.0,Normal,3.8647309658483864,1,14.285714285714285
ABC0174,Normal,0.49677434985364266,Normal,-1.2000741448256107,Normal,1.317581284175312,Normal,14394.022683580111,Normal,0.019624530722731723,Suspicious,1.0,Normal,4.409697848687657,1,14.285714285714285
AMW0392,Normal,0.48824802239879234,Normal,-1.2347996568665098,Normal,1.368678007128511,Normal,19712.005397281555,Normal,0.03269056516538948,Suspicious,1.0,Normal,5.08389910053456,1,14.285714285714285
BVC0790,Normal,0.5484280122763016,Normal,-1.3089130195290957,Normal,1.1624681246928334,Normal,20439.101843675835,Normal,0.025924565571262048,Suspicious,1.0,Normal,6.321391897752166,1,14.285714285714285
EDA0684,Normal,0.4970516049914697,Normal,-1.1267751890041324,Normal,1.1272799209303743,Normal,871.0541535497681,Normal,0.04960871064271288,Suspicious,1.0,Normal,5.624900630996018,1,14.285714285714285
HRD0635,Normal,0.5090931949823415,Normal,-1.1048895757993584,Normal,1.1140090934947189,Normal,1850.7801137152674,Normal,0.17682217797095065,Suspicious,1.0,Normal,5.342947368722384,1,14.285714285714285
CTR0341,Normal,0.5277409768402095,Normal,-1.1047478406447158,Normal,1.1823424772701903,Normal,5026.7446630787135,Normal,0.019693717967064258,Suspicious,1.0,Normal,5.550558772983051,1,14.285714285714285
FKK0055,Normal,0.4989149474465121,Normal,-1.1852889314510955,Normal,1.1853287177596088,Normal,34408.584950583165,Normal,0.04378332459090503,Suspicious,1.0,Normal,6.0172394447906505,1,14.285714285714285
XHG0902,Normal,0.426288158077363,Suspicious,-1.104313204270469,Normal,1.2629317704366392,Normal,21.7055475663355,Normal,0.013401190030501635,Normal,0.0,Normal,4.093267679687758,1,14.285714285714285
BIH0745,Normal,0.508582039491492,Suspicious,-1.1044900186930513,Normal,1.08648151535533,Normal,1099.41647215618,Normal,0.02764022793176717,Normal,0.0,Normal,5.739765234205989,1,14.285714285714285
JAV0361,Normal,0.5761177336121615,Normal,-1.2084963036447898,Normal,0.9976330815104267,Suspicious,939891.4533852276,Normal,0.0845374440788904,Normal,0.0,Normal,3.208590635698185,1,14.285714285714285
DGW0752,Normal,0.43379216151386474,Suspicious,-1.104539258572257,Normal,1.2995122922851632,Normal,29.461041943672797,Normal,0.014164608985766608,Normal,0.0,Normal,4.419664273168061,1,14.285714285714285
RHL0992,Normal,0.5196052383711921,Normal,-1.2279244866731374,Normal,1.3067705295272232,Normal,559.0691307335815,Normal,0.012109135013734272,Suspicious,1.0,Normal,4.491385104153052,1,14.285714285714285
RAW0915,Normal,0.5279863518935334,Normal,-1.1545290662949812,Normal,1.3430933509246745,Normal,8299.211275026944,Normal,0.05621178322276319,Suspicious,1.0,Normal,4.7692544086779085,1,14.285714285714285
AMM0014,Normal,0.4825150909366916,Suspicious,-1.104242534399929,Normal,1.3452092380263876,Normal,36.16996995186392,Normal,0.04901090689064753,Normal,0.0,Normal,4.822483316117862,1,14.285714285714285
ZKS0899,Normal,0.5681293380158865,Normal,-1.1126797243641429,Normal,1.032601517700789,Normal,14745.03030258143,Normal,0.03871164447496758,Suspicious,1.0,Normal,3.860230907814499,1,14.285714285714285
VIA0063,Normal,0.565662519700701,Normal,-1.2470022202271662,Normal,1.0718119375567339,Normal,13101.82205984589,Normal,0.03992290025447591,Suspicious,1.0,Normal,3.123010884774111,1,14.285714285714285
JLM0364,Normal,0.5628492630750802,Normal,-1.1503903996821385,Normal,0.9957878153456903,Suspicious,861198.6144690409,Normal,0.09341585035616486,Normal,0.0,Normal,3.1051403705788365,1,14.285714285714285
JNJ0556,Normal,0.5479860797436225,Normal,-1.2906170402309742,Normal,1.0336914745059183,Normal,14737.553066665341,Normal,0.04792771160178031,Suspicious,1.0,Normal,2.9575745249798655,1,14.285714285714285
HBO0413,Normal,0.4667751019805305,Normal,-1.253143854140335,Normal,1.3305853178861438,Normal,1289.1509706513802,Normal,0.015372788479494647,Suspicious,1.0,Normal,4.611632572041333,1,14.285714285714285
TDS0984,Normal,0.5207766337937512,Normal,-1.2312790315271402,Normal,1.2227271458205589,Normal,28541.767528653312,Normal,0.15299229624688385,Suspicious,1.0,Normal,5.606664320039482,1,14.285714285714285
ACC0042,Normal,0.5637823584607258,Normal,-1.2706246509616257,Normal,0.9921727757542096,Suspicious,918700.3721209083,Normal,0.09038941909320364,Normal,0.0,Normal,3.2036692030458496,1,14.285714285714285
QRM0739,Normal,0.5679934689733029,Normal,-1.105044506444957,Normal,1.0919142969070605,Normal,14655.669682265456,Normal,0.024501848925632883,Suspicious,1.0,Normal,3.6285706095006023,1,14.285714285714285
SAK0375,Normal,0.5744921851527076,Normal,-1.1050194800211446,Normal,0.9921727757542097,Suspicious,951632.8114181572,Normal,0.14475317984968125,Normal,0.0,Normal,3.7392120497997174,1,14.285714285714285
SBK0161,Normal,0.4933362815458925,Normal,-1.1675389150410773,Normal,1.3111338650307396,Normal,53.85847874232206,Normal,0.06394435324107271,Suspicious,1.0,Normal,4.4788214248861955,1,14.285714285714285
TSM0363,Normal,0.5609073477327202,Normal,-1.281270403563096,Normal,0.9957878153456903,Suspicious,936710.4340999653,Normal,0.08578660726450905,Normal,0.0,Normal,3.1027311115188208,1,14.285714285714285
MLM0950,Normal,0.5234154362199676,Normal,-1.241069641905758,Normal,1.0778987079903788,Normal,1651.0105449096186,Normal,0.042474268547662786,Suspicious,1.0,Normal,5.63828608193468,1,14.285714285714285
PEV0323,Normal,0.47173910167393246,Normal,-1.3465166987609258,Normal,1.1885807942551179,Normal,323.1635872325837,Normal,0.01861238373583811,Suspicious,1.0,Normal,4.139782829827282,1,14.285714285714285
ATP0662,Normal,0.5706747229423454,Normal,-1.1046106160250027,Normal,1.2662090883178685,Normal,2753.4192757906176,Normal,0.11531127935745644,Suspicious,1.0,Normal,5.667375719684512,1,14.285714285714285
KLH0596,Normal,0.4843966728138339,Normal,-1.2129923925887216,Normal,0.991544565694741,Normal,1068.9699176493546,Normal,0.030129605619030896,Suspicious,1.0,Normal,4.407619588021067,1,14.285714285714285
NGC0058,Normal,0.4971864993549238,Normal,-1.3667111396896026,Normal,1.3386138324298624,Normal,19844.667127444038,Normal,0.0630752304369025,Suspicious,1.0,Normal,4.744613802052893,1,14.285714285714285
KRV0372,Normal,0.5691258177998986,Normal,-1.2682544495854446,Normal,0.9976330815104267,Suspicious,954794.1367861389,Normal,0.10853486536601417,Normal,0.0,Normal,2.965280911584646,1,14.285714285714285
MSH0040,Normal,0.5723197981363234,Normal,-1.1507190676369936,Normal,0.985299342176946,Suspicious,702472.8526082467,Normal,0.07976200011146643,Normal,0.0,Normal,3.7514507565148385,1,14.285714285714285
PID0426,Normal,0.4672007624605651,Normal,-1.3016852077901235,Normal,1.0736237807977531,Normal,1051.7308656027346,Normal,0.006165509218535018,Suspicious,1.0,Normal,4.66837270168855,1,14.285714285714285
WDO0870,Normal,0.4965640592848456,Normal,-1.1805234902033854,Normal,1.2719440633939996,Normal,1371.9577795880402,Normal,0.0146717754475836,Suspicious,1.0,Normal,4.595939983469554,1,14.285714285714285
BRB0355,Normal,0.4946875339090301,Normal,-1.4100039812441467,Normal,1.1593815996601857,Normal,31257.788712768688,Normal,0.03781598552275488,Suspicious,1.0,Normal,5.558685951545138,1,14.285714285714285
WDD0366,Normal,0.5556967432545005,Normal,-1.2478446404858132,Normal,0.99136676370304,Suspicious,781176.7221274858,Normal,0.11978571797779111,Normal,0.0,Normal,2.9404678260387804,1,14.285714285714285
GZC0735,Normal,0.4763167056798233,Normal,-1.4332240271130001,Normal,1.3816174220909303,Normal,12238.841875424903,Normal,0.020532903408523515,Suspicious,1.0,Normal,4.416083721099278,1,14.285714285714285
KJP0371,Normal,0.5528967234153986,Normal,-1.3911607102304646,Normal,0.9976330815104267,Suspicious,970255.1674326026,Normal,0.1027180082800521,Normal,0.0,Normal,2.83858390673152,1,14.285714285714285
BKW0374,Normal,0.5611922697561201,Normal,-1.2449978537575517,Normal,0.9908248258952858,Suspicious,925196.8620036088,Normal,0.09090911971773864,Normal,0.0,Normal,3.077128887727629,1,14.285714285714285
RLB0719,Normal,0.4595184001522609,Suspicious,-1.104392626371827,Normal,1.2609863334097509,Normal,307.15246150912265,Normal,0.03746498519632347,Normal,0.0,Normal,4.473090058083235,1,14.285714285714285
RTO0313,Normal,0.47350803934451313,Normal,-1.26506544084706,Normal,1.2315123429747392,Normal,302.7984197805859,Normal,0.022791440153087327,Suspicious,1.0,Normal,4.403931903757338,1,14.285714285714285
JMC0925,Normal,0.48292686908184596,Normal,-1.3675933912639555,Normal,1.215173782855694,Normal,628.2519379467341,Normal,0.060706815387371195,Suspicious,1.0,Normal,4.059324672643283,1,14.285714285714285
RKD0604,Normal,0.4760563499747746,Normal,-1.2300304512380953,Normal,1.001273850814109,Normal,1075.8605100820173,Normal,0.008297024561010937,Suspicious,1.0,Normal,5.124311731990797,1,14.285714285714285
CJM0521,Normal,0.44943756191605105,Suspicious,-1.104571425469579,Normal,1.189658683682892,Normal,2803.386860001591,Normal,0.011615754903806919,Normal,0.0,Normal,4.047506222646807,1,14.285714285714285
RKF0164,Normal,0.42823462953543934,Suspicious,-1.1045226110455886,Normal,1.2351437527690554,Normal,19.649182179374886,Normal,0.008753542190677517,Normal,0.0,Normal,4.098949512252754,1,14.285714285714285
DID0650,Normal,0.4609185877003695,Suspicious,-1.1043510028689203,Normal,1.14498662592676,Normal,22.475923322813923,Normal,0.05695298559502529,Normal,0.0,Normal,3.9153572686666362,1,14.285714285714285
TVS0050,Normal,0.5077605185247575,Normal,-1.165235825003999,Normal,1.1340971484189493,Normal,370.4772086624814,Normal,0.06319724756399696,Suspicious,1.0,Normal,4.567279767137025,1,14.285714285714285
BJH0811,Normal,0.46617859501123093,Suspicious,-1.104259320137422,Normal,1.2482648286330833,Normal,39.15877788104627,Normal,0.02292457046215732,Normal,0.0,Normal,3.947899085680355,1,14.285714285714285
HVB0037,Normal,0.46993764126812937,Normal,-1.181924939240749,Suspicious,1.494150599053614,Normal,13695.37584423222,Normal,0.024436727285969215,Normal,0.0,Normal,4.228548814945905,1,14.285714285714285
BAH0875,Normal,0.4621943503144206,Normal,-1.3434667379967002,Normal,1.1110672872066467,Normal,391.2567808099042,Normal,0.02129813427620642,Suspicious,1.0,Normal,4.199665564902797,1,14.285714285714285
ANM0123,Normal,0.48642366003045473,Suspicious,-1.1045724464388291,Normal,1.0569462130921077,Normal,1139.0502017127096,Normal,0.022996272892548422,Normal,0.0,Normal,5.294009222344927,1,14.285714285714285
QNP0216,Normal,0.578725504974678,Normal,-1.220750204423831,Normal,0.9921727757542097,Suspicious,981942.4830243167,Normal,0.11587797618271942,Normal,0.0,Normal,3.329531623122436,1,14.285714285714285
MVH0373,Normal,0.515852267688984,Normal,-1.1512750422283018,Normal,1.0769316189804825,Normal,65750.18672360871,Normal,0.024554891995775086,Suspicious,1.0,Normal,5.483087989630939,1,14.285714285714285
JCR0172,Normal,0.4937066037400563,Normal,-1.3070823233390887,Normal,1.2683852662860002,Normal,20322.03635534076,Normal,0.009661142603916435,Suspicious,1.0,Normal,4.895104750978239,1,14.285714285714285
SAA0999,Normal,0.5716240938905981,Normal,-1.1046308528279634,Normal,1.070730062667132,Normal,14799.00954666011,Normal,0.0692919387536885,Suspicious,1.0,Normal,4.33952873427776,1,14.285714285714285
BQS0525,Normal,0.5026422410519652,Suspicious,-1.1043091532080311,Normal,1.0293594081518065,Normal,1577.2716385359108,Normal,0.007097973784046586,Normal,0.0,Normal,4.892666190111711,1,14.285714285714285
MDH0686,Normal,0.5012967141532323,Normal,-1.2697478430577638,Normal,1.3851179385245787,Normal,26375.26086619575,Normal,0.021263109190238133,Suspicious,1.0,Normal,5.4110124214276025,1,14.285714285714285
LDD0560,Normal,0.5044674581768184,Normal,-1.1344124373517737,Normal,1.1059073955039023,Normal,881.1381656064932,Normal,0.01917098352929956,Suspicious,1.0,Normal,5.3412551780747926,1,14.285714285714285
VCC0396,Normal,0.5314588862146373,Normal,-1.1907945446221495,Normal,1.2184600794412632,Normal,670.7665702531647,Normal,0.0539597995035042,Suspicious,1.0,Normal,5.366962478640656,1,14.285714285714285
JRS0362,Normal,0.5695625916057572,Normal,-1.104906695731909,Normal,1.003963447743741,Suspicious,973408.9332260018,Normal,0.11870989458969662,Normal,0.0,Normal,3.6774463141924927,1,14.285714285714285
MNS0224,Normal,0.5667416467869342,Normal,-1.2104286344117907,Normal,0.997633081510427,Suspicious,1045419.2342025059,Normal,0.09816772683237712,Normal,0.0,Normal,3.08518510884941,1,14.285714285714285
DCH0843,Normal,0.48840775417560806,Normal,-1.2093341222917875,Normal,1.0280169641817705,Normal,1094.2901301889472,Normal,0.03596404647281786,Suspicious,1.0,Normal,4.577523914884789,1,14.285714285714285
MDM0625,Normal,0.5545197750421607,Normal,-1.1048421263281238,Normal,1.0828091534168478,Normal,12737.266199426645,Normal,0.04861079655193456,Suspicious,1.0,Normal,3.4015134777501723,1,14.285714285714285
CSH0626,Normal,0.5256928060004371,Normal,-1.2009143390782366,Normal,1.2203837359288836,Normal,9911.746372003143,Normal,0.013062251824999538,Suspicious,1.0,Normal,5.262506120757241,1,14.285714285714285
JBM0350,Normal,0.4979328821489692,Normal,-1.1801915304208792,Normal,1.2334460873164494,Normal,448.5799769788565,Normal,0.07106529546598993,Suspicious,1.0,Normal,4.532315735992319,1,14.285714285714285
AHG0634,Normal,0.49268276803729566,Normal,-1.2250899199609082,Normal,1.1678333705540784,Normal,1093.146278437355,Normal,0.11857543682970637,Suspicious,1.0,Normal,5.110277146843935,1,14.285714285714285
DPS0262,Normal,0.47884759348572,Normal,-1.1729317593508695,Normal,1.0905570653844905,Normal,500.0651837456765,Normal,0.027923809191345243,Suspicious,1.0,Normal,4.772020964510791,1,14.285714285714285
CGB0637,Normal,0.5262581913968422,Normal,-1.3400652904167847,Normal,1.2612996233690186,Normal,1079.1416583627572,Normal,0.02609740978475026,Suspicious,1.0,Normal,4.455550547931969,1,14.285714285714285
DFR0218,Normal,0.5686593598648776,Normal,-1.2296607190380164,Normal,0.9976330815104267,Suspicious,907045.2763932731,Normal,0.12515253946310897,Normal,0.0,Normal,3.2217870109135847,1,14.285714285714285
CRD0624,Normal,0.47952357968000714,Normal,-1.1582139983636233,Normal,1.0771080331057588,Normal,650.4002985069218,Normal,0.029495299353162318,Suspicious,1.0,Normal,5.155686527086897,1,14.285714285714285
LJT0817,Normal,0.4946845951008139,Normal,-1.4324889890548735,Normal,1.1823730014167673,Normal,207.58000494695943,Normal,0.07461424993395864,Suspicious,1.0,Normal,3.920747458734261,1,14.285714285714285
KRL0501,Normal,0.4586574630000411,Normal,-1.4992858615874936,Normal,1.2133627537729106,Normal,794.1173352685532,Normal,0.009000350303573863,Normal,0.0,Normal,3.4487060543512356,0,0.0
CAB0614,Normal,0.4627838686281594,Normal,-1.4722334088865763,Normal,1.180539253476229,Normal,520.7228182279189,Normal,0.01875757915699069,Normal,0.0,Normal,3.401805763341777,0,0.0
MMG0943,Normal,0.381719934038922,Normal,-1.6698797134043217,Normal,0.992591569955876,Normal,14.305288319372545,Normal,0.024468838644883084,Normal,0.0,Normal,2.170306296155646,0,0.0
EWH0191,Normal,0.41148734774695367,Normal,-1.5317873132020448,Normal,1.0174577921983434,Normal,17.539062031370587,Normal,0.020742987690662625,Normal,0.0,Normal,2.528264925118811,0,0.0
BJW0619,Normal,0.40600969411804877,Normal,-1.3795857055862657,Normal,1.0983804067743108,Normal,18.515238753315533,Normal,0.008437215769213966,Normal,0.0,Normal,3.2392769944780153,0,0.0
ABM0845,Normal,0.4179393784852971,Normal,-1.3963633735895384,Normal,1.058785467349633,Normal,15.90636139355808,Normal,0.02600017564193088,Normal,0.0,Normal,2.984220626247226,0,0.0
NDM0417,Normal,0.46002270956452684,Normal,-1.5489059407050176,Normal,1.1139621923374539,Normal,385.22221078645566,Normal,0.02459222579971144,Normal,0.0,Normal,3.9266905959184473,0,0.0
CUD0795,Normal,0.3953871384876753,Normal,-1.4005271550827485,Normal,1.0814502266615005,Normal,12.57185986122018,Normal,0.0017032675775726321,Normal,0.0,Normal,3.1390854880974834,0,0.0
CKP0721,Normal,0.38393169288347123,Normal,-1.4976488461717363,Normal,1.0075218702661248,Normal,8.968919580110983,Normal,0.012003308462411277,Normal,0.0,Normal,2.5045204697716055,0,0.0
TMA0069,Normal,0.385460300896714,Normal,-1.669251828767601,Normal,1.018627209846957,Normal,11.61530364319649,Normal,0.00682101164005736,Normal,0.0,Normal,2.7922976378051603,0,0.0
CQH0701,Normal,0.45029133466032606,Normal,-1.2544041075204257,Normal,1.2584716692087592,Normal,416.41498135027126,Normal,0.02043865955223836,Normal,0.0,Normal,3.619450910481768,0,0.0
RNF0765,Normal,0.39382696590185495,Normal,-1.3556417225996147,Normal,1.0394353999560584,Normal,12.97183852313466,Normal,0.006313340910345396,Normal,0.0,Normal,2.636537753419927,0,0.0
NMB0972,Normal,0.3908288876490845,Normal,-1.4123469289007349,Normal,1.066874594450216,Normal,12.119842832288642,Normal,0.028408104928087808,Normal,0.0,Normal,2.8852602579785085,0,0.0
JRG0207,Normal,0.45207500035544806,Normal,-1.4126737784127283,Normal,0.9861490414198301,Normal,946.4057876443177,Normal,0.057493757559682,Normal,0.0,Normal,4.261003963435929,0,0.0
CIM0271,Normal,0.462836622469674,Normal,-1.4719056349184203,Normal,1.099641238501179,Normal,284.616940516248,Normal,0.0024002733113799276,Normal,0.0,Normal,3.9763555790493132,0,0.0
NMC0486,Normal,0.40297238689664244,Normal,-1.3875251056271194,Normal,1.043075458307626,Normal,17.644317694339332,Normal,0.02468202423374032,Normal,0.0,Normal,3.0346678440023993,0,0.0
CCM0467,Normal,0.3819382681123318,Normal,-1.5031030372707714,Normal,0.9828002662575346,Normal,8.901398338368857,Normal,0.0017161026920019132,Normal,0.0,Normal,2.325776737541324,0,0.0
CNE0352,Normal,0.4239516256652492,Normal,-1.2707343598688068,Normal,1.069270020708547,Normal,18.505112780911915,Normal,0.01716658345612178,Normal,0.0,Normal,3.4655152255151553,0,0.0
LNR0656,Normal,0.4479735427660093,Normal,-1.204734353996066,Normal,1.1495229343763282,Normal,18.078290832007347,Normal,0.04502849022937311,Normal,0.0,Normal,3.5587838408405714,0,0.0
HRW0550,Normal,0.3643554323502755,Normal,-1.937805657546596,Normal,0.9614530146427102,Normal,4.895808737407124,Normal,0.006807201936546651,Normal,0.0,Normal,2.1311271584651967,0,0.0
RHC0335,Normal,0.39333401464283174,Normal,-1.560817431700168,Normal,1.0699872046117753,Normal,13.705391867331064,Normal,0.007920974409969129,Normal,0.0,Normal,2.767362708163175,0,0.0
KBS0874,Normal,0.38696235205203455,Normal,-1.7207185848427438,Normal,0.9743341775087009,Normal,14.86374706954787,Normal,0.016447569556981904,Normal,0.0,Normal,1.9297609766102812,0,0.0
LHB0967,Normal,0.4059892187528836,Normal,-1.211956276014512,Normal,1.0621708720018421,Normal,13.597125644699995,Normal,0.04884051877847844,Normal,0.0,Normal,3.095667431730822,0,0.0
DGN0480,Normal,0.3954469161408744,Normal,-1.5713749918903201,Normal,0.9962877748986088,Normal,10.633900964036343,Normal,0.012721697994333293,Normal,0.0,Normal,2.4510555939403775,0,0.0
BLB0114,Normal,0.42435183949124705,Normal,-1.4279665383689182,Normal,1.0871554997351778,Normal,25.21113644951628,Normal,0.026420540363012425,Normal,0.0,Normal,3.455204667786396,0,0.0
LOM0086,Normal,0.4696209743299107,Normal,-1.3089744295587846,Normal,1.0867041170587908,Normal,468.8181142242407,Normal,0.012480618965242007,Normal,0.0,Normal,4.083159527674655,0,0.0
UFK0208,Normal,0.4061783610753286,Normal,-1.5533883971749312,Normal,1.0171270671736508,Normal,24.93322004579332,Normal,0.026119126929294457,Normal,0.0,Normal,2.307005816144701,0,0.0
ARB0881,Normal,0.41766341265204493,Normal,-1.4277638412397837,Normal,1.0540287545795548,Normal,16.036767597407813,Normal,0.016317057882535572,Normal,0.0,Normal,3.254053643472221,0,0.0
AKK0329,Normal,0.4001442587920426,Normal,-1.4505217961221233,Normal,1.1985406404991328,Normal,16.366183291892188,Normal,0.0012801429022678188,Normal,0.0,Normal,3.401974788087107,0,0.0
DBG0261,Normal,0.3832287387989219,Normal,-1.5031523226694945,Normal,0.9842301208274533,Normal,9.935376318480547,Normal,0.003331732949262709,Normal,0.0,Normal,3.0136904422793998,0,0.0
NAB0801,Normal,0.3818402277908742,Normal,-1.623388520732824,Normal,0.9847003618452366,Normal,7.387680329117735,Normal,0.0032274208571481185,Normal,0.0,Normal,2.6256632585578044,0,0.0
RAR0725,Normal,0.4555783116536952,Normal,-1.4318129550823346,Normal,1.004459083368997,Normal,527.356316112292,Normal,0.012125959338995823,Normal,0.0,Normal,3.4231072318600777,0,0.0
SOG0411,Normal,0.3752466461808248,Normal,-1.8104436523143785,Normal,0.9999924425116709,Normal,6.776779862531416,Normal,0.0035045735287453704,Normal,0.0,Normal,2.506559070795665,0,0.0
XRS0633,Normal,0.43684777215608983,Normal,-1.2939989922751187,Normal,1.1631218417619231,Normal,19.25992101833432,Normal,0.04722564489741921,Normal,0.0,Normal,3.422113225321034,0,0.0
GCL0016,Normal,0.43567180716594084,Normal,-1.7847992581658136,Normal,1.283662820132589,Normal,6246.555387460569,Normal,0.024756416664394966,Normal,0.0,Normal,3.2071520019807607,0,0.0
RDM0150,Normal,0.3863299505394979,Normal,-1.621995456403794,Normal,0.9924909428408124,Normal,12.304036234438454,Normal,0.0027024678804946777,Normal,0.0,Normal,2.5505086797943335,0,0.0
MJS0890,Normal,0.42842517540022584,Normal,-1.2873859191206491,Normal,1.0331687884245664,Normal,15.59962031538243,Normal,0.010899065601801577,Normal,0.0,Normal,3.50928975264364,0,0.0
DIW0118,Normal,0.4506262564089168,Normal,-1.5264130307580006,Normal,1.1235984574293187,Normal,330.3812872568111,Normal,0.01468287117207629,Normal,0.0,Normal,3.31503361195222,0,0.0
KBC0054,Normal,0.37279554685931177,Normal,-1.6218161805461553,Normal,0.9821650167227555,Normal,8.403703332191634,Normal,0.012533919471612816,Normal,0.0,Normal,2.7064085918428407,0,0.0
FTM0406,Normal,0.4713679932658408,Normal,-1.4069834383029538,Normal,0.9932831602174375,Normal,1008.3294974685504,Normal,0.01924764728556027,Normal,0.0,Normal,4.742839584833388,0,0.0
RDM0115,Normal,0.38697608662429517,Normal,-1.5685557155130225,Normal,0.9835757127767384,Normal,9.226198534253435,Normal,0.004120005102393738,Normal,0.0,Normal,2.52365023361579,0,0.0
HSG0818,Normal,0.45610848588779596,Normal,-1.404381266989409,Normal,1.143363306736155,Normal,41.923183732418735,Normal,0.05819295625243928,Normal,0.0,Normal,3.088832738217558,0,0.0
BSA0431,Normal,0.38656995865965244,Normal,-1.5262659368616016,Normal,1.0305315017570487,Normal,9.533506183987086,Normal,0.0016005281865820223,Normal,0.0,Normal,2.9012706331715545,0,0.0
SAC0687,Normal,0.4098423383802372,Normal,-1.410823135696909,Normal,1.0718896772084885,Normal,18.94862303463911,Normal,0.008343460480022815,Normal,0.0,Normal,2.9856364316822575,0,0.0
USH0199,Normal,0.4484148168869903,Normal,-1.2170624757809116,Normal,1.1711197606362396,Normal,508.17791393955116,Normal,0.04310882635336319,Normal,0.0,Normal,3.643399700982641,0,0.0
KES0729,Normal,0.41457771759092593,Normal,-1.289824334694288,Normal,1.0299448252903878,Normal,23.4524185382383,Normal,0.010436993272188298,Normal,0.0,Normal,3.1754337777124846,0,0.0
EDB0714,Normal,0.45121012743395894,Normal,-1.5911632429299731,Normal,1.0957402800715879,Normal,765.0966614564168,Normal,0.024901649252562715,Normal,0.0,Normal,2.831396927678229,0,0.0
TJB0302,Normal,0.39019527497269824,Normal,-1.4124445199309714,Normal,0.9848710085377199,Normal,8.258187141263912,Normal,0.007455787575011219,Normal,0.0,Normal,2.597947970474039,0,0.0
CQH0730,Normal,0.40850508819112824,Normal,-1.2307789015548263,Normal,1.0615238862669307,Normal,14.533777890603243,Normal,0.0041838778943527185,Normal,0.0,Normal,3.2250013485586977,0,0.0
QCH0110,Normal,0.3965835522911865,Normal,-1.6968383585525066,Normal,0.9846589052319509,Normal,17.200324393192684,Normal,0.0132747040471927,Normal,0.0,Normal,2.1143796452428907,0,0.0
HSD0457,Normal,0.3752921472485088,Normal,-1.5769648728995946,Normal,0.9787549043900701,Normal,8.752125807234476,Normal,0.0012133386764643134,Normal,0.0,Normal,2.116598776763462,0,0.0
KPP0452,Normal,0.41711627805726537,Normal,-1.119658172207186,Normal,1.1284023019146694,Normal,15.071067164937073,Normal,0.0025031294371004893,Normal,0.0,Normal,3.5668382806487093,0,0.0
NAF0033,Normal,0.3849159165025233,Normal,-1.6412105132779826,Normal,0.9763384864133204,Normal,14.124676298321418,Normal,0.007823040673339872,Normal,0.0,Normal,1.905043712742007,0,0.0
PNL0301,Normal,0.4739533642588579,Normal,-1.2485343408874277,Normal,1.0232806644754597,Normal,573.0152850656541,Normal,0.007942416227548722,Normal,0.0,Normal,3.973018955176812,0,0.0
SIJ0661,Normal,0.4084301099573563,Normal,-1.4603227283624443,Normal,1.069950836133788,Normal,20.735137585228276,Normal,0.0022258788503388247,Normal,0.0,Normal,3.181470202852601,0,0.0
SNC0187,Normal,0.44728231422634424,Normal,-1.6480288564517322,Normal,1.0317398876728696,Normal,3940.066658502282,Normal,0.07161164834355127,Normal,0.0,Normal,3.218409299878784,0,0.0
DDM0579,Normal,0.37926182612884135,Normal,-1.5687206053625984,Normal,0.980817644738404,Normal,6.582515740572199,Normal,0.0027004659028153563,Normal,0.0,Normal,2.1467204251755745,0,0.0
CPG0322,Normal,0.4827470223677934,Normal,-1.2246830284867298,Normal,1.2068987685912298,Normal,3104.9086253322043,Normal,0.015344278708838926,Normal,0.0,Normal,3.6655275958485536,0,0.0
EGD0409,Normal,0.4125668880910873,Normal,-1.673779660634081,Normal,1.097754647620644,Normal,212.30693468515372,Normal,0.01296895389854255,Normal,0.0,Normal,3.040350182815288,0,0.0
AHD0848,Normal,0.48650578137411615,Normal,-1.3465810493541575,Normal,1.2775271788336287,Normal,1391.3128270156826,Normal,0.0207563017454001,Normal,0.0,Normal,3.59672664833183,0,0.0
MYD0978,Normal,0.4509949061578088,Normal,-1.5419308131154823,Normal,0.9858912431333564,Normal,1018.1338921504554,Normal,0.01918006058485156,Normal,0.0,Normal,4.584657137871097,0,0.0
CJG0470,Normal,0.3893526409088454,Normal,-1.4664505633328966,Normal,0.9835608029249865,Normal,10.050439090094342,Normal,0.001766407492257495,Normal,0.0,Normal,2.4952323860112795,0,0.0
KMB0922,Normal,0.5200595968519577,Normal,-1.366091148036519,Normal,1.105932864124441,Normal,3246.8604527737566,Normal,0.06450998921109764,Normal,0.0,Normal,4.55503414920133,0,0.0
EGK0893,Normal,0.4147470892827764,Normal,-1.346390368409344,Normal,1.0796863781415018,Normal,14.09258224805621,Normal,0.009467472290187698,Normal,0.0,Normal,3.106629735376099,0,0.0
NCH0179,Normal,0.4233306692404238,Normal,-1.4160196605470885,Normal,1.027032510172035,Normal,14.815854181951968,Normal,0.0037200243709353954,Normal,0.0,Normal,3.4122361334177835,0,0.0
BBS0422,Normal,0.4940199150410228,Normal,-1.277332509861054,Normal,1.0465823423371228,Normal,5268.8607285499875,Normal,0.03309761750706431,Normal,0.0,Normal,5.296771724811706,0,0.0
HDL0748,Normal,0.4108487895054448,Normal,-1.3069102259783374,Normal,1.0724536563892613,Normal,12.752818586925173,Normal,0.004292556087014748,Normal,0.0,Normal,3.1288168750817467,0,0.0
MAS0025,Normal,0.4757447724307053,Normal,-1.3414562307373479,Normal,0.997127514475093,Normal,976.9903029723833,Normal,0.016849547819788077,Normal,0.0,Normal,4.88035571017142,0,0.0
TSR0676,Normal,0.4206467028207829,Normal,-1.7073558216258997,Normal,1.081737842387952,Normal,1678.44636154876,Normal,0.007603442237314461,Normal,0.0,Normal,2.9068628315623624,0,0.0
HJA0018,Normal,0.3878671428099319,Normal,-1.6409067488891398,Normal,1.0080089360573625,Normal,17.062450021571898,Normal,0.007973254497961763,Normal,0.0,Normal,2.692040268203923,0,0.0
OLW0689,Normal,0.46139211484601467,Normal,-1.8284524506992312,Normal,1.1899161547034516,Normal,500.57345148150915,Normal,0.006561334681180046,Normal,0.0,Normal,3.0287689240184563,0,0.0
DMK0257,Normal,0.47402637331998115,Normal,-1.7102309070271313,Normal,0.997344617754029,Normal,522.3575880888714,Normal,0.006915205284218656,Normal,0.0,Normal,4.631977130510196,0,0.0
IEB0153,Normal,0.4155297681143485,Normal,-1.7612774755912497,Normal,1.016830707272259,Normal,256.846610297249,Normal,0.004651943047139473,Normal,0.0,Normal,2.9653963793606968,0,0.0
HBB0056,Normal,0.3712812333682107,Normal,-1.8333267807412303,Normal,0.9697622350667576,Normal,6.765999938185207,Normal,0.012297679703294047,Normal,0.0,Normal,2.0632922576977264,0,0.0
ALD0529,Normal,0.37531808306168896,Normal,-1.690504955944124,Normal,0.985370401162626,Normal,10.408222049260225,Normal,0.009108102324650064,Normal,0.0,Normal,2.0786779327041414,0,0.0
ICH0294,Normal,0.45862802804884645,Normal,-1.5964152515649999,Normal,1.015003598167169,Normal,646.6800159505403,Normal,0.029949449063961606,Normal,0.0,Normal,3.517029527557465,0,0.0
ASG0048,Normal,0.37498012644379963,Normal,-1.718326748890824,Normal,0.9834507166231392,Normal,7.894279903721648,Normal,0.004702014044814929,Normal,0.0,Normal,2.2387421167210912,0,0.0
OLB0749,Normal,0.4278179748787139,Normal,-1.354321992782014,Normal,1.0789942582466956,Normal,304.6584181621069,Normal,0.0117792132214486,Normal,0.0,Normal,4.014932786594324,0,0.0
PBP0002,Normal,0.4170246426088455,Normal,-1.3271508643359613,Normal,1.0710634967240185,Normal,14.57426477065785,Normal,0.020890146458546987,Normal,0.0,Normal,3.2688541438306298,0,0.0
GCS0518,Normal,0.3800979259155501,Normal,-1.5525132780754702,Normal,1.0133399447351201,Normal,8.76506182579183,Normal,0.0020004032699832692,Normal,0.0,Normal,2.534770464607253,0,0.0
DOP0562,Normal,0.37869707787928797,Normal,-1.7059152504091832,Normal,1.0242513665142472,Normal,9.101337674510003,Normal,0.02713815807638915,Normal,0.0,Normal,2.7850249776907923,0,0.0
HGG0240,Normal,0.3854577322603051,Normal,-1.6642898794066412,Normal,1.0083716812586547,Normal,10.553217948301782,Normal,0.0024358489275836423,Normal,0.0,Normal,2.6853148195446574,0,0.0
JKM0303,Normal,0.41112820905438935,Normal,-1.2690366239599171,Normal,1.0864707043258048,Normal,15.662329595331986,Normal,0.018715900446688794,Normal,0.0,Normal,3.284674533570246,0,0.0
HAV0121,Normal,0.4681213683880596,Normal,-1.1731887631422029,Normal,1.1156774381421957,Normal,52.23501336943272,Normal,0.041231559907495365,Normal,0.0,Normal,3.585722098358325,0,0.0
QOS0878,Normal,0.4915158666690133,Normal,-1.1898718644611737,Normal,1.0988926837636008,Normal,5776.39749610846,Normal,0.0033165059089300284,Normal,0.0,Normal,4.60146263316153,0,0.0
ORG0339,Normal,0.4208806837155517,Normal,-1.1750708835980561,Normal,1.154091754784071,Normal,18.610402349758434,Normal,0.005887855039722,Normal,0.0,Normal,3.5163298390619633,0,0.0
TJD0996,Normal,0.3929319633958169,Normal,-1.8167591140511983,Normal,0.9875026420953112,Normal,14.700515196142915,Normal,0.012788090986079801,Normal,0.0,Normal,2.091251952980377,0,0.0
CJM0138,Normal,0.41134903725190236,Normal,-1.1671838508194956,Normal,1.1200609630753273,Normal,15.66301836930547,Normal,0.0034029510759292004,Normal,0.0,Normal,3.3607613340187843,0,0.0
HSP0290,Normal,0.38284295568380927,Normal,-1.5881231654193164,Normal,0.9828967138090524,Normal,6.963391757335083,Normal,0.010788493160487316,Normal,0.0,Normal,2.1093560940548115,0,0.0
SKG0759,Normal,0.3981792287719077,Normal,-1.2700061876196236,Normal,1.0064712094241963,Normal,13.067888272751167,Normal,0.011021645612241253,Normal,0.0,Normal,2.959311033795861,0,0.0
KSP0966,Normal,0.38791465123668717,Normal,-1.467261562953645,Normal,1.0013294687177594,Normal,10.304619923880313,Normal,0.03534178369612546,Normal,0.0,Normal,2.732483774769226,0,0.0
GCG0951,Normal,0.42116338210142407,Normal,-1.1877607830379453,Normal,1.2060904150646974,Normal,21.536272283425134,Normal,0.03964441471696739,Normal,0.0,Normal,3.8319855570489714,0,0.0
MAR0955,Normal,0.4810935648095895,Normal,-1.31740416779193,Normal,0.990654603049576,Normal,918.4113811399243,Normal,0.06141722564344299,Normal,0.0,Normal,4.379519694738153,0,0.0
JMD0520,Normal,0.5025661311909307,Normal,-1.5068087952791165,Normal,1.0122182358520684,Normal,3333.9822673040467,Normal,0.005192198933203285,Normal,0.0,Normal,4.80571386549399,0,0.0
NCE0097,Normal,0.4031184470032576,Normal,-1.447683456816952,Normal,1.059063872253225,Normal,17.59733299591888,Normal,0.0014333446380632114,Normal,0.0,Normal,3.1698162326703336,0,0.0
OYM0026,Normal,0.4061561933306779,Normal,-1.7488130713748007,Normal,1.006860399116369,Normal,20.280774721192177,Normal,0.007606114160892375,Normal,0.0,Normal,2.752001349591022,0,0.0
RCC0617,Normal,0.40509915329480006,Normal,-1.4076998241389371,Normal,1.0456160888504848,Normal,13.040626106494932,Normal,0.007326797938575086,Normal,0.0,Normal,2.9882312739536623,0,0.0
RRC0553,Normal,0.4827830553204847,Normal,-1.3106264916825483,Normal,1.0226042359941718,Normal,2743.9464855018145,Normal,0.032689765027319524,Normal,0.0,Normal,4.442456817573934,0,0.0
AAM0658,Normal,0.5009848324956818,Normal,-1.261543474295189,Normal,1.0819386455293896,Normal,1959.2706556968033,Normal,0.164894803901856,Normal,0.0,Normal,4.723029765396704,0,0.0
EJW0884,Normal,0.39582293470384755,Normal,-1.642756779819881,Normal,0.999576487046267,Normal,11.262549097950423,Normal,0.022814610797895728,Normal,0.0,Normal,2.2378133692567053,0,0.0
NMG0766,Normal,0.39600854432305793,Normal,-1.3700478607219746,Normal,1.0046633145072297,Normal,12.516653911352279,Normal,0.012483940619903294,Normal,0.0,Normal,2.983894476736501,0,0.0
BER0314,Normal,0.4033802470843038,Normal,-1.4826640138777725,Normal,1.0087666413422165,Normal,14.00768721038756,Normal,0.004098387984236308,Normal,0.0,Normal,2.6739285409689044,0,0.0
MCF0327,Normal,0.39757624951275217,Normal,-1.4669608671899566,Normal,1.0034553862305602,Normal,10.959371587978914,Normal,0.005857353479445748,Normal,0.0,Normal,2.646960247343914,0,0.0
IRT0491,Normal,0.39323808405018,Normal,-1.4286409847100998,Normal,1.019197614538011,Normal,14.449185036507233,Normal,0.010905914512129052,Normal,0.0,Normal,2.6787612389690767,0,0.0
SAT0194,Normal,0.4145242428989216,Normal,-1.5204616403546152,Normal,1.0234042837439254,Normal,10.42449262075142,Normal,0.0017307186853164514,Normal,0.0,Normal,3.286940084133223,0,0.0
FQA0854,Normal,0.38693000449691123,Normal,-1.7574640179075096,Normal,0.9747469898538403,Normal,70.45973240408297,Normal,0.020755362062577068,Normal,0.0,Normal,1.9675064634798998,0,0.0
SCB0534,Normal,0.3801978457864876,Normal,-1.6161745676994057,Normal,0.9753991786697613,Normal,7.2224406745283884,Normal,0.002025544667167149,Normal,0.0,Normal,2.23305091674582,0,0.0
AKR0057,Normal,0.4604555036026301,Normal,-1.6895364375467952,Normal,1.0957587271660354,Normal,821.4677520932113,Normal,0.0039033467342705396,Normal,0.0,Normal,3.637623975246819,0,0.0
ZDW0859,Normal,0.3998850738047964,Normal,-1.6293547520984113,Normal,0.9770301810822815,Normal,653.2006293262457,Normal,0.021625513073014604,Normal,0.0,Normal,2.2956626104592717,0,0.0
OCB0805,Normal,0.38928925040744994,Normal,-1.4630727763546902,Normal,1.0208278431902147,Normal,11.157128650976011,Normal,0.004984830682650938,Normal,0.0,Normal,3.253309799806978,0,0.0
HIA0414,Normal,0.36531305139427533,Normal,-1.8935271651048076,Normal,0.9751876234353652,Normal,5.493289147946609,Normal,0.006322535685530134,Normal,0.0,Normal,2.1765438464390825,0,0.0
NLO0131,Normal,0.4073455780407844,Normal,-1.3146626019172696,Normal,1.0010723897285754,Normal,11.083654289449344,Normal,0.005451811861457886,Normal,0.0,Normal,3.0145917033622585,0,0.0
HVF0067,Normal,0.465878482973281,Normal,-1.540979430270542,Normal,1.1637994913456098,Normal,772.216325802335,Normal,0.0229464749314416,Normal,0.0,Normal,4.171000508484955,0,0.0
LRW0970,Normal,0.41418638973213,Normal,-1.143369798136081,Normal,1.030360990498848,Normal,16.11915798581739,Normal,0.0665624654865422,Normal,0.0,Normal,3.2880544888032612,0,0.0
SJW0451,Normal,0.39277920107141967,Normal,-1.4445626177250146,Normal,0.9862100484526243,Normal,9.928742686679975,Normal,0.001142273530963729,Normal,0.0,Normal,2.6386404858390455,0,0.0
AAF0791,Normal,0.4280935919603235,Normal,-1.1046900128505857,Normal,1.2071003551053714,Normal,21.710867504678657,Normal,0.001075325960383733,Normal,0.0,Normal,3.9390505602271833,0,0.0
CAN0842,Normal,0.3822125930312346,Normal,-1.632439212806317,Normal,0.9760185718269069,Normal,6.175205340948516,Normal,0.014779166762494949,Normal,0.0,Normal,2.2806739859640013,0,0.0
ZSB0649,Normal,0.4421006094082371,Normal,-1.3650340161612726,Normal,1.069679171020791,Normal,14.245244839881876,Normal,0.04573612101737066,Normal,0.0,Normal,3.357020568487813,0,0.0
YJV0699,Normal,0.3974310429345007,Normal,-1.4033311351095996,Normal,1.0315081945949596,Normal,15.971020535962998,Normal,0.02227180038133445,Normal,0.0,Normal,2.9630798393308004,0,0.0
GMF0738,Normal,0.4004725761072226,Normal,-1.3049286652625534,Normal,1.0482732258944225,Normal,14.044920714311466,Normal,0.005281608417952445,Normal,0.0,Normal,3.2616902765287423,0,0.0
XAA0104,Normal,0.43417809432397064,Normal,-1.3494402441330444,Normal,1.1809209066040047,Normal,413.40336210815406,Normal,0.009965553985933254,Normal,0.0,Normal,3.8365620996175442,0,0.0
SOB0586,Normal,0.3772572844308714,Normal,-1.6306071278250083,Normal,0.9746032012584029,Normal,5.998187152054576,Normal,0.007039911138059499,Normal,0.0,Normal,1.962593752268453,0,0.0
KNW0644,Normal,0.4506397183811321,Normal,-1.2543849591637652,Normal,1.0581246431961984,Normal,17.048580140299816,Normal,0.04202314866375072,Normal,0.0,Normal,3.5704261752151134,0,0.0
NGF0157,Normal,0.48859511295987185,Normal,-1.420663760503409,Normal,1.0520661997636973,Normal,6094.956620057211,Normal,0.014614068327153703,Normal,0.0,Normal,4.9519820101341265,0,0.0
MTB0620,Normal,0.468252506641251,Normal,-1.3959353433501158,Normal,1.0811831694397624,Normal,1042.2503265108335,Normal,0.008306124317438535,Normal,0.0,Normal,3.960277197981204,0,0.0
EMW0105,Normal,0.43040622808306256,Normal,-1.3657064080540582,Normal,1.0681099695705285,Normal,18.373342269642766,Normal,0.012630296795849814,Normal,0.0,Normal,3.6192611522981997,0,0.0
TSM0927,Normal,0.40891612639467634,Normal,-1.6093145335459846,Normal,1.0363520584944153,Normal,21.535518195376202,Normal,0.01845067192257629,Normal,0.0,Normal,2.490628001021701,0,0.0
ASS0517,Normal,0.396112614186956,Normal,-1.433106277507816,Normal,1.0123898113803824,Normal,13.955523015890444,Normal,0.006264340332418378,Normal,0.0,Normal,2.6734754835617824,0,0.0
ECF0828,Normal,0.4339864082491451,Normal,-1.4109027114797845,Normal,1.2563389820396196,Normal,99.5194852428075,Normal,0.020537385109298825,Normal,0.0,Normal,3.3389658832202755,0,0.0
NGO0690,Normal,0.411662690573758,Normal,-1.5298882489814918,Normal,1.0458939669771614,Normal,18.943038814535686,Normal,0.0074082318913369465,Normal,0.0,Normal,2.705156607411366,0,0.0
EMW0772,Normal,0.42676419062950255,Normal,-1.399356098631807,Normal,1.1966139238834708,Normal,448.9291729673766,Normal,0.013128850415819193,Normal,0.0,Normal,3.2805250429747947,0,0.0
SED0886,Normal,0.45366464665169454,Normal,-1.4322974001348932,Normal,1.0625501181792045,Normal,504.7507514204127,Normal,0.026201021189890525,Normal,0.0,Normal,4.0498368197727,0,0.0
LUR0896,Normal,0.5099100952349463,Normal,-1.104656897170599,Normal,1.2048582018748373,Normal,524.060175438817,Normal,0.018564629001001396,Normal,0.0,Normal,4.685707027558379,0,0.0
BHW0458,Normal,0.3675505970398737,Normal,-1.8366236684509822,Normal,0.9551446851014882,Normal,4.606577008547387,Normal,0.0013571262743125694,Normal,0.0,Normal,1.1107930137374893,0,0.0
SMY0792,Normal,0.44035537239295247,Normal,-1.6584825283793,Normal,1.0465830829295149,Normal,976.925119069171,Normal,0.020571101546403903,Normal,0.0,Normal,3.2074018460652263,0,0.0
AJD0074,Normal,0.47189597709654635,Normal,-1.3773565669482821,Normal,1.1986731385793024,Normal,5172.298185116584,Normal,0.0357668894974798,Normal,0.0,Normal,3.646650206201465,0,0.0
HDH0928,Normal,0.4596879441339418,Normal,-1.6703309615858344,Normal,1.1919122889089626,Normal,215.84453848715347,Normal,0.0384768804385436,Normal,0.0,Normal,3.3757790006369626,0,0.0
HXL0968,Normal,0.4747688648113601,Normal,-1.3055021245812801,Normal,1.1365561959027284,Normal,626.5004938683738,Normal,0.03974759351318804,Normal,0.0,Normal,3.6173358224852934,0,0.0
CFG0959,Normal,0.4212950427101094,Normal,-1.1047991013797307,Normal,1.1157749384662432,Normal,18.510917425464505,Normal,0.03697287621402726,Normal,0.0,Normal,3.5321741466030696,0,0.0
AHC0142,Normal,0.4110921341644776,Normal,-1.6953462476701637,Normal,1.045589245039513,Normal,2473.3873313819436,Normal,0.00997399491044792,Normal,0.0,Normal,2.556064166219396,0,0.0
WAB0143,Normal,0.3949279391750639,Normal,-1.7563280858641905,Normal,1.0184639356975127,Normal,44.410265738327965,Normal,0.0022402581081379437,Normal,0.0,Normal,2.8260317631754654,0,0.0
WBC0315,Normal,0.40504464503323323,Normal,-1.3295450034050402,Normal,1.0149923631003652,Normal,13.375092669715173,Normal,0.007924546674305056,Normal,0.0,Normal,2.861063258870732,0,0.0
NKH0807,Normal,0.44153124891245144,Normal,-1.2276290861038566,Normal,1.108201049031315,Normal,40.445923757070844,Normal,0.046005213387008796,Normal,0.0,Normal,3.3096817348953516,0,0.0
AHM0410,Normal,0.45733564559142537,Normal,-1.5165949937230947,Normal,1.1795181763818814,Normal,1353.9500527573327,Normal,0.05434698978773203,Normal,0.0,Normal,4.120551789528895,0,0.0
SJO0209,Normal,0.44034949889302677,Normal,-1.3491616883400597,Normal,1.0936226946226433,Normal,413.7429285302656,Normal,0.01973145517126985,Normal,0.0,Normal,3.277490027874349,0,0.0
ONL0276,Normal,0.39444638895095313,Normal,-1.4154314171687679,Normal,1.0636672559365028,Normal,11.581343530361965,Normal,0.002054588569484563,Normal,0.0,Normal,3.403046599935325,0,0.0
KBL0260,Normal,0.40263170657305075,Normal,-1.3715419215117635,Normal,1.0058367828935988,Normal,10.145205299369547,Normal,0.00366534242036845,Normal,0.0,Normal,3.3444242353968514,0,0.0
HJB0742,Normal,0.4407142785503563,Normal,-1.492510177776802,Normal,0.9842780369424402,Normal,907.3114010144988,Normal,0.013326822586307623,Normal,0.0,Normal,4.345875677239722,0,0.0
PMC0328,Normal,0.44340415995343563,Normal,-1.5599798197596544,Normal,1.0954539450709917,Normal,1139.0479889447483,Normal,0.006867451629016227,Normal,0.0,Normal,3.4339889309063047,0,0.0
SVL0803,Normal,0.37312667097931634,Normal,-1.7473226363221261,Normal,0.9947127021684183,Normal,6.173369305432116,Normal,0.003168466572663867,Normal,0.0,Normal,2.144129941009167,0,0.0
JXH0493,Normal,0.38227967499630033,Normal,-1.693047012376763,Normal,0.9817789828829468,Normal,11.701737552167772,Normal,0.02307592924152879,Normal,0.0,Normal,2.069858158285655,0,0.0
LJJ0905,Normal,0.4009385555880698,Normal,-1.5426361674612588,Normal,1.003138154306546,Normal,13.132612510898463,Normal,0.01923139352122127,Normal,0.0,Normal,2.5837882529751877,0,0.0
RAS0432,Normal,0.3988718639686376,Normal,-1.2504214813602195,Normal,1.1831951325152557,Normal,17.026627672045993,Normal,0.005098395347248424,Normal,0.0,Normal,3.811326297122234,0,0.0
TQS0212,Normal,0.41821099689941027,Normal,-1.2797038093872461,Normal,1.0325053609718682,Normal,96.6566290042092,Normal,0.014545245162930391,Normal,0.0,Normal,3.0171629822280583,0,0.0
MIC0726,Normal,0.38951520037880805,Normal,-1.5099987767599121,Normal,1.0023323652749219,Normal,9.487524534897782,Normal,0.0050841899346463154,Normal,0.0,Normal,2.6546002198097494,0,0.0
MCT0720,Normal,0.40591933556984544,Normal,-1.2826623167497757,Normal,1.0741001251045978,Normal,15.102319515735772,Normal,0.01402526101566199,Normal,0.0,Normal,3.072456359931251,0,0.0
MBG0438,Normal,0.3998523502677029,Normal,-1.7155383509084485,Normal,1.0606232964731148,Normal,61.4918068567299,Normal,0.0016335196847074088,Normal,0.0,Normal,2.743468301091205,0,0.0
DLS0383,Normal,0.4102737197611317,Normal,-1.3245335810960928,Normal,1.0385812426605077,Normal,20.047359167941995,Normal,0.017817519578888618,Normal,0.0,Normal,3.416517980924235,0,0.0
CCL0068,Normal,0.4477796101745577,Normal,-1.5503189481478161,Normal,1.2607773100916218,Normal,997.2444510655627,Normal,0.00768008326082607,Normal,0.0,Normal,3.9615661889243494,0,0.0
GKO0078,Normal,0.45249613154817886,Normal,-1.5377852350663206,Normal,1.1480458878195203,Normal,125.18071695329297,Normal,0.030092144955257985,Normal,0.0,Normal,3.3858457323152256,0,0.0
KVS0425,Normal,0.3758724416624462,Normal,-1.7817060274098564,Normal,0.9941478533692856,Normal,7.423453443914842,Normal,0.004071366078218363,Normal,0.0,Normal,2.615787006299001,0,0.0
IIA0092,Normal,0.3947027589362015,Normal,-1.469209459345222,Normal,1.0047408899559414,Normal,11.084912940072888,Normal,0.030859625731812456,Normal,0.0,Normal,2.826537302234292,0,0.0
GRM0868,Normal,0.39306178418300797,Normal,-1.601845957499635,Normal,0.98730107959572,Normal,10.626024776429322,Normal,0.018553395937281857,Normal,0.0,Normal,2.472484795923603,0,0.0
ELH0960,Normal,0.39600756653648955,Normal,-1.225739942984065,Normal,1.056318536808969,Normal,13.60188235466469,Normal,0.04796214108562476,Normal,0.0,Normal,3.132048198570717,0,0.0
ILR0304,Normal,0.3917605484841224,Normal,-1.4218919376826091,Normal,1.0181008390819137,Normal,10.010790064057653,Normal,0.006008631616857732,Normal,0.0,Normal,2.669858515669542,0,0.0
RGG0064,Normal,0.46909593552539747,Normal,-1.283216147410276,Normal,0.9837830272598997,Normal,1050.7269989711574,Normal,0.05954005787663468,Normal,0.0,Normal,4.7934801139469325,0,0.0
SSG0250,Normal,0.3666429255068327,Normal,-1.8142402757307001,Normal,0.9840977284306358,Normal,9.109017049231682,Normal,0.005832931027215712,Normal,0.0,Normal,2.1107265581165056,0,0.0
VFM0814,Normal,0.484882111378182,Normal,-1.3166619282844927,Normal,1.1524048577129098,Normal,555.7469947627521,Normal,0.010956430952487257,Normal,0.0,Normal,3.609015619528005,0,0.0
FKB0163,Normal,0.383368205838476,Normal,-1.541960514756246,Normal,1.0179414443673445,Normal,10.540803560786363,Normal,0.016474041849594123,Normal,0.0,Normal,2.7876102270731615,0,0.0
FRR0832,Normal,0.3909666211955476,Normal,-1.5455461497086849,Normal,1.0025016586326616,Normal,8.034973464884892,Normal,0.019929057420401873,Normal,0.0,Normal,2.4333148873202384,0,0.0
RGN0408,Normal,0.3871664074603623,Normal,-1.5922740696211053,Normal,1.0075730381762242,Normal,9.942426720693943,Normal,0.0037399915397774274,Normal,0.0,Normal,3.1196934501021105,0,0.0
ABH0663,Normal,0.4006182950715626,Normal,-1.3521889567047756,Normal,1.0512204631101976,Normal,12.885210847921941,Normal,0.005826857178121969,Normal,0.0,Normal,3.4456988884838626,0,0.0
HCC0344,Normal,0.3997902068142751,Normal,-1.4455873632526395,Normal,1.0046689328370582,Normal,10.770664896938856,Normal,0.006056403589238512,Normal,0.0,Normal,2.819294240188032,0,0.0
WGR0833,Normal,0.4169006879237704,Normal,-1.3016374439377418,Normal,1.1693954294608875,Normal,14.01188413516554,Normal,0.01649100070329593,Normal,0.0,Normal,3.5456769971868827,0,0.0
IJM0139,Normal,0.39161971479293056,Normal,-1.4130382003859467,Normal,1.03099937251138,Normal,12.23378536780892,Normal,0.017226785422779372,Normal,0.0,Normal,2.7252939704020256,0,0.0
BTN0061,Normal,0.41254846375400844,Normal,-1.7180266914995899,Normal,1.0627134611772735,Normal,578.5128285069453,Normal,0.022139460520026768,Normal,0.0,Normal,2.6492994405356884,0,0.0
SHW0578,Normal,0.39588292676553205,Normal,-1.346949601006238,Normal,1.0085222014798318,Normal,10.08616968363175,Normal,0.003942338076412747,Normal,0.0,Normal,2.946241635917039,0,0.0
DJB0159,Normal,0.43763433614486985,Normal,-1.3635129813027371,Normal,1.1262168234249432,Normal,52.054928627758215,Normal,0.00915077240108391,Normal,0.0,Normal,3.173692259152603,0,0.0
ZSK0258,Normal,0.3637129021477804,Normal,-1.8303542372240804,Normal,0.9777607664005558,Normal,4.079519132694156,Normal,0.0018049769599497653,Normal,0.0,Normal,2.0056131713079774,0,0.0
JRH0455,Normal,0.4651502108397517,Normal,-1.141650812239809,Normal,1.1182203650127507,Normal,414.0597597189221,Normal,0.01364641395642342,Normal,0.0,Normal,4.706096174214846,0,0.0
AAF0535,Normal,0.45913542204535057,Normal,-1.4199752471700564,Normal,1.035016213448601,Normal,536.1124449368016,Normal,0.0009273784334262451,Normal,0.0,Normal,3.4911050889323656,0,0.0
CGA0629,Normal,0.39360121473530374,Normal,-1.5125002442290305,Normal,0.9906349238308326,Normal,8.78850213718662,Normal,0.004978653880287006,Normal,0.0,Normal,2.4100448513536823,0,0.0
EBC0390,Normal,0.3757078302279446,Normal,-1.6027373571758885,Normal,0.9735576763094953,Normal,7.224512972720645,Normal,0.008876218396387857,Normal,0.0,Normal,2.6455870308257508,0,0.0
PDW0259,Normal,0.4027203735929012,Normal,-1.7119297073248294,Normal,1.0141126098852096,Normal,3582.136242372029,Normal,0.007946663718864953,Normal,0.0,Normal,2.3084353094117476,0,0.0
TCD0009,Normal,0.3886422862882008,Normal,-1.5428754680240004,Normal,1.011665165445833,Normal,10.954966729859812,Normal,0.015434274584109108,Normal,0.0,Normal,2.6717638743768752,0,0.0
CSP0197,Normal,0.40889263320965896,Normal,-1.6455392011355516,Normal,1.0685052172729452,Normal,23.11097863922676,Normal,0.029991321828391995,Normal,0.0,Normal,2.966062760274354,0,0.0
MJM0510,Normal,0.3971301912258466,Normal,-1.548636098862229,Normal,1.0608582931473172,Normal,28.412848770942727,Normal,0.028851626111579123,Normal,0.0,Normal,2.8401166428578852,0,0.0
BWP0202,Normal,0.46360215095498036,Normal,-1.5194298554306536,Normal,0.999946974408299,Normal,808.9064255791405,Normal,0.02159194501580484,Normal,0.0,Normal,4.460278374935526,0,0.0
DCC0160,Normal,0.4324981188706448,Normal,-1.4225504902707622,Normal,1.2610857643857996,Normal,23.682389269560975,Normal,0.03349968033074498,Normal,0.0,Normal,3.6197191170600673,0,0.0
MAW0166,Normal,0.4066708045185525,Normal,-1.3253278650722222,Normal,1.0738041381153633,Normal,19.262086790372113,Normal,0.004340304344449464,Normal,0.0,Normal,3.1260200462636947,0,0.0
JLW0053,Normal,0.41533633192952163,Normal,-1.5153382931657329,Normal,1.0625907729548592,Normal,35.82787610165836,Normal,0.04740149128449478,Normal,0.0,Normal,3.068852636620225,0,0.0
CFW0264,Normal,0.4616944158020776,Normal,-1.1049890453009927,Normal,1.1109341934355081,Normal,405.5484144750987,Normal,0.10733418221273311,Normal,0.0,Normal,4.884169170602133,0,0.0
AIM0627,Normal,0.3877930199055275,Normal,-1.5585936520218058,Normal,0.9856943322369149,Normal,9.218274440333388,Normal,0.004286239449627643,Normal,0.0,Normal,2.594710718719109,0,0.0
CJF0802,Normal,0.4502343973431193,Normal,-1.4020078599963564,Normal,1.1900198352744025,Normal,327.65579611797597,Normal,0.0090407775646359,Normal,0.0,Normal,4.454374905690241,0,0.0
PAD0773,Normal,0.4671233032137119,Normal,-1.279287902025097,Normal,1.1004383471562487,Normal,4789.453357469389,Normal,0.11055225878288756,Normal,0.0,Normal,4.267019995572487,0,0.0
HKI0171,Normal,0.420738966161611,Normal,-1.3241766578952379,Normal,1.0461457616729555,Normal,16.982173553704314,Normal,0.004623519277842312,Normal,0.0,Normal,3.090590155594893,0,0.0
SLT0907,Normal,0.44539195830323275,Normal,-1.3585018458469607,Normal,1.1553964590352421,Normal,156.3964324541103,Normal,0.013798316339872557,Normal,0.0,Normal,3.531274432362379,0,0.0
MCS0035,Normal,0.4125325650990777,Normal,-1.4215058930910822,Normal,1.0217170240020255,Normal,14.714327629233457,Normal,0.003371864538065374,Normal,0.0,Normal,2.8921945358042462,0,0.0
ORM0669,Normal,0.38088037662958796,Normal,-1.6048720731579313,Normal,0.9889701388467638,Normal,7.90466763276098,Normal,0.007190342021243353,Normal,0.0,Normal,2.5233419186377906,0,0.0
JIG0128,Normal,0.39533152108163394,Normal,-1.6834505665473962,Normal,1.0036869549461054,Normal,17.60756964557815,Normal,0.02361764793857273,Normal,0.0,Normal,2.14014281863924,0,0.0
JPW0741,Normal,0.3874547400477281,Normal,-1.5952690659704092,Normal,0.9997909432277545,Normal,10.8859354157168,Normal,0.007886954430823082,Normal,0.0,Normal,2.31013240010232,0,0.0
IMG0320,Normal,0.4056972190950305,Normal,-1.4395658084997616,Normal,1.047857125395747,Normal,13.281884586902443,Normal,0.002403409504932005,Normal,0.0,Normal,3.0869403521753944,0,0.0
ESR0693,Normal,0.45076014006670106,Normal,-1.7376548183878187,Normal,1.0318835003854372,Normal,465.62827845315917,Normal,0.01242175468105794,Normal,0.0,Normal,3.369261072402458,0,0.0
ALB0892,Normal,0.45029958645561247,Normal,-1.5288173558352733,Normal,1.0671877832321723,Normal,973.0484567284767,Normal,0.013705871963353045,Normal,0.0,Normal,2.8124505812442684,0,0.0
APG0307,Normal,0.3881736446020901,Normal,-1.4030674683394053,Normal,1.0296555252719024,Normal,9.5832691837863,Normal,0.008582057824131023,Normal,0.0,Normal,2.730087232638513,0,0.0
IBP0883,Normal,0.48137561282835484,Normal,-1.1047503478159122,Normal,1.2322875989935258,Normal,526.4146254153728,Normal,0.02959844024359588,Normal,0.0,Normal,4.950144460230302,0,0.0
OJK0233,Normal,0.38970105448716097,Normal,-1.8341131720212271,Normal,1.0229085199182752,Normal,14.769525514345986,Normal,0.012205632963001397,Normal,0.0,Normal,2.200777620016148,0,0.0
FDE0117,Normal,0.4111872918287588,Normal,-1.6045062010848627,Normal,1.038780797604947,Normal,37.81340787155363,Normal,0.06162130341691982,Normal,0.0,Normal,2.6271994860396313,0,0.0
MSD0939,Normal,0.3798625228103477,Normal,-1.5063509663738792,Normal,0.9932577292735042,Normal,9.469574920566782,Normal,0.024400231552142673,Normal,0.0,Normal,2.693886545477866,0,0.0
ANP0555,Normal,0.383135600476247,Normal,-1.6193521860563533,Normal,1.0427777077482316,Normal,10.650034188905925,Normal,0.002586756845332055,Normal,0.0,Normal,2.861564145417707,0,0.0
TOR0193,Normal,0.3963338098187183,Normal,-1.7779559981991826,Normal,1.0230053035973896,Normal,14.004035911987389,Normal,0.008513471433289592,Normal,0.0,Normal,2.4589904916530094,0,0.0
RNL0695,Normal,0.41550095818854405,Normal,-1.5541895630692681,Normal,1.0530325966560223,Normal,19.483319375031076,Normal,0.005922513458143414,Normal,0.0,Normal,2.7895762132811806,0,0.0
TDJ0998,Normal,0.4122491653520276,Normal,-1.4871615212451839,Normal,1.0626313106273377,Normal,25.39316815930843,Normal,0.022518915316309576,Normal,0.0,Normal,2.9914889423210833,0,0.0
IJM0776,Normal,0.45461859614966343,Normal,-1.3913202706505923,Normal,1.0012265259658961,Normal,544.5586907283523,Normal,0.00657648185536416,Normal,0.0,Normal,3.504110759270726,0,0.0
RIH0777,Normal,0.3851800420257265,Normal,-1.4956293097497766,Normal,1.050122968527919,Normal,13.983148884484372,Normal,0.005898822289238838,Normal,0.0,Normal,2.732983744545269,0,0.0
IUY0279,Normal,0.3991360531449978,Normal,-1.8015791432276353,Normal,1.0299350048868081,Normal,19.690983342118194,Normal,0.02288767234567179,Normal,0.0,Normal,2.6263367370054893,0,0.0
WTR0563,Normal,0.3930005804457294,Normal,-1.5261948806302286,Normal,1.0436048456863567,Normal,11.52156482116077,Normal,0.03206701983796175,Normal,0.0,Normal,3.305084106586588,0,0.0
JMH0543,Normal,0.40836875440663484,Normal,-1.6428960457399662,Normal,1.1773425589136912,Normal,77.5830822010322,Normal,0.012674234665109628,Normal,0.0,Normal,2.8936935794053014,0,0.0
CBG0398,Normal,0.4187983437962539,Normal,-1.5861562468494275,Normal,1.049859395561671,Normal,15.892547523062243,Normal,0.008384890037439799,Normal,0.0,Normal,2.9510431805516797,0,0.0
CYA0506,Normal,0.4549678051948719,Normal,-1.1783007620746302,Normal,1.1623493626506476,Normal,286.08104285511257,Normal,0.010073252647267977,Normal,0.0,Normal,4.294439495801604,0,0.0
QJR0688,Normal,0.4780853186115119,Normal,-1.71594498579099,Normal,1.2249303372215306,Normal,592.8626335729894,Normal,0.015437647364431656,Normal,0.0,Normal,3.2848283335936426,0,0.0
HAM0985,Normal,0.39776230207017627,Normal,-1.5242401454174854,Normal,1.0344776526233534,Normal,12.206721339959172,Normal,0.004272132971977442,Normal,0.0,Normal,3.2082097046421407,0,0.0
AKH0758,Normal,0.38992461689917113,Normal,-1.4104388284052682,Normal,1.0139445781772116,Normal,12.850258083159748,Normal,0.011586618831887835,Normal,0.0,Normal,2.5110019875783856,0,0.0
ADF0397,Normal,0.4188225904668727,Normal,-1.5112085437921792,Normal,1.0609287735525157,Normal,19.80770301087545,Normal,0.009245029869769892,Normal,0.0,Normal,3.1813778682932914,0,0.0
AAL0706,Normal,0.3974206552287701,Normal,-1.4141561208170508,Normal,1.0181262211386102,Normal,13.226768568053854,Normal,0.011276950871828386,Normal,0.0,Normal,2.831138354006842,0,0.0
BNR0965,Normal,0.40897156549866576,Normal,-1.255192533288814,Normal,1.1206512433774418,Normal,21.68725924678167,Normal,0.03530226985709628,Normal,0.0,Normal,3.4812290730019786,0,0.0
MJB0588,Normal,0.3999948660436947,Normal,-1.3564592311212416,Normal,1.0580761180560683,Normal,10.963056440889016,Normal,0.005585283413643443,Normal,0.0,Normal,3.073538761582809,0,0.0
SBD0913,Normal,0.41697622773901627,Normal,-1.1870677787432518,Normal,1.2282294651211136,Normal,18.17778976731088,Normal,0.019516995749115022,Normal,0.0,Normal,3.982624707365699,0,0.0
ORB0473,Normal,0.3999610729723824,Normal,-1.42674113472617,Normal,1.0421784983488815,Normal,12.253541304713695,Normal,0.002633430716591591,Normal,0.0,Normal,2.9574841713986384,0,0.0
AMH0464,Normal,0.40874891668742064,Normal,-1.24887510857403,Normal,1.0590302975043797,Normal,15.082881904627065,Normal,0.0026040921294997296,Normal,0.0,Normal,3.0089275174423533,0,0.0
CLH0703,Normal,0.39381983031153295,Normal,-1.37763106938828,Normal,1.0017894795200242,Normal,11.577756766796146,Normal,0.013528869936694847,Normal,0.0,Normal,2.828374786174751,0,0.0
TLH0648,Normal,0.4234978274157836,Normal,-1.4422113724280363,Normal,1.0887099345675524,Normal,13.299708931962781,Normal,0.05105311781502864,Normal,0.0,Normal,2.936308327259958,0,0.0
KRM0541,Normal,0.3862187951922345,Normal,-1.759549437961023,Normal,1.0105283515505517,Normal,797.3538354258195,Normal,0.007010368852916184,Normal,0.0,Normal,2.6077775894142365,0,0.0
GHL0460,Normal,0.47612225830000887,Normal,-1.407095107102426,Normal,0.9954419728638652,Normal,892.5403318529268,Normal,0.01671390958721665,Normal,0.0,Normal,3.9522066061940735,0,0.0
PRM0740,Normal,0.39740295930194053,Normal,-1.36218557521079,Normal,1.003690101430357,Normal,14.218612859840349,Normal,0.008633161874674862,Normal,0.0,Normal,2.898489953518662,0,0.0
GQF0659,Normal,0.42629521351151123,Normal,-1.4651919860625242,Normal,1.055300800447496,Normal,13.699501450628754,Normal,0.05827989191918877,Normal,0.0,Normal,3.0212498348493573,0,0.0
AAV0450,Normal,0.3781785993466173,Normal,-1.583736935483364,Normal,0.9848992461642634,Normal,8.79231403581135,Normal,0.0020191370430900192,Normal,0.0,Normal,2.0962975982191456,0,0.0
MLG0475,Normal,0.38931727595995713,Normal,-1.4897635573207921,Normal,1.018519933208643,Normal,11.675435053313238,Normal,0.0016573915417899979,Normal,0.0,Normal,2.5538635533029064,0,0.0
PNH0761,Normal,0.4765603786852291,Normal,-1.56388335868745,Normal,0.9949368574151434,Normal,3717.5564677868533,Normal,0.05566437741291194,Normal,0.0,Normal,4.573834840814276,0,0.0
SDO0170,Normal,0.405885137939545,Normal,-1.4267011230148359,Normal,1.0011193344703577,Normal,13.821334978320408,Normal,0.009067514175191256,Normal,0.0,Normal,2.7332071774926927,0,0.0
TEB0251,Normal,0.39576278802565923,Normal,-1.5052114963031435,Normal,1.0266721343027005,Normal,14.536336148815675,Normal,0.009332834479901617,Normal,0.0,Normal,3.1323158562170885,0,0.0
MAH0864,Normal,0.38850484887216497,Normal,-1.5957342414166567,Normal,0.9862102938445201,Normal,12.275278224380486,Normal,0.01691714872153696,Normal,0.0,Normal,2.3795074207026827,0,0.0
ETR0428,Normal,0.4124305364857734,Normal,-1.369853343880796,Normal,1.0692319491927789,Normal,30.466744599644954,Normal,0.003032919788153846,Normal,0.0,Normal,3.501199277713529,0,0.0
MKP0861,Normal,0.3853327085889241,Normal,-1.7356807397214793,Normal,0.9878724906991947,Normal,17.530387364527304,Normal,0.020457819581962258,Normal,0.0,Normal,1.9357872715895381,0,0.0
CFM0767,Normal,0.46547193996908537,Normal,-1.5515885401870095,Normal,0.9857939353433803,Normal,478.4777468500469,Normal,0.0034822741915967407,Normal,0.0,Normal,4.173049287548205,0,0.0
NSS0876,Normal,0.3865209742244037,Normal,-1.5562828464554683,Normal,0.994496065462305,Normal,16.6206073604354,Normal,0.015143677862029524,Normal,0.0,Normal,2.409965934436817,0,0.0
CJK0200,Normal,0.3859595885553209,Normal,-1.5712463562993146,Normal,0.9822868767889525,Normal,9.98538585442546,Normal,0.02565224723054924,Normal,0.0,Normal,2.178546539552582,0,0.0
ALD0544,Normal,0.3870535398920569,Normal,-1.590679540401752,Normal,1.0053263383687017,Normal,9.94909146930404,Normal,0.004174773040069532,Normal,0.0,Normal,3.1290855719294,0,0.0
PDH0716,Normal,0.4748622665113526,Normal,-1.2936668070164985,Normal,1.1580174426754115,Normal,148.2177207522926,Normal,0.009877302735530601,Normal,0.0,Normal,4.0626522258149995,0,0.0
CCW0031,Normal,0.3947222113270187,Normal,-1.4712009734690292,Normal,0.9940372213635135,Normal,20.363005765505644,Normal,0.011356761811439168,Normal,0.0,Normal,2.408783423789962,0,0.0
BDV0168,Normal,0.46492946495074977,Normal,-1.4733542065764567,Normal,1.0019955262394737,Normal,1025.6475413441149,Normal,0.03929837762098988,Normal,0.0,Normal,4.373088346594601,0,0.0
CWR0502,Normal,0.45365300939491965,Normal,-1.4223034754689772,Normal,1.1094052127817262,Normal,193.5084759180315,Normal,0.030538415028239698,Normal,0.0,Normal,3.4075098167151086,0,0.0
CJC0494,Normal,0.412360136539107,Normal,-1.2830879733122151,Normal,1.1209964021504064,Normal,19.684750543340197,Normal,0.017889040321318283,Normal,0.0,Normal,3.455796725299377,0,0.0
MAE0331,Normal,0.37978284443168675,Normal,-1.6516986983508408,Normal,0.9951632328135295,Normal,9.361922733951268,Normal,0.003958434116307075,Normal,0.0,Normal,2.3116801643358342,0,0.0
ECL0930,Normal,0.3812525130414994,Normal,-1.6146118654021624,Normal,0.9981615369963031,Normal,10.225045977227113,Normal,0.019565485206224132,Normal,0.0,Normal,2.4604921940276894,0,0.0
AQD0820,Normal,0.42482090492170393,Normal,-1.5991487803976017,Normal,1.0597761247811666,Normal,32.355885156201936,Normal,0.03157762058798441,Normal,0.0,Normal,2.5787299473225835,0,0.0
MDM0976,Normal,0.37065369162371536,Normal,-1.8080257831421274,Normal,0.9729312266105291,Normal,9.742479936058755,Normal,0.009472759748951743,Normal,0.0,Normal,2.252323569956148,0,0.0
XBN0229,Normal,0.3891510318134944,Normal,-1.8047287941951602,Normal,1.0268361226557592,Normal,13.562858739944463,Normal,0.01514927101500043,Normal,0.0,Normal,2.4196503778938796,0,0.0
LDB0090,Normal,0.42322901081620157,Normal,-1.2079359407674815,Normal,1.0476883298017223,Normal,16.59527919477438,Normal,0.02468876669666954,Normal,0.0,Normal,3.269654658582327,0,0.0
TIW0299,Normal,0.3945598237857848,Normal,-1.3947812275773699,Normal,1.0151433763790205,Normal,10.821895348303105,Normal,0.012978670315507345,Normal,0.0,Normal,2.6714101740414855,0,0.0
KJG0910,Normal,0.4132234119221515,Normal,-1.4732357497222022,Normal,1.0609432115637119,Normal,14.187191113403351,Normal,0.026933288317225343,Normal,0.0,Normal,3.0678613433277375,0,0.0
SMH0291,Normal,0.44405058824715316,Normal,-1.1048497105589379,Normal,1.3122516586488047,Normal,631.8484866693295,Normal,0.025694830647735877,Normal,0.0,Normal,4.108518864998225,0,0.0
JCR0921,Normal,0.40639590705363227,Normal,-1.5327818866274177,Normal,1.0134709588424073,Normal,20.24340161952224,Normal,0.014909600992049778,Normal,0.0,Normal,2.587921538588208,0,0.0
DLF0377,Normal,0.3741142236932933,Normal,-1.6741692893786984,Normal,0.9658693949287134,Normal,5.509847321797197,Normal,0.008572681363976828,Normal,0.0,Normal,2.404892921752616,0,0.0
HMM0108,Normal,0.48810859663394607,Normal,-1.1379493155374714,Normal,1.0321712441261823,Normal,920.0072064511525,Normal,0.026388799420347022,Normal,0.0,Normal,4.897393097761939,0,0.0
OMS0101,Normal,0.40233399663181957,Normal,-1.4241668135861987,Normal,1.0070052348938219,Normal,12.586698528796177,Normal,0.0013889048988499624,Normal,0.0,Normal,3.186592054896502,0,0.0
CJH0702,Normal,0.39015973666811227,Normal,-1.4297866596871351,Normal,1.0261208668228468,Normal,11.929471870587118,Normal,0.011203293619751444,Normal,0.0,Normal,2.6587141356757744,0,0.0
CTR0697,Normal,0.4382267567086286,Normal,-1.3820867546662399,Normal,1.2161746044161992,Normal,267.57244023533576,Normal,0.02142383879585914,Normal,0.0,Normal,3.6285713031328695,0,0.0
CCC0393,Normal,0.39843369146146945,Normal,-1.793686785323185,Normal,0.9941487976410338,Normal,14.087051068923031,Normal,0.013576843939429732,Normal,0.0,Normal,2.230844032338158,0,0.0
BVN0514,Normal,0.4352722072765238,Normal,-1.4307561694287587,Normal,1.0741803206386673,Normal,278.3031184055227,Normal,0.009721449190759228,Normal,0.0,Normal,3.755400070529434,0,0.0
LTS0860,Normal,0.3921386138274801,Normal,-1.664839125319173,Normal,1.0132318065385806,Normal,12.536901955358962,Normal,0.03151000328388019,Normal,0.0,Normal,2.385775666469056,0,0.0
IAR0694,Normal,0.4852844089066919,Normal,-1.300953586990097,Normal,1.3807921984373663,Normal,7432.180840216625,Normal,0.03586260960602184,Normal,0.0,Normal,4.070515529640478,0,0.0
WVB0539,Normal,0.4005317659643458,Normal,-1.4904524375153756,Normal,1.0302692618982718,Normal,15.58029555950423,Normal,0.007634900966087327,Normal,0.0,Normal,2.6945797373997213,0,0.0
KKC0683,Normal,0.4034142904438173,Normal,-1.611985468488066,Normal,1.046344336283602,Normal,15.947103757301948,Normal,0.006176536857676363,Normal,0.0,Normal,2.6626718721033042,0,0.0
NUL0471,Normal,0.38626878632621164,Normal,-1.6151780847295285,Normal,1.0028347075209418,Normal,13.945751207781553,Normal,0.00449693848351885,Normal,0.0,Normal,2.3209366508667606,0,0.0
AMD0077,Normal,0.4378375802135833,Normal,-1.297060950608836,Normal,1.0614924754901525,Normal,16.160821457480473,Normal,0.010673770889858865,Normal,0.0,Normal,3.3742018009729295,0,0.0
WAS0254,Normal,0.3935659951620561,Normal,-1.5540802423129831,Normal,1.0575310564075198,Normal,16.97552181162492,Normal,0.00677374807023479,Normal,0.0,Normal,2.847310468332843,0,0.0
DIC0988,Normal,0.38662410490861804,Normal,-1.8943967421196295,Normal,1.006871726386895,Normal,12.553100841481799,Normal,0.009427535557959237,Normal,0.0,Normal,2.440771202116607,0,0.0
SDB0106,Normal,0.4173095508357143,Normal,-1.6843415055254378,Normal,1.0575762825381014,Normal,22.243529821768014,Normal,0.029551081967378334,Normal,0.0,Normal,2.9325168938646837,0,0.0
BIS0247,Normal,0.4599424526133342,Normal,-1.486621663561922,Normal,0.9878970819603847,Normal,768.6310450033936,Normal,0.012848037669299877,Normal,0.0,Normal,4.6321216976110415,0,0.0
FIR0920,Normal,0.42534810927203337,Normal,-1.5258991997683786,Normal,1.036843545406351,Normal,25.41639768293784,Normal,0.013354000551633325,Normal,0.0,Normal,2.8044282321165483,0,0.0
ESH0135,Normal,0.3816489069383565,Normal,-1.579483036130453,Normal,0.9978408346480018,Normal,8.804085463579744,Normal,0.009929669411561799,Normal,0.0,Normal,2.2058438908575875,0,0.0
UCH0519,Normal,0.40297599336897894,Normal,-1.473671305355932,Normal,1.0332540176159783,Normal,31.342357413731953,Normal,0.0005946519140616168,Normal,0.0,Normal,2.544171528545259,0,0.0
BEH0615,Normal,0.474726253725258,Normal,-1.3236669489720005,Normal,1.2135799141602255,Normal,1443.2292409623649,Normal,0.009904161726864197,Normal,0.0,Normal,3.5553754565214164,0,0.0
RMS0266,Normal,0.41132316379178185,Normal,-1.3400222429774509,Normal,1.073711053349622,Normal,16.4923257159194,Normal,0.029123809296529614,Normal,0.0,Normal,3.166475192920064,0,0.0
AWM0764,Normal,0.39606648794745775,Normal,-1.4024699488220795,Normal,1.0247200689402962,Normal,13.397956561860122,Normal,0.004097857957048619,Normal,0.0,Normal,3.065199766519609,0,0.0
AJH0175,Normal,0.490529869699431,Normal,-1.165388220517018,Normal,1.0406047816781698,Normal,656.6286501766062,Normal,0.04182762264002274,Normal,0.0,Normal,4.770257520521508,0,0.0
JML0909,Normal,0.40914046128220244,Normal,-1.4347237951614173,Normal,1.0753013383501886,Normal,17.03069908682967,Normal,0.01462417309139576,Normal,0.0,Normal,2.924980150237863,0,0.0
HIW0536,Normal,0.40169143080967745,Normal,-1.4992211063363576,Normal,1.050606872523328,Normal,23.784596900877585,Normal,0.009945256219617105,Normal,0.0,Normal,2.971178011620331,0,0.0
BTS0011,Normal,0.42543046867161194,Normal,-1.344076116544144,Normal,1.0993428844370008,Normal,15.062402565479497,Normal,0.013797509372155793,Normal,0.0,Normal,3.058938901530729,0,0.0
CCH0182,Normal,0.38586354598031813,Normal,-1.5746397307918687,Normal,1.0004587150752484,Normal,10.271450738961258,Normal,0.00589994906901043,Normal,0.0,Normal,2.5039460462976004,0,0.0
KBB0189,Normal,0.40401776380708226,Normal,-1.502091240929458,Normal,1.0359372408992216,Normal,15.881689770788526,Normal,0.018018307047153632,Normal,0.0,Normal,2.681594083348357,0,0.0
JSA0775,Normal,0.42101473269006173,Normal,-1.1939197765390874,Normal,1.1341251566820179,Normal,18.970436209836002,Normal,0.0030789242864049976,Normal,0.0,Normal,3.9556096562583396,0,0.0
ABC0253,Normal,0.38389970329043327,Normal,-1.6199708420994183,Normal,0.9809109603186655,Normal,11.28107940175619,Normal,0.006703072055946446,Normal,0.0,Normal,2.5473900339031568,0,0.0
RYB0718,Normal,0.4158001338142717,Normal,-1.141887311375563,Normal,1.0403649447423358,Normal,13.811216949738439,Normal,0.021021900654408,Normal,0.0,Normal,3.3821718252640407,0,0.0
EHD0584,Normal,0.4787268338218145,Normal,-1.3965059565707905,Normal,1.0430530077966544,Normal,922.423267344372,Normal,0.005280592707580229,Normal,0.0,Normal,4.257753516512376,0,0.0
TDG0962,Normal,0.40868906051080234,Normal,-1.2679148907519406,Normal,1.1578621081883302,Normal,27.651559074342497,Normal,0.0677855100139979,Normal,0.0,Normal,3.240116292086475,0,0.0
AJP0723,Normal,0.3892612191906753,Normal,-1.4292179417050501,Normal,1.0046609725969897,Normal,10.674086134969208,Normal,0.01658320471045957,Normal,0.0,Normal,2.59301498745648,0,0.0
DIB0081,Normal,0.4610415018137786,Normal,-1.49492594040921,Normal,1.03708024043673,Normal,319.85861156560196,Normal,0.016867947331443728,Normal,0.0,Normal,3.861375332341788,0,0.0
BCR0581,Normal,0.4125127810259099,Normal,-1.431390854394504,Normal,0.9838386323023357,Normal,21.078390672111453,Normal,0.0201606518076161,Normal,0.0,Normal,2.742095053403498,0,0.0
ILH0958,Normal,0.5071161960180728,Normal,-1.1405987110368159,Normal,1.1396581347668642,Normal,8056.556654323868,Normal,0.16565817074067543,Normal,0.0,Normal,4.444831464140456,0,0.0
MSG0839,Normal,0.39242128273812776,Normal,-1.4998984482969664,Normal,0.9903984530464962,Normal,8.419023910660577,Normal,0.017479062722532798,Normal,0.0,Normal,2.7016602638976304,0,0.0
ROB0272,Normal,0.3749630768388336,Normal,-1.5671901515836693,Normal,0.9823154281856062,Normal,8.896794094575665,Normal,0.0038899538636935796,Normal,0.0,Normal,2.8152054871748757,0,0.0
MBJ0312,Normal,0.489608270671331,Normal,-1.1313570401998017,Normal,1.2782451657380238,Normal,3106.644705135907,Normal,0.02000558682893538,Normal,0.0,Normal,4.196318647952323,0,0.0
GCC0945,Normal,0.38298779255982085,Normal,-1.434446048926023,Normal,1.0119552128621703,Normal,10.78173598685123,Normal,0.04827093275852589,Normal,0.0,Normal,2.5372316978626195,0,0.0
IHK0841,Normal,0.3852231034215664,Normal,-1.667151863920548,Normal,0.9870081251452871,Normal,5.658092527963446,Normal,0.01659813190524121,Normal,0.0,Normal,2.0499245256508813,0,0.0
SLP0762,Normal,0.39493120852790187,Normal,-1.399345768344132,Normal,1.002030520799034,Normal,12.374041569804755,Normal,0.005444234243527302,Normal,0.0,Normal,2.950900520459019,0,0.0
WDV0573,Normal,0.47030986856859414,Normal,-1.2746732574566884,Normal,1.3363125711265444,Normal,452.862833246216,Normal,0.015463326101406986,Normal,0.0,Normal,4.148470847700343,0,0.0
LDG0459,Normal,0.45791180651148494,Normal,-1.2544902105937927,Normal,1.1639892631970263,Normal,377.17494113685177,Normal,0.013571652065646233,Normal,0.0,Normal,3.8068800046403624,0,0.0
JHP0583,Normal,0.5215506191196969,Normal,-1.3066319059042342,Normal,1.0311169011814545,Normal,1163.3708893163164,Normal,0.01342893732655502,Normal,0.0,Normal,5.1641133484067305,0,0.0
JFC0557,Normal,0.4688094714366649,Normal,-1.64237236764006,Normal,1.1056676503781895,Normal,2543.52465034862,Normal,0.02853514444826483,Normal,0.0,Normal,4.751959577635266,0,0.0
JOL0024,Normal,0.3896245753164677,Normal,-1.5108048032145085,Normal,1.0166705410574184,Normal,14.199739270578338,Normal,0.014656164676315087,Normal,0.0,Normal,3.034823246991373,0,0.0
MVF0594,Normal,0.3916497721751062,Normal,-1.5004657877519068,Normal,1.0638290768448964,Normal,9.997882011652605,Normal,0.0031911102719289906,Normal,0.0,Normal,2.865039175179676,0,0.0
DSB0731,Normal,0.3945787676439702,Normal,-1.4246435288089838,Normal,1.01958761514898,Normal,15.347455975089204,Normal,0.0046254927679166,Normal,0.0,Normal,2.683972378400515,0,0.0
UJC0737,Normal,0.40905170463998836,Normal,-1.2711730857746475,Normal,1.035219414108973,Normal,15.202804801406351,Normal,0.003425913613508288,Normal,0.0,Normal,3.3058682216146225,0,0.0
IBB0696,Normal,0.4746175034405195,Normal,-1.3096109367466449,Normal,1.177998827773135,Normal,778.7379551984545,Normal,0.0028931973708477164,Normal,0.0,Normal,3.6433918202496742,0,0.0
RRP0568,Normal,0.465074295945395,Normal,-1.412147473408634,Normal,1.141103401827997,Normal,320.43827760230107,Normal,0.0499566772588917,Normal,0.0,Normal,4.076304701291011,0,0.0
NHH0185,Normal,0.38131330200896324,Normal,-1.7132784886156036,Normal,0.9897376907177377,Normal,197.75522033622596,Normal,0.004134663901920107,Normal,0.0,Normal,2.206079433992871,0,0.0
OSH0655,Normal,0.45081268515349143,Normal,-1.2843308450277582,Normal,1.112813418560831,Normal,15.861004013104862,Normal,0.037456352297988105,Normal,0.0,Normal,3.6797921179401842,0,0.0
AOB0019,Normal,0.3976565496857073,Normal,-1.4047281159530638,Normal,1.0092420029829043,Normal,12.258641017666207,Normal,0.004715183606077641,Normal,0.0,Normal,3.344567799080258,0,0.0
HAH0248,Normal,0.3678426547295903,Normal,-1.742847380848423,Normal,0.9719364220916613,Normal,5.978118466291606,Normal,0.0019371573204838238,Normal,0.0,Normal,2.3694692468266316,0,0.0
WBC0192,Normal,0.4416978219349052,Normal,-1.363576641903066,Normal,1.163239509728089,Normal,423.6832791416341,Normal,0.011583966301476976,Normal,0.0,Normal,3.302905740104894,0,0.0
SGB0140,Normal,0.41726207443982183,Normal,-1.2524740483933254,Normal,1.1122986516088134,Normal,26.084034930591827,Normal,0.04198013138754033,Normal,0.0,Normal,3.2985703890846763,0,0.0
HTF0641,Normal,0.4207483337007417,Normal,-1.4571018438679058,Normal,1.0692230201002642,Normal,13.874768215177543,Normal,0.05867208137394082,Normal,0.0,Normal,2.9799204790558593,0,0.0
SSS0345,Normal,0.3941194034871563,Normal,-1.5158370975986424,Normal,1.018435545896206,Normal,10.276753179739321,Normal,0.0025853648919654994,Normal,0.0,Normal,2.8227970282951866,0,0.0
CNM0800,Normal,0.39867065019925435,Normal,-1.3902456666322773,Normal,1.0399055114616074,Normal,12.092840362387854,Normal,0.004873911921981336,Normal,0.0,Normal,3.334513719557075,0,0.0
SMB0804,Normal,0.387397706333335,Normal,-1.4808088002136284,Normal,1.0656187974778004,Normal,11.833600045097407,Normal,0.007999752417171897,Normal,0.0,Normal,3.1788817425962552,0,0.0
VMJ0147,Normal,0.40895922196703666,Normal,-1.6901173345909488,Normal,1.0140233084636203,Normal,18.504367708288214,Normal,0.005359454972023287,Normal,0.0,Normal,2.8056812546365055,0,0.0
AKC0924,Normal,0.39324526201262455,Normal,-1.6458775638645289,Normal,1.0139210512448287,Normal,23.24502091247722,Normal,0.027980677794149134,Normal,0.0,Normal,2.091070705084083,0,0.0
IIL0513,Normal,0.42310921511549193,Normal,-1.3731857194504846,Normal,1.1813670678117048,Normal,1810.209488248451,Normal,0.010095297691687552,Normal,0.0,Normal,3.607253784399381,0,0.0
RFP0380,Normal,0.37429975535611126,Normal,-1.629164971544015,Normal,0.9768291009442978,Normal,6.919350852290335,Normal,0.00827626601875043,Normal,0.0,Normal,2.5773568071857453,0,0.0
JFC0757,Normal,0.3906320767848176,Normal,-1.5121009834002488,Normal,1.0239829082350103,Normal,13.418156324701656,Normal,0.005364366990605011,Normal,0.0,Normal,2.752145050667195,0,0.0
AJL0462,Normal,0.46631707743093936,Normal,-1.2876583952318261,Normal,1.172402188584436,Normal,358.29902675517485,Normal,0.009887243145594119,Normal,0.0,Normal,4.03492238757548,0,0.0
RAM0447,Normal,0.44072051463417045,Normal,-1.1433395390526853,Normal,1.252315804750587,Normal,360.36873947377416,Normal,0.0036568595888313705,Normal,0.0,Normal,3.928841240095582,0,0.0
JKJ0698,Normal,0.4415905792739553,Normal,-1.2294892501781356,Normal,1.1315145382217655,Normal,2436.80515592997,Normal,0.029242771247555897,Normal,0.0,Normal,3.3860385144403784,0,0.0
TAP0551,Normal,0.48006298588120727,Normal,-1.4611466158419637,Normal,1.0131765387954228,Normal,917.8523714556486,Normal,0.010960591350178841,Normal,0.0,Normal,4.593342409617954,0,0.0
AOK0844,Normal,0.5326848172438415,Normal,-1.3667289461165313,Normal,1.058603359774176,Normal,1862.9899508906124,Normal,0.013822253439106102,Normal,0.0,Normal,4.876520756439766,0,0.0
PTH0830,Normal,0.43313682253141916,Normal,-1.2935798092327038,Normal,1.1448756728876464,Normal,177.79698029613445,Normal,0.019080719881243817,Normal,0.0,Normal,3.4618713341408855,0,0.0
HKF0831,Normal,0.4191991927753278,Normal,-1.3318372843421329,Normal,1.0609152135324293,Normal,12.232901628141633,Normal,0.010559353604130751,Normal,0.0,Normal,3.1308504364229566,0,0.0
CCH0685,Normal,0.41225799268108054,Normal,-1.692287285534312,Normal,0.9964030652167818,Normal,20.108679781888334,Normal,0.010079598289182763,Normal,0.0,Normal,2.14654214889775,0,0.0
FWM0707,Normal,0.3975296583298958,Normal,-1.4609086902653865,Normal,0.9976326400546306,Normal,18.50423555853134,Normal,0.008832905788949793,Normal,0.0,Normal,2.6666490089783093,0,0.0
DOL0332,Normal,0.3810952405945471,Normal,-1.639729500722929,Normal,1.0105135766725932,Normal,9.067950586320622,Normal,0.007402115919006108,Normal,0.0,Normal,2.2894314825984696,0,0.0
IMP0530,Normal,0.3990029797739811,Normal,-1.3472283132419185,Normal,1.0191254796184377,Normal,11.894809412012004,Normal,0.0022246600160209223,Normal,0.0,Normal,2.8897135405216594,0,0.0
CAB0388,Normal,0.3795035436926987,Normal,-1.6467986569199324,Normal,0.9858319609629419,Normal,11.239699040618529,Normal,0.01048259807022944,Normal,0.0,Normal,2.4579082008995434,0,0.0
HFB0347,Normal,0.4478326355696203,Normal,-1.7257327735285477,Normal,0.9977520683884388,Normal,2492.620817685418,Normal,0.052204738492120796,Normal,0.0,Normal,2.690250445832314,0,0.0
GQP0743,Normal,0.39909241637368353,Normal,-1.4840271754728176,Normal,1.0155220874254698,Normal,13.917639816345343,Normal,0.009253658699513388,Normal,0.0,Normal,2.9348563773841776,0,0.0
ANT0430,Normal,0.4008566086759045,Normal,-1.3504566819396961,Normal,1.0553422254181877,Normal,19.271354099965993,Normal,0.007666412667439693,Normal,0.0,Normal,3.4075076980928225,0,0.0
UAD0771,Normal,0.44937166807063933,Normal,-1.5725845000038186,Normal,0.9948225036700318,Normal,150.01222877646217,Normal,0.00975855639575031,Normal,0.0,Normal,3.5947537909694467,0,0.0
JRF0835,Normal,0.4087995676384259,Normal,-1.3288969243095419,Normal,1.1340072688991292,Normal,13.383649234003702,Normal,0.018492865857667854,Normal,0.0,Normal,3.3732185684597153,0,0.0
PGC0066,Normal,0.3790718165255934,Normal,-1.7059656748638818,Normal,0.9938572194100525,Normal,9.669295581159163,Normal,0.004445187970329065,Normal,0.0,Normal,2.4245131598340492,0,0.0
DVM0265,Normal,0.4239603648931377,Normal,-1.2427789049577445,Normal,1.0950792016250424,Normal,29.34985791800542,Normal,0.026206827189826632,Normal,0.0,Normal,3.562438038738079,0,0.0
CMW0783,Normal,0.3884295477317448,Normal,-1.429741389059482,Normal,1.0288595736933561,Normal,13.556440044127012,Normal,0.007135045103584183,Normal,0.0,Normal,2.8100010730458878,0,0.0
JCR0289,Normal,0.3755154281034652,Normal,-1.642741811829208,Normal,0.972243720166458,Normal,6.159238441657272,Normal,0.007210874924525499,Normal,0.0,Normal,1.848113249361991,0,0.0
SJC0333,Normal,0.37993224189961056,Normal,-1.7973820293503717,Normal,0.9941053582142944,Normal,10.609464353085992,Normal,0.00922976092693993,Normal,0.0,Normal,1.8572911953298392,0,0.0
GZB0469,Normal,0.3861156239057083,Normal,-1.4439313231714446,Normal,0.9846230770193438,Normal,8.88717780386435,Normal,0.0016749168811395813,Normal,0.0,Normal,2.5207467192960586,0,0.0
IJR0825,Normal,0.39717231193603875,Normal,-1.4897645137769495,Normal,1.0020135415645806,Normal,8.858008971545082,Normal,0.01417185996361896,Normal,0.0,Normal,2.724491900409007,0,0.0
OCS0865,Normal,0.4727623760895672,Normal,-1.324508554123496,Normal,1.2502609042078703,Normal,730.7865659614658,Normal,0.02649904930147041,Normal,0.0,Normal,4.05856662040313,0,0.0
LLV0602,Normal,0.3957007098163147,Normal,-1.431659557982608,Normal,1.0012583005230131,Normal,12.577371741504455,Normal,0.009561601237966207,Normal,0.0,Normal,2.770019104729336,0,0.0
ZJE0857,Normal,0.4216977245067927,Normal,-1.7689367369032463,Normal,0.9875912419492842,Normal,1441.1689615292698,Normal,0.017898579554181348,Normal,0.0,Normal,2.1447825024866556,0,0.0
MKS0204,Normal,0.3782111666779701,Normal,-1.6225144670713874,Normal,0.9923342400469689,Normal,23.325820766065544,Normal,0.0034510100915825727,Normal,0.0,Normal,2.4756604556123447,0,0.0
SHR0334,Normal,0.3786576035777787,Normal,-1.666668433456469,Normal,0.9938553458973922,Normal,8.132678542933718,Normal,0.0049677779036979754,Normal,0.0,Normal,2.2599267684459377,0,0.0
ASL0378,Normal,0.39961103941268117,Normal,-1.3381949759547915,Normal,1.0328337141393074,Normal,13.535573112944501,Normal,0.015817436455331135,Normal,0.0,Normal,3.3080464018435003,0,0.0
RHO0732,Normal,0.5189201163181723,Normal,-1.2412606100044332,Normal,1.0594160831431638,Normal,1162.3128791300192,Normal,0.012508420157243306,Normal,0.0,Normal,5.104909805162301,0,0.0
SDF0017,Normal,0.3961761549249536,Normal,-1.4711311312353101,Normal,1.0739258514739973,Normal,16.0412860599526,Normal,0.004606387803575745,Normal,0.0,Normal,3.1332575493020207,0,0.0
TTD1000,Normal,0.38753622026989515,Normal,-1.835885251158053,Normal,1.0054164360426332,Normal,15.062415767979317,Normal,0.01533799879850336,Normal,0.0,Normal,1.8665134591509007,0,0.0
EPW0434,Normal,0.39227347513680677,Normal,-1.447320173478921,Normal,1.0372715198323996,Normal,15.44663768538,Normal,0.001550189042425859,Normal,0.0,Normal,3.0904886535235474,0,0.0
LHL0309,Normal,0.41364773660879967,Normal,-1.2900377834148342,Normal,1.0847110713001782,Normal,14.14665350865833,Normal,0.009710887929194466,Normal,0.0,Normal,3.0015000360859503,0,0.0
KRL0062,Normal,0.4157777568758842,Normal,-1.3701422777951444,Normal,1.0408219097522142,Normal,13.536238809907363,Normal,0.026122930587297102,Normal,0.0,Normal,3.004239517517794,0,0.0
MAD0496,Normal,0.45918284139533583,Normal,-1.3212061117928104,Normal,1.1622074678678167,Normal,4246.100482538752,Normal,0.006892160577955633,Normal,0.0,Normal,4.019450619508513,0,0.0
NHE0919,Normal,0.4133720015926759,Normal,-1.6978806013542391,Normal,1.0029077762493253,Normal,21.626981239960894,Normal,0.021507524020441645,Normal,0.0,Normal,2.1648064463809646,0,0.0
BCB0679,Normal,0.42291574647786473,Normal,-1.3955865647250143,Normal,1.0973409264337683,Normal,43.47313375951983,Normal,0.032926358161051654,Normal,0.0,Normal,3.380823243481094,0,0.0
CMM0487,Normal,0.4024943077601074,Normal,-1.4225261911614424,Normal,1.042795123552905,Normal,15.031274049061295,Normal,0.019721912425392642,Normal,0.0,Normal,2.8721938515253846,0,0.0
MIL0255,Normal,0.3754118514135378,Normal,-1.6758072397232164,Normal,0.9929798687150356,Normal,8.56094212274984,Normal,0.0016270196190612109,Normal,0.0,Normal,2.457118424051119,0,0.0
WNB0908,Normal,0.4016580704211021,Normal,-1.5660424276994063,Normal,1.0582445046265583,Normal,14.524171570948209,Normal,0.02272664345709053,Normal,0.0,Normal,2.7388309874080705,0,0.0
ADC0391,Normal,0.4080301338741435,Normal,-1.6054561736446067,Normal,1.0561748364377606,Normal,20.78876083385696,Normal,0.012825718948392599,Normal,0.0,Normal,3.005157510755342,0,0.0
IYB0918,Normal,0.41076539582081567,Normal,-1.6137307262312743,Normal,1.0121323887256901,Normal,20.88711410126822,Normal,0.02281858588437069,Normal,0.0,Normal,2.584986290859275,0,0.0
MKW0441,Normal,0.4892488903977674,Normal,-1.4430284913249947,Normal,1.0168541376945168,Normal,1994.828968326678,Normal,0.026529430550168574,Normal,0.0,Normal,4.298357620706029,0,0.0
MIB0904,Normal,0.40538889352342344,Normal,-1.5551534369182762,Normal,1.0156441060606842,Normal,14.063626764329335,Normal,0.019661072831331398,Normal,0.0,Normal,2.6446114418908144,0,0.0
SGS0268,Normal,0.3770367964100144,Normal,-1.5806471909806261,Normal,0.9900397029452727,Normal,7.518336561002583,Normal,0.0016834992074714445,Normal,0.0,Normal,2.9040193771173675,0,0.0
JJB0127,Normal,0.3869915471559148,Normal,-1.9295789500118823,Normal,0.992032335464202,Normal,14.284340034057365,Normal,0.015236341746200808,Normal,0.0,Normal,1.691161771346402,0,0.0
DJS0682,Normal,0.4050157381746993,Normal,-1.7472028613216757,Normal,0.9955468540324113,Normal,13.30663392867016,Normal,0.004357582991865747,Normal,0.0,Normal,2.1468475048573334,0,0.0
EZT0640,Normal,0.46551536786893166,Normal,-1.1838369567509275,Normal,1.1006722925697772,Normal,31.757514611809633,Normal,0.06332715261332819,Normal,0.0,Normal,3.740112597808971,0,0.0
PIS0522,Normal,0.4088980314778435,Normal,-1.3993076808667215,Normal,1.037573719319338,Normal,22.560412323320207,Normal,0.022772191459905743,Normal,0.0,Normal,2.960104539700731,0,0.0
AJR0932,Normal,0.4952205706670028,Normal,-1.287358736336022,Normal,0.9990959584836935,Normal,1034.2043071036949,Normal,0.0670303997067271,Normal,0.0,Normal,4.965085331456034,0,0.0
ASG0692,Normal,0.3933200924840086,Normal,-1.7465971554764077,Normal,0.9852053861749758,Normal,15.086507376704128,Normal,0.008857373302186151,Normal,0.0,Normal,1.8921847346884977,0,0.0
NWT0098,Normal,0.4204092704121842,Normal,-1.8284513998393335,Normal,1.0425008668556917,Normal,958.5053283453427,Normal,0.009060317788918843,Normal,0.0,Normal,2.812690124792605,0,0.0
SBH0537,Normal,0.4626877185521952,Normal,-1.5732787165949367,Normal,1.2884001116644836,Normal,5576.01118543817,Normal,0.06436320220594634,Normal,0.0,Normal,3.757120139936196,0,0.0
DVW0103,Normal,0.3744809367343184,Normal,-1.6488988750759703,Normal,0.9916812060712477,Normal,6.8096772260531,Normal,0.0020741068477073375,Normal,0.0,Normal,2.484810195812385,0,0.0
YWW0660,Normal,0.4631063552691949,Normal,-1.3743595042188856,Normal,1.1612914302295763,Normal,54.72419851874685,Normal,0.08159977386000045,Normal,0.0,Normal,3.8802625620100573,0,0.0
EMB0531,Normal,0.3783394825077238,Normal,-1.6711692594405507,Normal,0.9997426948304587,Normal,10.63453772141588,Normal,0.006593212746409516,Normal,0.0,Normal,2.250382602014307,0,0.0
NJC0705,Normal,0.3738531287291295,Normal,-1.6085696320399183,Normal,0.9714447242469315,Normal,8.29976200873685,Normal,0.015319372371793887,Normal,0.0,Normal,2.0587986088645835,0,0.0
MHH0180,Normal,0.42181409973097544,Normal,-1.6043214147393385,Normal,1.0816839657345998,Normal,380.3193562896375,Normal,0.011682824782742619,Normal,0.0,Normal,2.6930206150940257,0,0.0
RCP0785,Normal,0.38947960600880555,Normal,-1.4816034665763227,Normal,1.0296624123366525,Normal,11.771315214874827,Normal,0.005147611882934285,Normal,0.0,Normal,2.9253126976628634,0,0.0
SAB0781,Normal,0.43168938770631615,Normal,-1.6489522578574352,Normal,1.0007177613104212,Normal,328.36628059418507,Normal,0.017739585597133962,Normal,0.0,Normal,2.8442880166320186,0,0.0
NSC0597,Normal,0.42486349145089175,Normal,-1.2223713907448213,Normal,1.0498559918502015,Normal,21.350667386969995,Normal,0.0020220858256887954,Normal,0.0,Normal,3.3100590548742144,0,0.0
LAF0991,Normal,0.4689716764091955,Normal,-1.385946890910016,Normal,1.1405658283386864,Normal,59.307636353037424,Normal,0.04868795186827366,Normal,0.0,Normal,3.424656526339451,0,0.0
NRF0137,Normal,0.4159355040927019,Normal,-1.2374537488802206,Normal,1.1586779002676297,Normal,17.365117187739212,Normal,0.003469377550773561,Normal,0.0,Normal,3.3737226063794643,0,0.0
TAC0300,Normal,0.3983396818502642,Normal,-1.3610413327569109,Normal,1.0416456034289516,Normal,12.129190146848364,Normal,0.0048947565786608875,Normal,0.0,Normal,3.0191871578044425,0,0.0
JKF0465,Normal,0.43439206961126,Normal,-1.1726613148255047,Normal,1.0993373772080317,Normal,146.44830121905545,Normal,0.008084399418075044,Normal,0.0,Normal,3.579137866628603,0,0.0
TPH0474,Normal,0.382541322219936,Normal,-1.497230622014561,Normal,1.0091132459944299,Normal,11.273479324465558,Normal,0.002016213992466172,Normal,0.0,Normal,2.5819879303190127,0,0.0
JMK0099,Normal,0.4360793016608027,Normal,-1.4487915825519384,Normal,1.1381279271843456,Normal,450.20314187881957,Normal,0.021087806344704613,Normal,0.0,Normal,3.4386509097111495,0,0.0
JKB0126,Normal,0.3881735931404127,Normal,-1.8176375770145201,Normal,1.008995388135089,Normal,14.405381972118683,Normal,0.010906324497245566,Normal,0.0,Normal,1.9138156367822374,0,0.0
HKR0628,Normal,0.40899660588676134,Normal,-1.47514824223538,Normal,1.0267719722237,Normal,26.55522228277499,Normal,0.026374401819484996,Normal,0.0,Normal,2.902106537816758,0,0.0
GOK0238,Normal,0.397678966832244,Normal,-1.812060306604365,Normal,1.1011627267574169,Normal,58.59417925277748,Normal,0.0023285013992425355,Normal,0.0,Normal,2.723851031862666,0,0.0
KSH0569,Normal,0.39838092877028985,Normal,-1.4358884004298786,Normal,1.0894375500339235,Normal,13.396657336797388,Normal,0.01661717816743044,Normal,0.0,Normal,3.404641860131018,0,0.0
JCR0770,Normal,0.3826493428221163,Normal,-1.5243996326456,Normal,0.9862226886109923,Normal,10.807482084270958,Normal,0.004943855218476954,Normal,0.0,Normal,2.516230710382074,0,0.0
KCS0173,Normal,0.4489743152778006,Normal,-1.3425723382275154,Normal,1.1901060225779267,Normal,492.2570501983931,Normal,0.0040980007569759785,Normal,0.0,Normal,3.3673949615904557,0,0.0
SLB0049,Normal,0.44935075001786445,Normal,-1.2412860798718608,Normal,1.1556499785276935,Normal,18.01166058085921,Normal,0.027376005962642138,Normal,0.0,Normal,3.7777667604593286,0,0.0
CJP0952,Normal,0.45341777373051817,Normal,-1.1584942231188822,Normal,1.1049880665920628,Normal,316.7726082389761,Normal,0.03714883367398155,Normal,0.0,Normal,4.180696426308717,0,0.0
YEV0793,Normal,0.3781826058411829,Normal,-1.5679221959788259,Normal,0.988403785852835,Normal,9.167301388297597,Normal,0.005638635503809841,Normal,0.0,Normal,2.8963803891501705,0,0.0
KPC0073,Normal,0.4702068150707345,Normal,-1.3811811493851658,Normal,1.0440663316595458,Normal,519.311827460544,Normal,0.007291884403971358,Normal,0.0,Normal,4.493345899500039,0,0.0
CCR0863,Normal,0.41258785660723235,Normal,-1.4361853849329476,Normal,1.0552157421104673,Normal,16.11827204643202,Normal,0.0144951790133231,Normal,0.0,Normal,3.0970842446140514,0,0.0
PLH0862,Normal,0.3824335486420142,Normal,-1.7719994905501768,Normal,0.9837885289129504,Normal,10.963844782319127,Normal,0.018812933797811852,Normal,0.0,Normal,1.9141387647199433,0,0.0
LHB0606,Normal,0.42757326109848204,Normal,-1.3491655024802394,Normal,1.1367149343563228,Normal,343.84342218147407,Normal,0.01955172181665807,Normal,0.0,Normal,4.339887262131328,0,0.0
QNF0205,Normal,0.3642080581162334,Normal,-1.8275357985562686,Normal,0.9552307030947444,Normal,4.8744951035014745,Normal,0.0016561126797658462,Normal,0.0,Normal,1.6785351145388105,0,0.0
KAL0395,Normal,0.40294853487608623,Normal,-1.7442486591471862,Normal,1.013066134765578,Normal,15.35740374068053,Normal,0.024464966872693984,Normal,0.0,Normal,2.553382325501661,0,0.0
CRP0456,Normal,0.3756220533818814,Normal,-1.6306679054723834,Normal,0.9798909660882016,Normal,7.175458381451574,Normal,0.0018665884090850746,Normal,0.0,Normal,1.9489119729320983,0,0.0
CBG0490,Normal,0.4056529488685963,Normal,-1.4768544882610208,Normal,1.0073772404658383,Normal,15.921763062128605,Normal,0.02921875418482074,Normal,0.0,Normal,2.85380566936633,0,0.0
MCJ0324,Normal,0.40086687383925623,Normal,-1.4407104861788445,Normal,1.013557286824135,Normal,13.800680307763685,Normal,0.005732336960703577,Normal,0.0,Normal,2.7737067077527193,0,0.0
KDT0346,Normal,0.38870186768977816,Normal,-1.582903611514914,Normal,1.0209002069174056,Normal,16.761946614679477,Normal,0.007436022557564265,Normal,0.0,Normal,2.5983193632102717,0,0.0
DPM0423,Normal,0.427399951366638,Normal,-1.8696395040516354,Normal,1.010301992580744,Normal,2478.8435689024154,Normal,0.01554744236898264,Normal,0.0,Normal,3.4170177294317465,0,0.0
BBH0810,Normal,0.4311837870903185,Normal,-1.5153566491925325,Normal,1.0619922159355624,Normal,34.62033207334368,Normal,0.036894681826540626,Normal,0.0,Normal,2.66900697764424,0,0.0
NMF0780,Normal,0.3806660387291032,Normal,-1.586491828092874,Normal,0.9913475584273119,Normal,9.76668569017656,Normal,0.003744304316024183,Normal,0.0,Normal,2.4677779315018697,0,0.0
MES0407,Normal,0.39368261487576006,Normal,-1.4866002920438535,Normal,1.0394041573016586,Normal,11.856205958253566,Normal,0.0038936161163108923,Normal,0.0,Normal,3.20376671661514,0,0.0
HDD0789,Normal,0.39320638288728416,Normal,-1.6416455052321044,Normal,0.9802384157398146,Normal,23.621135826157943,Normal,0.020984353116011094,Normal,0.0,Normal,2.4197641963243557,0,0.0
JAD0609,Normal,0.3930856696883489,Normal,-1.5996862575418798,Normal,0.9978124243266755,Normal,17.895850730393192,Normal,0.004265669531429449,Normal,0.0,Normal,2.2353266289942373,0,0.0
ENL0100,Normal,0.38956610776057066,Normal,-1.434194173283903,Normal,1.056264803080184,Normal,10.386115116677983,Normal,0.0031902642799707544,Normal,0.0,Normal,3.1837679105908236,0,0.0
LMF0980,Normal,0.41412243230656753,Normal,-1.22779142179197,Normal,1.0492774810880179,Normal,18.112098713321497,Normal,0.03103509124640431,Normal,0.0,Normal,3.3047125368774455,0,0.0
BTL0226,Normal,0.47363070919047595,Normal,-1.7076572551044285,Normal,0.993073493612167,Normal,1722.9096417292537,Normal,0.004773522443290901,Normal,0.0,Normal,4.180728593897093,0,0.0
RNP0211,Normal,0.4688718633954803,Normal,-1.4787369510226709,Normal,1.1151175310541854,Normal,833.728500666367,Normal,0.005438315012567221,Normal,0.0,Normal,4.009919986537862,0,0.0
RMW0542,Normal,0.471942777348333,Normal,-1.189785867337558,Normal,1.1881328015372405,Normal,613.7493832236398,Normal,0.0010056795957875569,Normal,0.0,Normal,4.5770895875913045,0,0.0
FEB0306,Normal,0.43335126676101315,Normal,-1.6564340914677447,Normal,1.0814992612570595,Normal,168.46702046091028,Normal,0.02940038779521862,Normal,0.0,Normal,2.8240960724535986,0,0.0
FXF0957,Normal,0.3946791627748769,Normal,-1.3169863395690824,Normal,1.0251470931776387,Normal,10.77967555363449,Normal,0.04618499544090498,Normal,0.0,Normal,2.6928809571650945,0,0.0
SNS0129,Normal,0.398263102279895,Normal,-1.3952792738066297,Normal,1.0028394791585373,Normal,11.086032323870494,Normal,0.013117529061540656,Normal,0.0,Normal,2.812995778076316,0,0.0
CNB0900,Normal,0.39539754834384516,Normal,-1.5439720075763033,Normal,1.014542637578006,Normal,11.313002007518604,Normal,0.014964844105318287,Normal,0.0,Normal,2.528037649679094,0,0.0
AOS0987,Normal,0.42380551402570393,Normal,-1.6022268541806082,Normal,1.0263127215843806,Normal,25.477816074648835,Normal,0.02960891836834473,Normal,0.0,Normal,2.976693943034155,0,0.0
LHN0151,Normal,0.3977105412398791,Normal,-1.3936961805180348,Normal,1.006784069580933,Normal,15.484288407377836,Normal,0.006089970315134806,Normal,0.0,Normal,3.204846574738243,0,0.0
MPT0376,Normal,0.4654540739109132,Normal,-1.406239122117258,Normal,1.129527398200254,Normal,794.3300387971395,Normal,0.018729511154949266,Normal,0.0,Normal,3.678375426846794,0,0.0
TNM0961,Normal,0.46634234115806966,Normal,-1.302540852737026,Normal,1.1840403174628813,Normal,602.25666827858,Normal,0.04469025864246677,Normal,0.0,Normal,3.6040692246507406,0,0.0
IJM0444,Normal,0.4622539136956372,Normal,-1.6308442237309217,Normal,0.9923838965736816,Normal,1174.000689309449,Normal,0.023210928136117158,Normal,0.0,Normal,4.732445911176707,0,0.0
TEM0093,Normal,0.4309451283113713,Normal,-1.3626895123080591,Normal,1.0934623647421318,Normal,54.120613329532404,Normal,0.050348717547063764,Normal,0.0,Normal,3.5669194696813764,0,0.0
UBF0645,Normal,0.42466400444151436,Normal,-1.5700110896870298,Normal,1.0624714606058534,Normal,12.60665414643411,Normal,0.055624441128333826,Normal,0.0,Normal,2.766798371815186,0,0.0
HWW0436,Normal,0.45437976319103396,Normal,-1.7301129721908812,Normal,0.9972653845964263,Normal,704.5412575140475,Normal,0.008703514493328478,Normal,0.0,Normal,4.500179714883865,0,0.0
FPC0954,Normal,0.41765542879393464,Normal,-1.1308430805054668,Normal,1.039519344149038,Normal,12.625868348395095,Normal,0.048030558610560554,Normal,0.0,Normal,3.230320591780607,0,0.0
GNZ0953,Normal,0.3916221712793206,Normal,-1.4378410910753456,Normal,1.0017249202532206,Normal,13.884950251492297,Normal,0.04857895968457229,Normal,0.0,Normal,2.5105585962459624,0,0.0
HKB0418,Normal,0.39188170404854933,Normal,-1.6463650302981736,Normal,1.0646180216990226,Normal,12.617042758143898,Normal,0.010291425611959532,Normal,0.0,Normal,3.097112937599289,0,0.0
JCV0245,Normal,0.3663694282734819,Normal,-1.7943298535360799,Normal,0.9653239361561328,Normal,5.080913233327545,Normal,0.001520636280911543,Normal,0.0,Normal,2.1690680556205058,0,0.0
CEL0561,Normal,0.394989757456397,Normal,-1.5667052157415093,Normal,1.0407891163072605,Normal,17.64692373643543,Normal,0.04083393194260344,Normal,0.0,Normal,3.34300806747161,0,0.0
TRK0914,Normal,0.4128649089324545,Normal,-1.5587590292023126,Normal,1.0586811365313573,Normal,26.040658076875165,Normal,0.019128365696198083,Normal,0.0,Normal,2.6708386135990168,0,0.0
IUB0565,Normal,0.43477786876560687,Normal,-1.7757301137024484,Normal,1.0403726152915946,Normal,636.5228093734789,Normal,0.026047344693588725,Normal,0.0,Normal,3.2858933536143162,0,0.0
MDH0580,Normal,0.4332055358363287,Normal,-1.676433832538039,Normal,1.1154502615154045,Normal,989.2076898480663,Normal,0.01096212117829136,Normal,0.0,Normal,2.7715618952362866,0,0.0
GJD0298,Normal,0.38264987702397935,Normal,-1.4639584300838657,Normal,0.9792708578536719,Normal,8.801529069665587,Normal,0.010162111657215289,Normal,0.0,Normal,2.6535607812026583,0,0.0
KJW0416,Normal,0.38494951444528885,Normal,-1.5817297737994542,Normal,1.0247323613374337,Normal,10.783178246829484,Normal,0.007822909367322746,Normal,0.0,Normal,2.9692044081099955,0,0.0
UCS0227,Normal,0.39878817283600637,Normal,-1.8015605185244652,Normal,1.0041701017445015,Normal,15.08282817943047,Normal,0.021546356474111236,Normal,0.0,Normal,2.3146596074941264,0,0.0
ILC0838,Normal,0.39311811121260215,Normal,-1.5936109610483817,Normal,1.0078674606713627,Normal,9.221320438063158,Normal,0.021223758412416763,Normal,0.0,Normal,2.6184948673813926,0,0.0
IWM0816,Normal,0.44981209391000077,Normal,-1.2832786508120073,Normal,1.1210496503175544,Normal,45.62966326276589,Normal,0.06152889975733686,Normal,0.0,Normal,3.207718504954198,0,0.0
TSB0437,Normal,0.37357189506428906,Normal,-1.6671645223791238,Normal,1.0016628551405,Normal,7.097125531732214,Normal,0.006068681444066315,Normal,0.0,Normal,2.099879466200579,0,0.0
KNB0022,Normal,0.40042509935402737,Normal,-1.3657012796237429,Normal,1.0242348974519124,Normal,12.971473094094947,Normal,0.03439934763717622,Normal,0.0,Normal,2.8526410420239943,0,0.0
IBM0671,Normal,0.4422121707222514,Normal,-1.4507817331391446,Normal,1.0812051424610793,Normal,602.9113355337131,Normal,0.019320643290945346,Normal,0.0,Normal,3.3025311947116114,0,0.0
QPM0727,Normal,0.3842663333064105,Normal,-1.6071929369759377,Normal,0.9901354712563123,Normal,9.495930070609836,Normal,0.008564597290905342,Normal,0.0,Normal,2.2628864567809366,0,0.0
CSB0080,Normal,0.38744857878101896,Normal,-1.6030329631113294,Normal,1.0111250018957212,Normal,12.424870075399639,Normal,0.00310164903882804,Normal,0.0,Normal,2.4860467987920356,0,0.0
NNA0610,Normal,0.4088174117488395,Normal,-1.401990401537929,Normal,1.0481475980430486,Normal,11.711073500717681,Normal,0.002216379586585309,Normal,0.0,Normal,3.0158995526780594,0,0.0
MLD0755,Normal,0.4114500326135372,Normal,-1.3714405015974005,Normal,1.0277030414941006,Normal,16.983306105349033,Normal,0.012300182357339146,Normal,0.0,Normal,3.062310161052124,0,0.0
RAG0275,Normal,0.36880995897532576,Normal,-1.696649415526015,Normal,0.999561616254806,Normal,7.452181904205485,Normal,0.0063570938035934724,Normal,0.0,Normal,2.279875445111804,0,0.0
GLR0975,Normal,0.3763295770232891,Normal,-1.789197703602949,Normal,0.9710326680006551,Normal,13.078075404361808,Normal,0.008692033980961395,Normal,0.0,Normal,2.249260356443491,0,0.0
PKB0429,Normal,0.37622479931829306,Normal,-1.549169170522724,Normal,1.0320507165313175,Normal,8.483288767910972,Normal,0.0020156606393100184,Normal,0.0,Normal,2.772681143876312,0,0.0
HPR0585,Normal,0.3980300252110715,Normal,-1.3848893801103992,Normal,1.056144095334078,Normal,13.0524242915134,Normal,0.006589185272366815,Normal,0.0,Normal,3.023323548381889,0,0.0
MVB0515,Normal,0.46754659458130104,Normal,-1.5116652602785596,Normal,1.0701252254509501,Normal,1686.1877097014228,Normal,0.038472412555676294,Normal,0.0,Normal,3.305665804915352,0,0.0
RUM0880,Normal,0.49461878466780546,Normal,-1.4766722025459824,Normal,1.024212140914266,Normal,656.9191596746068,Normal,0.020048146765462,Normal,0.0,Normal,4.90374207981925,0,0.0
BEC0505,Normal,0.3787404243039185,Normal,-1.7224339939034006,Normal,0.9944388636097206,Normal,16.03453240557623,Normal,0.020034770064136127,Normal,0.0,Normal,1.9636265061636708,0,0.0
LEM0605,Normal,0.4092351823524651,Normal,-1.3572265543402675,Normal,1.021248852267487,Normal,14.897681743305554,Normal,0.006781411143851706,Normal,0.0,Normal,3.088783225551394,0,0.0
RJM0381,Normal,0.3920210711216844,Normal,-1.4093929284095679,Normal,1.0347901219528501,Normal,18.12143364149449,Normal,0.011187204129410051,Normal,0.0,Normal,2.96655547349732,0,0.0
RRA0938,Normal,0.37301849154279626,Normal,-1.6521847629887074,Normal,0.9666185302473442,Normal,9.429854229680116,Normal,0.01822086478051835,Normal,0.0,Normal,2.3422488772467758,0,0.0
DTP0379,Normal,0.3889431615632883,Normal,-1.5768490152725347,Normal,0.9961094168164024,Normal,42.92858437638747,Normal,0.019764012547535348,Normal,0.0,Normal,2.6382396783422464,0,0.0
RVC0232,Normal,0.4024617287041838,Normal,-1.6897470883603463,Normal,1.000908503192316,Normal,14.593643997111021,Normal,0.01850758346173021,Normal,0.0,Normal,2.513074711335555,0,0.0
LJR0523,Normal,0.48057162628973454,Normal,-1.3676099130004666,Normal,1.0026611519613147,Normal,999.1925322289246,Normal,0.008928862159979,Normal,0.0,Normal,4.428231423580324,0,0.0
BTR0403,Normal,0.46740377084298723,Normal,-1.5110986748630069,Normal,1.1761783955927192,Normal,1112.418891153188,Normal,0.01671989082453384,Normal,0.0,Normal,3.6205072940584824,0,0.0
COM0321,Normal,0.40199800284811893,Normal,-1.541285668675377,Normal,1.0084872312496342,Normal,10.77558325903257,Normal,0.0021852138162408437,Normal,0.0,Normal,2.613385949421272,0,0.0
BSH0445,Normal,0.38030281529049115,Normal,-1.6535500215816081,Normal,1.0045691620200388,Normal,7.368189450493186,Normal,0.0019793469154102176,Normal,0.0,Normal,2.812343226142618,0,0.0
CIG0052,Normal,0.39422416680929884,Normal,-1.4249462616757065,Normal,1.069075707142161,Normal,15.53803228721586,Normal,0.010816347715789494,Normal,0.0,Normal,3.013528510327221,0,0.0
ETR0177,Normal,0.42619732227785556,Normal,-1.516456514092308,Normal,1.1008989634051465,Normal,19.28282683095883,Normal,0.007054757390463226,Normal,0.0,Normal,3.3554014460078108,0,0.0
AJN0607,Normal,0.4597198204506308,Normal,-1.364936145687954,Normal,1.1891500279652547,Normal,3758.842810781302,Normal,0.03371192544387683,Normal,0.0,Normal,3.8956633929809157,0,0.0
VCY0751,Normal,0.3882295032108002,Normal,-1.545564284458559,Normal,1.0014698942387015,Normal,15.106752474352975,Normal,0.011157831469949836,Normal,0.0,Normal,2.5287492722914675,0,0.0
ILJ0526,Normal,0.4808470116969049,Normal,-1.3796938434737345,Normal,1.061643448915884,Normal,2031.1784136431677,Normal,0.024722045126609152,Normal,0.0,Normal,3.873646399465092,0,0.0
KJS0618,Normal,0.41454267487007035,Normal,-1.3014220545008057,Normal,1.0363578261215152,Normal,14.321990920884074,Normal,0.008488970538011868,Normal,0.0,Normal,3.3758899933027533,0,0.0
BJH0354,Normal,0.3914216754411548,Normal,-1.5246054650209775,Normal,0.9879349367535093,Normal,20.55952950595805,Normal,0.01508266599636804,Normal,0.0,Normal,2.7050944235774894,0,0.0
WRM0963,Normal,0.45829039721385406,Normal,-1.138702335208509,Normal,1.1549166471578913,Normal,161.30784360449485,Normal,0.08070289753431248,Normal,0.0,Normal,3.79173619262185,0,0.0
ASD0577,Normal,0.4022401357924441,Normal,-1.4017530293196718,Normal,1.1168103587239562,Normal,14.067918995049912,Normal,0.007083174531006043,Normal,0.0,Normal,3.302663629488209,0,0.0
NOB0181,Normal,0.4815844940604022,Normal,-1.4004978161097341,Normal,1.1298382027852478,Normal,4548.835379178855,Normal,0.01845307831365546,Normal,0.0,Normal,4.715199920973872,0,0.0
JJH0292,Normal,0.38593031341402867,Normal,-1.589605971650512,Normal,0.9909262128008196,Normal,14.653541852366546,Normal,0.017155976928036252,Normal,0.0,Normal,2.049252243133022,0,0.0
CQW0652,Normal,0.5245989172180776,Normal,-1.2659198013895903,Normal,1.2432087637081397,Normal,1061.782245942967,Normal,0.04329583321553488,Normal,0.0,Normal,4.382222756127924,0,0.0
MBW0809,Normal,0.49942359028818756,Normal,-1.1049050152426285,Normal,1.1928426791036357,Normal,510.2185048074394,Normal,0.08207115760017326,Normal,0.0,Normal,5.78698387922553,0,0.0
KKS0119,Normal,0.4216428280545942,Normal,-1.216498727082179,Normal,1.0854214800458883,Normal,28.97745346726973,Normal,0.007029597121675412,Normal,0.0,Normal,3.555000176821971,0,0.0
SBN0971,Normal,0.47111963105475196,Normal,-1.1049192149083402,Normal,1.2856715255825812,Normal,767.5833527156224,Normal,0.07139824267101065,Normal,0.0,Normal,4.146248251982924,0,0.0
ONW0083,Normal,0.3657587788932602,Normal,-1.857233988934848,Normal,0.9661059059131467,Normal,4.449542137814232,Normal,0.002318918192255886,Normal,0.0,Normal,2.03976331903977,0,0.0
JRL0574,Normal,0.4152897346191162,Normal,-1.3508847378412874,Normal,1.0762141540199888,Normal,12.776009889230986,Normal,0.0020736918158593435,Normal,0.0,Normal,3.335325785104115,0,0.0
CTW0500,Normal,0.38817072765677313,Normal,-1.6258774178876199,Normal,0.9918544944754111,Normal,13.032594423191753,Normal,0.019833742252411173,Normal,0.0,Normal,2.2471335515449855,0,0.0
JMW0638,Normal,0.4348547264364726,Normal,-1.4162948430605429,Normal,1.0825110148924484,Normal,16.030666053446005,Normal,0.0620884893810228,Normal,0.0,Normal,3.263135827315165,0,0.0
GDF0704,Normal,0.41090032005888966,Normal,-1.3519082941952716,Normal,1.0245393044042048,Normal,19.08533937756817,Normal,0.017762723311721983,Normal,0.0,Normal,2.891690692044958,0,0.0
LDM0587,Normal,0.39069942024252785,Normal,-1.488184409298901,Normal,1.0331171293538435,Normal,11.60804713677065,Normal,0.008908259586140626,Normal,0.0,Normal,2.735387178105185,0,0.0
WPE0538,Normal,0.38777506090044206,Normal,-1.649931817903259,Normal,0.9886115972049421,Normal,6.683640481439025,Normal,0.002698662427819161,Normal,0.0,Normal,2.5275470010681906,0,0.0
TJG0582,Normal,0.39974151532294494,Normal,-1.3419715403577488,Normal,1.0234577622430754,Normal,10.554355789002246,Normal,0.005149012597619786,Normal,0.0,Normal,2.933879002561495,0,0.0
ICS0956,Normal,0.4220279265256351,Normal,-1.3503723674397423,Normal,1.1134501320924997,Normal,54.38025845182977,Normal,0.05880909628115951,Normal,0.0,Normal,2.955661254754906,0,0.0
ALC0788,Normal,0.39747479918283,Normal,-1.5978089753011526,Normal,1.0830010943908837,Normal,9.442143534691457,Normal,0.007065572924180145,Normal,0.0,Normal,3.0348667439999013,0,0.0
EHB0824,Normal,0.4996031174075234,Normal,-1.1628790607083979,Normal,1.027763438739782,Normal,1158.6553343957905,Normal,0.03627454117552082,Normal,0.0,Normal,4.877648958182352,0,0.0
BDB0453,Normal,0.43957743491455037,Normal,-1.438277921449262,Normal,1.1843941518800392,Normal,340.4434172601025,Normal,0.008709517145773716,Normal,0.0,Normal,3.7675150479790838,0,0.0
ASV0946,Normal,0.41818037374306233,Normal,-1.1523383230647244,Normal,1.047235401929116,Normal,16.481509053985945,Normal,0.03708914332542694,Normal,0.0,Normal,3.2797306741819034,0,0.0
BSS0463,Normal,0.3781086619528774,Normal,-1.6257033201076787,Normal,0.9693588903798451,Normal,9.251435231774495,Normal,0.001632077268660167,Normal,0.0,Normal,1.8969658621532042,0,0.0
AMJ0297,Normal,0.4125521127432053,Normal,-1.2712192750905738,Normal,1.0830627538444437,Normal,14.633728611396663,Normal,0.004948762265370412,Normal,0.0,Normal,3.201904593502277,0,0.0
BTL0722,Normal,0.4022657299922389,Normal,-1.1049819713850624,Normal,1.3849686108239716,Normal,27.755424798695728,Normal,0.01334798268615338,Normal,0.0,Normal,4.621573221219494,0,0.0
FHO0630,Normal,0.3967286139855002,Normal,-1.5442469629357678,Normal,1.0459300326961893,Normal,12.767261966753395,Normal,0.005733519238149059,Normal,0.0,Normal,2.628578422371469,0,0.0
JCG0316,Normal,0.4769874188167457,Normal,-1.501943428839548,Normal,1.038561929040256,Normal,274.7321267964081,Normal,0.025845921702302984,Normal,0.0,Normal,3.703992588131206,0,0.0
SXM0895,Normal,0.41068877834672696,Normal,-1.3659311320437573,Normal,1.025955963929462,Normal,12.759454008242477,Normal,0.009508552192835454,Normal,0.0,Normal,3.0861059831380295,0,0.0
PGO0433,Normal,0.37902967884047195,Normal,-1.5423433600608312,Normal,0.998639027831991,Normal,6.944349542815321,Normal,0.0015346750399411898,Normal,0.0,Normal,2.886881204098375,0,0.0
MOP0763,Normal,0.38895629256634157,Normal,-1.4647786977836528,Normal,0.9964074870905429,Normal,11.67935341061443,Normal,0.004081625329910813,Normal,0.0,Normal,2.619410062623488,0,0.0
FRL0511,Normal,0.3961763022216297,Normal,-1.4308149536082595,Normal,0.9953013330312068,Normal,10.285224754171978,Normal,0.00243270552440073,Normal,0.0,Normal,2.651023043904382,0,0.0
CKD0680,Normal,0.3926250493526904,Normal,-1.4490088006358777,Normal,1.0460885556388806,Normal,12.336285020111017,Normal,0.014614815718217012,Normal,0.0,Normal,2.86613618569358,0,0.0
EMS0317,Normal,0.43658102355179274,Normal,-1.193522059158623,Normal,1.0645297986086024,Normal,18.993303645563984,Normal,0.006375407892110919,Normal,0.0,Normal,3.5760373670458385,0,0.0
NCO0666,Normal,0.4009050402734079,Normal,-1.4476709253451914,Normal,1.012742396623031,Normal,14.454259877628157,Normal,0.00973770421831959,Normal,0.0,Normal,3.0743691026606976,0,0.0
JCW0858,Normal,0.4217404576539914,Normal,-1.2790908393813192,Normal,1.121722680906821,Normal,20.579385030864216,Normal,0.011420785512939903,Normal,0.0,Normal,3.3890345072278913,0,0.0
HCL0113,Normal,0.39973107053037216,Normal,-1.688640653734893,Normal,1.0284887805116916,Normal,12.665611714956123,Normal,0.01659409826430087,Normal,0.0,Normal,2.805470804752565,0,0.0
HLM0933,Normal,0.3755895741337273,Normal,-1.6071719701926017,Normal,0.9971541501839741,Normal,6.442838444300338,Normal,0.015268899714579004,Normal,0.0,Normal,2.438643967359733,0,0.0
ARA0252,Normal,0.3678812636621062,Normal,-1.848650632683471,Normal,0.9672396172216361,Normal,8.681354326472004,Normal,0.0057874988304865834,Normal,0.0,Normal,2.081299481745324,0,0.0
RDT0424,Normal,0.4027912773383169,Normal,-1.8743241663773391,Normal,1.0566537403635905,Normal,275.96962705300746,Normal,0.011963505295353593,Normal,0.0,Normal,2.843519900184869,0,0.0
GRC0145,Normal,0.3836393681034892,Normal,-1.5413852679356828,Normal,0.9816585932998596,Normal,10.736986730471333,Normal,0.0025384923852707045,Normal,0.0,Normal,2.3610667530733194,0,0.0
AMR0400,Normal,0.40723600808385124,Normal,-1.6717393411065633,Normal,0.9934613254630685,Normal,14.249249870841293,Normal,0.01978330408287273,Normal,0.0,Normal,2.699712432041313,0,0.0
OHC0973,Normal,0.39888774314567305,Normal,-1.3576032084497358,Normal,1.039720361756839,Normal,12.02154310585131,Normal,0.03001302167350102,Normal,0.0,Normal,3.0857305260569756,0,0.0
DHM0937,Normal,0.3878145454402328,Normal,-1.5911635915381357,Normal,1.02979297385912,Normal,9.830342223849925,Normal,0.008811415364106082,Normal,0.0,Normal,2.847680401717004,0,0.0
ZFM0468,Normal,0.3827048733111017,Normal,-1.5377587078114132,Normal,0.9921251688148731,Normal,9.303277475561176,Normal,0.001162995170181901,Normal,0.0,Normal,2.3031026011564637,0,0.0
IJW0851,Normal,0.4212315585308471,Normal,-1.3140250161312312,Normal,1.027498527088467,Normal,17.06581238267603,Normal,0.020887415736197942,Normal,0.0,Normal,3.3558243936758925,0,0.0
SAP0867,Normal,0.43478072087532105,Normal,-1.42477206920629,Normal,1.1185629639926866,Normal,198.60110681946261,Normal,0.005116870170100295,Normal,0.0,Normal,3.847885262992983,0,0.0
POB0343,Normal,0.39181168212579925,Normal,-1.5596979940669813,Normal,1.0168356713160014,Normal,10.436270312370407,Normal,0.002703070729267624,Normal,0.0,Normal,2.509677420353082,0,0.0
MHG0244,Normal,0.380400093026648,Normal,-1.5887724404298902,Normal,1.0193729271522134,Normal,9.62023914025676,Normal,0.0015875634428196004,Normal,0.0,Normal,2.934360216994889,0,0.0
FSB0399,Normal,0.4209521934734485,Normal,-1.5817127321336162,Normal,1.0971227316426053,Normal,18.368985119855243,Normal,0.014647814571766449,Normal,0.0,Normal,3.047318661564617,0,0.0
RVF0201,Normal,0.4054202369620659,Normal,-1.8231103698559559,Normal,1.0326591699547394,Normal,458.44808861689387,Normal,0.000553119263988606,Normal,0.0,Normal,2.27012754716518,0,0.0
AKW0167,Normal,0.384609775044057,Normal,-1.5765535815945284,Normal,0.9936478814645143,Normal,8.621255776245608,Normal,0.008659021433773185,Normal,0.0,Normal,2.4753450828004424,0,0.0
CKB0427,Normal,0.37892556693427576,Normal,-1.6435287131493561,Normal,0.9965095038830372,Normal,7.745584451417739,Normal,0.0018436160450548494,Normal,0.0,Normal,2.5965243880502804,0,0.0
SJF0094,Normal,0.3955212883196968,Normal,-1.3904405726680256,Normal,1.0417001860183475,Normal,40.285398691654265,Normal,0.03477850725984436,Normal,0.0,Normal,2.939241966100295,0,0.0
ZMC0284,Normal,0.3972724274329657,Normal,-1.7547307113399149,Normal,1.0020268617081018,Normal,12.735567819066972,Normal,0.015836255965092586,Normal,0.0,Normal,2.7166407598815128,0,0.0
GCR0554,Normal,0.39535089175067684,Normal,-1.5146599957497442,Normal,1.0298640211207046,Normal,11.733057551870191,Normal,0.004626115828557655,Normal,0.0,Normal,3.5302668869178766,0,0.0
CRO0027,Normal,0.45728339968843124,Normal,-1.4869738880449597,Normal,1.1517166887537378,Normal,469.0003407186904,Normal,0.013552367999164051,Normal,0.0,Normal,4.208653833271496,0,0.0
TET0621,Normal,0.3895028229129164,Normal,-1.6515557677463997,Normal,0.9973132490007535,Normal,15.066149236308005,Normal,0.00815169576767229,Normal,0.0,Normal,2.0408602672953577,0,0.0
HLH0512,Normal,0.4568487432419987,Normal,-1.1816185042541933,Normal,1.3435075137172894,Normal,4211.089891049734,Normal,0.014494043415205838,Normal,0.0,Normal,4.156527673996909,0,0.0
BSB0990,Normal,0.41600994605114966,Normal,-1.2028218019079886,Normal,1.0898184497584102,Normal,16.929382040674984,Normal,0.05533998136130853,Normal,0.0,Normal,3.4873203950060017,0,0.0
AAS0442,Normal,0.4442468551119251,Normal,-1.276480059586963,Normal,1.0547866073842511,Normal,431.69762003528945,Normal,0.024690752071987433,Normal,0.0,Normal,4.4721362443338535,0,0.0
ESA0642,Normal,0.44194089690331073,Normal,-1.411260487519562,Normal,1.0963865762293303,Normal,15.947198412748943,Normal,0.05238841407684525,Normal,0.0,Normal,3.175179463614202,0,0.0
TUC0632,Normal,0.4487847303491914,Normal,-1.1541465718763846,Normal,1.1965603242786305,Normal,19.6678711380127,Normal,0.05951342919185518,Normal,0.0,Normal,3.658966914240419,0,0.0
CAM0102,Normal,0.3722473030855664,Normal,-1.703019905692428,Normal,0.9919715174832644,Normal,6.779588822603076,Normal,0.0024511036829776276,Normal,0.0,Normal,2.386373285541959,0,0.0
VSA0230,Normal,0.4680260644787928,Normal,-1.5617925757138331,Normal,1.2066613399747905,Normal,536.4260813314336,Normal,0.017199994356806254,Normal,0.0,Normal,3.5142791654199423,0,0.0
VSS0154,Normal,0.4664341245422364,Normal,-1.3809594017531386,Normal,1.046648938918164,Normal,692.1633878132933,Normal,0.0028331415742561717,Normal,0.0,Normal,4.095496821479523,0,0.0
HGN0287,Normal,0.40651952400745944,Normal,-1.6838005025820033,Normal,1.042274232326537,Normal,68.20936520914248,Normal,0.024894509140376483,Normal,0.0,Normal,2.977633655824371,0,0.0
BLS0678,Normal,0.46101880924690064,Normal,-1.4157791701983333,Normal,1.0011088849229715,Normal,1018.6362508405578,Normal,0.02039723169493444,Normal,0.0,Normal,4.600213142310781,0,0.0
DAL0673,Normal,0.4321304831676905,Normal,-1.4716306698416874,Normal,1.1183407032609036,Normal,351.40903715783304,Normal,0.006353973906088448,Normal,0.0,Normal,3.2907504886049432,0,0.0
SSH0799,Normal,0.40065054297477926,Normal,-1.5295921340771907,Normal,1.0466446088447594,Normal,24.871955631793153,Normal,0.031380826176746306,Normal,0.0,Normal,3.1596091373327764,0,0.0
DZC0228,Normal,0.3910929594839824,Normal,-1.8803458362249672,Normal,1.0005326437933868,Normal,13.054009733562097,Normal,0.012227171802435488,Normal,0.0,Normal,2.2777655853985954,0,0.0
TYB0779,Normal,0.38750108871617933,Normal,-1.5191270766102258,Normal,0.9987879638402004,Normal,13.103072580170565,Normal,0.010812583447271677,Normal,0.0,Normal,2.4394707325836107,0,0.0
GJT0386,Normal,0.4088097197516899,Normal,-1.3243385984990035,Normal,1.008046459480099,Normal,10.327847779491632,Normal,0.014296027378265413,Normal,0.0,Normal,3.185542109332904,0,0.0
EIM0156,Normal,0.4018955309006641,Normal,-1.4086904483893576,Normal,1.0812726973005493,Normal,16.40329372510518,Normal,0.017378121687401923,Normal,0.0,Normal,3.1994361737482553,0,0.0
DEB0782,Normal,0.39229130216042224,Normal,-1.4569686373681616,Normal,0.9896505215134599,Normal,12.213016035056675,Normal,0.004692356712635595,Normal,0.0,Normal,2.8472277923968314,0,0.0
HCW0419,Normal,0.37484719585287646,Normal,-1.8068521477097677,Normal,1.0362214067848043,Normal,14.378635160055515,Normal,0.012822740639482423,Normal,0.0,Normal,2.6200346442080207,0,0.0
SAH0599,Normal,0.41346349676262684,Normal,-1.2318009399984775,Normal,1.0450729746656724,Normal,12.50621587959833,Normal,0.001948703856178724,Normal,0.0,Normal,3.321531657370246,0,0.0
ECR0822,Normal,0.39486121961431675,Normal,-1.4520619757664346,Normal,1.0105128918529238,Normal,8.696698774041995,Normal,0.01151138111088601,Normal,0.0,Normal,2.7878307305446834,0,0.0
PSF0133,Normal,0.459342398621509,Normal,-1.3841130027661168,Normal,1.0387460581475612,Normal,516.531544613365,Normal,0.013828921136417226,Normal,0.0,Normal,3.583988002380229,0,0.0
ERH0449,Normal,0.39365293486802133,Normal,-1.4638006602248577,Normal,1.0209625933091402,Normal,10.923894723226052,Normal,0.0023761619007795455,Normal,0.0,Normal,2.47166683075524,0,0.0
KQC0708,Normal,0.3961142580186116,Normal,-1.3268426359153098,Normal,1.0309519333222101,Normal,12.898324982843752,Normal,0.02064708825294381,Normal,0.0,Normal,2.6886620874451768,0,0.0
SAC0592,Normal,0.3895189887988861,Normal,-1.508393855646914,Normal,1.0167210942891225,Normal,11.797824100673617,Normal,0.007678667311896766,Normal,0.0,Normal,2.564030443964449,0,0.0
ZSL0305,Normal,0.38436629137233375,Normal,-1.540520938128242,Normal,1.0291947129642447,Normal,7.940196852570298,Normal,0.005007290477551201,Normal,0.0,Normal,2.4695236821633624,0,0.0
ADD0846,Normal,0.40896020519259624,Normal,-1.422325395469104,Normal,1.0262602760769648,Normal,11.979595609516624,Normal,0.016910516482548498,Normal,0.0,Normal,3.0982753929254914,0,0.0
LNS0989,Normal,0.3988877242990472,Normal,-1.8919730660982386,Normal,0.9963618540286298,Normal,22.198579707888506,Normal,0.026570016121539256,Normal,0.0,Normal,2.3107185984551797,0,0.0
ZCF0590,Normal,0.3813450489078403,Normal,-1.5759214139709368,Normal,0.9852907205759726,Normal,6.447511496387548,Normal,0.005005919365285552,Normal,0.0,Normal,2.254619335729839,0,0.0
RAH0440,Normal,0.3942153274898175,Normal,-1.403542642950054,Normal,1.0046618543422412,Normal,8.156050554948113,Normal,0.0024339621206971346,Normal,0.0,Normal,3.3043589300687897,0,0.0
OKC0107,Normal,0.4092571539559608,Normal,-1.5486979815884814,Normal,1.0513654246643773,Normal,13.65041491772182,Normal,0.008525088790460617,Normal,0.0,Normal,3.2529778948626435,0,0.0
GCS0571,Normal,0.4407537114741923,Normal,-1.4194236903890154,Normal,1.116047345957536,Normal,450.5548756212474,Normal,0.018818142368537065,Normal,0.0,Normal,3.148146443199864,0,0.0
SCP0130,Normal,0.443714874084173,Normal,-1.6766503968875477,Normal,1.0781411070182574,Normal,218.01775905805823,Normal,0.01846577901728065,Normal,0.0,Normal,3.2492071687703783,0,0.0
MIM0712,Normal,0.4172049291479894,Normal,-1.104634094157388,Normal,1.056208210528124,Normal,13.53180137822442,Normal,0.02351482101459761,Normal,0.0,Normal,3.3420063994242724,0,0.0
MCD0125,Normal,0.4883956124323812,Normal,-1.4333974222678656,Normal,1.1915507071690803,Normal,4121.080148441952,Normal,0.011757190598100787,Normal,0.0,Normal,4.1625718659431445,0,0.0
FBW0747,Normal,0.4167415439339279,Normal,-1.6684163785169746,Normal,0.9934960680258191,Normal,2323.0884907754357,Normal,0.008302375107136063,Normal,0.0,Normal,2.425732449493829,0,0.0
VEB0935,Normal,0.3806016029314265,Normal,-1.5809089631031588,Normal,0.9793259003037107,Normal,7.151341139675018,Normal,0.012744129304603781,Normal,0.0,Normal,2.6446369284311877,0,0.0
CSL0949,Normal,0.38406256061353244,Normal,-1.4813959672516726,Normal,1.012841825986876,Normal,10.462106819297288,Normal,0.0392253504569455,Normal,0.0,Normal,2.5160793527275893,0,0.0
MFV0897,Normal,0.4057990746197304,Normal,-1.5253555465564037,Normal,0.9909257419900441,Normal,10.298984255851057,Normal,0.013990576375132197,Normal,0.0,Normal,2.784123843355532,0,0.0
JGM0934,Normal,0.39887595081425614,Normal,-1.4899902304909374,Normal,1.0139854985987882,Normal,14.778492124812978,Normal,0.01882327774850476,Normal,0.0,Normal,2.7678886233163262,0,0.0
CLD0894,Normal,0.4245780854367548,Normal,-1.3874977531574264,Normal,1.0330751567011727,Normal,14.631008165910401,Normal,0.013384478707472587,Normal,0.0,Normal,3.4191535243057367,0,0.0
RLG0856,Normal,0.48405690770185067,Normal,-1.2779506621677725,Normal,1.0232944747917647,Normal,697.846581886782,Normal,0.011700386537976533,Normal,0.0,Normal,4.62554696879549,0,0.0
KRG0158,Normal,0.39752923403285007,Normal,-1.5281813080728563,Normal,0.9978583032386397,Normal,12.069182909518835,Normal,0.028904966191609184,Normal,0.0,Normal,2.5193955052832577,0,0.0
ESH0283,Normal,0.48689502885033914,Normal,-1.7223765399514204,Normal,1.0668552410654097,Normal,8248.860680125665,Normal,0.13177834959547438,Normal,0.0,Normal,3.8876392088820477,0,0.0
IAT0263,Normal,0.4299522255148058,Normal,-1.4372775053323734,Normal,1.1694474715962564,Normal,135.20708918104236,Normal,0.06484972985540162,Normal,0.0,Normal,3.298310826480877,0,0.0
FOB0756,Normal,0.46870317122129995,Normal,-1.22761400544891,Normal,1.1986608504091774,Normal,1742.6614656084237,Normal,0.018283963716005682,Normal,0.0,Normal,4.334980095171992,0,0.0
SVL0940,Normal,0.3988078173175678,Normal,-1.403587582197906,Normal,1.0694192057247123,Normal,12.422242038089266,Normal,0.021797211678904985,Normal,0.0,Normal,3.0151070921344996,0,0.0
ATF0274,Normal,0.39504582873933003,Normal,-1.4668490333678583,Normal,1.0350666262754769,Normal,11.839193973809838,Normal,0.0059483556935797715,Normal,0.0,Normal,2.877281431200784,0,0.0
NMS0280,Normal,0.45827939566751713,Normal,-1.470902748239833,Normal,1.2249006344622533,Normal,3064.8589201610575,Normal,0.04082854855411291,Normal,0.0,Normal,3.790250079775223,0,0.0
CAH0936,Normal,0.5031147011690112,Normal,-1.2304039813103542,Normal,1.0135528643626892,Normal,1808.8976751841747,Normal,0.031086142957685983,Normal,0.0,Normal,5.1597369060723,0,0.0
AMR0318,Normal,0.4843363116019164,Normal,-1.1046159137834552,Normal,1.0272087083859078,Normal,645.6866980664994,Normal,0.016520521283497246,Normal,0.0,Normal,4.975933279510677,0,0.0
MNC0717,Normal,0.3972004996151212,Normal,-1.4873202174019688,Normal,1.0287221348865114,Normal,22.827680783254756,Normal,0.03225637276723924,Normal,0.0,Normal,2.5023292140183417,0,0.0
HWH0646,Normal,0.445319973736554,Normal,-1.3745098170074634,Normal,1.0533754390787122,Normal,19.473119140468643,Normal,0.04697141217636176,Normal,0.0,Normal,3.312667293113222,0,0.0
DDA0476,Normal,0.4019922769284566,Normal,-1.48736306333881,Normal,1.0197686548680593,Normal,15.055862309012857,Normal,0.0243481917030806,Normal,0.0,Normal,3.0015844573874095,0,0.0
JJB0700,Normal,0.404573931218435,Normal,-1.2725334907674073,Normal,1.0017506610672546,Normal,16.58811491612325,Normal,0.030339551687966294,Normal,0.0,Normal,2.8515573402467145,0,0.0
WJD0576,Normal,0.37894223557319884,Normal,-1.6085887032394535,Normal,0.9884027937497735,Normal,7.926172013352727,Normal,0.006230307336497796,Normal,0.0,Normal,2.152657494079564,0,0.0
LQP0508,Normal,0.3876907612437053,Normal,-1.5489435240477618,Normal,1.046916005061778,Normal,19.243138608397636,Normal,0.022456052384875153,Normal,0.0,Normal,2.5753257057974652,0,0.0
OKB0439,Normal,0.365890688808314,Normal,-1.7803864975450343,Normal,0.9636606268443118,Normal,5.178462851576647,Normal,0.002236324879340525,Normal,0.0,Normal,2.246796479317218,0,0.0
CCM0136,Normal,0.4400523878412166,Normal,-1.331523609407294,Normal,1.1853087660912014,Normal,452.0114025808713,Normal,0.01209073442666394,Normal,0.0,Normal,3.239741357969252,0,0.0
AKF0709,Normal,0.3771938744200326,Normal,-1.6749506156550642,Normal,0.990457819613486,Normal,6.921782607372582,Normal,0.010269223519354052,Normal,0.0,Normal,1.9332001262270875,0,0.0
BAK0964,Normal,0.39773316033851563,Normal,-1.3106401282495201,Normal,1.0144819535680374,Normal,10.863905923810272,Normal,0.04320726762162092,Normal,0.0,Normal,2.8462004088804678,0,0.0
SSR0278,Normal,0.4617137425381301,Normal,-1.438621004522428,Normal,1.2067939151255573,Normal,123.7179725298835,Normal,0.020982775314421828,Normal,0.0,Normal,3.8510163718819572,0,0.0
KAT0489,Normal,0.3839969426239129,Normal,-1.5065821140191844,Normal,1.0058420313982133,Normal,13.25919917489319,Normal,0.013369577616602846,Normal,0.0,Normal,2.4681203684712125,0,0.0
MKL0941,Normal,0.3819085194522002,Normal,-1.5123093551604263,Normal,1.0051977218443002,Normal,9.310284262447782,Normal,0.026301523654674627,Normal,0.0,Normal,2.6674002986286576,0,0.0
LQC0479,Normal,0.48974718609228396,Normal,-1.192434390029179,Normal,1.0543603884171664,Normal,983.7300166315815,Normal,0.011655426271373589,Normal,0.0,Normal,5.2961815209980845,0,0.0
KTG0091,Normal,0.4015973535511629,Normal,-1.4129074417595413,Normal,1.058542098721921,Normal,13.992032606677142,Normal,0.025266933813472947,Normal,0.0,Normal,3.087279480860754,0,0.0
HPM0986,Normal,0.38057406763741436,Normal,-1.7462797069221967,Normal,0.9917238579585647,Normal,18.39957529194719,Normal,0.015894633679560094,Normal,0.0,Normal,2.008338608494277,0,0.0
OLF0504,Normal,0.3965546878765271,Normal,-1.4741159778830433,Normal,0.9988466105451467,Normal,12.28471147856655,Normal,0.01781706999328215,Normal,0.0,Normal,2.760971650275895,0,0.0
GCC0744,Normal,0.3821060234795446,Normal,-1.6606382621198046,Normal,0.9864474324711482,Normal,7.302890800254402,Normal,0.007492997552568434,Normal,0.0,Normal,2.159896335500242,0,0.0
DTT0076,Normal,0.41393077012348956,Normal,-1.4431490410202596,Normal,1.0332792617908346,Normal,14.517035669923333,Normal,0.009659473604251357,Normal,0.0,Normal,2.9000496838088843,0,0.0
TSG0906,Normal,0.40552031429444024,Normal,-1.515760706006889,Normal,1.0187156595287121,Normal,14.820099937669081,Normal,0.025908087499748104,Normal,0.0,Normal,2.477795429248985,0,0.0
GBM0603,Normal,0.40073702018568325,Normal,-1.5419887998841866,Normal,1.0321329195167963,Normal,12.512874499897755,Normal,0.006395581498712697,Normal,0.0,Normal,2.6832680255287276,0,0.0
JJH0613,Normal,0.46757600039378866,Normal,-1.5668371540840615,Normal,1.1185599518682934,Normal,1836.3242291446957,Normal,0.03236664794871321,Normal,0.0,Normal,3.7248789903014097,0,0.0
RBB0485,Normal,0.37906594300417423,Normal,-1.6512650902617694,Normal,0.9836929929780529,Normal,10.739267544589019,Normal,0.01881166571724039,Normal,0.0,Normal,2.0577766222239413,0,0.0
KDS0349,Normal,0.4047576757276204,Normal,-1.491928325922555,Normal,1.0101699032181901,Normal,21.758331857134607,Normal,0.004713837977692253,Normal,0.0,Normal,2.543600458885077,0,0.0
BCM0653,Normal,0.44690149452919664,Normal,-1.2886788643021863,Normal,1.1282066510787274,Normal,18.412868078361043,Normal,0.06523900307342181,Normal,0.0,Normal,3.2683486175301377,0,0.0
CKH0144,Normal,0.3646050702264473,Normal,-1.8179987098089547,Normal,0.9948116361996657,Normal,4.741310805659366,Normal,0.0027887596571737764,Normal,0.0,Normal,2.0319808057385425,0,0.0
BHC0665,Normal,0.41343738632811694,Normal,-1.307506893967714,Normal,1.040856823856365,Normal,21.186884302624986,Normal,0.003640850970450722,Normal,0.0,Normal,3.5098647616195264,0,0.0
LAM0911,Normal,0.45127076105390435,Normal,-1.1957764859980855,Normal,1.1648287807309243,Normal,59.75671547380426,Normal,0.09397892112002086,Normal,0.0,Normal,3.86244532870165,0,0.0
CXC0336,Normal,0.38734479625935186,Normal,-1.6655729959884118,Normal,0.9850883143668232,Normal,8.576997825934956,Normal,0.007639889078333056,Normal,0.0,Normal,2.158383528233154,0,0.0
BMC0547,Normal,0.37705484887481183,Normal,-1.736077704721556,Normal,1.030773564707453,Normal,10.754963958267298,Normal,0.00978620387261844,Normal,0.0,Normal,2.674148295659989,0,0.0
FMG0527,Normal,0.44840400593984964,Normal,-1.5251438342769712,Normal,0.9874215626999885,Normal,903.5260246734156,Normal,0.01413340870025283,Normal,0.0,Normal,3.755781439084786,0,0.0
DBW0483,Normal,0.4041351778311549,Normal,-1.3513573267185683,Normal,0.9922933837404162,Normal,14.06105844570044,Normal,0.01654288048148532,Normal,0.0,Normal,3.178884709236961,0,0.0
LPC0492,Normal,0.38752029889631845,Normal,-1.7320122616865434,Normal,0.9742973877097318,Normal,26.48739490647857,Normal,0.016777620537043226,Normal,0.0,Normal,1.8390039731112136,0,0.0
THD0448,Normal,0.3733419866415159,Normal,-1.7139985861077907,Normal,0.9605142634906194,Normal,5.952389272183676,Normal,0.001634066025153303,Normal,0.0,Normal,1.6087083680206222,0,0.0
AJC0840,Normal,0.4081544638515753,Normal,-1.4077204453468053,Normal,1.0345809746596577,Normal,11.68992927951006,Normal,0.011906486986217914,Normal,0.0,Normal,3.140726887677193,0,0.0
MCF0600,Normal,0.5086085056974586,Normal,-1.2528049508019519,Normal,0.9931532723028174,Normal,1032.6594991291618,Normal,0.023200948433809186,Normal,0.0,Normal,4.521768860432813,0,0.0
WXH0872,Normal,0.4889146391642755,Normal,-1.3795045309710792,Normal,1.0776408820280066,Normal,1203.9788477345649,Normal,0.022395001583238944,Normal,0.0,Normal,4.543604605499801,0,0.0
SBQ0786,Normal,0.4107226749942213,Normal,-1.3693030965286488,Normal,1.0432991501426696,Normal,19.350723003215762,Normal,0.019616361524690734,Normal,0.0,Normal,3.0508337112544903,0,0.0
IDO0176,Normal,0.3887991055880768,Normal,-1.4667103842745468,Normal,1.0015076574458603,Normal,12.082754596833176,Normal,0.007729565875787445,Normal,0.0,Normal,2.4989633387023162,0,0.0
CCM0855,Normal,0.38798130957993604,Normal,-1.729573676376927,Normal,0.985447391689546,Normal,9.756445187342205,Normal,0.01758676573536054,Normal,0.0,Normal,2.034965897982486,0,0.0
RHY0079,Normal,0.4650471372694338,Normal,-1.355831233054697,Normal,1.2577551717674162,Normal,22.616028358094123,Normal,0.009860601604809874,Normal,0.0,Normal,3.933313707324872,0,0.0
AIH0675,Normal,0.3850745890926121,Normal,-1.5240833057326886,Normal,1.0444891314254932,Normal,8.558378379840667,Normal,0.015206926074421095,Normal,0.0,Normal,2.7630492721019637,0,0.0
CWB0065,Normal,0.43593055059025787,Normal,-1.305786938606842,Normal,1.1849916998605474,Normal,30.979722081518016,Normal,0.0588681926182715,Normal,0.0,Normal,3.617787649651933,0,0.0
JER0404,Normal,0.3904724248760861,Normal,-1.7494113372709494,Normal,1.0683038122734554,Normal,13.664313239815973,Normal,0.01332935376320501,Normal,0.0,Normal,2.4910046831242076,0,0.0
FSC0601,Normal,0.4313874270955329,Normal,-1.7647533404869806,Normal,1.0948785813970072,Normal,973.099329696399,Normal,0.012684012621652967,Normal,0.0,Normal,2.693798362348207,0,0.0
SBN0495,Normal,0.4071619648963701,Normal,-1.3963989603346287,Normal,1.0794231362572781,Normal,14.160235075792004,Normal,0.01967677728728591,Normal,0.0,Normal,3.173239212412358,0,0.0
CAM0681,Normal,0.46805780928880686,Normal,-1.5147354143165064,Normal,1.1277864369530262,Normal,170.45222046401898,Normal,0.008677410951195884,Normal,0.0,Normal,3.288717397825334,0,0.0
YCE0983,Normal,0.3734889048601862,Normal,-1.7666088149727694,Normal,1.0045176123031392,Normal,9.791728603347709,Normal,0.008697654793500388,Normal,0.0,Normal,2.5509380040957286,0,0.0
WTF0387,Normal,0.3769166968974422,Normal,-1.650558312273239,Normal,0.98274855591236,Normal,7.031872041776289,Normal,0.007573896253050514,Normal,0.0,Normal,2.4168892103154778,0,0.0
NBC0412,Normal,0.3927913756697919,Normal,-1.65884154661976,Normal,1.0062496369168925,Normal,38.50957616666656,Normal,0.005585543616942219,Normal,0.0,Normal,2.7360847919299287,0,0.0
NJB0243,Normal,0.37460715981349374,Normal,-1.8165262326708307,Normal,0.995693321207608,Normal,5.666879642950591,Normal,0.000684853852093928,Normal,0.0,Normal,2.0491732350210694,0,0.0
JAJ0849,Normal,0.4855314599660765,Normal,-1.2489426799988468,Normal,1.0295512383303032,Normal,772.8602753515061,Normal,0.023606058617595686,Normal,0.0,Normal,4.63942424989211,0,0.0
NBH0256,Normal,0.37777787241154626,Normal,-1.5432791148560288,Normal,0.9894808777132849,Normal,10.035771756196596,Normal,0.002607689789911097,Normal,0.0,Normal,3.0514449742061047,0,0.0
YDN0198,Normal,0.43864747168587365,Normal,-1.1045961124063124,Normal,1.1715720256740885,Normal,21.322020263078134,Normal,0.026909672032872235,Normal,0.0,Normal,3.8366979379206207,0,0.0
JJM0203,Normal,0.4208772140878018,Normal,-1.8156525741013034,Normal,0.9957251338893588,Normal,549.5399884493803,Normal,0.007291636676662122,Normal,0.0,Normal,3.0156033789573073,0,0.0
HCL0651,Normal,0.5111313318000062,Normal,-1.3100851819274104,Normal,1.2463204204409686,Normal,972.9584651835269,Normal,0.036665985248952704,Normal,0.0,Normal,3.9925194141677243,0,0.0
CLF0852,Normal,0.4235477911147826,Normal,-1.4682518963801436,Normal,1.1377480325764666,Normal,35.13089901354812,Normal,0.05136713443183739,Normal,0.0,Normal,3.1456600526621394,0,0.0
AES0827,Normal,0.4019732861510884,Normal,-1.453247435764188,Normal,1.1153719709592378,Normal,12.570496297776918,Normal,0.017582120052134328,Normal,0.0,Normal,3.036170252894075,0,0.0
BWH0813,Normal,0.4101146482089335,Normal,-1.7213860599136201,Normal,1.0201394657910459,Normal,30.939411109250727,Normal,0.04419511243212041,Normal,0.0,Normal,1.8927623867853194,0,0.0
KJM0887,Normal,0.403097012471236,Normal,-1.4556725998992865,Normal,1.0504536559354456,Normal,14.028987000266001,Normal,0.013740877791883427,Normal,0.0,Normal,2.9044309130014594,0,0.0
AGB0643,Normal,0.43464941772045323,Normal,-1.337081663163495,Normal,1.1106433231508392,Normal,15.169154413143056,Normal,0.04477411094973511,Normal,0.0,Normal,3.2292423358608144,0,0.0
CAC0889,Normal,0.48089200631597845,Normal,-1.1550504034772757,Normal,1.0551063456082796,Normal,422.6186662864457,Normal,0.029095294334975517,Normal,0.0,Normal,4.812242842533328,0,0.0
JZD0888,Normal,0.4078859399881084,Normal,-1.5121756671557918,Normal,0.9864587510825361,Normal,10.447043812704827,Normal,0.014542267952416067,Normal,0.0,Normal,2.6530040007333113,0,0.0
JSH0330,Normal,0.38001053905796517,Normal,-1.6799324387827634,Normal,0.9734079714586453,Normal,10.48118378026455,Normal,0.008357179942762624,Normal,0.0,Normal,2.1739540073892822,0,0.0
SRS0231,Normal,0.392878806863653,Normal,-1.6928273266020728,Normal,1.0196628942256973,Normal,16.822450551954425,Normal,0.027916699113952993,Normal,0.0,Normal,2.527287147168206,0,0.0
KVT0028,Normal,0.3925207760818707,Normal,-1.8321650073080908,Normal,1.0026740491574104,Normal,15.342082655546639,Normal,0.007153997161806814,Normal,0.0,Normal,2.7300910428533403,0,0.0
CAA0612,Normal,0.4355909274305988,Normal,-1.4370555662673345,Normal,1.1726438479841144,Normal,522.9687825344149,Normal,0.018096546920612952,Normal,0.0,Normal,3.1124230326159195,0,0.0
SVS0871,Normal,0.4053187394196453,Normal,-1.6344777990599126,Normal,0.9999723711414831,Normal,28.037767828825853,Normal,0.04564246534064797,Normal,0.0,Normal,2.470755075032939,0,0.0
IKR0401,Normal,0.442851126575074,Normal,-1.8470365906313844,Normal,1.0640396064742208,Normal,816.4864764934229,Normal,0.010641047398835373,Normal,0.0,Normal,3.1995216041524706,0,0.0
MKG0711,Normal,0.4044498580042221,Normal,-1.370873021443172,Normal,1.0471284030470989,Normal,14.996611893221512,Normal,0.025068506138032673,Normal,0.0,Normal,3.0466473767959794,0,0.0
ASB0796,Normal,0.3966652596923975,Normal,-1.7083599914931624,Normal,1.0507416805056533,Normal,38.52326170400951,Normal,0.0012119247594587776,Normal,0.0,Normal,2.954773256354961,0,0.0
OQH0183,Normal,0.37523236825770045,Normal,-1.6910094532748425,Normal,0.9840904717245691,Normal,8.950446060039974,Normal,0.007098592115970209,Normal,0.0,Normal,2.1436456603584624,0,0.0
SES0477,Normal,0.3969788927967031,Normal,-1.396918347672116,Normal,1.0677993358087987,Normal,20.387746298695305,Normal,0.021404077201792295,Normal,0.0,Normal,2.861647925788095,0,0.0
BNG0237,Normal,0.39029365663176857,Normal,-1.590726975955759,Normal,1.0617574090575816,Normal,13.630472042789018,Normal,0.007166610375014589,Normal,0.0,Normal,3.0313125007179904,0,0.0
SGM0021,Normal,0.4827580652902963,Normal,-1.298095055465257,Normal,1.1719510276464478,Normal,737.6294116762627,Normal,0.019866812052962098,Normal,0.0,Normal,4.342715870444206,0,0.0
MHG0733,Normal,0.3837627862848328,Normal,-1.6366490516822538,Normal,0.9774135302117545,Normal,10.279822309377082,Normal,0.008150802016664798,Normal,0.0,Normal,2.070139482935487,0,0.0
EIP0997,Normal,0.38805471137652653,Normal,-1.8601185852473623,Normal,0.9989465798964281,Normal,15.176641571793345,Normal,0.011535112782342134,Normal,0.0,Normal,1.914881289385092,0,0.0
SER0165,Normal,0.40240556368253627,Normal,-1.6471911833528499,Normal,1.019778753640955,Normal,12.250226272185808,Normal,0.013800030615845055,Normal,0.0,Normal,3.1344744326915364,0,0.0
DBS0235,Normal,0.43042861195959875,Normal,-1.5426787551514076,Normal,1.0666823203616982,Normal,1924.3869670851855,Normal,0.014721343471798848,Normal,0.0,Normal,3.11669847645741,0,0.0
ARD0509,Normal,0.39313210681949445,Normal,-1.5132854820646608,Normal,0.9749951583577545,Normal,16.992439417477296,Normal,0.004118959014036243,Normal,0.0,Normal,2.4452159368386037,0,0.0
AAN0823,Normal,0.4038392179272459,Normal,-1.476221182066419,Normal,1.003182000964763,Normal,8.043560807809818,Normal,0.01347109129798248,Normal,0.0,Normal,2.7139951915486984,0,0.0
LFS0071,Normal,0.3907960978347485,Normal,-1.6716018991238388,Normal,1.0423574266315099,Normal,12.075126410646739,Normal,0.010407312245224546,Normal,0.0,Normal,2.9392967447544667,0,0.0
LJB0826,Normal,0.3970354584250977,Normal,-1.524006344365885,Normal,1.0083418834064,Normal,8.70961444933678,Normal,0.01992311118860725,Normal,0.0,Normal,2.577303905093293,0,0.0
LCC0819,Normal,0.48901724133363184,Normal,-1.2741124715237158,Normal,1.139884314659291,Normal,576.1222845662999,Normal,0.005088534096175269,Normal,0.0,Normal,4.6272886098225925,0,0.0
NAR0981,Normal,0.40472035670845835,Normal,-1.3812625936765663,Normal,1.057473581535596,Normal,16.691524535386588,Normal,0.004724418594189838,Normal,0.0,Normal,3.345064890182525,0,0.0
HOB0994,Normal,0.46097840795382766,Normal,-1.2157494318310493,Normal,1.1328347450585114,Normal,57.25208964221943,Normal,0.04825252685107204,Normal,0.0,Normal,3.613343588484917,0,0.0
MMB0488,Normal,0.40151842070308025,Normal,-1.4680332927382205,Normal,1.0009291170832784,Normal,22.53243702414691,Normal,0.00980907482176168,Normal,0.0,Normal,2.820902541616553,0,0.0
HWM0342,Normal,0.38580756975843467,Normal,-1.5999767196605557,Normal,0.9914612629008243,Normal,12.262829825283102,Normal,0.004343073657501912,Normal,0.0,Normal,2.5747079011974163,0,0.0
KQS0415,Normal,0.3827216812904876,Normal,-1.6781239441370495,Normal,0.9942201353643977,Normal,10.361140741886448,Normal,0.007823899030703891,Normal,0.0,Normal,2.797601697382097,0,0.0
XHW0498,Normal,0.47243758812145586,Normal,-1.307219821546201,Normal,1.2400474226308484,Normal,631.8983211289869,Normal,0.004627717310652588,Normal,0.0,Normal,4.304128645672897,0,0.0
LCD0622,Normal,0.3925547884572434,Normal,-1.4657757812953474,Normal,1.031303289449117,Normal,14.32681523947407,Normal,0.007271510377227278,Normal,0.0,Normal,2.787194539958934,0,0.0
PPF0435,Normal,0.45782487123134563,Normal,-1.4706307626799477,Normal,1.0703789011242784,Normal,887.6115456834374,Normal,0.042331912043034534,Normal,0.0,Normal,4.475656894323456,0,0.0
BBG0325,Normal,0.45530078760961334,Normal,-1.2419643567003342,Normal,1.1608553209668604,Normal,407.0890493272435,Normal,0.00183114419564043,Normal,0.0,Normal,3.714616088254786,0,0.0
BMM0112,Normal,0.3916607044886225,Normal,-1.5816112860652562,Normal,0.975632470622695,Normal,10.230250093201334,Normal,0.014591159143574768,Normal,0.0,Normal,2.354015626185611,0,0.0
EZH0736,Normal,0.3824264885506282,Normal,-1.570722493496396,Normal,0.9950151014660495,Normal,13.189651175550225,Normal,0.010580566306268989,Normal,0.0,Normal,2.4646870077702836,0,0.0
NAB0903,Normal,0.4015265074531785,Normal,-1.5714648044574082,Normal,1.1102329672514384,Normal,14.293710443230001,Normal,0.021236510776618735,Normal,0.0,Normal,2.8674580370673155,0,0.0
BAM0611,Normal,0.38503239949669943,Normal,-1.6453697903501492,Normal,0.983763263732896,Normal,13.348709038015295,Normal,0.00929460501743529,Normal,0.0,Normal,2.127816491820289,0,0.0
PGH0184,Normal,0.3903563644091237,Normal,-1.8622168269634116,Normal,1.1050417887491242,Normal,71.6169880735742,Normal,0.0116515193115884,Normal,0.0,Normal,1.8254966218174884,0,0.0
AAW0353,Normal,0.38856972286159963,Normal,-1.5415816530455047,Normal,0.9989223323327929,Normal,10.482504412037336,Normal,0.002793204904141837,Normal,0.0,Normal,2.6507242113402287,0,0.0
BDI0533,Normal,0.4901576706524021,Normal,-1.1764598212905386,Normal,1.210118838353953,Normal,4375.824587964895,Normal,0.0114463165528167,Normal,0.0,Normal,5.449541605319944,0,0.0
HAC0282,Normal,0.4021166233092436,Normal,-1.7186502495943456,Normal,1.0089156351897344,Normal,13.08188222590574,Normal,0.016623398928558467,Normal,0.0,Normal,2.8090088732087017,0,0.0
FBA0348,Normal,0.3996762960253338,Normal,-1.577239581382072,Normal,0.999354868135147,Normal,330.72803863050547,Normal,0.07083866991936799,Normal,0.0,Normal,2.4433973234767907,0,0.0
WGS0516,Normal,0.3941781698265973,Normal,-1.420533143500895,Normal,1.0017210311421336,Normal,8.297346101673174,Normal,0.0013350607732232579,Normal,0.0,Normal,2.872557619973331,0,0.0
CSJ0340,Normal,0.3791278069536491,Normal,-1.6932769102013678,Normal,0.9768420992401989,Normal,8.323847902872426,Normal,0.0018748250554426083,Normal,0.0,Normal,2.217282087970359,0,0.0
YJF0532,Normal,0.4035411002818705,Normal,-1.393405623534922,Normal,1.0210692162257022,Normal,20.749033904973714,Normal,0.021249575233952732,Normal,0.0,Normal,2.7737959479723524,0,0.0
DMM0623,Normal,0.3919021528613381,Normal,-1.7461001893478616,Normal,0.9800207383977451,Normal,65.6249125197192,Normal,0.013150437447694853,Normal,0.0,Normal,1.8358352779309206,0,0.0
WLV0566,Normal,0.4069129364364911,Normal,-1.4379498345084303,Normal,1.0489699155884893,Normal,12.697706935226599,Normal,0.019584573262464936,Normal,0.0,Normal,3.767309611813758,0,0.0
HCV0478,Normal,0.4030942484255989,Normal,-1.5300925986605627,Normal,1.040567611904579,Normal,18.10997985174268,Normal,0.03218171370410047,Normal,0.0,Normal,2.8520806825103344,0,0.0
VAA0087,Normal,0.38986589189042625,Normal,-1.5724960480513417,Normal,1.0130358639119676,Normal,18.445317168205836,Normal,0.01580580114841869,Normal,0.0,Normal,2.776223823172072,0,0.0
WSR0241,Normal,0.3839530703188844,Normal,-1.9602905403509054,Normal,0.9775889328179577,Normal,2005.0803919125558,Normal,0.010653684561102715,Normal,0.0,Normal,1.9981653857140376,0,0.0
CGF0337,Normal,0.3790679859619491,Normal,-1.750691286150024,Normal,0.9897286994407389,Normal,8.714901097484077,Normal,0.005792485806321191,Normal,0.0,Normal,2.125466788508336,0,0.0
NCK0295,Normal,0.38032888273670756,Normal,-1.6504914352857434,Normal,1.0122359136953627,Normal,7.455836611093274,Normal,0.0074646187251090935,Normal,0.0,Normal,2.2362806391152215,0,0.0
HGH0595,Normal,0.38629258662309535,Normal,-1.5381890408131103,Normal,0.9945969163539001,Normal,8.220226367521978,Normal,0.006095547644968435,Normal,0.0,Normal,2.3229273721951684,0,0.0
FHS0837,Normal,0.3990344841813963,Normal,-1.4768964284674602,Normal,1.075346860100898,Normal,10.318197861473406,Normal,0.011591394644190402,Normal,0.0,Normal,2.9026929071422556,0,0.0
PLH0715,Normal,0.3726606179152699,Normal,-1.5873317689216142,Normal,0.9713610015911731,Normal,8.431867379338245,Normal,0.014192324500995761,Normal,0.0,Normal,2.182902920490996,0,0.0
HJS0072,Normal,0.47706338306136625,Normal,-1.1252907008331683,Normal,1.0227228956372085,Normal,1188.211262389477,Normal,0.00995728762197619,Normal,0.0,Normal,5.088150738958111,0,0.0
BYP0070,Normal,0.40504271254933893,Normal,-1.8262986801171166,Normal,1.044331050378687,Normal,58.92055368235354,Normal,0.0026258303699185017,Normal,0.0,Normal,2.628042986227815,0,0.0
QSV0778,Normal,0.38815707355585916,Normal,-1.5069234412437544,Normal,0.9977141023309285,Normal,10.476467777045853,Normal,0.009712432173013066,Normal,0.0,Normal,2.5814614938380074,0,0.0
JIM0095,Normal,0.3986980895135696,Normal,-1.3689080130360143,Normal,1.0059581958058161,Normal,11.334563090047011,Normal,0.002561278823985665,Normal,0.0,Normal,3.206850712711345,0,0.0
AAE0190,Normal,0.41988414613556135,Normal,-1.5535845709831662,Normal,1.025534652572759,Normal,18.25259252716353,Normal,0.0020192244926739602,Normal,0.0,Normal,2.990659272709198,0,0.0
AGB0186,Normal,0.4077534838339461,Normal,-1.4024441614245944,Normal,0.9946822275484909,Normal,11.314653342193116,Normal,0.004788461518886045,Normal,0.0,Normal,3.176435226867668,0,0.0
KJJ0293,Normal,0.4226814037098909,Normal,-1.5575058003759834,Normal,1.1556584558217142,Normal,225.70393014793868,Normal,0.02062302851574708,Normal,0.0,Normal,2.9466426379016184,0,0.0
VLB0647,Normal,0.4542588365790575,Normal,-1.1065889939249194,Normal,1.276838797278583,Normal,19.823071623801834,Normal,0.04977919074315763,Normal,0.0,Normal,3.9990503833359554,0,0.0
MAH0149,Normal,0.39403756355713215,Normal,-1.512625444927959,Normal,1.0141794936413127,Normal,19.427141499137562,Normal,0.008278693444059914,Normal,0.0,Normal,2.940671905618709,0,0.0
RJB0088,Normal,0.3885869932717226,Normal,-1.41280560506198,Normal,1.0674140806881023,Normal,12.36021516337867,Normal,0.008930090997871938,Normal,0.0,Normal,3.0845824465558005,0,0.0
SOF0808,Normal,0.4218697499945178,Normal,-1.5226521885214173,Normal,1.0395770601844565,Normal,35.097333210934465,Normal,0.04414093819952635,Normal,0.0,Normal,2.4647362932705827,0,0.0
KMW0545,Normal,0.41666747920612807,Normal,-1.7182097146005952,Normal,1.1439628546654321,Normal,460.4197813355619,Normal,0.017378685174593424,Normal,0.0,Normal,3.171132634466783,0,0.0
PMV0850,Normal,0.46148866075535794,Normal,-1.3540310182847606,Normal,1.237647575924863,Normal,291.0682797652207,Normal,0.013808779642951541,Normal,0.0,Normal,3.6722013396678452,0,0.0
JMB0308,Normal,0.47470386291510663,Normal,-1.1686657908122655,Normal,0.999236856424871,Normal,1096.7116355432668,Normal,0.02915149546851756,Normal,0.0,Normal,5.148812534890134,0,0.0
HMW0713,Normal,0.3847247684107021,Normal,-1.4345268290009665,Normal,1.0048192283521744,Normal,8.773513633940718,Normal,0.01633924640262129,Normal,0.0,Normal,2.228862260937367,0,0.0
CCW0524,Normal,0.3760766415342757,Normal,-1.615806841260079,Normal,0.9805596917801518,Normal,7.36431535006195,Normal,0.0029916537671077115,Normal,0.0,Normal,2.121227718636761,0,0.0
DGF0443,Normal,0.36867998076364694,Normal,-1.7536732742846155,Normal,0.9692149596292916,Normal,5.082575581263815,Normal,0.0017546580854490704,Normal,0.0,Normal,2.3019389978580866,0,0.0
RSM0277,Normal,0.4249402539750394,Normal,-1.4972121117609802,Normal,1.1350099195009724,Normal,405.8021425078048,Normal,0.009325132635893522,Normal,0.0,Normal,3.5336419348451744,0,0.0
LAP0338,Normal,0.4486877836224892,Normal,-1.3151317895781742,Normal,1.3888884904987333,Normal,4334.929559255643,Normal,0.005237776278952469,Normal,0.0,Normal,4.100097310742198,0,0.0
CMS0454,Normal,0.387836951970501,Normal,-1.4576954472127097,Normal,1.0091052484783094,Normal,9.738063730229802,Normal,0.0021478528062352925,Normal,0.0,Normal,2.396123808097772,0,0.0
HDJ0446,Normal,0.3966487541222424,Normal,-1.4086497252065575,Normal,0.9971206650934992,Normal,10.692802246047924,Normal,0.0036449880140257363,Normal,0.0,Normal,2.8198653659406996,0,0.0
XLB0710,Normal,0.40964916908571913,Normal,-1.1571404198700885,Normal,1.0915293005235647,Normal,16.379781504769674,Normal,0.02042022804590076,Normal,0.0,Normal,3.2511080647051918,0,0.0
RAB0589,Normal,0.47829617240538114,Normal,-1.2851158860793372,Normal,0.9955280709394414,Normal,1227.6081399864286,Normal,0.0095033456327952,Normal,0.0,Normal,4.381927540302354,0,0.0
EGD0132,Normal,0.4631903328041904,Normal,-1.3906430283746485,Normal,1.0339684273884977,Normal,598.264983349099,Normal,0.00879144087871705,Normal,0.0,Normal,3.5942386441752694,0,0.0
KMS0657,Normal,0.4508478726333604,Normal,-1.2710596111452956,Normal,1.0547103228695967,Normal,16.54881885337566,Normal,0.04405164731529079,Normal,0.0,Normal,3.6755525147388854,0,0.0
ELB0847,Normal,0.4188042621434097,Normal,-1.2830873347757088,Normal,1.0302769130628644,Normal,20.276393864247947,Normal,0.01193177876900156,Normal,0.0,Normal,3.2969999428904497,0,0.0
DRR0162,Normal,0.4394582541134849,Normal,-1.599461705899698,Normal,1.0680089547413891,Normal,843.3593264672362,Normal,0.018472738036832644,Normal,0.0,Normal,3.4593957816639365,0,0.0
KBG0549,Normal,0.44976653511290093,Normal,-1.4327974521421223,Normal,1.178957440196805,Normal,514.3275267759602,Normal,0.01880675181822158,Normal,0.0,Normal,3.7323414893415277,0,0.0
RGH0728,Normal,0.3991860495914298,Normal,-1.6208479252095875,Normal,0.9849450188784743,Normal,23.88080745164418,Normal,0.0011326591864051442,Normal,0.0,Normal,2.508849561742101,0,0.0
BXJ0010,Normal,0.41885679484066085,Normal,-1.5622967959552667,Normal,1.0251645628128394,Normal,16.447497943299297,Normal,0.02992286708128342,Normal,0.0,Normal,2.802056933014329,0,0.0
NRO0768,Normal,0.4034900700125394,Normal,-1.4143280186533995,Normal,1.0003718550688365,Normal,13.597046466278938,Normal,0.007871365535940146,Normal,0.0,Normal,2.891060079367026,0,0.0
MBR0724,Normal,0.38381775919620226,Normal,-1.4681884442425115,Normal,0.986592001648242,Normal,11.360572979180258,Normal,0.021205902641910225,Normal,0.0,Normal,2.425884125418129,0,0.0
DSM0591,Normal,0.39064623189243947,Normal,-1.484610173020693,Normal,1.0615302405440137,Normal,9.51556511499059,Normal,0.0020951339009597143,Normal,0.0,Normal,2.6912959236925693,0,0.0
NKP0236,Normal,0.43954671989409755,Normal,-1.6177117964282455,Normal,0.9841393358171988,Normal,638.7347119833316,Normal,0.025223562232604666,Normal,0.0,Normal,4.312902143882456,0,0.0
CLS0296,Normal,0.38610864540635653,Normal,-1.5421672133600133,Normal,0.9863669773771093,Normal,6.934142016136962,Normal,0.008803447061729652,Normal,0.0,Normal,2.306147539892978,0,0.0
EAH0466,Normal,0.487584373359699,Normal,-1.2017411185941744,Normal,1.0303438571383163,Normal,1263.8759853600243,Normal,0.013703238733791784,Normal,0.0,Normal,4.903738584784222,0,0.0
DAG0558,Normal,0.39628270842693364,Normal,-1.5597726940371262,Normal,1.0191460449190146,Normal,11.26715142629261,Normal,0.0214395475536281,Normal,0.0,Normal,3.1408072350558163,0,0.0
FLM0213,Normal,0.4097478578887268,Normal,-1.2331032743560382,Normal,1.0437397445007224,Normal,19.531310554335366,Normal,0.014124127397554186,Normal,0.0,Normal,3.2071340955307845,0,0.0
KJA0152,Normal,0.4047832300768043,Normal,-1.5954986184579871,Normal,1.0366726468032217,Normal,12.077184282292414,Normal,0.0032575034419391833,Normal,0.0,Normal,3.111142733205669,0,0.0
MAD0753,Normal,0.41062115796969434,Normal,-1.3936885700874213,Normal,1.0208495151722254,Normal,13.052436142632553,Normal,0.012191501620384994,Normal,0.0,Normal,2.99842596474988,0,0.0
DGM0754,Normal,0.45504485135819517,Normal,-1.161827397424133,Normal,1.1272842713812583,Normal,491.5818309377092,Normal,0.026443398600347768,Normal,0.0,Normal,4.9235304697751126,0,0.0
MSZ0310,Normal,0.4088761846882806,Normal,-1.3956885453229824,Normal,1.0339230481863058,Normal,14.698457426248241,Normal,0.00643025325899112,Normal,0.0,Normal,2.9600447805652945,0,0.0
NRD0548,Normal,0.39145700338828404,Normal,-1.7638359208593521,Normal,1.0291031018328962,Normal,15.261450916236228,Normal,0.005986317435555006,Normal,0.0,Normal,2.8293139821685673,0,0.0
CKB0482,Normal,0.4242141289223497,Normal,-1.243392617039876,Normal,1.0725614399544576,Normal,17.85811011081512,Normal,0.01259619894804057,Normal,0.0,Normal,3.4604644716211532,0,0.0
MGS0974,Normal,0.4380586241432959,Normal,-1.5896423429445035,Normal,1.2433335448800829,Normal,4237.255137102244,Normal,0.01816003387457269,Normal,0.0,Normal,3.2488951777392945,0,0.0
ARL0034,Normal,0.3834656594009259,Normal,-1.6197682268532358,Normal,0.9730195389450854,Normal,12.361842396296195,Normal,0.006805703098201823,Normal,0.0,Normal,2.1275188124936357,0,0.0
AMV0036,Normal,0.40507946236644127,Normal,-1.4372883552339528,Normal,1.0158966111109007,Normal,18.475531829614127,Normal,0.005833056520497454,Normal,0.0,Normal,2.6683718608911997,0,0.0
KNG0672,Normal,0.3948523437698313,Normal,-1.6106152358311374,Normal,1.042295407859272,Normal,17.32471959177484,Normal,0.015200254535551693,Normal,0.0,Normal,2.783083144644574,0,0.0
SCF0608,Normal,0.3996598588713887,Normal,-1.4302908419867106,Normal,1.0186634367574772,Normal,33.0981267022604,Normal,0.009495862028926626,Normal,0.0,Normal,2.8228612799739734,0,0.0
RHP0484,Normal,0.3906058450401865,Normal,-1.7074078784960214,Normal,0.9841061698881708,Normal,23.50534714308299,Normal,0.03253527064970396,Normal,0.0,Normal,2.075822013982424,0,0.0
EHR0096,Normal,0.39274180347765447,Normal,-1.4509461326279665,Normal,1.0293834554384982,Normal,8.867338097125714,Normal,0.0028802113119370918,Normal,0.0,Normal,3.0497106139230987,0,0.0
ELT0769,Normal,0.38698181935347875,Normal,-1.462159230593837,Normal,0.9873265255757303,Normal,10.847313121956878,Normal,0.007496410982545567,Normal,0.0,Normal,2.6891073628478788,0,0.0
KCB0815,Normal,0.4328520804761596,Normal,-1.4452556014397702,Normal,1.116060022122193,Normal,40.93677284433553,Normal,0.05842628189557337,Normal,0.0,Normal,2.7942819907109957,0,0.0
ABN0239,Normal,0.3782623842572705,Normal,-1.7762176402051917,Normal,1.0058936499199365,Normal,12.70509917113306,Normal,0.006569558732960081,Normal,0.0,Normal,2.4515312497806363,0,0.0
KPR0497,Normal,0.40960901317819176,Normal,-1.449883698681873,Normal,1.0372982638784876,Normal,26.74477379434538,Normal,0.0546129986696968,Normal,0.0,Normal,2.938426009234898,0,0.0
NNS0059,Normal,0.40810412224777837,Normal,-1.7042999061432065,Normal,1.0023704284267931,Normal,13.213239299070729,Normal,0.010249415572135509,Normal,0.0,Normal,2.5314224886021273,0,0.0
PKB0281,Normal,0.42051856113894337,Normal,-1.4750203068683,Normal,1.0540268131135693,Normal,16.70726388569261,Normal,0.01941528647738431,Normal,0.0,Normal,3.4047955439638895,0,0.0
OMM0944,Normal,0.4042428976665796,Normal,-1.2955644091543925,Normal,0.9947832860941018,Normal,13.684783423745964,Normal,0.05359416206621003,Normal,0.0,Normal,3.0609772546508895,0,0.0
FAW0032,Normal,0.41615755051244335,Normal,-1.401401568587261,Normal,1.1571001233942,Normal,409.752648878888,Normal,0.07605315862131418,Normal,0.0,Normal,2.9879522164655157,0,0.0
CHG0146,Normal,0.40735899740089826,Normal,-1.4309006931387884,Normal,1.0196491844359756,Normal,18.774091675951144,Normal,0.009434661304379699,Normal,0.0,Normal,2.9255337111165858,0,0.0
PTH0552,Normal,0.38408469929633865,Normal,-1.7400510063400862,Normal,0.985865038188062,Normal,12.277676612302951,Normal,0.008949882902933266,Normal,0.0,Normal,2.711266962783376,0,0.0
GTD0898,Normal,0.39808003054306235,Normal,-1.6036501476621383,Normal,0.9878156507170089,Normal,9.078220288854382,Normal,0.014931389640519736,Normal,0.0,Normal,2.5479679682316076,0,0.0
PES0085,Normal,0.3796534748981666,Normal,-1.7437365300949244,Normal,1.0014455740992771,Normal,13.754692628916589,Normal,0.004932901010889607,Normal,0.0,Normal,2.228169785410872,0,0.0
SMW0084,Normal,0.3889889654079791,Normal,-1.4407544849444804,Normal,1.0651827021269138,Normal,10.891523563858229,Normal,0.0043844143044564085,Normal,0.0,Normal,3.0510963070746717,0,0.0
AMH0794,Normal,0.36922450267304124,Normal,-1.660405023547061,Normal,0.9819964351985415,Normal,8.496023307578007,Normal,0.005105112723054645,Normal,0.0,Normal,2.554985230472895,0,0.0
TLK0993,Normal,0.4597376048006327,Normal,-1.2028806149438636,Normal,1.152641961767861,Normal,55.01740975462477,Normal,0.04429955491458775,Normal,0.0,Normal,3.5965512820237695,0,0.0
TBT0461,Normal,0.37916508567340823,Normal,-1.5463742826952915,Normal,0.9911968397411808,Normal,8.142756544214372,Normal,0.0013196484299862882,Normal,0.0,Normal,2.332908845323525,0,0.0
MNR0829,Normal,0.3980924743872733,Normal,-1.4698486965386002,Normal,1.019144082059416,Normal,9.265693514667415,Normal,0.018765889961299242,Normal,0.0,Normal,2.75975395065376,0,0.0
ASM0575,Normal,0.3851533353611713,Normal,-1.542249435736024,Normal,0.9888811119588352,Normal,10.712477529233624,Normal,0.009479261578674701,Normal,0.0,Normal,2.3265691100794044,0,0.0
NKH0979,Normal,0.4144255460460655,Normal,-1.440723122591962,Normal,1.0382074404372486,Normal,24.350619243661722,Normal,0.04566653378929153,Normal,0.0,Normal,2.747255706760327,0,0.0
CJV0286,Normal,0.421312937041905,Normal,-1.3374280601075605,Normal,1.0191401552171322,Normal,17.18625788342364,Normal,0.023202341504261793,Normal,0.0,Normal,3.294901878522178,0,0.0
NIH0969,Normal,0.40868695585506165,Normal,-1.2508442130346438,Normal,1.037973027140176,Normal,15.758067602522447,Normal,0.03948254881613394,Normal,0.0,Normal,3.1002082418706025,0,0.0
ARB0834,Normal,0.43886525139506793,Normal,-1.4226796102564416,Normal,1.2658782312662533,Normal,99.40725597917297,Normal,0.01866702138129053,Normal,0.0,Normal,3.289267832164945,0,0.0
JPA0667,Normal,0.38080755365679636,Normal,-1.5888033369018577,Normal,0.9861101511768536,Normal,6.785188863224677,Normal,0.007409065532066591,Normal,0.0,Normal,2.5371976317416998,0,0.0
GHH0288,Normal,0.5137071545571305,Normal,-1.2949730880121937,Normal,1.0226461178438906,Normal,675.348168169493,Normal,0.0129930133645721,Normal,0.0,Normal,4.8107665916581706,0,0.0
ASS0206,Normal,0.4025334791724168,Normal,-1.3807305129301173,Normal,1.003726216535439,Normal,13.779352402556198,Normal,0.011131858162735587,Normal,0.0,Normal,2.7895448290741816,0,0.0
WKF0012,Normal,0.4216155516952204,Normal,-1.4109966212192278,Normal,1.029268060485181,Normal,17.34842145787529,Normal,0.02249726080654114,Normal,0.0,Normal,3.1603374375427125,0,0.0
SPA0141,Normal,0.4462114363986664,Normal,-1.343122862036042,Normal,1.0152342730040251,Normal,350.3274091049619,Normal,0.009848814530593315,Normal,0.0,Normal,4.440347825055335,0,0.0
TEM0977,Normal,0.3896780335650466,Normal,-1.5528823681295087,Normal,1.0234260871411176,Normal,13.3337826958334,Normal,0.005182056877518184,Normal,0.0,Normal,2.8783233387706915,0,0.0
DLH0029,Normal,0.3816562902128569,Normal,-2.000114311081951,Normal,0.9949548348819179,Normal,9.315650714169955,Normal,0.010332344550296272,Normal,0.0,Normal,2.0500062029327175,0,0.0
JTS0389,Normal,0.43224899316988596,Normal,-1.4989922312726158,Normal,1.1378858486428867,Normal,441.8710679897487,Normal,0.01892208253822963,Normal,0.0,Normal,3.115535310563861,0,0.0
KWE0082,Normal,0.4478140739081036,Normal,-1.5474166580232909,Normal,1.0305706449849854,Normal,293.14260011669353,Normal,0.012165820845847887,Normal,0.0,Normal,3.8968276606317818,0,0.0
AIS0405,Normal,0.41325062965241655,Normal,-1.4393453870453659,Normal,1.0875680060888213,Normal,19.680130184023817,Normal,0.013521531427161188,Normal,0.0,Normal,3.348022892780667,0,0.0
JAM0382,Normal,0.3817953689615726,Normal,-1.526319331452445,Normal,0.9951731346041057,Normal,7.992801668341136,Normal,0.011289797003775531,Normal,0.0,Normal,2.7957804672995556,0,0.0
FRB0023,Normal,0.4428249604494247,Normal,-1.1046934639428645,Normal,1.3620455566795138,Normal,29.708551732331017,Normal,0.018470703688731008,Normal,0.0,Normal,4.640199949145469,0,0.0
CIM0926,Normal,0.4260289592061121,Normal,-1.8347926185665455,Normal,1.0455802612429268,Normal,72.72329657813296,Normal,0.0009812526670655009,Normal,0.0,Normal,2.804087848913537,0,0.0
BMT0528,Normal,0.4396923879068717,Normal,-1.7820701051109136,Normal,1.0060859709361942,Normal,164.492016524284,Normal,0.009147083083620824,Normal,0.0,Normal,2.9802559147354044,0,0.0
SEJ0677,Normal,0.4195268048136105,Normal,-1.4943054441480133,Normal,1.1589960674220519,Normal,145.56416355667682,Normal,0.02771944935827261,Normal,0.0,Normal,3.307411605771965,0,0.0
ZJS0269,Normal,0.3703522566560004,Normal,-1.6960343172600951,Normal,0.9655102286220011,Normal,5.76477037129215,Normal,0.003280387452549995,Normal,0.0,Normal,2.460558724526322,0,0.0
MLP0668,Normal,0.3847142107380899,Normal,-1.4921234631724838,Normal,1.0534822118927476,Normal,9.489944645245714,Normal,0.006894737227939382,Normal,0.0,Normal,2.821546010442508,0,0.0
TLM0797,Normal,0.3757757220491035,Normal,-1.6901099605940924,Normal,0.9990541329701722,Normal,8.074199710886232,Normal,0.0069587525603889205,Normal,0.0,Normal,2.5356648251910596,0,0.0
GAF0570,Normal,0.41545972900199424,Normal,-1.5741131257599903,Normal,1.0508900249227144,Normal,945.0963728582634,Normal,0.03246916987244763,Normal,0.0,Normal,3.157410728339698,0,0.0
JOM0750,Normal,0.38974474058320757,Normal,-1.5834301738589756,Normal,1.0054179915115458,Normal,8.226834113164013,Normal,0.0056475680464343645,Normal,0.0,Normal,2.358020457578913,0,0.0
BMS0877,Normal,0.4492917693506157,Normal,-1.2484572647035181,Normal,1.1390523140114153,Normal,250.37588222089823,Normal,0.006749858007079998,Normal,0.0,Normal,4.184287377971458,0,0.0
DKB0631,Normal,0.44199905029041575,Normal,-1.2444675464654993,Normal,1.1140883915890112,Normal,16.555324273969617,Normal,0.051472171186147817,Normal,0.0,Normal,3.701749928042449,0,0.0
ENC0234,Normal,0.4201026066358454,Normal,-1.7625765021073805,Normal,1.0761832000847646,Normal,48.55403327528977,Normal,0.015858188047781753,Normal,0.0,Normal,3.050257591638113,0,0.0
IKP0472,Normal,0.4935130206419086,Normal,-1.1239448096077576,Normal,1.2373826615559151,Normal,1400.162951226774,Normal,0.009773502693827962,Normal,0.0,Normal,4.63238436977278,0,0.0
DIB0285,Normal,0.4946215065455486,Normal,-1.1712802446028745,Normal,1.2127613967063016,Normal,588.7763868208,Normal,0.00578478143612329,Normal,0.0,Normal,4.398641984828785,0,0.0
KAC0124,Normal,0.39690617395137995,Normal,-1.845746410420292,Normal,0.9962346263901024,Normal,15.352070785396197,Normal,0.014652886283582085,Normal,0.0,Normal,2.0237056525319965,0,0.0
MHA0798,Normal,0.4067920863361139,Normal,-1.3399016833387445,Normal,1.0689768125880725,Normal,12.583272504417238,Normal,0.0029777058578906333,Normal,0.0,Normal,3.5468191696001075,0,0.0
BLL0929,Normal,0.4209223278436595,Normal,-1.1254522077668843,Normal,1.138104919042068,Normal,16.23784049249905,Normal,0.01388016029022898,Normal,0.0,Normal,3.8591298027208403,0,0.0
KAT0270,Normal,0.38201770294876564,Normal,-1.626674753588423,Normal,0.994759523313507,Normal,7.875340848524742,Normal,0.0027315124533928282,Normal,0.0,Normal,2.5077971846831555,0,0.0
GNS0178,Normal,0.4914591729429338,Normal,-1.5841249138842717,Normal,1.0153635195645316,Normal,6996.428500097286,Normal,0.10740937503221949,Normal,0.0,Normal,5.2664243260120776,0,0.0
LOF0311,Normal,0.4152146840183874,Normal,-1.4148509734621535,Normal,1.022483614160055,Normal,12.610083156664183,Normal,0.0022994956554695666,Normal,0.0,Normal,2.9730188825859947,0,0.0
KLM0639,Normal,0.440480770529888,Normal,-1.3097230992533793,Normal,1.0478131845734562,Normal,15.347039109254611,Normal,0.04012746075592194,Normal,0.0,Normal,3.4808795130193704,0,0.0
GAF0060,Normal,0.39585668436827937,Normal,-1.6585586984930747,Normal,1.0228572235953284,Normal,14.209911439568264,Normal,0.010920653373133636,Normal,0.0,Normal,2.7621241212704417,0,0.0
ALH0402,Normal,0.39795175177569514,Normal,-1.6788030699228274,Normal,1.0039146837821522,Normal,15.58515661635127,Normal,0.012802019363789168,Normal,0.0,Normal,2.606449745289291,0,0.0
CEJ0109,Normal,0.4564548209931849,Normal,-1.567891245370841,Normal,1.1466474453126376,Normal,958.3723803089829,Normal,0.01660148899420165,Normal,0.0,Normal,3.8407807455938796,0,0.0
CEB0210,Normal,0.3952200847000953,Normal,-1.5121319233814405,Normal,1.0009989589213455,Normal,11.112683737816276,Normal,0.005201865632682824,Normal,0.0,Normal,2.4805169633848676,0,0.0
DRR0242,Normal,0.43446966300591267,Normal,-1.4322855413283,Normal,1.3876710439644677,Normal,17714.55975107294,Normal,0.020256464877921126,Normal,0.0,Normal,4.22386736149717,0,0.0
NCK0421,Normal,0.37952293012842875,Normal,-1.7023911698083591,Normal,1.015739214001348,Normal,7.803488990647497,Normal,0.003921663781404101,Normal,0.0,Normal,2.7233221804728887,0,0.0
HAH0760,Normal,0.44842270837098075,Normal,-1.5499414651802992,Normal,1.0218561203762095,Normal,146.6824939245968,Normal,0.009751821994941519,Normal,0.0,Normal,3.413979080575316,0,0.0
VMJ0546,Normal,0.4576347248357059,Normal,-1.7604463033979376,Normal,1.086361364546592,Normal,2148.08722821589,Normal,0.04735446892648258,Normal,0.0,Normal,4.218017965112499,0,0.0
EFS0882,Normal,0.4026900484152525,Normal,-1.513635119627344,Normal,1.006278355089761,Normal,11.822969244537555,Normal,0.015542678994958325,Normal,0.0,Normal,2.6165129479889284,0,0.0
MTT0901,Normal,0.5026762173318975,Normal,-1.1049428982958847,Normal,1.0267287772014315,Normal,1002.7934913036275,Normal,0.029454263366493486,Normal,0.0,Normal,5.078810027348881,0,0.0
