user,total_events,active_days,unique_pcs,unique_sources,first_activity,last_activity,total_logins,midnight_activity,after_hours_activity,weekend_activity,device_events,file_events,unique_files,emails_sent,web_events,unique_urls,average_hour,earliest_hour,latest_hour,openness,conscientiousness,extraversion,agreeableness,neuroticism,risk_score,prediction
AJF0370,69194,373,661,5,2010-01-04 06:11:41,2011-05-16 20:46:36,3267,2355,3056,3205,8502,11053,11053,3927,42445,360,11.834479868196665,0,23,37,33,11,15,36,0.717708366939492,Suspicious
DLM0051,109986,436,3,5,2010-01-03 06:50:00,2011-05-16 15:57:00,1367,0,0,22258,7533,10673,10673,7573,82840,285,10.996845053006746,6,16,37,37,17,20,35,0.6723132499644066,Suspicious
IBB0359,57212,349,604,5,2010-01-04 08:15:00,2011-05-16 23:23:35,3086,2055,3281,4,7852,3199,3199,3631,39444,278,11.889411312312102,0,23,48,33,21,43,38,0.6647537166035111,Suspicious
EIS0041,51929,346,622,5,2010-01-04 02:24:32,2011-05-16 22:28:35,3052,2256,2760,0,2644,3676,3676,3287,39270,363,11.14048027113944,0,23,41,44,17,48,30,0.6585188447771002,Suspicious
HSB0196,82313,475,1,5,2010-01-02 08:05:00,2011-05-16 18:06:00,988,20,3410,20955,7595,11627,11627,5103,57000,142,12.819554626851165,0,23,44,13,43,30,33,0.6571391567226114,Suspicious
BAL0044,53379,348,628,5,2010-01-04 05:06:15,2011-05-16 18:43:08,3146,2182,2993,4,2258,2900,2900,3696,41379,278,11.204181419659417,0,23,14,41,26,44,30,0.6551402382026843,Suspicious
HDS0367,52209,346,630,5,2010-01-04 08:06:00,2011-05-16 16:14:00,3035,2272,2737,0,2722,3406,3406,3626,39420,285,11.748204332586337,0,23,50,42,16,30,19,0.6511162092869529,Suspicious
MPM0220,40530,218,456,5,2010-01-04 03:15:35,2010-11-05 21:48:55,2005,1445,2301,3,4978,6689,6689,2307,24551,214,11.221638292622748,0,23,35,20,42,22,20,0.6497573494522955,Suspicious
BSS0369,40552,239,504,5,2010-01-03 00:56:15,2010-10-04 04:18:44,1924,1357,1770,7546,5472,2295,2295,2300,28561,185,11.808616097849674,0,23,39,42,34,14,32,0.6314112853493467,Suspicious
WPR0368,56537,427,720,3,2010-01-02 08:13:00,2011-05-16 21:45:28,3470,879,981,10248,0,0,0,4534,48533,241,11.708509471673418,0,23,48,34,40,17,31,0.6211230829485433,Suspicious
HPH0075,96948,404,1,5,2010-01-02 07:50:00,2011-05-16 17:00:00,1125,0,0,13913,6345,9323,9323,7435,72720,238,12.053121260882122,7,17,40,42,48,25,28,0.6175171370345447,Suspicious
LBH0942,66899,453,1,5,2010-01-03 07:13:00,2011-05-16 16:15:00,1272,0,0,15422,7785,10889,10889,3918,43035,167,11.334907846156145,7,16,40,42,23,30,29,0.6139225715389128,Suspicious
ATE0869,84092,486,4,5,2010-01-02 07:33:00,2011-05-16 17:53:00,1427,11,138,23119,419,522,522,7519,74205,304,12.281108785615753,0,23,13,15,40,44,33,0.6120664042908944,Suspicious
BJM0111,26300,385,1,5,2010-01-04 09:06:00,2011-05-17 06:43:35,884,75,1451,1169,5821,7841,7841,1082,10672,109,13.279847908745246,0,23,22,24,39,41,19,0.6033910819063492,Suspicious
AVM0947,17886,346,30,5,2010-01-04 07:00:00,2011-05-16 16:19:00,750,0,0,0,5984,7701,7701,337,3114,53,11.276025942077602,7,16,10,25,30,44,39,0.6015853502382289,Suspicious
OBH0499,85509,435,2,5,2010-01-03 08:03:00,2011-05-16 17:09:00,1469,36,466,16058,7395,594,594,6229,69822,239,12.332105392414833,0,23,35,18,41,16,34,0.598447373931105,Suspicious
THR0873,78583,347,2,5,2010-01-04 07:44:00,2011-05-16 17:45:00,740,13,445,2,5466,8525,8525,5032,58820,293,12.314279169794993,0,23,37,44,21,40,38,0.594757512523466,Suspicious
LBC0356,46193,346,636,3,2010-01-04 01:37:22,2011-05-16 16:10:00,3053,710,822,0,0,0,0,3696,39444,350,11.846167168185655,0,23,40,30,40,21,41,0.5940397976828586,Suspicious
BMG0917,52291,349,1,5,2010-01-04 08:21:00,2011-05-16 19:27:00,1005,21,8412,6,5955,7692,7692,3039,34600,140,13.54271289514448,1,23,43,36,41,23,34,0.5907293556358953,Suspicious
NAF0326,86990,458,48,5,2010-01-03 07:41:00,2011-05-16 15:37:00,1599,0,0,19365,1790,2446,2446,7121,74034,81,11.275755834003908,7,16,33,15,25,20,30,0.5875989346713656,Suspicious
MOH0273,57961,401,1,5,2010-01-02 07:00:00,2011-05-16 17:15:00,802,0,0,7662,6295,9306,9306,3463,38095,166,11.788271423888476,7,17,39,40,47,50,26,0.5867292303235816,Suspicious
LBF0214,78385,462,2,5,2010-01-03 07:33:00,2011-05-16 15:51:00,1673,85,1690,17750,941,1236,1236,6135,68400,178,11.437149964916758,0,23,18,44,18,38,28,0.5866979966876517,Suspicious
MOS0047,27028,176,416,5,2010-01-04 00:18:05,2010-09-10 19:40:48,1651,1047,1539,0,1774,1593,1593,1892,20118,174,11.222287997632085,0,23,49,39,24,34,23,0.5859614478378093,Suspicious
JCC0225,45866,346,639,3,2010-01-04 06:28:21,2011-05-16 22:35:48,2750,659,857,0,0,0,0,3708,39408,204,11.080844198316836,0,23,47,45,40,15,18,0.5853351709847224,Suspicious
CLB0774,25094,357,1,5,2010-01-04 08:17:00,2011-05-16 16:37:00,848,74,638,17,5966,7246,7246,1000,10034,230,12.1674105363832,0,23,49,23,22,17,31,0.5823327612770148,Suspicious
CCA0046,29698,201,447,5,2010-01-04 05:57:35,2010-10-15 22:52:13,1608,1223,1599,0,1511,1678,1678,2157,22744,113,11.142804229241026,0,23,36,43,25,15,28,0.5819446809384815,Suspicious
UIR0043,45955,346,631,3,2010-01-04 00:39:45,2011-05-16 22:30:38,2860,703,933,0,0,0,0,3720,39375,303,11.043781960613643,0,23,19,37,23,38,32,0.5813594075680448,Suspicious
DMG0358,46153,346,633,3,2010-01-04 05:39:40,2011-05-16 18:25:02,3038,735,873,0,0,0,0,3691,39424,307,11.81013151907785,0,23,19,39,14,25,29,0.5802478883368555,Suspicious
GTD0219,17922,118,306,5,2010-01-04 03:37:16,2010-06-18 21:03:36,980,804,1009,0,957,1281,1281,1262,13442,269,11.147249190938512,0,23,40,40,19,30,33,0.5793546296495188,Suspicious
WIF0691,52307,346,2,5,2010-01-04 08:58:00,2011-05-16 18:57:00,972,0,6791,0,5455,8267,8267,3013,34600,388,13.553979390903702,8,19,33,39,37,30,24,0.5791136407500268,Suspicious
HRL0540,46103,346,2,5,2010-01-04 09:02:00,2011-05-16 21:14:00,1014,0,13813,0,5924,1777,1777,2988,34400,190,14.840921415092293,9,21,43,38,17,40,18,0.5790635689426624,Normal
QNP0216,45763,346,639,3,2010-01-04 00:33:45,2011-05-16 23:49:58,2814,694,897,0,0,0,0,3710,39239,254,11.059939252234338,0,23,19,35,39,26,34,0.578725504974678,Normal
MSO0222,31537,239,490,5,2010-01-04 06:13:28,2010-12-10 20:22:04,1900,500,635,0,4,1,1,2546,27086,158,11.021244886958176,0,23,32,12,39,46,28,0.5774785969036801,Normal
CBB0365,46390,346,634,3,2010-01-04 00:58:37,2011-05-16 22:15:16,3256,760,838,0,0,0,0,3690,39444,88,11.74466479844794,0,23,37,17,20,41,33,0.5768858962218458,Normal
JAV0361,45804,346,625,3,2010-01-04 01:25:06,2011-05-16 19:10:18,2768,742,861,0,0,0,0,3659,39377,245,11.778687450877653,0,23,36,45,40,45,33,0.5761177336121615,Normal
SAK0375,45921,346,629,3,2010-01-04 03:30:53,2011-05-16 20:34:43,2828,650,953,0,0,0,0,3649,39444,307,11.800853639946865,0,23,16,20,27,16,31,0.5744921851527076,Normal
MSH0040,33781,255,540,3,2010-01-04 03:53:40,2011-01-06 21:27:45,2100,571,637,0,0,0,0,2711,28970,250,11.057428732127528,0,23,41,11,44,27,31,0.5723197981363234,Normal
SAA0999,49580,346,2,5,2010-01-04 08:05:00,2011-05-16 19:23:00,985,0,6871,0,5971,8468,8468,3016,31140,237,13.356171843485276,8,19,20,17,34,11,36,0.5716240938905981,Normal
ATP0662,61744,386,2,5,2010-01-04 08:51:00,2011-05-16 19:00:00,1245,67,8981,3317,784,1273,1273,5103,53339,250,13.657812904897641,0,23,17,16,41,20,39,0.5706747229423454,Normal
BRM0995,45181,346,4,5,2010-01-04 09:10:00,2011-05-16 21:17:00,1015,0,13239,0,5932,590,590,3044,34600,201,14.771076337398464,9,21,20,11,32,26,40,0.5701065639199541,Normal
BAJ0654,14994,346,42,5,2010-01-04 09:15:00,2011-05-16 21:12:00,776,0,4242,0,279,2919,2919,986,10034,66,14.710817660397492,9,21,36,10,47,10,41,0.5697765685037359,Normal
JRS0362,45909,346,636,3,2010-01-04 00:35:45,2011-05-16 20:58:38,2776,703,865,0,0,0,0,3689,39444,156,11.732165806268924,0,23,50,50,14,37,24,0.5695625916057572,Normal
KRV0372,45975,346,630,3,2010-01-04 01:34:29,2011-05-16 19:34:31,2820,731,903,0,0,0,0,3711,39444,349,11.791495377922784,0,23,40,39,25,35,32,0.5691258177998986,Normal
DFR0218,45793,346,614,3,2010-01-04 05:44:26,2011-05-16 19:37:05,2714,626,889,0,0,0,0,3725,39354,244,11.042866813705151,0,23,45,14,22,37,27,0.5686593598648776,Normal
ZKS0899,26266,346,2,5,2010-01-04 09:12:00,2011-05-16 18:07:00,770,0,1153,0,5968,8537,8537,1015,9976,142,13.285616386202696,9,18,47,20,42,43,30,0.5681293380158865,Normal
QRM0739,76545,346,3,5,2010-01-04 07:48:00,2011-05-16 17:12:00,730,0,0,0,5962,8401,8401,5400,56052,82,11.974485596707819,7,17,33,11,26,29,30,0.5679934689733029,Normal
JDC0030,61959,477,3,5,2010-01-02 08:15:00,2011-05-16 19:39:00,1406,0,10115,16641,380,724,724,5071,54378,365,13.468019173969884,8,19,31,18,19,21,26,0.5676313437848357,Normal
BJP0134,18776,346,6,5,2010-01-04 08:55:00,2011-05-16 18:01:00,966,0,277,0,5940,8072,8072,338,3460,114,13.036216446527481,8,18,42,17,44,21,39,0.567165030423649,Normal
CAS0507,19258,347,3,5,2010-01-04 08:58:00,2011-05-16 17:02:00,1201,9,71,1,759,6290,6290,1003,10005,306,12.545072177796241,0,23,14,46,33,11,25,0.5669722508794098,Normal
MNS0224,45818,346,659,3,2010-01-04 07:29:00,2011-05-16 15:29:00,2826,755,855,0,0,0,0,3688,39304,245,11.013531799729364,0,23,46,21,22,45,30,0.5667416467869342,Normal
JDB0169,74930,346,1,5,2010-01-04 07:39:00,2011-05-16 15:32:00,966,0,0,0,5464,7791,7791,4657,56052,238,11.254370746029627,7,16,20,14,23,48,33,0.5658219866397234,Normal
VIA0063,68883,346,1,5,2010-01-04 07:46:00,2011-05-16 17:57:00,692,0,762,0,5488,8524,8524,4701,49478,246,12.47706981403249,7,18,40,34,19,50,33,0.565662519700701,Normal
HCS0003,113450,346,1,5,2010-01-04 08:20:00,2011-05-16 17:30:00,692,0,0,0,2006,3045,3045,9097,98610,415,12.531732040546496,8,17,35,28,14,15,30,0.5638392221375976,Normal
ACC0042,45736,346,618,3,2010-01-04 02:52:25,2011-05-16 21:39:17,2724,697,844,0,0,0,0,3676,39336,238,11.043117019415778,0,23,23,19,37,20,31,0.5637823584607258,Normal
JLM0364,44335,335,598,5,2010-01-04 05:22:30,2011-04-29 22:45:15,2628,711,878,0,4,1,1,3537,38165,194,11.7550693582948,0,23,35,22,15,25,37,0.5628492630750802,Normal
HRB0351,83589,383,38,5,2010-01-04 07:57:00,2011-05-16 18:12:00,1143,0,967,7152,264,2662,2662,6750,72770,116,12.454306188613334,7,18,19,12,43,42,36,0.5618133480820315,Normal
KCF0045,45643,346,640,3,2010-01-04 01:57:54,2011-05-16 15:36:00,2780,745,815,0,0,0,0,3654,39209,138,11.016388055123459,0,23,40,39,16,27,31,0.5612495286157022,Normal
BKW0374,45716,346,620,3,2010-01-04 08:04:00,2011-05-16 22:02:50,2716,719,792,0,0,0,0,3612,39388,166,11.695773908478433,0,23,41,38,17,46,27,0.5611922697561201,Normal
TSM0363,45823,346,624,3,2010-01-04 00:33:17,2011-05-16 20:00:22,2794,740,885,0,0,0,0,3629,39400,142,11.74194181961024,0,23,34,19,20,39,33,0.5609073477327202,Normal
RZC0746,86106,480,10,3,2010-01-02 07:52:00,2011-05-16 17:03:00,1453,0,0,22207,0,0,0,6893,77760,213,12.053259935428425,7,17,15,38,33,43,26,0.5602063024353464,Normal
HAD0246,54002,494,2,5,2010-01-02 07:46:00,2011-05-16 16:58:00,1703,99,1012,15366,424,315,315,4820,46740,124,12.193622458427466,0,23,44,39,32,45,38,0.5597886751085254,Normal
KCO0122,40061,355,2,5,2010-01-04 09:02:00,2011-05-16 21:25:00,1161,75,11939,14,1404,1593,1593,3033,32870,286,14.782931030178977,0,23,30,32,26,38,33,0.559010591804297,Normal
NWK0215,70395,450,1,3,2010-01-02 07:33:00,2011-05-16 15:45:00,1356,56,1443,15053,0,0,0,5547,63492,269,11.485560053981107,0,23,21,19,45,18,24,0.5589037447021145,Normal
WDD0366,40752,308,570,5,2010-01-04 08:12:00,2011-03-22 16:24:00,2669,617,864,0,12,6,6,3215,34850,231,11.808181193561053,0,23,43,42,17,19,28,0.5556967432545005,Normal
MDM0625,76122,346,2,5,2010-01-04 07:52:00,2011-05-16 17:00:00,1093,0,0,0,5452,8346,8346,5341,55890,153,12.014503034602349,7,17,18,42,36,27,24,0.5545197750421607,Normal
HDD0806,50411,472,26,3,2010-01-02 08:18:00,2011-05-16 20:31:00,1428,0,11901,12593,0,0,0,4143,44840,223,14.032096169486818,8,20,47,28,36,19,38,0.554068031205544,Normal
JGT0221,18067,137,368,5,2010-01-04 00:04:43,2010-07-16 23:23:46,1172,308,447,0,4,1,1,1452,15438,255,11.159738750207561,0,23,45,30,16,40,18,0.553980756906928,Normal
KJP0371,45891,346,635,3,2010-01-04 08:01:00,2011-05-16 23:44:00,2788,733,875,0,0,0,0,3700,39403,202,11.77801747619359,0,23,36,21,25,15,30,0.5528967234153986,Normal
HCM0267,48975,346,1,5,2010-01-04 07:25:00,2011-05-16 15:28:00,692,0,0,0,5955,8167,8167,3021,31140,136,11.02913731495661,7,15,36,45,39,20,32,0.5527202229172345,Normal
BBS0039,20888,157,385,5,2010-01-04 07:15:00,2010-08-13 21:30:41,1326,367,495,0,4,1,1,1679,17878,234,11.046773266947529,0,23,44,37,34,21,40,0.5525467638379743,Normal
BVC0790,49212,438,3,5,2010-01-03 09:01:00,2011-05-16 18:21:00,1585,60,2896,9662,1749,975,975,3768,41135,181,13.378972608306917,0,23,24,18,18,36,38,0.5484280122763016,Normal
IRM0931,54501,479,2,5,2010-01-02 07:00:00,2011-05-17 06:23:48,1747,40,670,13976,1004,2278,2278,4157,45315,252,11.459422762885085,0,23,44,46,33,35,30,0.5481651328927684,Normal
JNJ0556,50542,346,1,5,2010-01-04 08:56:00,2011-05-16 18:00:00,691,0,751,0,5995,7977,7977,3009,32870,264,13.012722092517114,8,18,43,45,22,33,34,0.5479860797436225,Normal
CSC0217,14982,113,289,5,2010-01-04 02:32:51,2010-06-11 22:27:10,934,247,328,0,4,1,1,1158,12885,223,11.074422640501936,0,23,40,15,30,38,28,0.5466867233543881,Normal
JDF0593,12033,381,3,5,2010-01-04 08:26:00,2011-05-17 04:40:33,1313,60,1246,506,6296,403,403,351,3670,94,13.095570514418682,0,23,30,45,11,41,29,0.5461216011669132,Normal
XWD0923,33843,250,1,5,2010-01-04 08:20:00,2010-12-29 19:28:00,688,0,5654,0,1047,5915,5915,2443,23750,249,13.531276778063411,8,19,16,38,45,20,31,0.5433436807627011,Normal
KKW0879,75817,384,2,5,2010-01-04 07:40:00,2011-05-16 17:45:00,902,26,353,5420,6501,1534,1534,5158,61722,180,12.238574462191856,0,23,36,42,21,31,27,0.5423517995779027,Normal
JTM0223,18898,142,361,5,2010-01-04 00:24:51,2010-07-23 21:44:10,1378,308,415,0,4,1,1,1489,16026,217,11.089374536988041,0,23,35,48,20,21,30,0.5418099113029626,Normal
HWY0038,14348,108,285,3,2010-01-04 06:03:39,2010-06-04 23:17:23,898,215,298,0,0,0,0,1138,12312,218,11.036032896570951,0,23,47,39,40,22,24,0.5411248657341364,Normal
SOB0360,29980,226,479,3,2010-01-04 08:15:00,2010-11-19 23:01:58,1780,467,538,0,0,0,0,2436,25764,199,11.82374916611074,0,23,42,22,40,16,32,0.5395173026190191,Normal
DBB0384,51038,346,1,5,2010-01-04 07:56:00,2011-05-16 16:12:00,692,0,0,0,5932,8543,8543,3001,32870,165,11.563423331635253,7,16,40,41,28,37,27,0.5393252981386661,Normal
KSP0357,31404,237,519,3,2010-01-04 03:43:20,2010-12-08 20:42:02,1890,465,582,0,0,0,0,2496,27018,149,11.781715705005732,0,23,41,40,29,19,24,0.5393179096375448,Normal
MSS0001,150994,346,1,3,2010-01-04 07:57:00,2011-05-16 15:00:00,960,0,0,0,0,0,0,12034,138000,255,10.943653390200936,7,15,21,44,24,45,19,0.5362625367088839,Normal
AOK0844,7516,383,15,5,2010-01-02 08:20:00,2011-01-23 19:38:00,1186,17,1603,2263,809,1321,1321,370,3830,137,13.607503991484831,1,23,11,30,44,26,31,0.5326848172438415,Normal
VCC0396,40078,351,2,5,2010-01-04 07:51:00,2011-05-16 18:58:00,1138,48,5623,8,1433,1616,1616,3021,32870,363,13.16702430260991,0,23,21,45,16,37,23,0.5314588862146373,Normal
SBN0866,68458,348,1,5,2010-01-04 07:44:00,2011-05-16 17:45:00,744,27,501,3,751,5864,5864,5047,56052,243,12.334263343948114,0,23,41,34,41,24,22,0.531422836665821,Normal
NAH0503,70832,404,2,3,2010-01-02 08:13:00,2011-05-16 17:28:00,930,28,703,7528,0,0,0,5750,64152,370,12.372190535351253,0,23,33,17,23,35,38,0.5312714536538328,Normal
IBS0836,6300,384,3,5,2010-01-04 08:21:00,2011-05-16 19:30:00,1141,27,1373,489,774,624,624,359,3402,202,13.441269841269841,0,23,10,44,50,38,27,0.531054268773758,Normal
IIW0249,48625,399,21,5,2010-01-02 07:56:00,2011-05-16 16:55:00,870,26,260,4950,6735,473,473,3402,37145,337,12.053244215938303,0,23,39,36,43,38,28,0.5304188292640283,Normal
FFC0891,8789,199,2,5,2010-01-04 09:05:00,2010-10-08 18:08:00,745,22,624,5,833,961,961,566,5684,128,13.41563317783593,0,23,38,10,39,50,39,0.5301893626650666,Normal
COF0120,32904,266,1,3,2010-01-04 09:00:00,2011-01-14 21:12:00,596,37,9516,10,0,0,0,2554,29754,143,14.74489423778264,0,23,14,12,38,13,35,0.529790181185611,Normal
KBP0008,114142,346,2,3,2010-01-04 06:45:00,2011-05-16 15:49:00,1197,0,0,0,0,0,0,9145,103800,297,11.04909673914948,6,16,23,18,40,11,34,0.5285573295176605,Normal
ESJ0670,53931,471,3,5,2010-01-02 07:56:00,2011-05-16 15:56:00,1030,0,0,13491,366,3303,3303,4582,44650,260,11.469099404795015,7,16,42,31,15,40,24,0.5284232158214895,Normal
RAW0915,46324,404,28,5,2010-01-02 08:22:00,2011-05-16 19:30:00,1203,0,8161,5619,872,459,459,3490,40300,336,13.602517053795008,8,19,43,50,21,43,24,0.5279863518935334,Normal
CTR0341,17310,491,3,3,2010-01-02 07:14:00,2011-05-16 18:15:00,1604,123,1463,5019,0,0,0,1467,14239,106,12.364471403812825,0,23,45,39,23,13,28,0.5277409768402095,Normal
CGB0637,16498,346,1,5,2010-01-04 09:06:00,2011-05-16 21:30:00,956,0,4987,0,2155,2333,2333,1020,10034,216,14.802824584798158,9,21,20,20,15,20,29,0.5262581913968422,Normal
CSH0626,70624,404,3,3,2010-01-04 08:00:00,2011-05-16 17:00:00,1294,69,1354,6980,0,0,0,5340,63990,141,12.205624150430449,0,23,33,17,41,18,23,0.5256928060004371,Normal
CQW0652,13257,327,1,5,2010-01-04 09:15:00,2011-04-18 21:15:00,654,0,3959,0,1330,696,696,974,9603,176,14.815493701440749,9,21,10,22,48,20,33,0.5245989172180776,Normal
MLM0950,10409,423,3,5,2010-01-03 07:13:00,2011-05-17 05:21:58,1349,12,16,1892,1694,2752,2752,404,4210,194,11.33163608415794,0,23,24,20,29,23,36,0.5234154362199676,Normal
AJR0319,79944,446,1,3,2010-01-02 07:37:00,2011-05-16 15:45:00,1258,0,0,17566,0,0,0,6434,72252,189,11.283110677474232,7,16,40,13,37,16,24,0.5224945812383801,Normal
JHP0583,9019,406,3,5,2010-01-02 08:20:00,2011-05-16 18:23:00,1391,45,1042,1134,1629,1589,1589,390,4020,88,13.111320545515024,0,23,37,25,40,42,37,0.5215506191196969,Normal
CMB0912,67590,423,46,3,2010-01-03 07:06:00,2011-05-16 16:12:00,1378,0,0,11190,0,0,0,5723,60489,360,11.254253587808847,7,16,46,43,16,22,31,0.5210742517358092,Normal
TDS0984,49632,430,39,5,2010-01-03 07:45:00,2011-05-16 17:42:00,1323,0,20,9263,346,3378,3378,3735,40850,210,12.268415538362348,7,18,39,39,15,40,38,0.5207766337937512,Normal
WIQ0567,49928,442,1,5,2010-01-03 08:48:00,2011-05-16 18:07:00,1240,0,874,10427,867,1955,1955,3876,41990,171,13.031966031084762,8,18,25,41,10,47,39,0.5201758165855898,Normal
KMB0922,38932,353,34,5,2010-01-04 08:24:00,2011-05-16 19:36:00,1188,64,6937,12,733,1209,1209,3027,32775,291,13.577930751053119,0,23,43,43,17,24,27,0.5200595968519577,Normal
RHL0992,20043,176,4,5,2010-01-04 09:01:00,2010-09-10 21:15:00,504,0,5999,0,735,370,370,1575,16859,151,14.815147433019009,9,21,36,10,39,37,36,0.5196052383711921,Normal
RHO0732,64654,354,3,5,2010-01-04 08:00:00,2011-05-16 17:05:00,1358,69,1601,11,1374,855,855,5015,56052,169,12.220898938967427,0,23,20,10,21,19,34,0.5189201163181723,Normal
CHM0821,6980,346,3,5,2010-01-04 08:20:00,2011-05-16 19:36:00,1221,13,1489,0,733,1228,1228,338,3460,112,13.674355300859599,0,23,48,11,39,19,23,0.5179770683010457,Normal
DAR0885,1298,38,5,3,2010-01-02 09:01:00,2010-02-08 04:27:31,116,7,109,416,0,0,0,109,1073,161,13.22342064714946,0,23,43,43,44,41,25,0.5176374817520789,Normal
MVH0373,8719,66,165,3,2010-01-04 00:12:17,2010-04-06 16:28:00,494,141,143,0,0,0,0,701,7524,201,11.794930611308637,0,23,44,19,20,21,25,0.515852267688984,Normal
BRS0734,21638,110,1,5,2010-01-02 07:49:00,2010-05-12 17:00:00,220,0,0,3405,256,1845,1845,1497,17820,114,11.921249653387559,7,17,32,39,47,10,30,0.5156233824289108,Normal
SSJ0784,15881,460,1,3,2010-01-02 08:24:00,2011-05-16 16:34:00,1453,80,382,3606,0,0,0,1291,13137,148,12.169762609407469,0,23,19,39,12,45,34,0.5147202503749866,Normal
EHB0420,44298,442,3,3,2010-01-03 07:51:00,2011-05-16 18:05:00,1651,82,1182,8224,0,0,0,3767,38880,280,12.643234457537586,0,23,45,42,38,17,20,0.5142863893705701,Normal
GHH0288,7595,348,3,5,2010-01-04 08:54:00,2011-05-16 18:10:00,808,12,283,4,1428,1563,1563,336,3460,56,13.07044107965767,0,23,12,36,40,36,30,0.5137071545571305,Normal
RSC0089,44049,373,27,5,2010-01-04 07:45:00,2011-05-16 16:42:00,1350,67,879,1929,5776,865,865,3208,32850,189,11.961066085495698,0,23,41,26,35,21,29,0.5112909192709565,Normal
HCL0651,14110,346,2,5,2010-01-04 09:11:00,2011-05-16 21:14:00,1016,0,4195,0,1320,723,723,1017,10034,282,14.775549255846917,9,21,21,19,44,36,33,0.5111313318000062,Normal
LUR0896,9719,303,3,3,2010-01-04 09:11:00,2011-03-08 18:08:00,806,51,835,8,0,0,0,867,8046,72,13.369585348286861,0,23,15,11,47,43,28,0.5099100952349463,Normal
TVS0006,108600,346,3,3,2010-01-04 08:31:00,2011-05-16 15:43:00,996,0,0,0,0,0,0,8994,98610,129,11.729594843462246,8,16,43,43,37,20,41,0.5097820165460833,Normal
AIB0948,12627,346,34,5,2010-01-04 07:13:00,2011-05-16 16:15:00,1207,0,0,0,5963,1669,1669,328,3460,144,11.292943692088382,7,16,42,31,27,20,31,0.5091837514584182,Normal
GTD0116,54869,346,1,3,2010-01-04 09:05:00,2011-05-16 21:06:00,692,0,15625,0,0,0,0,4699,49478,135,14.750988718584264,9,21,43,19,45,20,31,0.5091636039735185,Normal
HRD0635,3231,90,12,3,2010-01-04 09:11:00,2010-05-10 21:11:00,352,6,950,0,0,0,0,269,2610,47,14.628907458991025,0,21,24,35,18,32,24,0.5090931949823415,Normal
MCF0600,3482,246,2,5,2010-01-03 08:22:00,2010-10-16 18:31:00,616,136,600,568,72,102,102,239,2453,74,12.732912119471568,0,23,39,49,13,26,27,0.5086085056974586,Normal
BIH0745,25775,144,1,5,2010-01-04 07:56:00,2010-07-27 17:00:00,296,44,101,0,22,41,41,2087,23329,371,11.95282250242483,3,23,43,39,50,27,25,0.508582039491492,Normal
LRR0148,66481,400,3,5,2010-01-02 06:50:00,2011-05-16 17:08:00,1378,0,0,8145,1569,907,907,5427,57200,237,11.551044659376362,6,17,21,19,14,14,29,0.5080847985415989,Normal
TVS0050,73332,357,3,3,2010-01-04 07:04:00,2011-05-16 15:14:00,1339,92,2158,18,0,0,0,6253,65740,162,11.054832815142094,0,23,40,38,18,30,29,0.5077605185247575,Normal
ILH0958,8270,346,27,5,2010-01-04 07:13:00,2011-05-16 16:25:00,1203,0,0,0,300,2970,2970,337,3460,109,11.207617896009674,7,16,28,17,20,19,24,0.5071161960180728,Normal
LIM0674,38261,357,2,5,2010-01-04 07:48:00,2011-05-16 16:05:00,1206,28,508,872,264,185,185,3071,33535,237,11.655759128093882,0,23,18,13,35,49,20,0.505478535961365,Normal
LDD0560,4300,40,3,3,2010-01-03 08:53:00,2010-02-17 18:01:00,100,7,111,755,0,0,0,400,3800,104,13.136511627906977,2,23,25,43,39,26,35,0.5044674581768184,Normal
CAH0936,19348,172,19,5,2010-01-04 07:02:00,2010-09-03 16:10:00,567,39,185,0,25,42,42,1512,17202,230,11.323754393218938,0,23,40,22,39,50,24,0.5031147011690112,Normal
MTT0901,1368,29,1,5,2010-01-04 09:09:00,2010-02-11 18:21:00,78,0,80,0,180,187,187,82,841,58,13.39108187134503,9,18,41,34,30,40,30,0.5026762173318975,Normal
BQS0525,2416,49,8,5,2010-01-02 08:53:00,2010-02-19 17:00:00,112,0,0,688,782,57,57,142,1323,97,12.533940397350994,8,17,42,38,19,45,30,0.5026422410519652,Normal
AIP0982,45739,346,2,5,2010-01-04 07:34:00,2011-05-16 17:37:00,1000,0,9,0,729,6182,6182,3328,34500,93,12.279498895909398,7,18,43,20,43,41,33,0.5026311826712081,Normal
JMD0520,15378,348,36,5,2010-01-04 08:58:00,2011-05-16 17:07:00,1127,25,154,4,1315,1893,1893,1009,10034,108,12.586162049681363,0,23,21,45,16,38,29,0.5025661311909307,Normal
VTT0385,42471,346,32,5,2010-01-04 07:56:00,2011-05-16 15:54:00,758,0,0,0,5470,409,409,2964,32870,265,11.472298745026018,7,16,14,26,17,36,28,0.5013072004278023,Normal
MDH0686,48957,459,3,3,2010-01-03 08:52:00,2011-05-16 19:06:00,1332,0,6826,11522,0,0,0,4020,43605,289,13.533529423780053,8,19,37,43,31,20,38,0.5012967141532323,Normal
DFH0188,19267,346,3,5,2010-01-04 07:00:00,2011-05-16 18:11:00,1133,0,1017,0,807,6281,6281,1012,10034,102,12.357346758706596,7,18,35,40,18,38,24,0.5012430979495749,Normal
AAM0658,7659,225,1,5,2010-01-04 09:14:00,2010-11-17 21:15:00,458,60,2284,8,13,31,31,659,6498,127,14.621752186969578,0,21,43,35,37,36,22,0.5009848324956818,Normal
ACV0812,35459,354,2,3,2010-01-04 08:21:00,2011-05-16 20:42:00,1279,82,8606,13,0,0,0,3040,31140,142,14.098931159931189,0,23,42,37,12,45,28,0.49963507207923735,Normal
EHB0824,2115,159,1,5,2010-01-04 08:18:00,2010-08-17 19:29:00,328,9,530,0,26,14,14,153,1594,59,13.694562647754138,1,23,46,39,22,44,31,0.4996031174075234,Normal
MBW0809,3168,30,1,3,2010-01-04 08:15:00,2010-02-12 20:30:00,60,0,787,0,0,0,0,258,2850,106,14.259469696969697,8,20,43,45,44,18,19,0.49942359028818756,Normal
FKK0055,52729,464,3,5,2010-01-02 08:20:00,2011-05-16 17:17:00,1345,0,0,13050,344,601,601,4039,46400,310,12.505926529992983,8,17,46,16,37,16,27,0.4989149474465121,Normal
HTH0007,108687,346,3,3,2010-01-04 06:58:00,2011-05-16 15:59:00,961,0,0,0,0,0,0,9116,98610,165,11.000542843210319,6,16,37,38,41,20,36,0.49816569592035037,Normal
JBM0350,55098,352,3,3,2010-01-04 07:56:00,2011-05-16 18:54:00,868,83,6905,10,0,0,0,4752,49478,247,13.06778830447566,0,23,37,21,12,45,25,0.4979328821489692,Normal
NGC0058,48047,428,36,5,2010-01-03 07:57:00,2011-05-16 19:02:00,984,0,6087,9153,350,200,200,3713,42800,173,12.989718400732617,7,19,44,45,39,15,27,0.4971864993549238,Normal
BTW0005,108492,346,2,3,2010-01-04 07:24:00,2011-05-16 16:37:00,932,0,0,0,0,0,0,8950,98610,339,11.529108137005494,7,16,33,39,18,18,27,0.49712955892002364,Normal
EDA0684,3717,35,2,3,2010-01-04 08:47:00,2010-02-19 19:04:00,88,4,598,0,0,0,0,304,3325,141,13.84153887543718,1,23,38,42,40,39,33,0.4970516049914697,Normal
ABC0174,55028,296,1,5,2010-01-02 07:37:00,2010-12-24 15:55:00,829,0,0,7964,1276,589,589,4239,48095,271,11.161463255070146,7,16,15,41,34,13,32,0.49677434985364266,Normal
WDO0870,64324,353,21,3,2010-01-04 07:39:00,2011-05-16 17:44:00,876,85,982,10,0,0,0,4628,58820,296,12.386232199490081,0,23,23,21,14,13,25,0.4965640592848456,Normal
AJR0932,20719,196,1,5,2010-01-04 07:15:00,2010-10-07 16:16:00,398,196,32,99,38,47,47,1709,18527,217,11.16834789323809,0,23,46,30,35,12,29,0.4952205706670028,Normal
WKD0013,72630,354,3,3,2010-01-04 09:03:00,2011-05-16 18:18:00,814,38,4561,12,0,0,0,6076,65740,189,13.38565331130387,0,23,42,36,40,27,34,0.4947445290294524,Normal
BRB0355,53945,455,3,5,2010-01-02 08:54:00,2011-05-16 16:54:00,1552,0,0,11953,1792,712,712,4389,45500,139,12.542330151079803,8,17,33,21,37,19,29,0.4946875339090301,Normal
LJT0817,40145,346,2,5,2010-01-04 08:22:00,2011-05-16 20:33:00,1021,0,9411,0,1303,1927,1927,3024,32870,211,14.08083198405779,8,20,39,43,38,39,24,0.4946845951008139,Normal
DIB0285,20731,184,1,5,2010-01-04 09:09:00,2010-09-22 18:15:00,368,0,1170,0,779,375,375,1613,17596,162,13.256524046114514,9,18,13,45,17,50,29,0.4946215065455486,Normal
RUM0880,65544,350,2,5,2010-01-04 07:45:00,2011-05-16 17:45:00,1053,38,571,8,1398,2199,2199,5004,55890,265,12.379653362626632,0,23,40,37,17,38,26,0.49461878466780546,Normal
BBS0422,42812,412,3,5,2010-01-04 07:47:00,2011-05-16 18:10:00,996,82,1161,4883,305,499,499,3487,37525,121,12.581472484350183,0,23,39,42,29,41,18,0.4940199150410228,Normal
JCR0172,73734,407,1,5,2010-01-02 07:38:00,2011-05-16 15:55:00,1130,0,0,9950,338,406,406,5926,65934,174,11.27801285702661,7,16,43,41,41,39,31,0.4937066037400563,Normal
IKP0472,8409,495,2,5,2010-01-02 07:48:00,2011-05-16 18:12:00,1637,0,340,2406,1033,812,812,481,4446,170,12.629325722440242,7,18,32,10,37,38,31,0.4935130206419086,Normal
SBK0161,72891,346,3,3,2010-01-04 08:38:00,2011-05-16 18:37:00,1150,0,8019,0,0,0,0,6001,65740,206,13.328545362253227,8,19,14,27,23,41,39,0.4933362815458925,Normal
AHG0634,5668,158,2,3,2010-01-04 09:00:00,2010-08-16 21:13:00,465,3,1735,0,0,0,0,463,4740,210,14.812455892731123,0,23,31,36,42,41,27,0.49268276803729566,Normal
SGG0787,55077,346,1,3,2010-01-04 08:21:00,2011-05-16 20:33:00,948,0,12911,0,0,0,0,4651,49478,201,14.065762477985366,8,20,14,27,10,20,31,0.49246110726056264,Normal
QOS0878,20862,113,9,5,2010-01-03 07:41:00,2010-05-06 17:35:00,406,0,6,4624,476,127,127,1547,18306,124,12.28180423736938,7,18,18,12,20,16,29,0.4915158666690133,Normal
GNS0178,40247,349,2,5,2010-01-04 07:08:00,2011-05-16 18:21:00,1078,44,1920,5,303,3049,3049,2947,32870,198,12.36939399209879,0,23,30,17,42,26,33,0.4914591729429338,Normal
AJH0175,59277,353,1,5,2010-01-04 07:44:00,2011-05-16 16:00:00,810,57,1456,7,317,236,236,4976,52938,164,11.495470418543448,0,23,19,19,16,33,37,0.490529869699431,Normal
BDI0533,20508,451,2,5,2010-01-02 09:00:00,2011-05-16 17:03:00,1378,0,0,4476,1840,2458,2458,1302,13530,240,12.515944997074312,8,17,37,36,15,41,19,0.4901576706524021,Normal
FUM0015,72546,346,1,3,2010-01-04 08:22:00,2011-05-16 19:35:00,692,0,11922,0,0,0,0,6114,65740,248,13.520318142971355,8,19,33,18,18,46,32,0.48978008373497284,Normal
LQC0479,35212,197,1,5,2010-01-04 08:09:00,2010-10-11 17:11:00,402,39,125,0,18,22,22,2853,31917,353,12.301658525502669,1,23,27,38,34,17,36,0.48974718609228396,Normal
MBJ0312,65173,346,3,5,2010-01-04 07:45:00,2011-05-16 15:48:00,1002,0,0,0,2047,1019,1019,5053,56052,140,11.21415310021021,7,16,22,45,49,12,26,0.489608270671331,Normal
MKW0441,13193,347,8,5,2010-01-04 07:48:00,2011-05-16 17:11:00,1026,9,4,2,1393,421,421,1011,9342,139,12.0557871598575,2,23,15,25,45,20,34,0.4892488903977674,Normal
LCC0819,17792,157,1,5,2010-01-04 08:20:00,2010-08-13 20:35:00,314,0,4131,0,700,337,337,1413,15028,211,14.012533723021583,8,20,32,14,11,15,27,0.48901724133363184,Normal
WXH0872,64305,347,3,5,2010-01-04 07:33:00,2011-05-16 17:38:00,950,26,201,1,1403,826,826,5074,56052,226,12.32179457273929,1,23,17,20,19,21,25,0.4889146391642755,Normal
NGF0157,41840,410,2,5,2010-01-02 06:49:00,2011-05-16 17:00:00,1261,60,298,5277,284,305,305,3540,36450,262,11.586902485659655,0,23,45,38,22,46,32,0.48859511295987185,Normal
DCH0843,3844,290,1,5,2010-01-04 08:16:00,2011-02-23 19:23:00,588,44,945,24,46,38,38,281,2891,135,13.39828303850156,0,23,20,31,11,18,36,0.48840775417560806,Normal
MCD0125,19413,176,2,5,2010-01-03 08:15:00,2010-07-19 19:08:00,585,0,2894,3815,132,434,434,1542,16720,175,13.28774532529748,8,19,36,26,50,22,23,0.4883956124323812,Normal
AMW0392,45710,450,1,3,2010-01-02 07:58:00,2011-05-16 19:14:00,1254,0,5845,9961,0,0,0,3956,40500,272,13.042441478888646,7,19,47,47,22,44,26,0.48824802239879234,Normal
HMM0108,6508,55,2,5,2010-01-04 09:01:00,2010-03-19 18:14:00,200,0,356,0,198,345,345,540,5225,90,13.349108789182544,9,18,33,41,17,43,25,0.48810859663394607,Normal
EAH0466,876,35,3,5,2010-01-04 07:59:00,2010-02-19 18:00:00,104,0,29,0,30,358,358,34,350,67,12.88013698630137,7,18,41,38,29,38,25,0.487584373359699,Normal
ESH0283,39604,346,35,5,2010-01-04 09:03:00,2011-05-16 18:10:00,762,0,1980,0,277,2646,2646,3049,32870,183,13.251994748005252,9,18,44,30,35,18,31,0.48689502885033914,Normal
AHD0848,5856,382,22,5,2010-01-04 08:24:00,2011-05-16 19:29:00,1162,0,1341,483,299,199,199,376,3820,108,13.558572404371585,8,19,24,30,49,16,30,0.48650578137411615,Normal
ANM0123,3306,25,2,5,2010-01-04 08:15:00,2010-02-05 19:13:00,82,0,475,0,57,47,47,270,2850,117,13.35632183908046,8,19,22,15,16,21,26,0.48642366003045473,Normal
JAJ0849,6312,446,3,3,2010-01-03 08:27:00,2011-05-16 19:40:00,1465,40,1447,1273,0,0,0,427,4420,141,13.385614702154626,0,23,22,24,23,23,33,0.4855314599660765,Normal
IAR0694,43256,404,3,3,2010-01-02 08:54:00,2011-05-16 18:54:00,1395,0,5923,6101,0,0,0,3481,38380,174,13.54644442389495,8,19,12,17,44,40,34,0.4852844089066919,Normal
VFM0814,25979,240,2,5,2010-01-04 08:15:00,2010-12-13 20:29:00,767,0,6207,0,180,122,122,2110,22800,266,14.08626198083067,8,20,46,45,44,19,28,0.484882111378182,Normal
KLH0596,3869,292,1,5,2010-01-04 08:24:00,2011-02-25 18:44:00,588,2,665,6,38,53,53,279,2911,101,13.168002067717756,0,23,30,10,35,12,29,0.4843966728138339,Normal
AMR0318,62550,349,1,5,2010-01-04 07:43:00,2011-05-16 15:45:00,1013,24,597,5,281,230,230,4974,56052,157,11.311526778577138,0,23,45,50,17,25,21,0.4843363116019164,Normal
MLL0598,10375,346,1,5,2010-01-04 08:28:00,2011-05-16 18:26:00,692,0,919,0,5545,353,353,335,3450,158,12.982265060240964,8,18,44,17,23,49,29,0.4841331334568459,Normal
RLG0856,65651,349,1,5,2010-01-04 07:33:00,2011-05-16 17:57:00,1021,29,483,5,738,334,334,4908,58650,174,12.350794351951988,0,23,18,36,42,18,26,0.48405690770185067,Normal
BAM0636,11698,346,1,3,2010-01-04 09:14:00,2011-05-16 21:23:00,692,0,3486,0,0,0,0,1001,10005,76,14.7151649854676,9,21,13,40,46,42,39,0.4838351716450607,Normal
JMC0925,37526,352,5,3,2010-01-04 08:18:00,2011-05-16 19:24:00,1284,66,6317,10,0,0,0,3372,32870,114,13.578105846613015,0,23,33,10,23,19,31,0.48292686908184596,Normal
RRC0553,9610,76,2,5,2010-01-02 07:46:00,2010-04-01 18:11:00,212,0,142,1510,161,1342,1342,675,7220,131,12.575234131113424,7,18,40,14,24,38,29,0.4827830553204847,Normal
SGM0021,48762,346,1,5,2010-01-04 07:15:00,2011-05-16 15:23:00,971,0,0,0,2069,2596,2596,3682,39444,266,11.026434518682581,7,15,41,12,26,41,33,0.4827580652902963,Normal
CPG0322,59551,346,35,5,2010-01-04 07:44:00,2011-05-16 15:37:00,1006,0,0,0,258,337,337,5012,52938,147,11.225218720088664,7,16,17,13,19,24,36,0.4827470223677934,Normal
CTA0020,48566,346,4,5,2010-01-04 07:49:00,2011-05-16 18:00:00,1010,0,830,0,5942,606,606,3640,37368,225,12.544866779228267,7,18,36,50,11,22,34,0.482665487607405,Normal
AMM0014,72461,346,1,3,2010-01-04 07:31:00,2011-05-16 18:51:00,692,0,7229,0,0,0,0,6029,65740,345,12.75956721546763,7,19,48,38,15,44,36,0.4825150909366916,Normal
KWC0004,108299,346,1,3,2010-01-04 07:55:00,2011-05-16 16:59:00,692,0,0,0,0,0,0,8997,98610,329,12.017867200989851,7,17,23,38,39,20,27,0.48179551942804966,Normal
NOB0181,18501,476,3,5,2010-01-02 07:08:00,2011-05-16 18:10:00,1531,0,1101,4757,1047,1703,1703,1368,12852,161,12.367115291065348,7,18,31,21,21,41,25,0.4815844940604022,Normal
IBP0883,12497,353,1,3,2010-01-04 09:14:00,2011-05-16 18:06:00,1121,68,1164,12,0,0,0,996,10380,195,13.393214371449147,0,23,30,25,15,11,17,0.48137561282835484,Normal
MAR0955,3962,297,1,5,2010-01-04 07:09:00,2011-03-04 16:17:00,604,47,79,37,42,69,69,284,2963,171,11.390711761736497,0,23,36,44,23,44,25,0.4810935648095895,Normal
CAC0889,2030,60,1,3,2010-01-04 09:06:00,2010-03-26 18:15:00,120,0,169,0,0,0,0,170,1740,74,13.274384236453201,9,18,46,49,32,41,27,0.48089200631597845,Normal
ILJ0526,15291,375,28,5,2010-01-04 08:57:00,2011-05-16 17:00:00,1337,0,0,1139,754,1236,1236,1089,10875,140,12.54365312929174,8,17,33,50,23,46,25,0.4808470116969049,Normal
LJR0523,5654,168,1,5,2010-01-04 08:49:00,2010-08-26 16:56:00,341,17,17,13,12,3,3,480,4818,213,12.498585072515034,2,23,32,21,11,33,25,0.48057162628973454,Normal
TAP0551,24032,226,3,5,2010-01-04 07:52:00,2010-11-18 18:12:00,664,30,473,10,10,21,21,1960,21377,285,12.557423435419441,2,23,25,17,27,20,22,0.48006298588120727,Normal
CRD0624,8028,45,1,3,2010-01-04 07:48:00,2010-03-05 16:58:00,100,4,57,0,0,0,0,638,7290,146,12.03276033881415,2,23,26,22,17,39,32,0.47952357968000714,Normal
DPS0262,11745,113,1,3,2010-01-04 07:35:00,2010-06-09 16:48:00,254,12,176,4,0,0,0,946,10545,92,11.779736057896978,1,23,20,25,20,14,32,0.47884759348572,Normal
EHD0584,2767,211,3,5,2010-01-04 08:21:00,2010-10-28 18:45:00,641,25,450,6,14,11,11,208,1893,142,12.976508854354897,2,23,38,40,42,43,22,0.4787268338218145,Normal
RAB0589,2674,197,9,5,2010-01-04 08:20:00,2010-10-08 18:30:00,707,10,412,9,8,2,2,191,1766,47,12.882946896035902,0,23,36,35,26,14,31,0.47829617240538114,Normal
QJR0688,40565,360,5,5,2010-01-04 08:54:00,2011-05-16 18:54:00,966,0,5465,1476,798,1069,1069,3532,34200,282,13.585997781338593,8,19,19,18,22,26,35,0.4780853186115119,Normal
HJS0072,2798,25,3,5,2010-01-04 07:50:00,2010-02-03 18:00:00,73,0,61,220,52,82,82,216,2375,97,12.742673338098642,7,18,44,42,19,19,31,0.47706338306136625,Normal
JCG0316,65789,346,2,5,2010-01-04 07:36:00,2011-05-16 15:45:00,1203,0,0,0,1387,2161,2161,4986,56052,276,11.243399352475338,7,16,47,36,32,25,33,0.4769874188167457,Normal
PNH0761,13552,353,3,5,2010-01-04 08:18:00,2011-05-16 16:30:00,870,52,145,11,242,2106,2106,992,9342,206,12.068181818181818,0,23,36,49,27,32,30,0.4765603786852291,Normal
GZC0735,69296,399,2,5,2010-01-04 07:51:00,2011-05-16 17:01:00,1306,0,0,7627,792,304,304,5847,61047,159,12.03801085199723,7,17,44,16,15,27,25,0.4763167056798233,Normal
GHL0460,3035,230,1,5,2010-01-04 07:45:00,2010-11-24 18:11:00,464,33,191,1,22,41,41,217,2291,124,12.476441515650741,2,23,21,37,24,17,35,0.47612225830000887,Normal
RKD0604,26878,151,1,5,2010-01-04 07:49:00,2010-08-04 17:01:00,308,8,262,1,40,49,49,2179,24302,190,12.083339534191532,0,23,17,46,36,38,31,0.4760563499747746,Normal
LCB0664,58858,346,2,5,2010-01-04 07:57:00,2011-05-16 17:15:00,1099,0,0,0,5938,414,414,4697,46710,139,12.04774202317442,7,17,16,19,36,24,32,0.47591709529877535,Normal
MAS0025,31949,201,1,5,2010-01-04 07:43:00,2010-10-15 17:54:00,412,71,87,0,31,55,55,2706,28745,210,12.25706594885599,1,23,23,14,20,21,23,0.4757447724307053,Normal
PDH0716,7891,346,3,5,2010-01-04 07:40:00,2011-05-16 17:00:00,1024,0,0,0,1347,1723,1723,337,3460,189,11.827778481814725,7,17,40,16,14,10,24,0.4748622665113526,Normal
HXL0968,4267,211,1,5,2010-01-04 07:03:00,2010-10-29 16:12:00,422,0,0,0,932,477,477,211,2225,179,11.22146707288493,7,16,45,21,35,40,34,0.4747688648113601,Normal
BEH0615,64291,353,22,5,2010-01-04 07:46:00,2011-05-16 17:00:00,1096,0,0,181,780,268,268,5123,57024,122,12.078969062543747,7,17,24,20,50,22,26,0.474726253725258,Normal
JMB0308,27332,153,1,5,2010-01-04 07:42:00,2010-08-09 15:45:00,314,13,92,0,16,10,10,2203,24789,134,11.250036587150593,0,23,41,44,34,14,32,0.47470386291510663,Normal
IBB0696,7191,346,3,5,2010-01-04 07:38:00,2011-05-16 16:51:00,1004,0,0,0,1408,986,986,333,3460,76,11.847309136420526,7,17,47,13,36,16,33,0.4746175034405195,Normal
FGW0853,61625,355,4,3,2010-01-04 07:38:00,2011-05-16 17:48:00,910,72,646,14,0,0,0,4663,56052,121,12.313168356997972,0,23,25,35,20,40,39,0.47425744046163726,Normal
DMK0257,39908,356,2,5,2010-01-04 07:41:00,2011-05-16 16:39:00,1160,87,560,16,1371,1499,1499,3008,32870,107,11.914177608499548,0,23,33,20,26,26,30,0.47402637331998115,Normal
PNL0301,3099,156,1,5,2010-01-04 08:50:00,2010-08-12 18:06:00,312,0,130,0,653,296,296,164,1674,63,12.944175540496934,8,18,50,43,30,43,31,0.4739533642588579,Normal
LPH0572,480,37,1,3,2010-01-04 08:17:00,2010-02-23 18:28:00,74,0,78,0,0,0,0,36,370,94,13.079166666666667,8,18,40,13,17,38,36,0.4738325211448687,Normal
BTL0226,22767,213,20,5,2010-01-04 07:48:00,2010-11-02 19:10:00,647,37,3028,0,16,4,4,1862,20238,178,13.093951772302017,2,23,36,44,37,38,31,0.47363070919047595,Normal
RTO0313,62234,355,2,3,2010-01-04 07:35:00,2011-05-16 15:46:00,1167,67,1400,14,0,0,0,5015,56052,297,11.458720313654915,0,23,44,45,25,17,27,0.47350803934451313,Normal
OCS0865,64587,346,2,5,2010-01-04 07:40:00,2011-05-16 17:50:00,1005,0,8,0,1310,873,873,5347,56052,413,12.288556520662052,7,18,29,24,43,35,32,0.4727623760895672,Normal
XHW0498,36139,195,1,5,2010-01-04 08:13:00,2010-10-07 17:16:00,390,0,0,0,846,386,386,2827,31690,264,12.2464096958964,8,17,37,47,48,23,35,0.47243758812145586,Normal
RMW0542,18219,161,1,5,2010-01-04 07:56:00,2010-08-19 18:02:00,322,0,295,0,743,330,330,1406,15418,222,12.479609199187662,7,18,17,21,20,13,41,0.471942777348333,Normal
AJD0074,49910,387,2,5,2010-01-04 06:45:00,2011-05-16 16:04:00,1202,0,0,4871,294,515,515,3781,44118,208,10.983410138248848,6,16,19,37,45,22,34,0.47189597709654635,Normal
PEV0323,62456,354,3,3,2010-01-04 07:38:00,2011-05-16 15:51:00,1100,56,1446,14,0,0,0,5304,56052,216,11.473181119508133,0,23,47,34,40,22,29,0.47173910167393246,Normal
SRH0155,46144,365,3,3,2010-01-04 06:53:00,2011-05-16 16:56:00,1212,28,305,1545,0,0,0,3892,41040,131,11.672091712898752,0,23,34,14,37,45,28,0.4715511934890861,Normal
FTM0406,25980,246,1,5,2010-01-04 07:46:00,2010-12-20 18:02:00,498,42,456,0,36,33,33,2136,23277,259,12.558044649730562,0,23,31,15,38,16,34,0.4713679932658408,Normal
SBN0971,6749,449,1,5,2010-01-03 07:07:00,2011-05-16 16:11:00,898,0,0,1423,350,577,577,434,4490,66,11.28093050822344,7,16,41,40,17,47,30,0.47111963105475196,Normal
WDV0573,4449,353,3,3,2010-01-04 08:23:00,2011-05-16 18:44:00,982,64,836,13,0,0,0,353,3114,91,13.110137109462801,0,23,48,36,13,31,33,0.47030986856859414,Normal
KPC0073,15793,149,1,4,2010-01-04 07:55:00,2010-08-03 17:54:00,308,6,324,0,16,0,0,1311,14158,153,12.563224213259039,2,23,44,30,11,16,23,0.4702068150707345,Normal
AIP0394,36844,351,1,3,2010-01-04 07:55:00,2011-05-16 19:00:00,1025,39,4779,8,0,0,0,3044,32775,250,13.093556617088264,0,23,17,16,38,14,26,0.47012133511094034,Normal
HVB0037,63889,403,1,3,2010-01-02 07:34:00,2011-05-16 15:42:00,806,0,0,8255,0,0,0,5454,57629,234,11.215295277747343,7,16,17,42,41,44,26,0.46993764126812937,Normal
LOM0086,16137,142,2,5,2010-01-04 07:44:00,2010-07-23 16:38:00,402,0,0,0,570,438,438,1237,13490,178,11.726776972175745,7,17,18,10,34,23,33,0.4696209743299107,Normal
RGG0064,23644,222,1,5,2010-01-04 07:15:00,2010-11-15 15:29:00,627,17,87,0,12,12,12,1900,21093,183,10.844188800541364,0,23,36,19,20,42,34,0.46909593552539747,Normal
LAF0991,36854,346,1,3,2010-01-04 09:11:00,2011-05-16 21:14:00,959,0,11018,0,0,0,0,3025,32870,157,14.791555869105117,9,21,40,39,36,22,34,0.4689716764091955,Normal
RNP0211,59880,346,1,5,2010-01-04 07:32:00,2011-05-16 15:41:00,971,0,0,0,2129,2638,2638,4664,49478,177,11.24311957247829,7,16,39,15,25,40,30,0.4688718633954803,Normal
JFC0557,42457,346,1,5,2010-01-04 08:48:00,2011-05-16 17:47:00,961,0,578,0,2785,2839,2839,3002,32870,119,13.026379631156228,8,18,22,16,23,40,33,0.4688094714366649,Normal
FOB0756,15520,425,2,5,2010-01-02 08:29:00,2011-05-16 16:33:00,1479,0,0,2632,309,165,165,1242,12325,293,12.046907216494846,8,16,42,41,34,20,27,0.46870317122129995,Normal
MTB0620,66041,346,1,5,2010-01-04 07:49:00,2011-05-16 17:11:00,972,0,0,0,2004,1971,1971,5042,56052,230,12.044517799548766,7,17,38,44,41,50,28,0.468252506641251,Normal
HAV0121,36523,346,1,3,2010-01-04 09:13:00,2011-05-16 21:24:00,692,0,10478,0,0,0,0,3056,32775,269,14.694548640582646,9,21,46,43,38,37,27,0.4681213683880596,Normal
CAM0681,40068,346,1,5,2010-01-04 08:48:00,2011-05-16 19:01:00,959,0,5694,0,717,759,759,3033,34600,178,13.588549465907956,8,19,41,43,45,10,28,0.46805780928880686,Normal
VSA0230,32195,296,3,5,2010-01-04 07:55:00,2011-03-04 18:58:00,905,0,4130,0,194,389,389,2587,28120,307,13.116508774654449,7,19,47,15,25,14,29,0.4680260644787928,Normal
JJH0613,65962,346,2,5,2010-01-04 07:57:00,2011-05-16 16:52:00,1147,0,0,0,2095,1641,1641,5027,56052,215,12.074254874018374,7,17,50,30,24,14,26,0.46757600039378866,Normal
MVB0515,13998,346,21,5,2010-01-04 08:54:00,2011-05-16 16:46:00,1148,0,0,0,731,1777,1777,1000,9342,71,12.5210744392056,8,17,38,14,33,31,28,0.46754659458130104,Normal
BTR0403,38263,346,21,5,2010-01-04 07:59:00,2011-05-16 19:00:00,1114,0,5133,0,756,520,520,3003,32870,312,13.075059456916604,7,19,47,47,21,17,28,0.46740377084298723,Normal
PID0426,36773,355,19,3,2010-01-04 07:59:00,2011-05-16 16:59:00,902,70,735,15,0,0,0,3001,32870,104,12.131618306909962,0,23,43,19,39,44,23,0.4672007624605651,Normal
PAD0773,15316,346,3,5,2010-01-04 08:30:00,2011-05-16 16:20:00,1119,0,0,0,247,2558,2558,1012,10380,155,12.055758683729433,8,16,36,21,14,16,38,0.4671233032137119,Normal
HBO0413,36397,323,1,5,2010-01-04 07:51:00,2011-04-12 18:00:00,646,0,502,0,1408,691,691,2840,30812,393,12.461823776684891,7,18,41,35,18,15,18,0.4667751019805305,Normal
VSS0154,28561,214,1,5,2010-01-04 08:22:00,2010-11-03 18:30:00,427,0,2223,0,922,405,405,2301,24506,116,13.043520885123069,8,18,43,49,10,40,30,0.4664341245422364,Normal
TNM0961,5054,240,3,5,2010-01-04 07:04:00,2010-12-13 16:22:00,772,0,0,0,984,526,526,247,2525,129,11.269885239414325,7,16,37,50,39,17,32,0.46634234115806966,Normal
AJL0462,4486,350,1,3,2010-01-04 07:48:00,2011-05-16 17:50:00,1034,42,267,6,0,0,0,338,3114,107,12.440481497993758,0,23,16,24,44,31,28,0.46631707743093936,Normal
BJH0811,36600,346,1,3,2010-01-04 08:29:00,2011-05-16 20:33:00,692,0,8165,0,0,0,0,3038,32870,337,13.936912568306012,8,20,48,39,44,14,40,0.46617859501123093,Normal
HVF0067,38604,346,17,5,2010-01-04 07:51:00,2011-05-16 17:58:00,999,0,528,0,1384,2023,2023,3058,31140,228,12.572246399336857,7,18,44,35,22,43,41,0.465878482973281,Normal
EZT0640,12246,346,2,3,2010-01-04 09:11:00,2011-05-16 21:14:00,1197,0,3731,0,0,0,0,1015,10034,186,14.782296260003266,9,21,12,15,27,39,27,0.46551536786893166,Normal
CFM0767,13658,350,7,5,2010-01-04 08:16:00,2011-05-16 16:28:00,1096,44,187,4,745,778,778,1005,10034,108,12.087055205740226,0,23,46,23,22,35,29,0.46547193996908537,Normal
MPT0376,39007,365,3,5,2010-01-04 07:55:00,2011-05-16 15:57:00,1183,0,0,1862,815,1054,1054,3195,32760,196,11.56515497218448,7,16,19,37,41,48,35,0.4654540739109132,Normal
JRH0455,711,55,1,3,2010-01-04 07:46:00,2010-03-19 17:50:00,110,0,39,0,0,0,0,51,550,57,12.469760900140647,7,18,19,21,42,20,34,0.4651502108397517,Normal
RRP0568,39083,346,2,5,2010-01-04 08:59:00,2011-05-16 18:00:00,1017,0,701,0,757,1450,1450,2989,32870,339,13.018908476831358,8,18,43,50,38,18,33,0.465074295945395,Normal
RHY0079,72558,346,2,3,2010-01-04 09:15:00,2011-05-16 18:08:00,716,0,3504,0,0,0,0,6102,65740,274,13.234529617685162,9,18,20,19,14,21,26,0.4650471372694338,Normal
BDV0168,29568,165,1,5,2010-01-04 07:44:00,2010-08-25 15:40:00,340,56,144,0,32,36,36,2427,26733,176,11.318046536796537,3,22,45,31,19,21,31,0.46492946495074977,Normal
JBD0616,68391,346,2,5,2010-01-04 07:56:00,2011-05-16 17:09:00,1002,0,0,0,5968,339,339,5030,56052,280,12.058267900747174,7,17,40,21,25,37,27,0.4644387123849204,Normal
BWP0202,45326,355,2,5,2010-01-04 07:14:00,2011-05-16 17:15:00,1335,90,827,16,257,627,627,3663,39444,179,11.979680536557384,0,23,20,36,15,25,28,0.46360215095498036,Normal
EGD0132,3842,189,1,5,2010-01-04 08:54:00,2010-09-29 18:15:00,378,0,149,0,833,399,399,195,2037,68,12.973971889640811,8,18,37,38,33,15,22,0.4631903328041904,Normal
YWW0660,8862,261,1,3,2010-01-04 09:06:00,2011-01-14 21:11:00,522,0,2666,0,0,0,0,771,7569,159,14.715865493116677,9,21,39,35,37,10,36,0.4631063552691949,Normal
CIM0271,39852,346,3,5,2010-01-04 07:00:00,2011-05-16 17:14:00,997,0,0,0,1442,1552,1552,2991,32870,115,11.777501756499046,7,17,24,27,10,20,38,0.462836622469674,Normal
CAB0614,64163,346,15,5,2010-01-04 07:53:00,2011-05-16 16:57:00,1112,0,0,0,733,931,931,5335,56052,238,12.027928868662626,7,17,17,38,22,12,34,0.4627838686281594,Normal
SBH0537,61796,386,1,5,2010-01-04 08:55:00,2011-05-16 17:58:00,1080,0,869,5067,278,428,428,4812,55198,251,12.981924396401062,8,18,34,21,14,13,33,0.4626877185521952,Normal
IJM0444,39672,348,3,5,2010-01-04 07:48:00,2011-05-16 17:07:00,1221,15,127,3,741,1840,1840,3000,32870,111,12.034986892518653,0,23,36,35,39,35,26,0.4622539136956372,Normal
BAH0875,62368,356,3,3,2010-01-04 07:38:00,2011-05-16 17:44:00,930,90,1210,14,0,0,0,5386,56052,151,12.45505708055413,0,23,43,19,26,17,30,0.4621943503144206,Normal
SSR0278,20700,196,1,3,2010-01-04 09:14:00,2010-10-08 18:09:00,392,0,1055,0,0,0,0,1688,18620,284,13.291497584541062,9,18,34,32,45,15,24,0.4617137425381301,Normal
CFW0264,6344,60,1,3,2010-01-04 07:18:00,2010-03-26 15:24:00,120,0,0,0,0,0,0,524,5700,119,10.992591424968474,7,15,19,32,17,20,27,0.4616944158020776,Normal
PMV0850,6105,346,3,5,2010-01-04 08:15:00,2011-05-16 19:39:00,1077,0,1331,0,748,490,490,340,3450,139,13.550696150696151,8,19,23,39,12,42,23,0.46148866075535794,Normal
OLW0689,39514,346,1,5,2010-01-04 08:53:00,2011-05-16 18:56:00,959,0,5345,0,1418,1242,1242,3025,32870,142,13.586754061851495,8,19,22,25,40,35,27,0.46139211484601467,Normal
DIB0081,19928,162,3,5,2010-01-04 08:00:00,2010-08-20 17:15:00,551,0,0,0,989,1580,1580,1418,15390,153,11.995283018867925,7,17,34,45,14,28,33,0.4610415018137786,Normal
BLS0678,21410,201,1,5,2010-01-04 07:55:00,2010-10-15 16:01:00,571,12,69,0,8,5,5,1729,19097,262,11.529425502101821,1,23,35,17,43,28,31,0.46101880924690064,Normal
HOB0994,36541,346,1,3,2010-01-04 09:03:00,2011-05-16 21:12:00,692,0,10633,0,0,0,0,2979,32870,205,14.722667688350073,9,21,38,39,15,43,33,0.46097840795382766,Normal
DID0650,11719,346,1,3,2010-01-04 09:03:00,2011-05-16 21:07:00,692,0,3518,0,0,0,0,1022,10005,268,14.745285433910743,9,21,45,21,17,42,21,0.4609185877003695,Normal
AKR0057,31090,231,13,5,2010-01-04 07:57:00,2010-11-30 18:57:00,662,0,3914,0,966,540,540,2459,26463,217,13.049565776777099,7,19,50,41,20,18,30,0.4604555036026301,Normal
PMJ0564,37095,347,2,3,2010-01-04 08:56:00,2011-05-16 17:50:00,1211,27,808,2,0,0,0,3014,32870,162,13.090982612211889,0,23,30,21,40,14,39,0.4602180471769054,Normal
NDM0417,39738,346,2,5,2010-01-04 07:53:00,2011-05-16 17:56:00,1161,0,522,0,1379,1284,1284,3044,32870,251,12.567542402737933,7,18,44,36,50,12,34,0.46002270956452684,Normal
BIS0247,35830,354,1,5,2010-01-04 07:58:00,2011-05-16 16:51:00,1056,54,329,14,232,418,418,2984,31140,198,12.080993580798214,0,23,36,19,18,39,37,0.4599424526133342,Normal
TLK0993,36576,346,1,3,2010-01-04 09:13:00,2011-05-16 21:12:00,692,0,10517,0,0,0,0,3014,32870,149,14.754784558180228,9,21,41,36,40,35,22,0.4597376048006327,Normal
AJN0607,65132,346,2,5,2010-01-04 07:51:00,2011-05-16 16:57:00,1177,0,0,0,2061,820,820,5022,56052,217,11.988377448873058,7,17,45,42,16,47,23,0.4597198204506308,Normal
HDH0928,39559,346,1,5,2010-01-04 08:22:00,2011-05-16 19:26:00,692,0,6727,0,1377,1577,1577,3043,32870,119,13.542632523572385,8,19,40,36,20,40,26,0.4596879441339418,Normal
RLB0719,4519,348,1,3,2010-01-04 07:30:00,2011-05-16 16:58:00,728,18,23,3,0,0,0,331,3460,107,11.654790882938704,0,23,14,18,15,40,35,0.4595184001522609,Normal
PSF0133,3870,190,1,5,2010-01-04 08:48:00,2010-09-30 18:00:00,380,0,152,0,813,449,449,200,2028,101,13.095090439276486,8,18,42,40,11,36,33,0.459342398621509,Normal
MAD0496,21079,118,1,3,2010-01-03 08:05:00,2010-05-14 17:15:00,236,0,0,4111,0,0,0,1727,19116,120,12.259120451634328,8,17,34,30,40,42,24,0.45918284139533583,Normal
AAF0535,6731,164,1,5,2010-01-04 08:56:00,2010-08-24 16:54:00,328,0,0,0,688,357,357,480,4878,109,12.469766750854257,8,17,17,21,36,33,31,0.45913542204535057,Normal
KRL0501,49158,265,1,5,2010-01-04 08:05:00,2011-01-20 17:28:00,530,0,0,0,1130,578,578,3871,43049,329,12.25304121404451,8,17,18,27,23,28,26,0.4586574630000411,Normal
ICH0294,8488,346,3,5,2010-01-04 08:51:00,2011-05-16 17:54:00,858,0,231,0,1326,2509,2509,335,3460,125,13.058906691800189,8,18,32,27,20,40,26,0.45862802804884645,Normal
WRM0963,2417,174,3,3,2010-01-04 07:13:00,2010-09-08 16:24:00,509,0,0,0,0,0,0,168,1740,96,11.261481175010344,7,16,17,23,43,31,22,0.45829039721385406,Normal
NMS0280,15876,436,19,5,2010-01-03 09:11:00,2011-05-16 18:13:00,908,0,1275,3166,307,321,321,1260,13080,239,13.319853867472915,9,18,39,42,26,37,27,0.45827939566751713,Normal
LDG0459,5733,346,3,5,2010-01-04 07:58:00,2011-05-16 18:06:00,1149,0,285,0,312,480,480,332,3460,139,12.565149136577707,7,18,20,41,10,50,34,0.45791180651148494,Normal
PPF0435,30953,290,1,5,2010-01-04 07:57:00,2011-02-24 16:55:00,588,5,132,0,54,1,1,2759,27551,260,11.995767776952153,3,23,42,17,48,24,27,0.45782487123134563,Normal
VMJ0546,41631,346,1,5,2010-01-04 08:00:00,2011-05-16 17:57:00,962,0,564,0,1410,3373,3373,3016,32870,218,12.581802022531287,7,18,20,37,29,39,26,0.4576347248357059,Normal
AHM0410,40666,353,3,5,2010-01-04 07:52:00,2011-05-16 17:59:00,1183,0,591,351,782,2198,2198,3063,33440,64,12.59312447745045,7,18,34,43,15,18,26,0.45733564559142537,Normal
CRO0027,38646,348,3,3,2010-01-04 09:05:00,2011-05-16 18:19:00,1009,11,2034,4,0,0,0,3037,34600,159,13.311054184132898,0,23,19,30,28,46,26,0.45728339968843124,Normal
HLH0512,16695,492,10,3,2010-01-02 08:52:00,2011-05-16 16:57:00,1002,0,0,4616,0,0,0,1425,14268,143,12.48074273734651,8,17,15,42,36,22,32,0.4568487432419987,Normal
CEJ0109,35670,318,1,5,2010-01-04 09:06:00,2011-04-05 18:28:00,636,0,2055,0,1274,679,679,2751,30330,153,13.263919259882254,9,18,21,46,17,17,32,0.4564548209931849,Normal
HSG0818,36873,346,1,3,2010-01-04 08:22:00,2011-05-16 20:27:00,965,0,8702,0,0,0,0,3038,32870,253,14.036883356385431,8,20,18,19,48,36,31,0.45610848588779596,Normal
RAR0725,3428,171,1,5,2010-01-04 07:33:00,2010-09-02 16:42:00,342,0,0,0,696,355,355,176,1859,66,11.823803967327889,7,17,32,32,25,20,35,0.4555783116536952,Normal
BBG0325,63173,346,2,5,2010-01-04 07:32:00,2011-05-16 15:45:00,1011,0,0,0,729,349,349,5032,56052,225,11.27256897725294,7,16,41,50,30,37,40,0.45530078760961334,Normal
DGM0754,5187,29,1,3,2010-01-04 07:58:00,2010-02-11 17:15:00,58,0,0,0,0,0,0,431,4698,188,12.015037593984962,7,17,42,18,42,24,24,0.45504485135819517,Normal
CYA0506,3556,105,1,3,2010-01-04 08:45:00,2010-06-01 17:09:00,210,0,0,0,0,0,0,301,3045,123,12.612767154105736,8,17,16,17,44,14,31,0.4549678051948719,Normal
IJM0776,6988,171,1,5,2010-01-04 08:21:00,2010-09-02 16:29:00,342,0,0,0,694,344,344,515,5093,108,12.032627361190613,8,16,41,35,19,41,32,0.45461859614966343,Normal
HWW0436,38158,350,3,5,2010-01-04 07:58:00,2011-05-16 17:00:00,1215,10,305,5,1317,1245,1245,3331,31050,181,12.06376120341737,0,23,45,37,23,27,33,0.45437976319103396,Normal
VLB0647,11744,346,1,3,2010-01-04 09:10:00,2011-05-16 21:13:00,692,0,3571,0,0,0,0,1018,10034,115,14.772309264305177,9,21,48,40,42,47,24,0.4542588365790575,Normal
SED0886,12220,350,2,3,2010-01-04 09:10:00,2011-05-16 18:08:00,1172,30,942,6,0,0,0,1014,10034,118,13.296972176759411,0,23,22,18,18,35,28,0.45366464665169454,Normal
CWR0502,63310,346,2,5,2010-01-04 08:13:00,2011-05-16 17:29:00,1122,0,0,0,694,765,765,4677,56052,279,12.260180066340231,8,17,41,49,25,45,27,0.45365300939491965,Normal
CJP0952,4829,348,2,3,2010-01-04 07:00:00,2011-05-16 16:06:00,1034,12,35,3,0,0,0,335,3460,83,11.301511700144957,0,23,45,18,25,18,27,0.45341777373051817,Normal
GKO0078,74432,346,3,5,2010-01-04 07:03:00,2011-05-16 17:26:00,1217,0,0,0,723,942,942,6000,65550,229,11.805486887360274,7,17,44,46,21,24,29,0.45249613154817886,Normal
JRG0207,44674,283,1,5,2010-01-04 07:38:00,2011-02-14 15:52:00,574,29,268,1,46,27,27,3842,40185,112,11.313202310068496,2,23,42,37,40,21,27,0.45207500035544806,Normal
CRK0916,37230,351,1,3,2010-01-04 08:18:00,2011-05-16 19:29:00,997,23,6404,9,0,0,0,3363,32870,214,13.511388665055064,0,23,32,46,26,19,32,0.4516494574862971,Normal
LAM0911,55158,346,1,3,2010-01-04 08:29:00,2011-05-16 19:28:00,952,0,9411,0,0,0,0,4728,49478,320,13.551325283730375,8,19,42,43,27,38,22,0.45127076105390435,Normal
EDB0714,4883,242,1,5,2010-01-04 07:41:00,2010-12-15 16:35:00,484,0,0,0,1070,526,526,255,2548,158,11.675814048740529,7,17,21,23,35,26,29,0.45121012743395894,Normal
MYD0978,31843,252,1,5,2010-01-04 07:50:00,2010-12-30 18:00:00,510,30,452,7,14,15,15,2687,28617,227,12.499921489809378,0,23,39,32,36,13,32,0.4509949061578088,Normal
KMS0657,11732,346,1,3,2010-01-04 09:14:00,2011-05-16 21:14:00,692,0,3591,0,0,0,0,1006,10034,72,14.802335492669622,9,21,17,31,21,17,29,0.4508478726333604,Normal
OSH0655,11740,346,1,3,2010-01-04 09:02:00,2011-05-16 21:17:00,692,0,3630,0,0,0,0,1014,10034,107,14.814821124361158,9,21,16,21,42,39,28,0.45081268515349143,Normal
YIC0195,45018,352,3,3,2010-01-02 08:07:00,2011-02-04 18:15:00,1174,0,2346,8946,0,0,0,3716,40128,160,12.743502598960417,8,18,18,49,19,40,31,0.4507773263748973,Normal
ESR0693,18814,169,2,5,2010-01-04 08:57:00,2010-08-31 18:52:00,384,0,2292,0,391,509,509,1475,16055,113,13.45992346125226,8,19,35,23,25,21,31,0.45076014006670106,Normal
KNW0644,11741,346,1,3,2010-01-04 09:03:00,2011-05-16 21:10:00,692,0,3502,0,0,0,0,1015,10034,170,14.69465973937484,9,21,15,20,23,15,25,0.4506397183811321,Normal
DIW0118,58018,346,3,5,2010-01-04 07:00:00,2011-05-16 16:16:00,1209,0,0,0,1359,1314,1314,4658,49478,172,11.231135164948808,7,16,37,17,19,37,26,0.4506262564089168,Normal
ALB0892,7965,235,1,3,2010-01-02 09:09:00,2010-09-10 18:23:00,470,0,587,1964,0,0,0,680,6815,92,13.295166352793471,9,18,25,19,44,22,30,0.45029958645561247,Normal
CQH0701,5271,346,1,5,2010-01-04 07:45:00,2011-05-16 16:56:00,963,0,0,0,271,243,243,334,3460,185,11.702333523050655,7,17,35,50,39,50,32,0.45029133466032606,Normal
CJF0802,38730,352,2,3,2010-01-04 08:04:00,2011-05-16 17:25:00,1100,53,390,10,0,0,0,3030,34600,147,12.33981409759876,0,23,36,39,38,43,21,0.4502343973431193,Normal
IWM0816,36851,346,1,3,2010-01-04 08:22:00,2011-05-16 20:29:00,968,0,8867,0,0,0,0,3013,32870,149,14.036851103090825,8,20,35,42,50,44,28,0.44981209391000077,Normal
KBG0549,37847,346,3,5,2010-01-04 07:49:00,2011-05-16 18:09:00,1019,0,494,0,216,377,377,3365,32870,310,12.504610669273655,7,18,16,19,37,10,32,0.44976653511290093,Normal
CJM0521,15689,464,1,3,2010-01-02 08:47:00,2011-05-16 16:52:00,928,0,0,3828,0,0,0,1334,13427,124,12.523296577219709,8,17,13,18,37,18,24,0.44943756191605105,Normal
UAD0771,15301,346,2,5,2010-01-04 08:25:00,2011-05-16 16:28:00,1014,0,0,0,1384,1873,1873,996,10034,181,11.994248741912294,8,16,46,34,15,30,31,0.44937166807063933,Normal
SLB0049,72493,346,1,3,2010-01-04 08:30:00,2011-05-16 17:32:00,692,0,0,0,0,0,0,6061,65740,279,12.484281240947402,8,17,14,27,16,22,20,0.44935075001786445,Normal
BMS0877,22450,126,1,3,2010-01-04 07:39:00,2010-06-30 17:45:00,252,0,3,0,0,0,0,1786,20412,112,12.31946547884187,7,18,31,50,11,43,33,0.4492917693506157,Normal
KCS0173,59689,346,3,5,2010-01-04 07:33:00,2011-05-16 15:54:00,1098,0,0,0,714,260,260,4679,52938,161,11.251671162190688,7,16,39,20,50,20,30,0.4489743152778006,Normal
TUC0632,11745,346,1,3,2010-01-04 09:09:00,2011-05-16 21:15:00,692,0,3548,0,0,0,0,1019,10034,203,14.772584078331205,9,21,38,44,10,13,31,0.4487847303491914,Normal
LAP0338,16905,488,1,3,2010-01-02 07:07:00,2011-05-16 18:07:00,1362,0,1124,4749,0,0,0,1420,14123,154,12.253061224489796,7,18,42,23,33,45,31,0.4486877836224892,Normal
HAH0760,15231,346,1,5,2010-01-04 08:20:00,2011-05-16 16:33:00,957,0,0,0,1342,1900,1900,998,10034,91,12.031186396165715,8,16,34,17,22,37,30,0.44842270837098075,Normal
USH0199,36984,346,4,5,2010-01-04 07:18:00,2011-05-16 15:27:00,698,0,0,0,222,142,142,3052,32870,291,10.9643359290504,7,15,44,39,46,36,25,0.4484148168869903,Normal
FMG0527,9217,271,1,5,2010-01-04 08:55:00,2011-01-27 16:59:00,548,2,76,0,24,23,23,790,7832,91,12.549202560486059,1,23,43,38,35,38,28,0.44840400593984964,Normal
LNR0656,11741,346,1,3,2010-01-04 09:14:00,2011-05-16 21:14:00,692,0,3533,0,0,0,0,1015,10034,235,14.78707094796014,9,21,25,39,12,30,23,0.4479735427660093,Normal
HFB0347,10857,264,1,5,2010-01-04 07:00:00,2011-01-06 18:10:00,528,0,604,300,190,1716,1716,767,7656,87,12.183291885419544,7,18,34,20,30,30,27,0.4478326355696203,Normal
KWE0082,40523,346,1,5,2010-01-04 07:56:00,2011-05-16 17:08:00,967,0,0,0,1424,2234,2234,3028,32870,235,12.08012733509365,7,17,38,43,19,48,35,0.4478140739081036,Normal
CCL0068,32453,288,1,5,2010-01-04 07:50:00,2011-02-22 17:49:00,576,0,403,0,1262,630,630,2521,27464,211,12.411487381752073,7,18,13,16,23,19,23,0.4477796101745577,Normal
SNC0187,12748,300,1,5,2010-01-04 07:11:00,2011-03-10 18:24:00,600,0,737,0,251,2321,2321,876,8700,135,12.260511452776907,7,18,40,41,42,30,27,0.44728231422634424,Normal
BCM0653,11747,346,1,3,2010-01-04 09:04:00,2011-05-16 21:27:00,692,0,3521,0,0,0,0,1021,10034,276,14.78854175534179,9,21,45,34,41,18,31,0.44690149452919664,Normal
SPA0141,42105,355,1,3,2010-01-04 07:06:00,2011-05-16 17:16:00,1102,73,820,14,0,0,0,3635,37368,106,11.97945612160076,0,23,43,22,10,21,29,0.4462114363986664,Normal
JNA0559,36581,346,1,3,2010-01-04 08:47:00,2011-05-16 18:00:00,691,0,539,0,0,0,0,3020,32870,340,13.035428227768513,8,18,10,10,41,10,31,0.4454415683440886,Normal
SLT0907,5862,173,1,3,2010-01-04 09:00:00,2010-09-07 18:13:00,346,0,412,0,0,0,0,499,5017,145,13.26390310474241,9,18,16,15,43,27,27,0.44539195830323275,Normal
HWH0646,12023,346,1,3,2010-01-04 09:04:00,2011-05-16 21:10:00,975,0,3662,0,0,0,0,1014,10034,117,14.771770772685686,9,21,17,24,24,21,28,0.445319973736554,Normal
AAS0442,1731,50,1,3,2010-01-04 07:46:00,2010-03-12 17:15:00,136,0,0,0,0,0,0,145,1450,59,12.188908145580589,7,17,36,43,22,22,31,0.4442468551119251,Normal
SMH0291,6808,480,3,3,2010-01-02 08:55:00,2011-05-16 18:05:00,1541,0,326,1795,0,0,0,467,4800,151,12.996915393654524,8,18,23,22,10,24,32,0.44405058824715316,Normal
SCP0130,14995,346,2,5,2010-01-04 09:00:00,2011-05-16 17:55:00,918,0,318,0,1427,1615,1615,1001,10034,158,12.978059353117706,8,18,42,18,35,32,24,0.443714874084173,Normal
PMC0328,13994,346,1,5,2010-01-04 07:10:00,2011-05-16 18:12:00,967,0,904,0,1334,656,656,1003,10034,124,12.343147063027011,7,18,20,43,10,36,33,0.44340415995343563,Normal
IKR0401,32132,287,1,5,2010-01-04 07:45:00,2011-02-21 19:02:00,574,0,3849,0,1134,554,554,2495,27375,254,12.939810780530312,7,19,40,42,24,16,29,0.442851126575074,Normal
FRB0023,43804,346,1,3,2010-01-04 07:28:00,2011-05-16 15:22:00,692,0,0,0,0,0,0,3668,39444,271,11.016071591635468,7,15,45,14,12,14,14,0.4428249604494247,Normal
IBM0671,38185,346,2,5,2010-01-04 07:54:00,2011-05-16 15:58:00,979,0,0,0,287,802,802,3342,32775,259,11.499594081445593,7,16,50,46,38,35,31,0.4422121707222514,Normal
ZSB0649,11743,346,1,3,2010-01-04 09:01:00,2011-05-16 21:16:00,692,0,3598,0,0,0,0,1017,10034,112,14.7650515200545,9,21,23,25,36,14,26,0.4421006094082371,Normal
DKB0631,11733,346,1,3,2010-01-04 09:13:00,2011-05-16 21:10:00,692,0,3607,0,0,0,0,1007,10034,116,14.799539759652262,9,21,34,18,14,46,31,0.44199905029041575,Normal
ESA0642,11730,346,1,3,2010-01-04 09:06:00,2011-05-16 21:01:00,692,0,3541,0,0,0,0,1004,10034,216,14.739045183290708,9,21,32,14,44,30,32,0.44194089690331073,Normal
WBC0192,58319,346,3,5,2010-01-04 07:01:00,2011-05-16 17:11:00,1034,0,0,0,266,415,415,4704,51900,81,11.749429859908435,7,17,47,36,39,39,27,0.4416978219349052,Normal
JKJ0698,5792,442,31,3,2010-01-02 07:37:00,2011-05-16 16:51:00,943,0,0,1226,0,0,0,429,4420,121,11.707009668508288,7,17,16,38,16,22,28,0.4415905792739553,Normal
NKH0807,36590,346,1,3,2010-01-04 08:24:00,2011-05-16 20:28:00,692,0,8711,0,0,0,0,3028,32870,168,14.021426619294889,8,20,45,44,40,22,20,0.44153124891245144,Normal
GCS0571,5619,346,2,5,2010-01-04 08:28:00,2011-05-16 18:28:00,988,0,756,0,275,564,564,332,3460,65,13.064246307172095,8,18,22,18,16,23,32,0.4407537114741923,Normal
RAM0447,6177,449,1,3,2010-01-03 07:48:00,2011-05-16 17:47:00,1255,0,335,1350,0,0,0,432,4490,136,12.488262910798122,7,18,35,12,23,45,39,0.44072051463417045,Normal
HJB0742,45192,242,2,5,2010-01-04 07:45:00,2010-12-14 17:15:00,709,19,30,0,12,5,5,3494,40972,179,11.937577447335812,1,23,41,40,16,21,30,0.4407142785503563,Normal
KLM0639,11715,346,1,3,2010-01-04 09:12:00,2011-05-16 21:14:00,692,0,3559,0,0,0,0,1018,10005,148,14.73401621852326,9,21,20,15,24,40,26,0.440480770529888,Normal
SMY0792,38960,346,20,5,2010-01-04 08:14:00,2011-05-16 17:13:00,1102,0,0,0,758,1209,1209,3021,32870,200,12.279363449691992,8,17,43,37,39,42,25,0.44035537239295247,Normal
SJO0209,57117,353,3,5,2010-01-04 07:31:00,2011-05-16 15:43:00,1227,0,0,0,264,372,372,4775,50479,153,11.268781623684717,7,16,39,45,18,39,35,0.44034949889302677,Normal
CCM0136,4803,346,2,5,2010-01-04 08:50:00,2011-05-16 17:58:00,997,0,248,0,239,137,137,334,3096,117,13.088069956277327,8,18,16,16,39,40,29,0.4400523878412166,Normal
BMT0528,15111,346,2,5,2010-01-04 08:53:00,2011-05-16 17:00:00,744,0,0,0,1420,1903,1903,1010,10034,136,12.481966779167493,8,17,33,25,39,25,30,0.4396923879068717,Normal
BDB0453,4598,349,1,3,2010-01-04 07:48:00,2011-05-16 17:59:00,800,60,352,3,0,0,0,338,3460,146,12.487820791648543,0,23,41,42,27,41,26,0.43957743491455037,Normal
NKP0236,37118,346,1,5,2010-01-04 07:52:00,2011-05-16 17:58:00,710,7,766,0,246,299,299,2993,32870,175,12.50608869012339,1,23,45,41,19,40,31,0.43954671989409755,Normal
DRR0162,34187,256,1,5,2010-01-04 07:03:00,2011-01-07 16:16:00,512,0,0,0,1116,529,529,2737,29293,154,11.242226577353964,7,16,45,36,20,36,29,0.4394582541134849,Normal
ARB0834,2739,211,1,3,2010-01-04 08:16:00,2010-10-29 19:41:00,422,0,665,0,0,0,0,207,2110,136,13.528660094925154,8,19,40,42,40,49,26,0.43886525139506793,Normal
YDN0198,44113,346,2,3,2010-01-04 07:19:00,2011-05-16 15:41:00,976,0,0,0,0,0,0,3693,39444,92,11.01867930088636,7,15,45,50,41,11,24,0.43864747168587365,Normal
CTR0697,4757,346,1,3,2010-01-04 07:30:00,2011-05-16 16:43:00,963,4,6,0,0,0,0,334,3460,115,11.71662812697078,1,23,36,15,33,25,34,0.4382267567086286,Normal
MGS0974,48680,380,2,5,2010-01-04 07:53:00,2011-05-16 17:56:00,842,0,695,4367,283,162,162,4073,43320,173,12.530525883319639,7,18,17,39,39,40,27,0.4380586241432959,Normal
AMD0077,72416,346,1,3,2010-01-04 07:26:00,2011-05-16 15:32:00,692,0,0,0,0,0,0,5984,65740,200,11.053510273972602,7,15,23,19,12,25,25,0.4378375802135833,Normal
DJB0159,72903,346,2,3,2010-01-04 07:00:00,2011-05-16 16:17:00,1002,0,0,0,0,0,0,6351,65550,219,11.248508291839842,7,16,20,37,27,38,37,0.43763433614486985,Normal
XRS0633,12004,346,1,3,2010-01-04 09:10:00,2011-05-16 21:14:00,958,0,3670,0,0,0,0,1012,10034,130,14.804815061646117,9,21,34,39,39,40,23,0.43684777215608983,Normal
EMS0317,61709,346,1,3,2010-01-04 07:43:00,2011-05-16 15:40:00,692,0,0,0,0,0,0,4965,56052,305,11.252637378664376,7,16,15,21,44,10,31,0.43658102355179274,Normal
JMK0099,37893,346,3,5,2010-01-04 07:10:00,2011-05-16 17:10:00,1200,0,0,0,279,555,555,2989,32870,331,11.835932758029188,7,17,40,37,41,41,25,0.4360793016608027,Normal
CWB0065,36948,346,2,3,2010-01-04 07:10:00,2011-05-16 15:16:00,1188,0,0,0,0,0,0,2985,32775,287,10.776388437804481,7,15,50,33,14,20,23,0.43593055059025787,Normal
GCL0016,49949,388,3,5,2010-01-04 08:00:00,2011-05-16 17:59:00,1125,0,721,5411,267,199,199,4126,44232,191,12.574926424953453,7,18,45,32,20,24,34,0.43567180716594084,Normal
CAA0612,66046,346,1,5,2010-01-04 07:55:00,2011-05-16 16:59:00,959,0,0,0,254,641,641,5372,58820,138,12.04829966992702,7,17,20,41,32,42,31,0.4355909274305988,Normal
BVN0514,3753,110,2,3,2010-01-04 08:48:00,2010-06-08 16:57:00,236,0,0,0,0,0,0,327,3190,74,12.465494271249668,8,17,36,23,30,23,22,0.4352722072765238,Normal
IMB0481,61750,346,1,3,2010-01-04 08:10:00,2011-05-16 17:14:00,692,0,0,0,0,0,0,5006,56052,376,12.261295546558705,8,17,19,41,38,43,38,0.43493361962910665,Normal
JMW0638,11733,346,1,3,2010-01-04 09:04:00,2011-05-16 21:17:00,692,0,3524,0,0,0,0,1007,10034,93,14.72828773544703,9,21,43,21,30,18,30,0.4348547264364726,Normal
SAP0867,26082,146,1,3,2010-01-04 07:38:00,2010-07-29 17:40:00,292,0,7,0,0,0,0,2138,23652,176,12.306609922551951,7,18,13,25,43,19,30,0.43478072087532105,Normal
IUB0565,26368,234,1,5,2010-01-04 08:48:00,2010-12-03 18:02:00,468,0,406,0,986,503,503,2057,22354,228,13.002275485436893,8,18,44,39,35,22,30,0.43477786876560687,Normal
AGB0643,11738,346,1,3,2010-01-04 09:04:00,2011-05-16 21:14:00,692,0,3548,0,0,0,0,1012,10034,220,14.76963707616289,9,21,32,39,20,44,27,0.43464941772045323,Normal
DRR0242,44320,442,1,3,2010-01-03 07:54:00,2011-05-16 18:13:00,884,0,656,9457,0,0,0,3836,39600,164,12.52682761732852,7,18,39,19,40,41,33,0.43446966300591267,Normal
JKF0465,5443,420,1,3,2010-01-02 07:56:00,2011-05-16 17:58:00,840,0,294,829,0,0,0,403,4200,111,12.451405474921918,7,18,10,37,12,17,32,0.43439206961126,Normal
XAA0104,37587,346,1,5,2010-01-04 07:03:00,2011-05-16 17:13:00,967,0,0,0,274,437,437,3039,32870,171,11.749381435070637,7,17,41,40,14,38,42,0.43417809432397064,Normal
ECF0828,2739,211,1,3,2010-01-04 08:16:00,2010-10-29 19:44:00,422,0,679,0,0,0,0,207,2110,102,13.535231836436656,8,19,40,49,39,40,35,0.4339864082491451,Normal
DGW0752,62002,346,1,3,2010-01-04 07:59:00,2011-05-16 16:59:00,964,0,0,0,0,0,0,4986,56052,361,12.075578207154608,7,17,40,46,20,40,14,0.43379216151386474,Normal
FEB0306,6783,346,2,5,2010-01-04 08:50:00,2011-05-16 18:00:00,1118,0,286,0,719,1157,1157,329,3460,126,13.050715022851247,8,18,40,42,26,25,31,0.43335126676101315,Normal
MDH0580,5855,296,1,5,2010-01-04 08:28:00,2011-03-04 18:40:00,592,0,687,0,1257,622,622,295,3089,151,12.980871050384287,8,18,41,37,18,40,31,0.4332055358363287,Normal
PTH0830,5511,425,1,3,2010-01-03 08:29:00,2011-05-16 19:41:00,850,0,1377,960,0,0,0,411,4250,129,13.54944656142261,8,19,43,44,42,43,34,0.43313682253141916,Normal
KCB0815,36902,346,1,3,2010-01-04 08:26:00,2011-05-16 20:38:00,971,0,8467,0,0,0,0,3061,32870,202,14.00986396401279,8,20,16,40,18,36,31,0.4328520804761596,Normal
DCC0160,72459,346,1,3,2010-01-04 07:30:00,2011-05-16 18:43:00,692,0,5127,0,0,0,0,6027,65740,122,12.471797844298155,7,18,36,39,33,42,27,0.4324981188706448,Normal
JTS0389,37697,346,3,5,2010-01-04 07:50:00,2011-05-16 15:55:00,846,0,0,0,270,376,376,3335,32870,200,11.44855028251585,7,16,31,36,11,44,32,0.43224899316988596,Normal
DAL0673,39514,346,3,5,2010-01-04 07:52:00,2011-05-16 16:00:00,993,0,0,0,661,352,352,3008,34500,187,11.511489598623273,7,16,39,35,46,41,36,0.4321304831676905,Normal
SAB0781,14150,346,1,5,2010-01-04 08:21:00,2011-05-16 16:28:00,968,0,0,0,733,1441,1441,1003,10005,90,12.039151943462898,8,16,36,35,24,30,28,0.43168938770631615,Normal
FSC0601,56452,306,2,5,2010-01-04 07:47:00,2011-03-18 16:55:00,648,0,0,0,1263,653,653,4180,49708,242,11.98729894423581,7,17,37,30,37,15,30,0.4313874270955329,Normal
BBH0810,36597,346,1,3,2010-01-04 08:26:00,2011-05-16 20:22:00,692,0,8522,0,0,0,0,3035,32870,212,13.944175752110828,8,20,40,25,10,21,32,0.4311837870903185,Normal
TEM0093,26117,247,1,3,2010-01-04 07:20:00,2010-12-22 15:33:00,494,0,0,0,0,0,0,2158,23465,155,10.976873300915113,7,15,28,24,45,14,30,0.4309451283113713,Normal
DBS0235,36652,346,29,3,2010-01-04 07:50:00,2011-05-16 19:00:00,748,0,4401,0,0,0,0,3034,32870,367,12.982074648041035,7,19,30,38,18,37,33,0.43042861195959875,Normal
EMW0105,43554,346,1,3,2010-01-04 09:05:00,2011-05-16 18:11:00,692,0,2196,0,0,0,0,3646,39216,366,13.216283234605317,9,18,35,40,17,41,34,0.43040622808306256,Normal
IAT0263,19804,186,1,3,2010-01-04 07:25:00,2010-09-24 15:29:00,372,0,0,0,0,0,0,1762,17670,102,11.002322763078165,7,15,28,23,30,30,27,0.4299522255148058,Normal
MJS0890,11748,346,1,3,2010-01-04 09:04:00,2011-05-16 18:18:00,692,0,868,0,0,0,0,1022,10034,206,13.260554988083078,9,18,10,26,16,11,29,0.42842517540022584,Normal
RKF0164,35326,335,1,3,2010-01-04 07:07:00,2011-04-29 16:21:00,670,0,0,0,0,0,0,2926,31730,355,11.28667270565589,7,16,40,42,17,18,42,0.42823462953543934,Normal
AAF0791,36574,346,1,3,2010-01-04 08:06:00,2011-05-16 17:14:00,692,0,0,0,0,0,0,3012,32870,357,12.257778749931646,8,17,14,40,40,50,34,0.4280935919603235,Normal
OLB0749,17516,98,1,3,2010-01-04 07:55:00,2010-05-20 16:56:00,196,0,0,0,0,0,0,1444,15876,128,12.009248686914821,7,17,43,35,20,39,36,0.4278179748787139,Normal
LHB0606,14609,82,1,3,2010-01-04 07:58:00,2010-04-28 16:56:00,164,0,0,0,0,0,0,1161,13284,264,11.952700390170444,7,17,37,38,15,27,27,0.42757326109848204,Normal
DPM0423,40335,346,2,5,2010-01-04 07:56:00,2011-05-16 18:05:00,914,0,586,0,2131,1403,1403,3017,32870,149,12.48169083922152,7,18,37,38,38,15,27,0.427399951366638,Normal
EMW0772,12195,346,3,5,2010-01-04 08:16:00,2011-05-16 16:27:00,722,0,0,0,260,181,181,998,10034,171,12.029356293562936,8,16,46,41,20,12,28,0.42676419062950255,Normal
GQF0659,11728,346,1,3,2010-01-04 09:06:00,2011-05-16 21:02:00,692,0,3544,0,0,0,0,1002,10034,137,14.758015006821282,9,21,40,16,30,29,28,0.42629521351151123,Normal
XHG0902,11739,346,1,3,2010-01-04 09:08:00,2011-05-16 18:09:00,692,0,882,0,0,0,0,1013,10034,167,13.277451230939603,9,18,44,35,23,47,14,0.426288158077363,Normal
ETR0177,43733,346,1,3,2010-01-04 08:45:00,2011-05-16 18:41:00,692,0,4614,0,0,0,0,3711,39330,109,13.273889282692704,8,19,18,15,41,26,39,0.42619732227785556,Normal
CIM0926,24219,229,2,3,2010-01-04 08:22:00,2010-11-24 19:44:00,460,0,3875,0,0,0,0,2004,21755,151,13.476072505058012,8,19,31,25,41,17,31,0.4260289592061121,Normal
BTS0011,72362,346,1,3,2010-01-04 07:19:00,2011-05-16 15:30:00,692,0,0,0,0,0,0,5930,65740,164,10.996365495702165,7,15,25,42,16,25,29,0.42543046867161194,Normal
FIR0920,36754,346,2,3,2010-01-04 08:23:00,2011-05-16 19:25:00,878,0,6057,0,0,0,0,3006,32870,108,13.473771562278936,8,19,40,11,44,20,27,0.42534810927203337,Normal
RSM0277,38146,346,3,5,2010-01-04 07:14:00,2011-05-16 17:16:00,1205,0,0,0,780,393,393,2993,32775,169,11.83523829497195,7,17,37,38,20,50,22,0.4249402539750394,Normal
NSC0597,4509,346,3,3,2010-01-04 08:22:00,2011-05-16 18:16:00,726,0,724,0,0,0,0,333,3450,80,13.033488578398758,8,18,19,13,11,44,31,0.42486349145089175,Normal
AQD0820,36580,346,1,3,2010-01-04 08:29:00,2011-05-16 20:29:00,692,0,8376,0,0,0,0,3018,32870,224,13.976708583925642,8,20,41,31,27,24,39,0.42482090492170393,Normal
UBF0645,11702,346,1,3,2010-01-04 09:02:00,2011-05-16 21:29:00,692,0,3502,0,0,0,0,1005,10005,164,14.736028029396685,9,21,34,20,34,23,31,0.42466400444151436,Normal
CLD0894,11737,346,1,3,2010-01-04 09:05:00,2011-05-16 18:04:00,692,0,863,0,0,0,0,1011,10034,170,13.248019084945046,9,18,19,21,50,16,36,0.4245780854367548,Normal
BLB0114,35265,346,2,3,2010-01-04 09:09:00,2011-05-16 18:16:00,1109,0,2245,0,0,0,0,3016,31140,179,13.275599035871261,9,18,38,48,41,15,22,0.42435183949124705,Normal
CKB0482,61780,346,1,3,2010-01-04 08:03:00,2011-05-16 17:14:00,692,0,0,0,0,0,0,5036,56052,354,12.257381029459372,8,17,36,48,37,46,25,0.4242141289223497,Normal
DVM0265,38418,346,3,3,2010-01-04 07:29:00,2011-05-16 15:30:00,796,0,0,0,0,0,0,3022,34600,76,10.97365818106096,7,15,47,40,10,24,31,0.4239603648931377,Normal
CNE0352,72382,346,1,3,2010-01-04 07:53:00,2011-05-16 16:55:00,692,0,0,0,0,0,0,5950,65740,70,11.99115802271283,7,17,39,22,44,15,30,0.4239516256652492,Normal
AOS0987,35306,346,3,3,2010-01-04 09:06:00,2011-05-16 18:24:00,1149,0,2052,0,0,0,0,3017,31140,251,13.314224211182236,9,18,16,32,40,30,27,0.42380551402570393,Normal
CLF0852,62236,346,3,3,2010-01-04 07:34:00,2011-05-16 17:48:00,1196,0,9,0,0,0,0,4988,56052,366,12.290651712835015,7,18,36,45,28,18,26,0.4235477911147826,Normal
TLH0648,11737,346,1,3,2010-01-04 09:14:00,2011-05-16 21:12:00,692,0,3515,0,0,0,0,1011,10034,182,14.757348555849024,9,21,32,35,18,24,26,0.4234978274157836,Normal
NCH0179,43843,346,1,3,2010-01-04 07:10:00,2011-05-16 18:01:00,692,0,1682,0,0,0,0,3707,39444,312,12.221198366900076,7,18,17,12,40,17,25,0.4233306692404238,Normal
LDB0090,43793,346,1,3,2010-01-04 07:21:00,2011-05-16 15:20:00,692,0,0,0,0,0,0,3657,39444,303,10.96625031397712,7,15,40,14,39,41,34,0.42322901081620157,Normal
IIL0513,15377,439,1,3,2010-01-03 08:48:00,2011-05-16 16:54:00,878,0,0,3083,0,0,0,1329,13170,255,12.525980360278337,8,17,37,13,26,38,34,0.42310921511549193,Normal
BCB0679,30072,281,3,3,2010-01-04 07:50:00,2011-02-11 16:08:00,938,0,0,0,0,0,0,2439,26695,357,11.557861133280127,7,16,46,36,39,31,31,0.42291574647786473,Normal
KJJ0293,6125,346,2,5,2010-01-04 08:50:00,2011-05-16 17:59:00,1115,0,271,0,687,530,530,333,3460,119,13.080163265306123,8,18,41,42,23,39,33,0.4226814037098909,Normal
ICS0956,3256,251,1,3,2010-01-04 07:02:00,2010-12-30 16:10:00,502,0,0,0,0,0,0,244,2510,88,11.252149877149877,7,16,22,20,18,35,26,0.4220279265256351,Normal
SOF0808,36589,346,1,3,2010-01-04 08:21:00,2011-05-16 20:42:00,692,0,8755,0,0,0,0,3027,32870,195,14.00174915958348,8,20,45,40,38,22,27,0.4218697499945178,Normal
MHH0180,8962,274,1,3,2010-01-02 07:08:00,2010-12-02 18:26:00,759,0,644,1211,0,0,0,805,7398,188,12.327493862977015,7,18,19,41,35,10,29,0.42181409973097544,Normal
JCW0858,61725,346,1,3,2010-01-04 07:41:00,2011-05-16 17:40:00,692,0,13,0,0,0,0,4981,56052,292,12.251130012150668,7,18,14,35,22,41,39,0.4217404576539914,Normal
ZJE0857,65602,367,2,3,2010-01-04 07:35:00,2011-05-16 17:42:00,786,0,12,2676,0,0,0,5362,59454,270,12.214841010944788,7,18,35,34,36,38,31,0.4216977245067927,Normal
KKS0119,55123,346,1,3,2010-01-04 07:10:00,2011-05-16 17:13:00,961,0,0,0,0,0,0,4684,49478,409,11.808265152477187,7,17,15,28,39,33,27,0.4216428280545942,Normal
WKF0012,72488,346,1,3,2010-01-04 07:39:00,2011-05-16 17:43:00,692,0,10,0,0,0,0,6056,65740,217,12.256745944156274,7,18,37,44,20,45,23,0.4216155516952204,Normal
CJV0286,12003,346,1,3,2010-01-04 09:04:00,2011-05-16 18:18:00,963,0,804,0,0,0,0,1006,10034,158,13.301507956344247,9,18,18,14,17,13,26,0.421312937041905,Normal
CFG0959,4672,346,2,3,2010-01-04 07:14:00,2011-05-16 16:15:00,874,0,0,0,0,0,0,338,3460,41,11.261772260273972,7,16,42,21,24,17,20,0.4212950427101094,Normal
IJW0851,61785,346,1,3,2010-01-04 07:45:00,2011-05-16 17:55:00,692,0,11,0,0,0,0,5041,56052,207,12.259302419681152,7,18,21,10,10,18,34,0.4212315585308471,Normal
GCG0951,4870,346,2,3,2010-01-04 07:08:00,2011-05-16 16:14:00,1035,0,0,0,0,0,0,375,3460,81,11.339014373716632,7,16,33,33,25,19,44,0.42116338210142407,Normal
JSA0775,11717,346,1,3,2010-01-04 08:19:00,2011-05-16 16:31:00,692,0,0,0,0,0,0,991,10034,314,11.96142357258684,8,16,50,46,42,19,33,0.42101473269006173,Normal
FSB0399,35419,335,1,3,2010-01-04 07:52:00,2011-04-29 19:05:00,670,0,4328,0,0,0,0,2924,31825,329,13.002823343403259,7,19,23,22,15,37,26,0.4209521934734485,Normal
BLL0929,36543,346,1,3,2010-01-04 07:13:00,2011-05-16 16:27:00,692,0,0,0,0,0,0,2981,32870,271,11.224858386011,7,16,44,49,10,41,39,0.4209223278436595,Normal
ORG0339,11749,346,1,3,2010-01-04 07:08:00,2011-05-16 18:14:00,692,0,778,0,0,0,0,1023,10034,110,12.233211337135076,7,18,50,28,46,47,20,0.4208806837155517,Normal
JJM0203,24022,211,2,5,2010-01-04 07:14:00,2010-10-29 17:26:00,686,0,0,0,854,425,425,1876,20181,181,11.814253600865873,7,17,37,36,18,30,28,0.4208772140878018,Normal
HTF0641,11745,346,1,3,2010-01-04 09:04:00,2011-05-16 21:11:00,692,0,3503,0,0,0,0,1019,10034,151,14.740229885057472,9,21,38,24,18,22,28,0.4207483337007417,Normal
HKI0171,61714,346,1,3,2010-01-04 07:40:00,2011-05-16 15:51:00,691,0,0,0,0,0,0,4971,56052,335,11.270651715980167,7,16,31,17,30,45,27,0.420738966161611,Normal
TSR0676,40536,346,1,5,2010-01-04 07:57:00,2011-05-16 16:07:00,965,0,0,0,1424,532,532,3015,34600,194,11.522868561278862,7,16,43,40,26,19,33,0.4206467028207829,Normal
PKB0281,36583,346,1,3,2010-01-04 09:10:00,2011-05-16 18:09:00,692,0,1794,0,0,0,0,3021,32870,105,13.248940764836126,9,18,39,12,44,26,25,0.42051856113894337,Normal
NWT0098,35903,319,1,5,2010-01-04 07:07:00,2011-04-06 17:17:00,638,0,0,0,1299,702,702,2829,30435,260,11.743948973623374,7,17,35,39,26,36,33,0.4204092704121842,Normal
ENC0234,27644,259,2,3,2010-01-04 07:49:00,2011-01-12 18:55:00,771,0,3499,0,0,0,0,2268,24605,114,13.04803935754594,7,19,21,23,32,19,23,0.4201026066358454,Normal
AAE0190,54881,346,1,3,2010-01-04 08:09:00,2011-05-16 18:10:00,692,0,2652,0,0,0,0,4711,49478,230,12.761921247790674,8,18,36,30,14,50,29,0.41988414613556135,Normal
SEJ0677,18607,176,1,3,2010-01-04 07:48:00,2010-09-10 15:59:00,352,0,0,0,0,0,0,1535,16720,122,11.43607244585371,7,16,44,39,23,36,25,0.4195268048136105,Normal
HKF0831,4488,346,1,3,2010-01-04 08:15:00,2011-05-16 19:43:00,692,0,1083,0,0,0,0,336,3460,123,13.490641711229946,8,19,23,42,49,21,24,0.4191991927753278,Normal
BXJ0010,72490,346,1,3,2010-01-04 07:57:00,2011-05-16 17:51:00,692,0,755,0,0,0,0,6058,65740,168,12.489888260449717,7,18,46,24,30,35,34,0.41885679484066085,Normal
ADF0397,36600,346,1,3,2010-01-04 07:52:00,2011-05-16 19:14:00,692,0,4581,0,0,0,0,3038,32870,284,13.034890710382514,7,19,39,16,10,40,35,0.4188225904668727,Normal
ELB0847,4548,346,3,3,2010-01-04 08:28:00,2011-05-16 19:23:00,762,0,1129,0,0,0,0,336,3450,95,13.558047493403693,8,19,12,17,16,19,28,0.4188042621434097,Normal
CBG0398,36581,346,1,3,2010-01-04 07:48:00,2011-05-16 18:50:00,692,0,4357,0,0,0,0,3019,32870,279,12.950657445121784,7,19,40,21,41,10,24,0.4187983437962539,Normal
TQS0212,54843,346,7,3,2010-01-04 07:45:00,2011-05-16 15:44:00,704,0,0,0,0,0,0,4661,49478,179,11.281293875243877,7,16,14,42,45,20,27,0.41821099689941027,Normal
ASV0946,4737,346,1,3,2010-01-04 07:12:00,2011-05-16 16:25:00,956,0,0,0,0,0,0,331,3450,116,11.34768841038632,7,16,35,12,46,17,26,0.41818037374306233,Normal
ABM0845,4802,346,2,3,2010-01-04 08:21:00,2011-05-16 19:30:00,1002,0,1098,0,0,0,0,340,3460,173,13.44856309870887,8,19,45,21,35,50,29,0.4179393784852971,Normal
ARB0881,11742,346,1,3,2010-01-04 09:11:00,2011-05-16 18:23:00,692,0,936,0,0,0,0,1016,10034,167,13.22100153295861,9,18,38,46,43,10,35,0.41766341265204493,Normal
FPC0954,4492,346,1,3,2010-01-04 07:11:00,2011-05-16 16:30:00,692,0,0,0,0,0,0,340,3460,67,11.379118432769367,7,16,22,25,50,20,27,0.41765542879393464,Normal
SDB0106,37021,346,3,3,2010-01-04 09:12:00,2011-05-16 18:15:00,1120,0,2261,0,0,0,0,3031,32870,213,13.271035358310149,9,18,35,46,26,27,37,0.4173095508357143,Normal
SGB0140,4985,346,3,3,2010-01-04 08:57:00,2011-05-16 18:05:00,1189,0,292,0,0,0,0,336,3460,142,13.058375125376129,8,18,50,45,40,16,24,0.41726207443982183,Normal
MIM0712,4491,346,1,3,2010-01-04 07:42:00,2011-05-16 16:39:00,692,0,0,0,0,0,0,339,3460,53,11.769539078156313,7,17,16,15,39,23,22,0.4172049291479894,Normal
KPP0452,4493,346,1,3,2010-01-04 07:53:00,2011-05-16 18:04:00,692,0,271,0,0,0,0,341,3460,71,12.488537725350545,7,18,44,46,44,16,19,0.41711627805726537,Normal
PBP0002,43651,346,1,3,2010-01-04 07:59:00,2011-05-16 15:03:00,692,0,0,0,0,0,0,3629,39330,116,10.969072873473689,7,15,49,35,23,10,27,0.4170246426088455,Normal
SBD0913,11734,346,1,3,2010-01-04 07:10:00,2011-05-16 16:11:00,692,0,0,0,0,0,0,1008,10034,216,11.28413158343276,7,16,45,16,19,19,42,0.41697622773901627,Normal
WGR0833,4491,346,1,3,2010-01-04 08:22:00,2011-05-16 19:29:00,692,0,1075,0,0,0,0,339,3460,92,13.47339122689824,8,19,38,46,24,38,42,0.4169006879237704,Normal
FBW0747,65457,366,3,3,2010-01-04 07:54:00,2011-05-16 17:10:00,796,0,0,3401,0,0,0,5369,59292,187,11.97431901859236,7,17,43,45,35,25,28,0.4167415439339279,Normal
KMW0545,35882,346,1,5,2010-01-04 07:47:00,2011-05-16 18:03:00,967,0,570,0,257,493,493,3025,31140,218,12.5,7,18,19,16,18,23,32,0.41666747920612807,Normal
FAW0032,54909,346,1,3,2010-01-04 07:26:00,2011-05-16 15:30:00,708,0,13,0,0,0,0,4723,49478,161,11.016372543663152,7,20,43,24,17,37,37,0.41615755051244335,Normal
BSB0990,36577,346,1,3,2010-01-04 07:06:00,2011-05-16 15:15:00,692,0,0,0,0,0,0,3015,32870,195,10.697788227574705,7,15,34,44,13,43,37,0.41600994605114966,Normal
NRF0137,4476,346,1,3,2010-01-04 08:49:00,2011-05-16 18:00:00,692,0,400,0,0,0,0,334,3450,120,13.043342269883825,8,18,10,49,38,17,32,0.4159355040927019,Normal
RYB0718,4488,346,1,3,2010-01-04 07:36:00,2011-05-16 16:42:00,692,0,0,0,0,0,0,336,3460,120,11.742647058823529,7,17,19,18,42,13,21,0.4158001338142717,Normal
KRL0062,43827,346,1,3,2010-01-04 07:15:00,2011-05-16 15:27:00,692,0,0,0,0,0,0,3691,39444,285,10.824628653569718,7,15,37,16,17,20,33,0.4157777568758842,Normal
IEB0153,20428,372,2,3,2010-01-04 08:28:00,2011-05-16 18:33:00,766,0,1793,1149,0,0,0,1806,17856,225,13.000391619345995,8,18,44,25,39,24,36,0.4155297681143485,Normal
RNL0695,36859,346,1,3,2010-01-04 08:46:00,2011-05-16 19:12:00,960,0,4933,0,0,0,0,3029,32870,256,13.49008383298516,8,19,47,41,44,19,36,0.41550095818854405,Normal
GAF0570,38602,346,21,3,2010-01-04 09:00:00,2011-05-16 17:49:00,999,0,637,0,0,0,0,3003,34600,214,13.038987617221906,8,18,31,15,38,46,35,0.41545972900199424,Normal
JLW0053,54887,346,1,3,2010-01-04 07:59:00,2011-05-16 19:00:00,692,0,6669,0,0,0,0,4717,49478,115,12.992475449560006,7,19,42,41,18,38,31,0.41533633192952163,Normal
JRL0574,4473,346,1,3,2010-01-04 08:20:00,2011-05-16 18:25:00,692,0,690,0,0,0,0,331,3450,180,13.000223563603845,8,18,19,26,35,47,40,0.4152897346191162,Normal
LOF0311,61774,346,1,3,2010-01-04 07:35:00,2011-05-16 15:47:00,692,0,0,0,0,0,0,5030,56052,230,11.276426975750315,7,16,41,15,36,10,32,0.4152146840183874,Normal
EGK0893,11723,346,1,3,2010-01-04 09:04:00,2011-05-16 18:23:00,692,0,881,0,0,0,0,997,10034,110,13.290284056982001,9,18,21,30,11,47,27,0.4147470892827764,Normal
KES0729,62064,346,3,3,2010-01-04 07:59:00,2011-05-16 16:50:00,998,0,0,0,0,0,0,5014,56052,136,12.064836298014953,7,17,20,10,24,45,31,0.41457771759092593,Normal
KJS0618,61803,346,1,3,2010-01-04 07:45:00,2011-05-16 16:48:00,692,0,0,0,0,0,0,5059,56052,176,12.003543517304985,7,17,19,15,20,10,37,0.41454267487007035,Normal
SAT0194,43785,346,1,3,2010-01-04 08:11:00,2011-05-16 18:05:00,692,0,1925,0,0,0,0,3649,39444,309,12.739796734041338,8,18,14,19,36,23,35,0.4145242428989216,Normal
NKH0979,44342,346,3,3,2010-01-04 07:18:00,2011-05-16 15:27:00,1163,0,0,0,0,0,0,3735,39444,163,11.008231473546525,7,15,30,39,42,22,35,0.4144255460460655,Normal
LRW0970,4489,346,1,3,2010-01-04 07:09:00,2011-05-16 16:15:00,692,0,0,0,0,0,0,337,3460,85,11.231454666963689,7,16,10,26,39,22,28,0.41418638973213,Normal
LMF0980,44096,346,1,3,2010-01-04 07:19:00,2011-05-16 15:38:00,962,0,0,0,0,0,0,3690,39444,187,10.9617425616836,7,15,42,45,12,44,35,0.41412243230656753,Normal
DTT0076,72451,346,1,3,2010-01-04 07:45:00,2011-05-16 16:57:00,692,0,0,0,0,0,0,6019,65740,126,11.727926460642365,7,17,42,16,34,24,28,0.41393077012348956,Normal
LHL0309,61401,346,1,3,2010-01-04 07:40:00,2011-05-16 15:57:00,692,0,0,0,0,0,0,4981,55728,187,11.276607872835948,7,16,19,34,27,46,37,0.41364773660879967,Normal
SAH0599,4486,346,1,3,2010-01-04 08:28:00,2011-05-16 18:24:00,692,0,718,0,0,0,0,334,3460,174,13.023183236736514,8,18,13,22,44,18,22,0.41346349676262684,Normal
BHC0665,36674,346,3,3,2010-01-04 08:25:00,2011-05-16 16:22:00,926,0,0,0,0,0,0,2973,32775,132,12.013960844194797,8,16,14,21,12,12,32,0.41343738632811694,Normal
NHE0919,36865,346,1,3,2010-01-04 08:19:00,2011-05-16 19:24:00,958,0,6024,0,0,0,0,3037,32870,213,13.488322256883222,8,19,25,16,32,21,24,0.4133720015926759,Normal
AIS0405,36557,346,1,3,2010-01-04 07:47:00,2011-05-16 18:58:00,692,0,4597,0,0,0,0,2995,32870,338,12.982383674809203,7,19,40,45,14,37,35,0.41325062965241655,Normal
KJG0910,11717,346,1,3,2010-01-04 09:01:00,2011-05-16 18:26:00,692,0,791,0,0,0,0,991,10034,255,13.32721686438508,9,18,37,10,31,18,29,0.4132234119221515,Normal
TRK0914,36563,346,1,3,2010-01-04 08:24:00,2011-05-16 19:26:00,691,0,6310,0,0,0,0,3002,32870,83,13.521921067746081,8,19,40,19,14,33,30,0.4128649089324545,Normal
CCR0863,61840,346,1,3,2010-01-04 07:40:00,2011-05-16 17:44:00,692,0,8,0,0,0,0,5096,56052,356,12.209298188874515,7,18,20,30,37,14,29,0.41258785660723235,Normal
EGD0409,14927,140,1,3,2010-01-04 07:47:00,2010-07-21 18:01:00,388,0,218,0,0,0,0,1239,13300,115,12.539827158839687,7,18,39,40,22,35,33,0.4125668880910873,Normal
AMJ0297,4482,346,1,3,2010-01-04 08:47:00,2011-05-16 17:59:00,692,0,269,0,0,0,0,330,3460,142,13.039714413208388,8,18,16,43,50,18,28,0.4125521127432053,Normal
BTN0061,37033,346,17,3,2010-01-04 07:56:00,2011-05-16 19:00:00,1132,0,4701,0,0,0,0,3031,32870,150,13.083250074258094,7,19,42,21,22,20,22,0.41254846375400844,Normal
MCS0035,54820,346,1,3,2010-01-04 07:42:00,2011-05-16 15:40:00,692,0,0,0,0,0,0,4650,49478,291,11.211692812842028,7,16,42,17,38,15,33,0.4125325650990777,Normal
BCR0581,4899,346,3,3,2010-01-04 08:20:00,2011-05-16 18:30:00,1110,0,750,0,0,0,0,329,3460,133,13.099816289038579,8,18,20,11,34,36,30,0.4125127810259099,Normal
ETR0428,38468,346,3,3,2010-01-04 07:52:00,2011-05-16 16:52:00,834,0,0,0,0,0,0,3034,34600,363,12.021082458147031,7,17,36,21,40,20,20,0.4124305364857734,Normal
CJC0494,61775,346,1,3,2010-01-04 08:04:00,2011-05-16 17:13:00,692,0,0,0,0,0,0,5031,56052,163,12.218243626062323,8,17,40,39,39,42,42,0.412360136539107,Normal
CCH0685,36926,346,2,3,2010-01-04 08:54:00,2011-05-16 18:56:00,1007,0,5239,0,0,0,0,3049,32870,246,13.556112224448897,8,19,47,24,42,34,29,0.41225799268108054,Normal
TDJ0998,36851,346,1,3,2010-01-04 08:04:00,2011-05-16 19:28:00,968,0,5711,0,0,0,0,3013,32870,138,13.338552549455917,8,19,34,40,10,42,36,0.4122491653520276,Normal
NGO0690,36760,346,1,3,2010-01-04 08:53:00,2011-05-16 18:57:00,968,0,4844,0,0,0,0,3017,32775,284,13.480467899891186,8,19,43,41,41,17,24,0.411662690573758,Normal
EWH0191,55086,346,1,3,2010-01-04 07:20:00,2011-05-16 15:27:00,959,0,0,0,0,0,0,4649,49478,270,10.992212177322731,7,15,33,17,22,23,27,0.41148734774695367,Normal
MLD0755,62073,346,1,3,2010-01-04 07:51:00,2011-05-16 17:09:00,956,0,0,0,0,0,0,5065,56052,281,12.058189551012518,7,17,24,18,19,43,37,0.4114500326135372,Normal
CJM0138,4478,346,1,3,2010-01-04 08:55:00,2011-05-16 17:58:00,692,0,254,0,0,0,0,326,3460,79,12.979231799910675,8,18,10,40,21,17,23,0.41134903725190236,Normal
RMS0266,36469,346,1,3,2010-01-04 07:27:00,2011-05-16 15:33:00,692,0,0,0,0,0,0,3002,32775,332,11.056404069209465,7,15,33,40,25,23,37,0.41132316379178185,Normal
FDE0117,54894,346,1,3,2010-01-04 08:00:00,2011-05-16 19:19:00,692,0,7744,0,0,0,0,4724,49478,196,13.229478631544431,8,19,38,37,32,41,28,0.4111872918287588,Normal
JKM0303,4472,346,1,3,2010-01-04 08:58:00,2011-05-16 17:48:00,692,0,229,0,0,0,0,330,3450,128,12.991726296958856,8,18,46,10,44,15,35,0.41112820905438935,Normal
AHC0142,41249,386,3,3,2010-01-02 07:13:00,2011-05-16 17:25:00,1197,0,0,3521,0,0,0,3382,36670,215,11.792891948895731,7,17,34,23,40,15,26,0.4110921341644776,Normal
GDF0704,4810,346,3,3,2010-01-04 07:45:00,2011-05-16 16:39:00,1012,0,0,0,0,0,0,338,3460,76,11.797920997920999,7,17,25,13,21,29,36,0.41090032005888966,Normal
HDL0748,61598,346,1,3,2010-01-04 07:58:00,2011-05-16 17:02:00,692,0,0,0,0,0,0,5016,55890,260,11.97306730738011,7,17,25,13,46,41,25,0.4108487895054448,Normal
IYB0918,36586,346,1,3,2010-01-04 08:24:00,2011-05-16 19:25:00,692,0,6077,0,0,0,0,3024,32870,158,13.51653638003608,8,19,17,21,42,14,30,0.41076539582081567,Normal
SBQ0786,54686,346,1,3,2010-01-04 08:05:00,2011-05-16 17:27:00,692,0,0,0,0,0,0,4659,49335,318,12.296163551914567,8,17,41,17,19,44,34,0.4107226749942213,Normal
SXM0895,11729,346,1,3,2010-01-04 09:13:00,2011-05-16 18:14:00,692,0,867,0,0,0,0,1003,10034,132,13.267541989939467,9,18,14,18,15,33,25,0.41068877834672696,Normal
MAD0753,61793,346,1,3,2010-01-04 08:00:00,2011-05-16 16:57:00,692,0,0,0,0,0,0,5049,56052,327,12.026297477060508,7,17,50,30,36,41,33,0.41062115796969434,Normal
DLS0383,35076,346,1,3,2010-01-04 08:00:00,2011-05-16 16:03:00,949,0,0,0,0,0,0,2987,31140,218,11.535779450336412,7,16,10,21,12,25,24,0.4102737197611317,Normal
BWH0813,36597,346,1,3,2010-01-04 08:15:00,2011-05-16 20:30:00,692,0,8529,0,0,0,0,3035,32870,178,13.961390277891631,8,20,36,36,33,20,30,0.4101146482089335,Normal
SAC0687,36596,346,1,3,2010-01-04 08:55:00,2011-05-16 19:09:00,692,0,4805,0,0,0,0,3034,32870,224,13.479260028418407,8,19,20,49,37,19,22,0.4098423383802372,Normal
FLM0213,54694,346,1,3,2010-01-04 07:45:00,2011-05-16 15:49:00,691,0,0,0,0,0,0,4668,49335,138,11.254068087907266,7,16,20,41,46,15,24,0.4097478578887268,Normal
XLB0710,4490,346,1,3,2010-01-04 07:37:00,2011-05-16 16:41:00,692,0,0,0,0,0,0,338,3460,52,11.674387527839643,7,17,46,38,39,36,20,0.40964916908571913,Normal
KPR0497,62280,346,2,3,2010-01-04 08:01:00,2011-05-16 17:15:00,1200,0,0,0,0,0,0,5028,56052,229,12.288728323699422,8,17,50,43,43,20,29,0.40960901317819176,Normal
OKC0107,36379,346,1,3,2010-01-04 09:03:00,2011-05-16 18:14:00,692,0,2136,0,0,0,0,3007,32680,206,13.255559526100223,9,18,32,40,16,47,35,0.4092571539559608,Normal
LEM0605,61702,346,1,3,2010-01-04 07:56:00,2011-05-16 17:02:00,692,0,0,0,0,0,0,4958,56052,294,11.999076204985252,7,17,46,50,40,39,26,0.4092351823524651,Normal
JML0909,12011,346,1,3,2010-01-04 09:05:00,2011-05-16 18:12:00,967,0,895,0,0,0,0,1010,10034,171,13.253517608858546,9,18,24,32,39,40,21,0.40914046128220244,Normal
UJC0737,61731,346,1,3,2010-01-04 07:48:00,2011-05-16 16:46:00,692,0,0,0,0,0,0,4987,56052,196,11.964069916249533,7,17,16,12,12,38,25,0.40905170463998836,Normal
HKR0628,62207,346,3,3,2010-01-04 07:47:00,2011-05-16 16:53:00,1157,0,0,0,0,0,0,4998,56052,198,12.014130242577203,7,17,21,16,17,16,25,0.40899660588676134,Normal
BNR0965,4755,346,1,3,2010-01-04 07:05:00,2011-05-16 16:24:00,962,0,0,0,0,0,0,333,3460,185,11.269400630914827,7,16,47,19,15,20,22,0.40897156549866576,Normal
ADD0846,4485,346,1,3,2010-01-04 08:19:00,2011-05-16 19:32:00,692,0,1098,0,0,0,0,333,3460,114,13.54113712374582,8,19,18,19,25,12,35,0.40896020519259624,Normal
VMJ0147,54881,346,1,3,2010-01-04 08:28:00,2011-05-16 18:28:00,692,0,4121,0,0,0,0,4711,49478,191,13.001002168327837,8,18,23,28,37,22,24,0.40895922196703666,Normal
TSM0927,36658,346,1,3,2010-01-04 08:30:00,2011-05-16 19:28:00,692,0,6144,0,0,0,0,3096,32870,224,13.516558459272192,8,19,33,21,10,37,26,0.40891612639467634,Normal
PIS0522,12151,346,3,3,2010-01-04 08:57:00,2011-05-16 16:54:00,1123,0,0,0,0,0,0,994,10034,140,12.54843222780018,8,17,44,26,48,40,35,0.4088980314778435,Normal
CSP0197,44328,346,2,3,2010-01-04 08:12:00,2011-05-16 18:15:00,1208,0,2392,0,0,0,0,3676,39444,230,12.79177946219094,8,18,37,44,17,13,26,0.40889263320965896,Normal
MSZ0310,61755,346,1,3,2010-01-04 07:43:00,2011-05-16 15:50:00,692,0,0,0,0,0,0,5011,56052,357,11.229746579224354,7,16,24,38,18,31,29,0.4088761846882806,Normal
NNA0610,61627,346,1,3,2010-01-04 07:51:00,2011-05-16 16:57:00,692,0,0,0,0,0,0,5045,55890,337,11.957826926509485,7,17,21,35,18,43,26,0.4088174117488395,Normal
GJT0386,36560,346,1,3,2010-01-04 07:47:00,2011-05-16 15:50:00,692,0,0,0,0,0,0,2998,32870,238,11.44425601750547,7,16,24,13,49,34,26,0.4088097197516899,Normal
JRF0835,4491,346,1,3,2010-01-04 08:26:00,2011-05-16 19:39:00,692,0,1075,0,0,0,0,339,3460,187,13.53440213760855,8,19,44,33,18,37,18,0.4087995676384259,Normal
AMH0464,4489,346,1,3,2010-01-04 07:55:00,2011-05-16 17:55:00,692,0,211,0,0,0,0,337,3460,90,12.603475161505903,7,18,45,16,42,37,21,0.40874891668742064,Normal
TDG0962,5006,346,2,3,2010-01-04 07:01:00,2011-05-16 16:11:00,1220,0,0,0,0,0,0,336,3450,164,11.284458649620456,7,16,42,40,36,26,21,0.40868906051080234,Normal
NIH0969,4764,346,2,3,2010-01-04 07:03:00,2011-05-16 16:15:00,974,0,0,0,0,0,0,330,3460,143,11.318219983207388,7,16,43,25,43,22,22,0.40868695585506165,Normal
CQH0730,61812,346,1,3,2010-01-04 07:52:00,2011-05-16 16:49:00,692,0,0,0,0,0,0,5068,56052,106,11.996990875558144,7,17,21,18,37,49,27,0.40850508819112824,Normal
SIJ0661,54708,346,1,3,2010-01-04 07:58:00,2011-05-16 15:51:00,692,0,0,0,0,0,0,4681,49335,240,11.51032755721284,7,16,40,17,14,15,21,0.4084301099573563,Normal
JMH0543,24295,228,1,3,2010-01-04 07:50:00,2010-11-23 18:04:00,632,0,336,0,0,0,0,2003,21660,80,12.518172463469849,7,18,44,25,37,13,34,0.40836875440663484,Normal
AJC0840,4516,346,1,3,2010-01-04 08:23:00,2011-05-16 19:25:00,692,0,1105,0,0,0,0,364,3460,100,13.533879539415413,8,19,14,24,19,33,37,0.4081544638515753,Normal
NNS0059,36595,346,1,3,2010-01-04 07:59:00,2011-05-16 18:53:00,692,0,4408,0,0,0,0,3033,32870,220,12.985517147151251,7,19,42,23,48,23,25,0.40810412224777837,Normal
ADC0391,36895,346,1,3,2010-01-04 07:50:00,2011-05-16 19:12:00,968,0,4566,0,0,0,0,3057,32870,192,12.997126981975878,7,19,50,43,40,33,38,0.4080301338741435,Normal
JZD0888,11722,346,1,3,2010-01-04 09:07:00,2011-05-16 18:15:00,692,0,837,0,0,0,0,996,10034,93,13.269152021839277,9,18,20,20,30,14,30,0.4078859399881084,Normal
AGB0186,11729,346,1,3,2010-01-04 07:05:00,2011-05-16 18:11:00,692,0,779,0,0,0,0,1003,10034,123,12.334640634325178,7,18,18,10,41,15,35,0.4077534838339461,Normal
CHG0146,54818,346,1,3,2010-01-04 08:18:00,2011-05-16 16:24:00,692,0,0,0,0,0,0,4648,49478,327,11.995603633842899,8,16,40,20,39,19,35,0.40735899740089826,Normal
NLO0131,4487,346,1,3,2010-01-04 08:58:00,2011-05-16 18:05:00,692,0,239,0,0,0,0,335,3460,173,13.017606418542456,8,18,19,13,46,40,29,0.4073455780407844,Normal
AMR0400,36549,346,1,3,2010-01-04 07:49:00,2011-05-16 19:00:00,692,0,4414,0,0,0,0,2987,32870,212,12.963966182385292,7,19,19,16,47,28,28,0.40723600808385124,Normal
SBN0495,61851,346,1,3,2010-01-04 08:02:00,2011-05-16 17:11:00,692,0,0,0,0,0,0,5107,56052,316,12.247029150700877,8,17,39,22,43,24,21,0.4071619648963701,Normal
WLV0566,36569,346,1,3,2010-01-04 08:54:00,2011-05-16 17:56:00,692,0,523,0,0,0,0,3007,32870,177,13.023517186688178,8,18,10,19,38,24,39,0.4069129364364911,Normal
MHA0798,36592,346,1,3,2010-01-04 08:05:00,2011-05-16 17:12:00,692,0,0,0,0,0,0,3030,32870,217,12.262352426759948,8,17,11,27,17,22,40,0.4067920863361139,Normal
MAW0166,54835,346,1,3,2010-01-04 07:30:00,2011-05-16 15:42:00,692,0,0,0,0,0,0,4665,49478,96,11.239846813166773,7,16,44,16,21,17,34,0.4066708045185525,Normal
HGN0287,35113,346,1,3,2010-01-04 09:04:00,2011-05-16 18:10:00,692,0,1832,0,0,0,0,3371,31050,137,13.266055307151198,9,18,45,30,18,18,27,0.40651952400745944,Normal
JCR0921,36602,346,1,3,2010-01-04 08:20:00,2011-05-16 19:28:00,692,0,6118,0,0,0,0,3040,32870,238,13.52885088246544,8,19,47,46,31,40,34,0.40639590705363227,Normal
UFK0208,55327,346,2,3,2010-01-04 07:35:00,2011-05-16 15:39:00,1140,0,0,0,0,0,0,4709,49478,256,11.265783433043541,7,16,18,34,22,23,30,0.4061783610753286,Normal
OYM0026,36618,346,3,3,2010-01-04 09:00:00,2011-05-16 18:10:00,754,0,2030,0,0,0,0,2994,32870,249,13.207739363154733,9,18,23,26,18,36,28,0.4061561933306779,Normal
BJW0619,61717,346,1,3,2010-01-04 07:49:00,2011-05-16 17:00:00,692,0,0,0,0,0,0,4973,56052,142,12.043683263930522,7,17,30,43,47,21,39,0.40600969411804877,Normal
LHB0967,4482,346,1,3,2010-01-04 07:09:00,2011-05-16 16:28:00,692,0,0,0,0,0,0,330,3460,72,11.317492190986167,7,16,37,38,41,47,33,0.4059892187528836,Normal
MCT0720,4489,346,1,3,2010-01-04 07:38:00,2011-05-16 16:52:00,692,0,0,0,0,0,0,337,3460,57,11.676542659835153,7,17,34,12,20,22,37,0.40591933556984544,Normal
SDO0170,61697,346,1,3,2010-01-04 07:34:00,2011-05-16 15:51:00,953,0,0,0,0,0,0,5016,55728,234,11.281585814545277,7,16,35,47,22,45,26,0.405885137939545,Normal
MFV0897,11693,346,1,3,2010-01-04 09:01:00,2011-05-16 18:19:00,692,0,821,0,0,0,0,996,10005,157,13.258616266142136,9,18,18,13,23,25,33,0.4057990746197304,Normal
IMG0320,61614,346,1,3,2010-01-04 07:32:00,2011-05-16 15:58:00,692,0,0,0,0,0,0,5032,55890,243,11.277209725062486,7,16,37,14,12,24,23,0.4056972190950305,Normal
CBG0490,61773,346,1,3,2010-01-04 08:12:00,2011-05-16 17:08:00,692,0,0,0,0,0,0,5029,56052,164,12.268337299467404,8,17,50,31,35,10,29,0.4056529488685963,Normal
TSG0906,11967,346,1,3,2010-01-04 09:05:00,2011-05-16 18:10:00,954,0,869,0,0,0,0,1008,10005,68,13.317707027659397,9,18,41,21,40,28,28,0.40552031429444024,Normal
RVF0201,45076,346,2,5,2010-01-04 07:09:00,2011-05-16 17:16:00,1001,0,0,0,687,252,252,3692,39444,155,11.7127961664744,7,17,36,32,38,29,28,0.4054202369620659,Normal
MIB0904,12020,346,1,3,2010-01-04 09:01:00,2011-05-16 18:14:00,972,0,844,0,0,0,0,1014,10034,197,13.31405990016639,9,18,22,21,34,38,25,0.40538889352342344,Normal
SVS0871,62298,346,3,3,2010-01-04 07:45:00,2011-05-16 17:57:00,1208,0,10,0,0,0,0,5038,56052,214,12.31513050178176,7,18,23,15,34,28,33,0.4053187394196453,Normal
RCC0617,61797,346,1,3,2010-01-04 07:46:00,2011-05-16 17:00:00,692,0,0,0,0,0,0,5053,56052,225,12.017962036992087,7,17,33,50,13,12,27,0.40509915329480006,Normal
AMV0036,54881,346,1,3,2010-01-04 07:32:00,2011-05-16 15:45:00,692,0,0,0,0,0,0,4711,49478,302,11.270002368761503,7,16,43,36,42,37,26,0.40507946236644127,Normal
WBC0315,61439,346,1,3,2010-01-04 07:32:00,2011-05-16 15:42:00,692,0,0,0,0,0,0,5019,55728,158,11.225182701541366,7,16,40,37,40,45,24,0.40504464503323323,Normal
BYP0070,25146,238,1,3,2010-01-04 07:48:00,2010-12-09 18:08:00,476,0,345,0,0,0,0,2060,22610,192,12.472520480394497,7,18,30,19,41,21,33,0.40504271254933893,Normal
DJS0682,36565,346,1,3,2010-01-04 08:47:00,2011-05-16 18:55:00,692,0,4941,0,0,0,0,3003,32870,244,13.500478599753864,8,19,22,23,36,13,30,0.4050157381746993,Normal
KJA0152,43823,346,1,3,2010-01-04 08:22:00,2011-05-16 18:30:00,692,0,3370,0,0,0,0,3687,39444,232,12.99701070214271,8,18,16,16,39,38,34,0.4047832300768043,Normal
KDS0349,54915,346,1,3,2010-01-04 08:00:00,2011-05-16 15:53:00,692,0,0,0,0,0,0,4745,49478,303,11.516343439861604,7,16,18,23,20,32,29,0.4047576757276204,Normal
NAR0981,36584,346,1,3,2010-01-04 07:30:00,2011-05-16 17:41:00,692,0,12,0,0,0,0,3022,32870,308,12.208861797507106,7,18,39,39,16,50,36,0.40472035670845835,Normal
JJB0700,4539,346,2,3,2010-01-04 07:34:00,2011-05-16 16:58:00,742,0,0,0,0,0,0,337,3460,81,11.648380700594844,7,17,15,19,39,37,28,0.404573931218435,Normal
MKG0711,4489,346,1,3,2010-01-04 07:40:00,2011-05-16 16:41:00,692,0,0,0,0,0,0,337,3460,161,11.688126531521497,7,17,17,26,43,32,38,0.4044498580042221,Normal
OMM0944,4488,346,1,3,2010-01-04 07:13:00,2011-05-16 16:25:00,692,0,0,0,0,0,0,336,3460,180,11.211229946524064,7,16,17,14,27,21,29,0.4042428976665796,Normal
DBW0483,61811,346,1,3,2010-01-04 08:08:00,2011-05-16 17:24:00,691,0,0,0,0,0,0,5068,56052,133,12.26297908139328,8,17,17,16,25,21,37,0.4041351778311549,Normal
KBB0189,43855,346,1,3,2010-01-04 06:49:00,2011-05-16 16:04:00,692,0,0,0,0,0,0,3719,39444,161,11.021913122791016,6,16,49,23,16,33,30,0.40401776380708226,Normal
AAN0823,4481,346,1,3,2010-01-04 08:19:00,2011-05-16 19:21:00,692,0,1114,0,0,0,0,339,3450,115,13.487391207319794,8,19,24,16,45,24,28,0.4038392179272459,Normal
YJF0532,12178,346,3,3,2010-01-04 08:51:00,2011-05-16 16:54:00,1150,0,0,0,0,0,0,994,10034,66,12.528740351453441,8,17,40,35,23,47,26,0.4035411002818705,Normal
NRO0768,11245,322,1,3,2010-01-04 08:19:00,2011-04-11 16:25:00,644,0,0,0,0,0,0,941,9660,129,12.01396176078257,8,16,18,18,41,25,36,0.4034900700125394,Normal
KKC0683,36616,346,1,3,2010-01-04 08:53:00,2011-05-16 18:56:00,692,0,4840,0,0,0,0,3054,32870,121,13.505270919816473,8,19,32,37,37,48,35,0.4034142904438173,Normal
BER0314,61707,346,1,3,2010-01-04 07:40:00,2011-05-16 15:46:00,692,0,0,0,0,0,0,4963,56052,274,11.27322670037435,7,16,23,20,18,19,32,0.4033802470843038,Normal
NCE0097,38324,346,1,3,2010-01-04 07:14:00,2011-05-16 17:12:00,692,0,0,0,0,0,0,3032,34600,308,11.807979334098738,7,17,48,36,20,11,35,0.4031184470032576,Normal
KJM0887,11731,346,1,3,2010-01-04 09:09:00,2011-05-16 18:24:00,692,0,936,0,0,0,0,1005,10034,138,13.239110050294093,9,18,31,47,14,16,32,0.403097012471236,Normal
HCV0478,62045,346,1,3,2010-01-04 08:00:00,2011-05-16 17:13:00,957,0,0,0,0,0,0,5036,56052,221,12.278781529535015,8,17,46,36,18,12,24,0.4030942484255989,Normal
UCH0519,9461,279,1,3,2010-01-04 08:59:00,2011-02-09 16:57:00,558,0,0,0,0,0,0,812,8091,69,12.513476376704364,8,17,33,40,20,47,28,0.40297599336897894,Normal
NMC0486,61464,346,1,3,2010-01-04 08:08:00,2011-05-16 17:29:00,692,0,0,0,0,0,0,5044,55728,109,12.228084732526357,8,17,42,10,23,21,27,0.40297238689664244,Normal
KAL0395,36488,346,1,3,2010-01-04 07:53:00,2011-05-16 18:56:00,692,0,4590,0,0,0,0,3021,32775,138,13.020061390046042,7,19,13,24,22,28,29,0.40294853487608623,Normal
RDT0424,38164,346,3,5,2010-01-04 07:47:00,2011-05-16 17:59:00,1108,0,560,0,710,464,464,3012,32870,172,12.556833665234253,7,18,38,44,19,34,28,0.4027912773383169,Normal
PDW0259,36907,346,40,3,2010-01-04 07:33:00,2011-05-16 16:38:00,1039,0,0,0,0,0,0,2998,32870,274,11.788766358685344,7,17,43,32,38,36,33,0.4027203735929012,Normal
EFS0882,11735,346,1,3,2010-01-04 09:04:00,2011-05-16 18:15:00,692,0,912,0,0,0,0,1009,10034,121,13.273625905411164,9,18,40,40,47,25,27,0.4026900484152525,Normal
KBL0260,36576,346,1,3,2010-01-04 07:32:00,2011-05-16 16:52:00,692,0,0,0,0,0,0,3014,32870,230,11.756589020122485,7,17,16,15,48,16,32,0.40263170657305075,Normal
ASS0206,54687,346,1,3,2010-01-04 07:41:00,2011-05-16 15:57:00,692,0,0,0,0,0,0,4660,49335,210,11.273044782123723,7,16,12,18,20,28,30,0.4025334791724168,Normal
CMM0487,61587,346,1,3,2010-01-04 08:05:00,2011-05-16 17:08:00,692,0,0,0,0,0,0,5005,55890,330,12.269992043775472,8,17,39,22,42,40,30,0.4024943077601074,Normal
RVC0232,36630,346,1,3,2010-01-04 07:59:00,2011-05-16 19:14:00,692,0,4605,0,0,0,0,3068,32870,196,12.986486486486486,7,19,34,20,47,38,25,0.4024617287041838,Normal
SER0165,43721,346,1,3,2010-01-04 07:28:00,2011-05-16 18:23:00,692,0,3104,0,0,0,0,3699,39330,115,12.466389149379017,7,18,20,15,24,17,27,0.40240556368253627,Normal
OMS0101,36584,346,1,3,2010-01-04 07:11:00,2011-05-16 17:29:00,692,0,0,0,0,0,0,3022,32870,336,11.762382462278591,7,17,20,12,21,22,29,0.40233399663181957,Normal
BTL0722,4486,346,1,3,2010-01-04 07:44:00,2011-05-16 16:45:00,692,0,0,0,0,0,0,334,3460,197,11.641105662059742,7,17,39,41,36,17,49,0.4022657299922389,Normal
ASD0577,4471,346,1,3,2010-01-04 08:20:00,2011-05-16 18:29:00,692,0,708,0,0,0,0,329,3450,235,13.029747260120779,8,18,40,48,36,14,37,0.4022401357924441,Normal
HAC0282,36551,346,1,3,2010-01-04 09:11:00,2011-05-16 18:12:00,692,0,1935,0,0,0,0,2989,32870,137,13.255834313698667,9,18,37,32,38,12,28,0.4021166233092436,Normal
COM0321,61760,346,1,3,2010-01-04 07:42:00,2011-05-16 15:36:00,692,0,0,0,0,0,0,5016,56052,291,11.29243847150259,7,16,38,18,34,18,27,0.40199800284811893,Normal
DDA0476,61789,346,1,3,2010-01-04 08:14:00,2011-05-16 17:28:00,692,0,0,0,0,0,0,5045,56052,194,12.247147550534885,8,17,36,25,39,13,39,0.4019922769284566,Normal
AES0827,4478,346,1,3,2010-01-04 08:16:00,2011-05-16 19:32:00,692,0,1075,0,0,0,0,336,3450,257,13.57637338097365,8,19,39,40,34,38,23,0.4019732861510884,Normal
EIM0156,36576,346,1,3,2010-01-04 06:56:00,2011-05-16 16:56:00,692,0,0,0,0,0,0,3014,32870,100,11.541147200349956,6,17,19,31,43,45,33,0.4018955309006641,Normal
HIW0536,54740,346,1,3,2010-01-04 07:46:00,2011-05-16 18:00:00,692,0,773,0,0,0,0,4713,49335,164,12.494830105955426,7,18,39,50,25,24,20,0.40169143080967745,Normal
WNB0908,11987,346,1,3,2010-01-04 09:05:00,2011-05-16 18:12:00,954,0,907,0,0,0,0,999,10034,215,13.275548510886795,9,18,38,38,38,22,23,0.4016580704211021,Normal
KTG0091,36554,346,1,3,2010-01-04 07:17:00,2011-05-16 15:39:00,692,0,0,0,0,0,0,2992,32870,253,11.003611095912897,7,15,46,41,16,15,29,0.4015973535511629,Normal
NAB0903,11789,346,1,3,2010-01-04 09:08:00,2011-05-16 18:12:00,692,0,873,0,0,0,0,1063,10034,229,13.22588854016456,9,18,44,30,19,30,37,0.4015265074531785,Normal
MMB0488,55279,310,1,3,2010-01-04 08:10:00,2011-03-24 17:15:00,620,0,0,0,0,0,0,4439,50220,114,12.262812279527488,8,17,21,18,16,24,27,0.40151842070308025,Normal
LJJ0905,11763,346,2,3,2010-01-04 09:11:00,2011-05-16 18:27:00,732,0,928,0,0,0,0,1026,10005,122,13.261327892544418,9,18,43,36,12,22,30,0.4009385555880698,Normal
NCO0666,36870,346,2,3,2010-01-04 07:56:00,2011-05-16 16:04:00,972,0,0,0,0,0,0,3028,32870,198,11.560292921074044,7,16,40,45,10,12,31,0.4009050402734079,Normal
MCJ0324,61726,346,1,3,2010-01-04 07:43:00,2011-05-16 15:35:00,692,0,0,0,0,0,0,4982,56052,157,11.250899134886433,7,16,28,20,40,20,36,0.40086687383925623,Normal
ANT0430,36895,346,3,3,2010-01-04 07:58:00,2011-05-16 16:50:00,1022,0,0,0,0,0,0,3003,32870,123,12.036102452906897,7,17,12,19,23,48,31,0.4008566086759045,Normal
GBM0603,57481,322,1,3,2010-01-04 07:55:00,2011-04-11 16:57:00,644,0,0,0,0,0,0,4673,52164,270,12.002505175623249,7,17,39,42,42,24,37,0.40073702018568325,Normal
SSH0799,37080,346,3,3,2010-01-04 08:05:00,2011-05-16 17:03:00,1209,0,0,0,0,0,0,3001,32870,166,12.265830636461704,8,17,23,18,31,31,40,0.40065054297477926,Normal
ABH0663,11732,346,1,3,2010-01-04 07:32:00,2011-05-16 16:46:00,692,0,0,0,0,0,0,1006,10034,202,11.793470848960109,7,17,47,49,41,11,34,0.4006182950715626,Normal
WVB0539,54799,346,1,3,2010-01-04 07:50:00,2011-05-16 16:52:00,692,0,0,0,0,0,0,4629,49478,285,12.003430719538677,7,17,43,16,18,42,31,0.4005317659643458,Normal
GMF0738,61780,346,1,3,2010-01-04 07:49:00,2011-05-16 17:11:00,692,0,0,0,0,0,0,5036,56052,182,12.018436387180317,7,17,30,40,45,20,18,0.4004725761072226,Normal
KNB0022,43782,346,1,3,2010-01-04 07:26:00,2011-05-16 15:30:00,692,0,0,0,0,0,0,3646,39444,184,11.028984514183911,7,15,22,38,45,16,30,0.40042509935402737,Normal
AKK0329,11737,346,1,3,2010-01-04 07:08:00,2011-05-16 18:05:00,692,0,827,0,0,0,0,1011,10034,311,12.344295816648206,7,18,45,22,25,39,22,0.4001442587920426,Normal
MJB0588,4524,346,1,3,2010-01-04 08:15:00,2011-05-16 18:36:00,692,0,695,0,0,0,0,372,3460,124,13.007515473032715,8,18,39,24,15,47,38,0.3999948660436947,Normal
ORB0473,4485,346,1,3,2010-01-04 07:53:00,2011-05-16 17:59:00,692,0,285,0,0,0,0,333,3460,123,12.46778149386845,7,18,38,44,46,38,38,0.3999610729723824,Normal
ZDW0859,58949,346,18,3,2010-01-04 07:45:00,2011-05-16 17:44:00,991,0,9,0,0,0,0,5020,52938,158,12.296968566048617,7,18,39,45,26,41,32,0.3998850738047964,Normal
MBG0438,24804,235,1,3,2010-01-04 07:46:00,2010-12-06 17:07:00,470,0,0,0,0,0,0,2009,22325,171,11.976656990807934,7,17,38,17,37,16,29,0.3998523502677029,Normal
HCC0344,11726,346,1,3,2010-01-04 07:05:00,2011-05-16 18:00:00,692,0,717,0,0,0,0,1000,10034,153,12.258314855875831,7,18,25,11,41,26,22,0.3997902068142751,Normal
TJG0582,4478,346,1,3,2010-01-04 08:19:00,2011-05-16 18:30:00,692,0,698,0,0,0,0,336,3450,90,12.964046449307727,8,18,42,50,18,15,29,0.39974151532294494,Normal
HCL0113,36601,346,1,3,2010-01-04 09:08:00,2011-05-16 18:14:00,692,0,2084,0,0,0,0,3039,32870,197,13.298161252424798,9,18,43,22,40,39,34,0.39973107053037216,Normal
FBA0348,54878,346,1,3,2010-01-04 08:15:00,2011-05-16 16:15:00,696,0,6,0,0,0,0,4704,49478,196,11.73894821239841,8,20,41,44,40,36,27,0.3996762960253338,Normal
SCF0608,62121,346,1,3,2010-01-04 07:50:00,2011-05-16 16:57:00,692,0,0,0,0,0,0,5377,56052,228,12.001722444905909,7,17,35,18,42,42,36,0.3996598588713887,Normal
ASL0378,36828,346,1,3,2010-01-04 07:45:00,2011-05-16 16:00:00,966,0,0,0,0,0,0,2992,32870,115,11.511648745519713,7,16,15,15,41,21,27,0.39961103941268117,Normal
RGH0728,50198,281,1,3,2010-01-04 07:47:00,2011-02-11 17:14:00,562,0,0,0,0,0,0,4114,45522,203,11.994461930754213,7,17,19,20,37,18,29,0.3991860495914298,Normal
IUY0279,35157,346,3,3,2010-01-04 09:14:00,2011-05-16 18:13:00,987,0,1985,0,0,0,0,3030,31140,195,13.249196461586598,9,18,38,38,17,21,29,0.3991360531449978,Normal
GQP0743,61722,346,1,3,2010-01-04 07:48:00,2011-05-16 16:56:00,692,0,0,0,0,0,0,4978,56052,321,12.027785878617024,7,17,47,39,19,39,25,0.39909241637368353,Normal
FHS0837,4479,346,1,3,2010-01-04 08:30:00,2011-05-16 19:28:00,692,0,1096,0,0,0,0,337,3450,176,13.518196025898638,8,19,23,37,14,42,34,0.3990344841813963,Normal
IMP0530,11734,346,1,3,2010-01-04 08:55:00,2011-05-16 17:12:00,692,0,0,0,0,0,0,1008,10034,135,12.446991648201807,8,17,40,17,42,50,32,0.3990029797739811,Normal
OHC0973,4486,346,1,3,2010-01-04 07:08:00,2011-05-16 16:15:00,692,0,0,0,0,0,0,334,3460,211,11.332144449398127,7,16,42,24,42,17,35,0.39888774314567305,Normal
LNS0989,37040,346,2,3,2010-01-04 07:35:00,2011-05-16 18:43:00,1133,0,3747,0,0,0,0,3037,32870,227,12.773299136069115,7,19,34,38,45,30,31,0.3988877242990472,Normal
JGM0934,36857,346,1,3,2010-01-04 07:12:00,2011-05-16 16:26:00,970,0,0,0,0,0,0,3017,32870,325,11.280896437583092,7,16,30,22,41,22,31,0.39887595081425614,Normal
RAS0432,36803,346,1,3,2010-01-04 07:59:00,2011-05-16 17:00:00,949,0,0,0,0,0,0,2984,32870,192,12.035567752628861,7,17,44,47,40,41,16,0.3988718639686376,Normal
SVL0940,36553,346,1,3,2010-01-04 07:04:00,2011-05-16 16:14:00,692,0,0,0,0,0,0,2991,32870,247,11.277022405821684,7,16,15,42,26,15,34,0.3988078173175678,Normal
UCS0227,36610,346,1,3,2010-01-04 07:46:00,2011-05-16 18:57:00,692,0,4646,0,0,0,0,3048,32870,265,13.014695438404807,7,19,22,32,41,35,34,0.39878817283600637,Normal
JIM0095,43813,346,1,3,2010-01-04 07:07:00,2011-05-16 17:26:00,692,0,0,0,0,0,0,3677,39444,197,11.753269577522653,7,17,10,18,21,15,35,0.3986980895135696,Normal
CNM0800,36556,346,1,3,2010-01-04 08:03:00,2011-05-16 17:08:00,692,0,0,0,0,0,0,2994,32870,91,12.26649524017945,8,17,32,11,40,38,24,0.39867065019925435,Normal
CCC0393,36618,346,1,3,2010-01-04 07:48:00,2011-05-16 18:52:00,692,0,4674,0,0,0,0,3056,32870,276,13.027308973728767,7,19,35,30,40,16,26,0.39843369146146945,Normal
KSH0569,36560,346,1,3,2010-01-04 08:53:00,2011-05-16 17:56:00,692,0,519,0,0,0,0,2998,32870,260,12.99679978118162,8,18,15,39,23,14,22,0.39838092877028985,Normal
TAC0300,4486,346,1,3,2010-01-04 08:56:00,2011-05-16 18:03:00,692,0,280,0,0,0,0,344,3450,96,12.973918858671421,8,18,15,38,18,18,36,0.3983396818502642,Normal
SNS0129,43853,346,1,3,2010-01-04 07:04:00,2011-05-16 16:05:00,692,0,0,0,0,0,0,3717,39444,195,11.292773584475407,7,16,26,10,43,35,30,0.398263102279895,Normal
SKG0759,11728,346,1,3,2010-01-04 08:15:00,2011-05-16 16:20:00,692,0,0,0,0,0,0,1002,10034,113,11.964955661664392,8,16,22,15,43,41,26,0.3981792287719077,Normal
MNR0829,4483,346,1,3,2010-01-04 08:17:00,2011-05-16 19:26:00,692,0,1093,0,0,0,0,331,3460,149,13.484720053535579,8,19,41,33,40,15,23,0.3980924743872733,Normal
GTD0898,11729,346,1,3,2010-01-04 09:13:00,2011-05-16 18:27:00,692,0,897,0,0,0,0,1003,10034,174,13.30616420837241,9,18,23,23,39,15,29,0.39808003054306235,Normal
HPR0585,4749,346,1,3,2010-01-04 08:27:00,2011-05-16 18:43:00,953,0,702,0,0,0,0,336,3460,144,12.917245735944409,8,18,34,46,15,46,35,0.3980300252110715,Normal
ALH0402,36601,346,1,3,2010-01-04 07:49:00,2011-05-16 18:57:00,692,0,4559,0,0,0,0,3039,32870,183,13.03278598945384,7,19,43,23,43,46,32,0.39795175177569514,Normal
HAM0985,36612,346,1,3,2010-01-04 07:44:00,2011-05-16 17:43:00,692,0,11,0,0,0,0,3050,32870,248,12.269310608543647,7,18,20,17,29,16,20,0.39776230207017627,Normal
BAK0964,4492,346,1,3,2010-01-04 07:02:00,2011-05-16 16:30:00,692,0,0,0,0,0,0,340,3460,84,11.304986642920747,7,16,25,16,22,18,28,0.39773316033851563,Normal
LHN0151,18980,346,1,3,2010-01-04 08:25:00,2011-05-16 16:26:00,692,0,0,0,0,0,0,1680,16608,183,12.024710221285563,8,16,13,15,19,32,26,0.3977105412398791,Normal
GOK0238,25481,241,1,3,2010-01-04 07:47:00,2010-12-14 18:07:00,482,0,331,0,0,0,0,2104,22895,224,12.522193006553904,7,18,33,43,27,40,33,0.397678966832244,Normal
AOB0019,43774,346,1,3,2010-01-04 07:51:00,2011-05-16 17:54:00,692,0,531,0,0,0,0,3638,39444,115,12.47098734408553,7,18,11,17,13,24,28,0.3976565496857073,Normal
MCF0327,61775,346,1,3,2010-01-04 07:30:00,2011-05-16 15:42:00,692,0,0,0,0,0,0,5031,56052,259,11.232893565358154,7,16,39,41,24,44,25,0.39757624951275217,Normal
FWM0707,4541,346,3,3,2010-01-04 07:38:00,2011-05-16 16:58:00,748,0,0,0,0,0,0,333,3460,131,11.707553402334288,7,17,50,36,35,18,34,0.3975296583298958,Normal
KRG0158,43846,346,1,3,2010-01-04 06:47:00,2011-05-16 15:56:00,692,0,0,0,0,0,0,3710,39444,206,10.960406878620626,6,16,34,38,42,14,27,0.39752923403285007,Normal
ALC0788,11730,346,1,3,2010-01-04 08:21:00,2011-05-16 19:43:00,692,0,2155,0,0,0,0,1004,10034,234,13.47237851662404,8,19,34,18,15,36,35,0.39747479918283,Normal
YJV0699,4492,346,1,3,2010-01-04 07:36:00,2011-05-16 16:48:00,692,0,0,0,0,0,0,340,3460,237,11.642252894033838,7,17,17,25,30,13,31,0.3974310429345007,Normal
AAL0706,4488,346,1,3,2010-01-04 07:38:00,2011-05-16 16:59:00,692,0,0,0,0,0,0,336,3460,203,11.69674688057041,7,17,37,14,28,13,25,0.3974206552287701,Normal
PRM0740,61743,346,1,3,2010-01-04 07:51:00,2011-05-16 16:58:00,692,0,0,0,0,0,0,4999,56052,134,12.050953144486014,7,17,45,40,45,42,27,0.39740295930194053,Normal
ZMC0284,36559,346,1,3,2010-01-04 09:09:00,2011-05-16 18:29:00,692,0,1953,0,0,0,0,2997,32870,118,13.25813069285265,9,18,42,33,41,30,31,0.3972724274329657,Normal
MNC0717,4968,346,3,3,2010-01-04 07:30:00,2011-05-16 16:54:00,1170,0,0,0,0,0,0,338,3460,72,11.76610305958132,7,17,30,37,22,22,34,0.3972004996151212,Normal
IJR0825,4490,346,1,3,2010-01-04 08:17:00,2011-05-16 19:30:00,692,0,1074,0,0,0,0,338,3460,128,13.503340757238307,8,19,38,42,39,46,32,0.39717231193603875,Normal
MJM0510,12229,346,4,3,2010-01-04 08:57:00,2011-05-16 16:58:00,1190,0,0,0,0,0,0,1005,10034,134,12.521874233379672,8,17,32,33,22,18,39,0.3971301912258466,Normal
LJB0826,4478,346,1,3,2010-01-04 08:26:00,2011-05-16 19:27:00,692,0,1035,0,0,0,0,336,3450,78,13.418267083519428,8,19,38,21,39,15,32,0.3970354584250977,Normal
SES0477,62025,346,1,3,2010-01-04 08:07:00,2011-05-16 17:11:00,968,0,0,0,0,0,0,5005,56052,94,12.285691253526803,8,17,38,40,13,39,29,0.3969788927967031,Normal
KAC0124,36620,346,1,3,2010-01-04 08:10:00,2011-05-16 19:05:00,692,0,5371,0,0,0,0,3058,32870,200,13.185608956854178,8,19,33,14,30,18,33,0.39690617395137995,Normal
FHO0630,61737,346,1,3,2010-01-04 07:58:00,2011-05-16 16:58:00,692,0,0,0,0,0,0,4993,56052,277,11.993682880606443,7,17,28,44,23,12,26,0.3967286139855002,Normal
ASB0796,28003,265,1,3,2010-01-04 08:05:00,2011-01-20 17:14:00,530,0,0,0,0,0,0,2298,25175,254,12.261757668821197,8,17,30,40,23,38,34,0.3966652596923975,Normal
HDJ0446,4489,346,1,3,2010-01-04 07:53:00,2011-05-16 17:51:00,692,0,225,0,0,0,0,337,3460,98,12.416128313655603,7,18,18,17,45,27,35,0.3966487541222424,Normal
QCH0110,10339,305,1,3,2010-01-04 09:12:00,2011-03-17 18:30:00,610,0,834,0,0,0,0,884,8845,151,13.297224102911306,9,18,34,35,17,37,27,0.3965835522911865,Normal
OLF0504,61776,346,1,3,2010-01-04 08:15:00,2011-05-16 17:15:00,692,0,0,0,0,0,0,5032,56052,314,12.25508288008288,8,17,41,43,20,41,31,0.3965546878765271,Normal
TOR0193,43977,346,3,3,2010-01-04 08:04:00,2011-05-16 18:16:00,1007,0,2228,0,0,0,0,3640,39330,240,12.792141346613002,8,18,30,40,25,45,30,0.3963338098187183,Normal
DAG0558,36545,346,1,3,2010-01-04 08:58:00,2011-05-16 17:59:00,692,0,582,0,0,0,0,2983,32870,304,13.038692023532631,8,18,20,16,37,25,26,0.39628270842693364,Normal
FRL0511,11701,346,1,3,2010-01-04 08:46:00,2011-05-16 16:56:00,692,0,0,0,0,0,0,1004,10005,79,12.536449876078967,8,17,20,30,47,20,30,0.3961763022216297,Normal
SDF0017,43826,346,1,3,2010-01-04 07:49:00,2011-05-16 18:03:00,692,0,589,0,0,0,0,3690,39444,111,12.53084926755807,7,18,11,40,39,18,30,0.3961761549249536,Normal
KQC0708,4488,346,1,3,2010-01-04 07:37:00,2011-05-16 16:48:00,692,0,0,0,0,0,0,336,3460,121,11.695187165775401,7,17,34,18,39,42,23,0.3961142580186116,Normal
ASS0517,12006,346,1,3,2010-01-04 08:45:00,2011-05-16 16:57:00,961,0,0,0,0,0,0,1011,10034,98,12.533983008495753,8,17,36,35,47,44,32,0.396112614186956,Normal
AWM0764,11729,346,1,3,2010-01-04 08:23:00,2011-05-16 16:33:00,692,0,0,0,0,0,0,1003,10034,208,12.015176059340098,8,16,47,37,39,42,36,0.39606648794745775,Normal
NMG0766,11728,346,1,3,2010-01-04 08:29:00,2011-05-16 16:27:00,692,0,0,0,0,0,0,1002,10034,209,11.937755798090041,8,16,16,23,42,40,31,0.39600854432305793,Normal
ELH0960,4485,346,1,3,2010-01-04 07:13:00,2011-05-16 16:19:00,692,0,0,0,0,0,0,333,3460,83,11.31839464882943,7,16,40,43,26,41,22,0.39600756653648955,Normal
SHW0578,4485,346,1,3,2010-01-04 08:21:00,2011-05-16 18:42:00,692,0,721,0,0,0,0,333,3460,99,13.051505016722407,8,18,39,42,14,49,31,0.39588292676553205,Normal
GAF0060,36593,346,1,3,2010-01-04 07:51:00,2011-05-16 19:15:00,692,0,4334,0,0,0,0,3031,32870,135,12.967890033612987,7,19,41,16,39,25,22,0.39585668436827937,Normal
EJW0884,11751,346,1,3,2010-01-04 09:11:00,2011-05-16 18:12:00,691,0,889,0,0,0,0,1026,10034,126,13.262445749297932,9,18,46,20,32,26,31,0.39582293470384755,Normal
TEB0251,36903,346,2,3,2010-01-04 07:56:00,2011-05-16 17:00:00,1004,0,0,0,0,0,0,3029,32870,181,12.02839877516733,7,17,44,50,22,13,36,0.39576278802565923,Normal
LLV0602,61802,346,1,3,2010-01-04 07:50:00,2011-05-16 16:56:00,692,0,0,0,0,0,0,5058,56052,141,11.991084430924566,7,17,36,10,36,37,33,0.3957007098163147,Normal
SJF0094,36922,346,1,3,2010-01-04 07:15:00,2011-05-16 15:28:00,692,0,0,0,0,0,0,3360,32870,170,10.986647527219544,7,15,35,19,16,44,30,0.3955212883196968,Normal
DGN0480,58754,329,1,3,2010-01-04 08:07:00,2011-04-20 17:20:00,658,0,0,0,0,0,0,4798,53298,205,12.28231269360384,8,17,21,25,44,20,31,0.3954469161408744,Normal
CNB0900,11704,346,1,3,2010-01-04 09:07:00,2011-05-16 18:12:00,692,0,917,0,0,0,0,1007,10005,109,13.288362952836637,9,18,34,43,38,16,27,0.39539754834384516,Normal
CUD0795,36585,346,1,3,2010-01-04 08:02:00,2011-05-16 17:13:00,692,0,0,0,0,0,0,3023,32870,184,12.294984283176165,8,17,12,40,30,44,24,0.3953871384876753,Normal
GCR0554,36570,346,1,3,2010-01-04 07:54:00,2011-05-16 17:47:00,692,0,587,0,0,0,0,3008,32870,105,12.503308722996993,7,18,16,16,41,23,37,0.39535089175067684,Normal
JIG0128,36497,346,1,3,2010-01-04 08:09:00,2011-05-16 19:13:00,692,0,5584,0,0,0,0,3030,32775,207,13.301723429322958,8,19,25,45,35,18,27,0.39533152108163394,Normal
CEB0210,54637,346,1,3,2010-01-04 07:42:00,2011-05-16 15:40:00,692,0,0,0,0,0,0,4610,49335,198,11.237824185076047,7,16,42,24,44,23,34,0.3952200847000953,Normal
ATF0274,36581,346,1,3,2010-01-04 07:14:00,2011-05-16 17:15:00,692,0,0,0,0,0,0,3019,32870,253,11.766736830595118,7,17,20,45,48,27,28,0.39504582873933003,Normal
CEL0561,36737,346,1,3,2010-01-04 08:50:00,2011-05-16 18:00:00,961,0,603,0,0,0,0,3001,32775,281,13.04287230857174,8,18,40,39,36,19,40,0.394989757456397,Normal
SLP0762,11728,346,1,3,2010-01-04 08:27:00,2011-05-16 16:43:00,692,0,0,0,0,0,0,1002,10034,213,12.010572987721691,8,16,26,13,40,18,26,0.39493120852790187,Normal
WAB0143,26849,254,1,3,2010-01-04 07:11:00,2011-01-05 17:12:00,508,0,0,0,0,0,0,2211,24130,190,11.796454244105925,7,17,43,43,24,22,33,0.3949279391750639,Normal
ECR0822,4491,346,1,3,2010-01-04 08:23:00,2011-05-16 19:26:00,692,0,1045,0,0,0,0,339,3460,112,13.446003117345803,8,19,16,19,17,23,29,0.39486121961431675,Normal
KNG0672,31808,301,1,3,2010-01-04 07:59:00,2011-03-11 16:07:00,602,0,0,0,0,0,0,2611,28595,235,11.522007042253522,7,16,21,40,18,20,27,0.3948523437698313,Normal
CCW0031,54887,346,1,3,2010-01-04 07:38:00,2011-05-16 15:56:00,692,0,0,0,0,0,0,4717,49478,154,11.228451181518393,7,16,33,47,30,39,33,0.3947222113270187,Normal
IIA0092,36554,346,1,3,2010-01-04 07:25:00,2011-05-16 15:28:00,692,0,0,0,0,0,0,2992,32870,183,11.005991136400942,7,15,39,30,42,14,27,0.3947027589362015,Normal
FXF0957,4487,346,1,3,2010-01-04 07:07:00,2011-05-16 16:11:00,692,0,0,0,0,0,0,335,3460,130,11.295520392244262,7,16,35,25,47,36,28,0.3946791627748769,Normal
DSB0731,61680,346,1,3,2010-01-04 07:57:00,2011-05-16 16:51:00,692,0,0,0,0,0,0,4936,56052,161,11.931339169909208,7,17,26,15,40,43,30,0.3945787676439702,Normal
TIW0299,4489,346,1,3,2010-01-04 08:48:00,2011-05-16 17:51:00,692,0,238,0,0,0,0,337,3460,57,13.006014702606372,8,18,34,19,19,12,31,0.3945598237857848,Normal
ONL0276,36580,346,1,3,2010-01-04 07:08:00,2011-05-16 17:30:00,692,0,0,0,0,0,0,3018,32870,202,11.756451612903225,7,17,48,46,17,41,20,0.39444638895095313,Normal
CIG0052,43825,346,1,3,2010-01-04 08:18:00,2011-05-16 17:33:00,692,0,0,0,0,0,0,3689,39444,222,12.562144894466629,8,17,17,45,17,16,24,0.39422416680929884,Normal
RAH0440,36586,346,1,3,2010-01-04 07:47:00,2011-05-16 16:59:00,692,0,0,0,0,0,0,3024,32870,143,11.97017985021593,7,17,18,15,43,16,24,0.3942153274898175,Normal
WGS0516,11732,346,1,3,2010-01-04 08:56:00,2011-05-16 17:08:00,692,0,0,0,0,0,0,1006,10034,169,12.439226048414593,8,17,11,20,39,20,29,0.3941781698265973,Normal
SSS0345,11737,346,1,3,2010-01-04 07:14:00,2011-05-16 18:22:00,692,0,798,0,0,0,0,1011,10034,172,12.318480020448156,7,18,40,21,38,16,20,0.3941194034871563,Normal
MAH0149,44131,346,1,3,2010-01-04 08:15:00,2011-05-16 16:26:00,967,0,0,0,0,0,0,3720,39444,142,12.006458045364937,8,16,41,39,38,27,40,0.39403756355713215,Normal
RNF0765,11719,346,1,3,2010-01-04 08:24:00,2011-05-16 16:31:00,692,0,0,0,0,0,0,993,10034,71,11.993856131069204,8,16,41,22,37,41,25,0.39382696590185495,Normal
CLH0703,4484,346,1,3,2010-01-04 07:33:00,2011-05-16 16:59:00,692,0,0,0,0,0,0,332,3460,177,11.72078501338091,7,17,48,41,47,28,29,0.39381983031153295,Normal
MES0407,36465,346,1,3,2010-01-04 07:46:00,2011-05-16 18:03:00,692,0,567,0,0,0,0,2998,32775,299,12.47555189908131,7,18,38,44,25,47,37,0.39368261487576006,Normal
ERH0449,4474,346,1,3,2010-01-04 08:00:00,2011-05-16 18:07:00,692,0,225,0,0,0,0,332,3450,126,12.515645954403219,7,18,44,15,35,17,25,0.39365293486802133,Normal
CGA0629,61790,346,1,3,2010-01-04 07:49:00,2011-05-16 17:06:00,692,0,0,0,0,0,0,5046,56052,160,11.979867292442142,7,17,36,35,24,49,28,0.39360121473530374,Normal
WAS0254,36885,346,1,3,2010-01-04 07:34:00,2011-05-16 16:45:00,963,0,0,0,0,0,0,3052,32870,304,11.723302155347703,7,17,43,37,16,18,35,0.3935659951620561,Normal
RHC0335,11732,346,1,3,2010-01-04 07:03:00,2011-05-16 18:30:00,692,0,825,0,0,0,0,1006,10034,248,12.226048414592567,7,18,36,35,40,46,25,0.39333401464283174,Normal
ASG0692,36552,346,1,3,2010-01-04 08:51:00,2011-05-16 19:06:00,692,0,5197,0,0,0,0,2990,32870,224,13.51627817903261,8,19,26,40,41,23,27,0.3933200924840086,Normal
AKC0924,36609,346,1,3,2010-01-04 08:22:00,2011-05-16 19:28:00,692,0,6586,0,0,0,0,3047,32870,165,13.567729246906499,8,19,40,44,35,37,27,0.39324526201262455,Normal
IRT0491,61763,346,1,3,2010-01-04 08:00:00,2011-05-16 17:21:00,692,0,0,0,0,0,0,5019,56052,121,12.273788514158962,8,17,17,30,27,41,32,0.39323808405018,Normal
HDD0789,54897,346,1,3,2010-01-04 07:33:00,2011-05-16 17:45:00,692,0,5,0,0,0,0,4727,49478,164,12.24281836894548,7,18,44,39,30,10,29,0.39320638288728416,Normal
ARD0509,12098,346,3,3,2010-01-04 08:53:00,2011-05-16 16:56:00,724,0,0,0,0,0,0,994,10380,88,12.530252934369317,8,17,50,40,35,32,32,0.39313210681949445,Normal
ILC0838,4490,346,1,3,2010-01-04 08:18:00,2011-05-16 19:45:00,692,0,1097,0,0,0,0,338,3460,170,13.51358574610245,8,19,40,36,42,16,33,0.39311811121260215,Normal
JAD0609,61896,346,3,3,2010-01-04 07:45:00,2011-05-16 17:01:00,876,0,0,0,0,0,0,4968,56052,190,12.015590668217655,7,17,18,23,26,36,33,0.3930856696883489,Normal
GRM0868,61822,346,1,3,2010-01-04 07:43:00,2011-05-16 17:39:00,692,0,14,0,0,0,0,5078,56052,193,12.293083368380188,7,18,21,25,20,13,28,0.39306178418300797,Normal
WTR0563,36554,346,1,3,2010-01-04 08:45:00,2011-05-16 17:58:00,692,0,594,0,0,0,0,2992,32870,203,13.028368988346008,8,18,47,45,46,15,31,0.3930005804457294,Normal
TJD0996,36577,346,1,3,2010-01-04 08:00:00,2011-05-16 19:08:00,692,0,5321,0,0,0,0,3015,32870,145,13.27484484785521,8,19,34,22,42,16,32,0.3929319633958169,Normal
SRS0231,36586,346,1,3,2010-01-04 07:56:00,2011-05-16 19:10:00,692,0,4542,0,0,0,0,3024,32870,210,12.990925490624829,7,19,17,44,36,32,26,0.392878806863653,Normal
NBC0412,38665,346,4,3,2010-01-04 07:59:00,2011-05-16 18:09:00,698,0,512,0,0,0,0,3367,34600,238,12.559265485581275,7,18,14,25,18,18,31,0.3927913756697919,Normal
SJW0451,4491,346,1,3,2010-01-04 07:49:00,2011-05-16 18:06:00,692,0,216,0,0,0,0,339,3460,133,12.484747272322423,7,18,43,30,16,50,28,0.39277920107141967,Normal
EHR0096,36581,346,1,3,2010-01-04 07:05:00,2011-05-16 17:23:00,692,0,0,0,0,0,0,3019,32870,186,11.826385281976982,7,17,22,13,20,48,31,0.39274180347765447,Normal
CKD0680,36607,346,1,3,2010-01-04 07:47:00,2011-05-16 16:00:00,692,0,0,0,0,0,0,3045,32870,197,11.538776736689703,7,16,18,50,24,18,28,0.3926250493526904,Normal
LCD0622,61559,346,1,3,2010-01-04 07:51:00,2011-05-16 16:54:00,692,0,0,0,0,0,0,4977,55890,117,11.96764079988304,7,17,30,26,13,14,26,0.3925547884572434,Normal
KVT0028,36603,346,1,3,2010-01-04 07:32:00,2011-05-16 18:41:00,692,0,3536,0,0,0,0,3041,32870,198,12.65489167554572,7,19,44,20,35,19,37,0.3925207760818707,Normal
MSG0839,4477,346,1,3,2010-01-04 08:21:00,2011-05-16 19:28:00,692,0,1093,0,0,0,0,335,3450,155,13.538976993522448,8,19,42,46,19,39,29,0.39242128273812776,Normal
DEB0782,11701,346,1,3,2010-01-04 08:29:00,2011-05-16 16:35:00,692,0,0,0,0,0,0,1004,10005,107,11.99376121699,8,16,42,47,32,21,36,0.39229130216042224,Normal
EPW0434,36615,346,1,3,2010-01-04 07:58:00,2011-05-16 17:00:00,692,0,0,0,0,0,0,3053,32870,388,12.035968865219173,7,17,32,36,38,22,33,0.39227347513680677,Normal
LTS0860,61840,346,1,3,2010-01-04 07:30:00,2011-05-16 17:49:00,692,0,12,0,0,0,0,5096,56052,237,12.280126131953429,7,18,48,20,29,20,31,0.3921386138274801,Normal
RJM0381,36622,346,3,3,2010-01-04 07:58:00,2011-05-16 16:04:00,728,0,0,0,0,0,0,3024,32870,202,11.506334989896784,7,16,41,47,44,41,25,0.3920210711216844,Normal
DMM0623,63709,355,1,3,2010-01-04 07:54:00,2011-05-16 17:00:00,982,0,0,536,0,0,0,5217,57510,209,12.05478032930983,7,17,36,27,21,39,30,0.3919021528613381,Normal
HKB0418,35126,332,1,3,2010-01-04 07:53:00,2011-04-26 18:13:00,664,0,469,0,0,0,0,2922,31540,149,12.477879633320049,7,18,50,18,13,26,27,0.39188170404854933,Normal
POB0343,11735,346,1,3,2010-01-04 07:00:00,2011-05-16 18:08:00,692,0,788,0,0,0,0,1009,10034,101,12.34034938219003,7,18,46,19,44,27,34,0.39181168212579925,Normal
ILR0304,4485,346,1,3,2010-01-04 08:57:00,2011-05-16 17:52:00,692,0,244,0,0,0,0,333,3460,120,13.07402452619844,8,18,20,22,18,46,30,0.3917605484841224,Normal
BMM0112,11739,346,1,3,2010-01-04 09:08:00,2011-05-16 18:11:00,692,0,948,0,0,0,0,1013,10034,109,13.305818212794957,9,18,40,36,24,40,25,0.3916607044886225,Normal
MVF0594,4487,346,1,3,2010-01-04 08:17:00,2011-05-16 18:26:00,692,0,702,0,0,0,0,335,3460,253,12.985959438377535,8,18,35,38,33,44,36,0.3916497721751062,Normal
GNZ0953,4756,346,1,3,2010-01-04 07:09:00,2011-05-16 16:21:00,962,0,0,0,0,0,0,334,3460,146,11.305298570227082,7,16,26,18,26,36,29,0.3916221712793206,Normal
IJM0139,4489,346,1,3,2010-01-04 08:51:00,2011-05-16 17:55:00,692,0,227,0,0,0,0,337,3460,100,13.03742481621742,8,18,45,17,15,30,35,0.39161971479293056,Normal
NRD0548,32317,306,1,3,2010-01-04 07:58:00,2011-03-18 18:02:00,612,0,468,0,0,0,0,2635,29070,272,12.50069622799146,7,18,41,37,41,15,31,0.39145700338828404,Normal
BJH0354,54897,346,1,3,2010-01-04 08:13:00,2011-05-16 17:16:00,692,0,0,0,0,0,0,4727,49478,116,12.300016394338488,8,17,22,21,31,20,36,0.3914216754411548,Normal
DZC0228,36594,346,1,3,2010-01-04 07:49:00,2011-05-16 18:59:00,692,0,4541,0,0,0,0,3032,32870,213,12.992512433732307,7,19,37,37,34,21,38,0.3910929594839824,Normal
FRR0832,4488,346,1,3,2010-01-04 08:30:00,2011-05-16 19:34:00,692,0,1116,0,0,0,0,336,3460,85,13.494652406417112,8,19,43,40,25,19,30,0.3909666211955476,Normal
NMB0972,4488,346,1,3,2010-01-04 07:00:00,2011-05-16 16:11:00,692,0,0,0,0,0,0,336,3460,203,11.319073083778965,7,16,45,22,17,20,29,0.3908288876490845,Normal
LFS0071,36623,346,1,3,2010-01-04 07:45:00,2011-05-16 17:56:00,692,0,489,0,0,0,0,3061,32870,271,12.481446085793081,7,18,48,31,14,17,25,0.3907960978347485,Normal
LDM0587,4487,346,1,3,2010-01-04 08:15:00,2011-05-16 18:45:00,692,0,708,0,0,0,0,335,3460,229,12.981056385112547,8,18,49,20,23,21,26,0.39069942024252785,Normal
DSM0591,4490,346,1,3,2010-01-04 08:30:00,2011-05-16 18:24:00,692,0,733,0,0,0,0,338,3460,138,13.044543429844097,8,18,20,35,18,43,35,0.39064623189243947,Normal
JFC0757,11782,346,1,3,2010-01-04 08:18:00,2011-05-16 16:43:00,692,0,0,0,0,0,0,1056,10034,186,12.017993549482261,8,16,31,21,38,36,38,0.3906320767848176,Normal
RHP0484,62222,346,3,3,2010-01-04 08:04:00,2011-05-16 17:30:00,1030,0,0,0,0,0,0,5302,55890,179,12.309745749091961,8,17,35,37,24,16,31,0.3906058450401865,Normal
JER0404,36584,346,1,3,2010-01-04 07:52:00,2011-05-16 18:58:00,692,0,4455,0,0,0,0,3022,32870,188,12.956702383555653,7,19,38,46,18,16,30,0.3904724248760861,Normal
PGH0184,7949,229,1,3,2010-01-04 07:01:00,2010-11-24 18:19:00,635,0,550,0,0,0,0,673,6641,142,12.354006793307335,7,18,30,35,33,22,25,0.3903563644091237,Normal
BNG0237,36833,346,1,3,2010-01-04 07:54:00,2011-05-16 17:56:00,955,0,510,0,0,0,0,3008,32870,80,12.538321613770261,7,18,39,36,36,47,27,0.39029365663176857,Normal
TJB0302,4486,346,1,3,2010-01-04 08:56:00,2011-05-16 18:15:00,692,0,310,0,0,0,0,334,3460,69,13.00401248328132,8,18,42,47,24,40,29,0.39019527497269824,Normal
CJH0702,4489,346,1,3,2010-01-04 07:43:00,2011-05-16 16:42:00,692,0,0,0,0,0,0,337,3460,78,11.700601470260636,7,17,46,24,30,25,37,0.39015973666811227,Normal
AKH0758,11705,346,1,3,2010-01-04 08:22:00,2011-05-16 16:28:00,692,0,0,0,0,0,0,1008,10005,75,12.009397693293465,8,16,24,38,40,37,27,0.38992461689917113,Normal
VAA0087,36989,346,3,3,2010-01-04 07:45:00,2011-05-16 16:43:00,1108,0,0,0,0,0,0,3011,32870,176,11.757198085917436,7,17,36,44,42,18,23,0.38986589189042625,Normal
JOM0750,61789,346,1,3,2010-01-04 07:49:00,2011-05-16 16:58:00,692,0,0,0,0,0,0,5045,56052,286,12.02712456909806,7,17,35,46,25,40,29,0.38974474058320757,Normal
OJK0233,36603,346,1,3,2010-01-04 07:52:00,2011-05-16 18:59:00,692,0,4762,0,0,0,0,3041,32870,187,13.063191541676911,7,19,40,36,14,22,33,0.38970105448716097,Normal
TEM0977,43830,346,1,3,2010-01-04 07:59:00,2011-05-16 17:58:00,692,0,594,0,0,0,0,3694,39444,121,12.518503308236367,7,18,22,19,40,45,29,0.3896780335650466,Normal
JOL0024,43662,346,1,3,2010-01-04 07:38:00,2011-05-16 17:44:00,692,0,9,0,0,0,0,3640,39330,59,12.278205304383675,7,18,50,40,24,21,29,0.3896245753164677,Normal
ENL0100,36591,346,1,3,2010-01-04 07:13:00,2011-05-16 17:09:00,692,0,0,0,0,0,0,3029,32870,111,11.7652428192725,7,17,39,18,42,35,21,0.38956610776057066,Normal
SAC0592,4761,346,1,3,2010-01-04 08:19:00,2011-05-16 18:29:00,960,0,693,0,0,0,0,341,3460,199,12.948540222642302,8,18,24,18,23,42,26,0.3895189887988861,Normal
MIC0726,61783,346,1,3,2010-01-04 08:00:00,2011-05-16 17:14:00,692,0,0,0,0,0,0,5039,56052,241,11.957188870724957,7,17,32,41,43,17,23,0.38951520037880805,Normal
TET0621,62022,346,3,3,2010-01-04 07:54:00,2011-05-16 16:56:00,938,0,0,0,0,0,0,5032,56052,195,12.059640127696623,7,17,30,37,44,32,27,0.3895028229129164,Normal
RCP0785,11730,346,1,3,2010-01-04 08:26:00,2011-05-16 16:26:00,692,0,0,0,0,0,0,1004,10034,262,11.938022165387894,8,16,42,38,43,30,32,0.38947960600880555,Normal
CJG0470,4489,346,1,3,2010-01-04 07:54:00,2011-05-16 18:01:00,692,0,277,0,0,0,0,337,3460,84,12.584762753397193,7,18,44,45,22,32,24,0.3893526409088454,Normal
MLG0475,4489,346,1,3,2010-01-04 07:59:00,2011-05-16 18:01:00,692,0,229,0,0,0,0,337,3460,150,12.469815103586544,7,18,45,16,18,19,25,0.38931727595995713,Normal
OCB0805,36590,346,1,3,2010-01-04 08:11:00,2011-05-16 17:10:00,692,0,0,0,0,0,0,3028,32870,222,12.264061218912271,8,17,37,33,42,16,18,0.38928925040744994,Normal
AJP0723,4489,346,1,3,2010-01-04 07:35:00,2011-05-16 16:59:00,692,0,0,0,0,0,0,337,3460,102,11.750723991980397,7,17,24,29,17,12,29,0.3892612191906753,Normal
XBN0229,36553,346,1,3,2010-01-04 07:45:00,2011-05-16 19:13:00,692,0,4470,0,0,0,0,2991,32870,169,12.957322244412223,7,19,34,16,17,40,29,0.3891510318134944,Normal
SMW0084,36606,346,1,3,2010-01-04 07:50:00,2011-05-16 17:01:00,692,0,0,0,0,0,0,3044,32870,113,11.981205266896136,7,17,20,37,39,48,27,0.3889889654079791,Normal
MOP0763,11721,346,1,3,2010-01-04 08:28:00,2011-05-16 16:36:00,692,0,0,0,0,0,0,995,10034,73,12.000085316952479,8,16,43,41,22,20,33,0.38895629256634157,Normal
DTP0379,37162,346,4,3,2010-01-04 07:52:00,2011-05-16 16:09:00,1076,0,0,0,0,0,0,3311,32775,200,11.481432646251548,7,16,45,42,15,37,27,0.3889431615632883,Normal
IDO0176,61770,346,1,3,2010-01-04 07:36:00,2011-05-16 15:49:00,692,0,0,0,0,0,0,5026,56052,122,11.229350817548973,7,16,34,39,40,24,26,0.3887991055880768,Normal
KDT0346,12005,346,1,3,2010-01-04 07:07:00,2011-05-16 18:13:00,968,0,835,0,0,0,0,1003,10034,102,12.262973760932944,7,18,36,41,10,22,33,0.38870186768977816,Normal
TCD0009,43810,346,1,3,2010-01-04 08:23:00,2011-05-16 17:35:00,692,0,0,0,0,0,0,3674,39444,212,12.48000456516777,8,17,44,28,44,38,23,0.3886422862882008,Normal
RJB0088,36564,346,1,3,2010-01-04 07:33:00,2011-05-16 16:44:00,692,0,0,0,0,0,0,3002,32870,122,11.77414943660431,7,17,20,42,37,45,24,0.3885869932717226,Normal
AAW0353,11726,346,1,3,2010-01-04 07:57:00,2011-05-16 18:04:00,692,0,360,0,0,0,0,1000,10034,106,12.52063789868668,7,18,49,45,19,25,34,0.38856972286159963,Normal
MAH0864,61790,346,1,3,2010-01-04 07:45:00,2011-05-16 17:46:00,692,0,7,0,0,0,0,5046,56052,152,12.28266709823596,7,18,30,46,25,20,25,0.38850484887216497,Normal
CMW0783,11722,346,1,3,2010-01-04 08:29:00,2011-05-16 16:28:00,692,0,0,0,0,0,0,996,10034,135,12.031052721378604,8,16,21,35,14,16,26,0.3884295477317448,Normal
VCY0751,62039,346,1,3,2010-01-04 07:55:00,2011-05-16 16:51:00,966,0,0,0,0,0,0,5021,56052,112,11.988233208143265,7,17,37,24,39,19,25,0.3882295032108002,Normal
APG0307,4482,346,1,3,2010-01-04 09:00:00,2011-05-16 18:03:00,692,0,242,0,0,0,0,330,3460,151,13.039268183846497,8,18,43,39,36,43,22,0.3881736446020901,Normal
JKB0126,36585,346,1,3,2010-01-04 08:00:00,2011-05-16 19:11:00,691,0,5391,0,0,0,0,3024,32870,238,13.283968839688397,8,19,43,24,19,33,28,0.3881735931404127,Normal
CTW0500,61718,346,1,3,2010-01-04 08:01:00,2011-05-16 17:10:00,692,0,0,0,0,0,0,4974,56052,261,12.267847305486244,8,17,38,36,20,35,35,0.38817072765677313,Normal
QSV0778,11737,346,1,3,2010-01-04 08:16:00,2011-05-16 16:43:00,692,0,0,0,0,0,0,1011,10034,178,11.99343955014058,8,16,17,23,36,35,33,0.38815707355585916,Normal
EIP0997,36579,346,1,3,2010-01-04 08:00:00,2011-05-16 19:10:00,692,0,5228,0,0,0,0,3017,32870,156,13.207851499494245,8,19,42,28,20,25,34,0.38805471137652653,Normal
CCM0855,61858,346,1,3,2010-01-04 07:36:00,2011-05-16 17:44:00,692,0,12,0,0,0,0,5114,56052,270,12.239548643667755,7,18,31,24,19,36,29,0.38798130957993604,Normal
KSP0966,4485,346,1,3,2010-01-04 07:02:00,2011-05-16 16:10:00,692,0,0,0,0,0,0,333,3460,166,11.279152731326644,7,16,42,36,19,24,35,0.38791465123668717,Normal
HJA0018,44111,346,1,3,2010-01-04 07:59:00,2011-05-16 18:00:00,955,0,768,0,0,0,0,3712,39444,137,12.50023803586407,7,18,39,43,47,37,32,0.3878671428099319,Normal
CMS0454,4478,346,1,3,2010-01-04 07:53:00,2011-05-16 18:05:00,692,0,214,0,0,0,0,336,3450,65,12.48168825368468,7,18,43,23,28,15,25,0.387836951970501,Normal
DHM0937,36587,346,1,3,2010-01-04 07:11:00,2011-05-16 16:13:00,692,0,0,0,0,0,0,3025,32870,262,11.279525514527018,7,16,43,22,21,15,24,0.3878145454402328,Normal
AIM0627,61591,346,1,3,2010-01-04 07:47:00,2011-05-16 17:15:00,692,0,0,0,0,0,0,5009,55890,252,11.961049503985972,7,17,36,39,16,41,23,0.3877930199055275,Normal
WPE0538,11704,346,1,3,2010-01-04 08:16:00,2011-05-16 18:21:00,692,0,1178,0,0,0,0,1007,10005,146,12.992652084757347,8,18,21,16,23,22,35,0.38777506090044206,Normal
LQP0508,12176,346,3,3,2010-01-04 08:46:00,2011-05-16 17:00:00,1151,0,0,0,0,0,0,991,10034,169,12.5303876478318,8,17,26,44,21,40,27,0.3876907612437053,Normal
TTD1000,36562,346,1,3,2010-01-04 08:05:00,2011-05-16 19:11:00,692,0,5095,0,0,0,0,3000,32870,265,13.198019801980198,8,19,34,34,24,40,29,0.38753622026989515,Normal
LPC0492,58757,346,3,3,2010-01-04 08:04:00,2011-05-16 17:12:00,744,0,0,0,0,0,0,5075,52938,182,12.310209847337338,8,17,30,23,22,30,26,0.38752029889631845,Normal
TYB0779,11985,346,1,3,2010-01-04 08:27:00,2011-05-16 16:23:00,962,0,0,0,0,0,0,989,10034,117,12.023445974134335,8,16,24,20,35,36,34,0.38750108871617933,Normal
JPW0741,61728,346,1,3,2010-01-04 07:52:00,2011-05-16 17:00:00,692,0,0,0,0,0,0,4984,56052,156,11.977465655780197,7,17,40,38,44,30,33,0.3874547400477281,Normal
CSB0080,43851,346,1,3,2010-01-04 07:54:00,2011-05-16 16:52:00,692,0,0,0,0,0,0,3715,39444,288,11.995142642129029,7,17,35,19,39,34,36,0.38744857878101896,Normal
SMB0804,36601,346,1,3,2010-01-04 08:04:00,2011-05-16 17:25:00,692,0,0,0,0,0,0,3039,32870,97,12.264555613234611,8,17,38,10,19,36,33,0.387397706333335,Normal
CXC0336,11697,346,1,3,2010-01-04 07:15:00,2011-05-16 18:11:00,692,0,845,0,0,0,0,1000,10005,85,12.300931862870822,7,18,23,19,34,35,34,0.38734479625935186,Normal
RGN0408,36587,346,1,3,2010-01-04 07:57:00,2011-05-16 17:50:00,691,0,528,0,0,0,0,3026,32870,122,12.526061169267773,7,18,11,21,22,22,32,0.3871664074603623,Normal
ALD0544,36438,346,1,3,2010-01-04 07:55:00,2011-05-16 18:10:00,692,0,587,0,0,0,0,2971,32775,162,12.496185301059334,7,18,16,18,18,13,32,0.3870535398920569,Normal
JJB0127,36535,346,1,3,2010-01-04 08:04:00,2011-05-16 19:11:00,692,0,5012,0,0,0,0,2973,32870,177,13.206267962228,8,19,26,21,38,30,32,0.3869915471559148,Normal
ELT0769,11730,346,1,3,2010-01-04 08:15:00,2011-05-16 16:19:00,692,0,0,0,0,0,0,1004,10034,111,11.994714407502132,8,16,19,20,20,27,35,0.38698181935347875,Normal
RDM0115,43699,346,1,3,2010-01-04 07:19:00,2011-05-16 16:35:00,692,0,0,0,0,0,0,3677,39330,211,11.479187166754388,7,16,42,17,39,15,30,0.38697608662429517,Normal
KBS0874,62076,346,1,3,2010-01-04 07:42:00,2011-05-16 17:49:00,962,0,9,0,0,0,0,5062,56052,211,12.2691700496166,7,18,23,39,37,33,29,0.38696235205203455,Normal
FQA0854,61759,346,6,3,2010-01-04 07:38:00,2011-05-16 17:48:00,702,0,14,0,0,0,0,5005,56052,260,12.297511293900484,7,18,41,38,30,34,26,0.38693000449691123,Normal
DIC0988,36569,346,1,3,2010-01-04 07:43:00,2011-05-16 18:45:00,692,0,3706,0,0,0,0,3007,32870,112,12.724794224616478,7,19,44,30,23,21,32,0.38662410490861804,Normal
BSA0431,36606,346,1,3,2010-01-04 07:54:00,2011-05-16 16:59:00,692,0,0,0,0,0,0,3044,32870,299,12.003059607714583,7,17,50,41,19,40,29,0.38656995865965244,Normal
NSS0876,61706,346,1,3,2010-01-04 07:33:00,2011-05-16 17:38:00,692,0,7,0,0,0,0,4962,56052,133,12.228810812562799,7,18,26,20,25,42,31,0.3865209742244037,Normal
RDM0150,18931,346,1,3,2010-01-04 08:25:00,2011-05-16 16:29:00,692,0,0,0,0,0,0,1679,16560,199,11.967513602028419,8,16,39,15,37,26,30,0.3863299505394979,Normal
HGH0595,4488,346,1,3,2010-01-04 08:27:00,2011-05-16 18:34:00,692,0,684,0,0,0,0,336,3460,154,12.992201426024955,8,18,41,14,22,39,29,0.38629258662309535,Normal
NUL0471,4751,346,1,3,2010-01-04 07:48:00,2011-05-16 17:57:00,958,0,266,0,0,0,0,333,3460,89,12.543254051778574,7,18,35,38,38,26,37,0.38626878632621164,Normal
KRM0541,34800,346,19,3,2010-01-04 07:51:00,2011-05-16 17:55:00,728,0,457,0,0,0,0,3022,31050,228,12.509224137931035,7,18,40,20,38,36,23,0.3862187951922345,Normal
GZB0469,4476,346,1,3,2010-01-04 07:47:00,2011-05-16 18:02:00,692,0,226,0,0,0,0,334,3450,81,12.493967828418231,7,18,46,39,22,45,28,0.3861156239057083,Normal
CLS0296,4488,346,1,3,2010-01-04 08:54:00,2011-05-16 18:00:00,692,0,230,0,0,0,0,336,3460,98,12.943404634581105,8,18,27,16,25,18,33,0.38610864540635653,Normal
CJK0200,43810,346,1,3,2010-01-04 07:24:00,2011-05-16 15:22:00,692,0,0,0,0,0,0,3674,39444,182,11.018169367724264,7,15,40,29,24,38,31,0.3859595885553209,Normal
JJH0292,4901,352,3,3,2010-01-04 08:45:00,2011-05-16 18:05:00,1042,0,249,28,0,0,0,339,3520,143,12.97592328096307,8,18,35,23,38,39,28,0.38593031341402867,Normal
CCH0182,11738,346,1,3,2010-01-04 07:15:00,2011-05-16 18:13:00,692,0,829,0,0,0,0,1012,10034,125,12.260436190151644,7,18,42,44,47,23,29,0.38586354598031813,Normal
HWM0342,11783,346,2,3,2010-01-04 07:06:00,2011-05-16 18:22:00,730,0,848,0,0,0,0,1019,10034,150,12.271153356530595,7,18,45,44,41,39,34,0.38580756975843467,Normal
TMA0069,36619,346,1,3,2010-01-04 07:57:00,2011-05-16 18:04:00,692,0,491,0,0,0,0,3057,32870,301,12.499194407274912,7,18,33,38,42,14,33,0.385460300896714,Normal
HGG0240,36488,346,1,3,2010-01-04 07:53:00,2011-05-16 17:57:00,692,0,521,0,0,0,0,3021,32775,328,12.470921946941461,7,18,20,26,24,36,31,0.3854577322603051,Normal
MKP0861,62001,346,1,3,2010-01-04 07:35:00,2011-05-16 17:44:00,966,0,14,0,0,0,0,4983,56052,225,12.23910904662828,7,18,36,42,39,34,29,0.3853327085889241,Normal
IHK0841,4488,346,1,3,2010-01-04 08:30:00,2011-05-16 19:21:00,692,0,1048,0,0,0,0,336,3460,121,13.459447415329768,8,19,35,23,41,28,29,0.3852231034215664,Normal
RIH0777,11722,346,1,3,2010-01-04 08:29:00,2011-05-16 16:28:00,692,0,0,0,0,0,0,996,10034,186,12.067906500597168,8,16,26,44,19,16,27,0.3851800420257265,Normal
ASM0575,4747,346,1,3,2010-01-04 08:23:00,2011-05-16 18:45:00,967,0,721,0,0,0,0,330,3450,129,12.930061091215505,8,18,42,25,21,45,30,0.3851533353611713,Normal
AIH0675,36461,346,1,3,2010-01-04 07:53:00,2011-05-16 15:59:00,692,0,0,0,0,0,0,2994,32775,179,11.481418501960999,7,16,25,39,38,40,37,0.3850745890926121,Normal
BAM0611,62025,346,1,3,2010-01-04 07:47:00,2011-05-16 16:55:00,957,0,0,0,0,0,0,5016,56052,161,12.080838371624345,7,17,25,30,39,23,25,0.38503239949669943,Normal
KJW0416,36504,346,1,3,2010-01-04 07:46:00,2011-05-16 18:02:00,692,0,607,0,0,0,0,3037,32775,237,12.577635327635328,7,18,50,46,39,41,30,0.38494951444528885,Normal
NAF0033,54558,344,1,3,2010-01-04 07:31:00,2011-05-12 15:51:00,688,0,0,0,0,0,0,4678,49192,222,11.262931192492394,7,16,34,40,19,35,29,0.3849159165025233,Normal
HMW0713,4487,346,1,3,2010-01-04 07:42:00,2011-05-16 16:38:00,692,0,0,0,0,0,0,335,3460,67,11.756407399153108,7,17,38,24,40,36,28,0.3847247684107021,Normal
MLP0668,36596,346,1,3,2010-01-04 07:57:00,2011-05-16 15:56:00,692,0,0,0,0,0,0,3034,32870,207,11.498688381243852,7,16,40,17,16,43,33,0.3847142107380899,Normal
AKW0167,43821,346,1,3,2010-01-04 07:44:00,2011-05-16 15:45:00,692,0,0,0,0,0,0,3685,39444,201,11.242212637776408,7,16,38,38,20,14,35,0.384609775044057,Normal
ZSL0305,4479,346,1,3,2010-01-04 08:54:00,2011-05-16 17:55:00,692,0,233,0,0,0,0,337,3450,198,12.987720473319937,8,18,21,26,18,41,32,0.38436629137233375,Normal
QPM0727,61735,346,1,3,2010-01-04 07:46:00,2011-05-16 17:12:00,692,0,0,0,0,0,0,4991,56052,191,11.983591155746335,7,17,43,40,18,34,34,0.3842663333064105,Normal
PTH0552,36845,346,1,3,2010-01-04 07:49:00,2011-05-16 18:04:00,957,0,521,0,0,0,0,3018,32870,174,12.551716650834578,7,18,20,13,32,20,28,0.38408469929633865,Normal
CSL0949,4490,346,1,3,2010-01-04 07:08:00,2011-05-16 16:22:00,692,0,0,0,0,0,0,338,3460,165,11.255902004454343,7,16,36,20,18,25,28,0.38406256061353244,Normal
KAT0489,61767,346,1,3,2010-01-04 08:13:00,2011-05-16 17:27:00,692,0,0,0,0,0,0,5023,56052,133,12.314374989881328,8,17,22,41,36,23,26,0.3839969426239129,Normal
WSR0241,37061,346,30,3,2010-01-04 08:00:00,2011-05-16 17:53:00,842,0,496,0,0,0,0,3349,32870,184,12.544210895550579,7,18,35,27,15,25,29,0.3839530703188844,Normal
CKP0721,4489,346,1,3,2010-01-04 07:44:00,2011-05-16 16:51:00,692,0,0,0,0,0,0,337,3460,137,11.763421697482736,7,17,40,39,39,13,32,0.38393169288347123,Normal
ABC0253,36658,346,1,3,2010-01-04 07:34:00,2011-05-16 16:38:00,963,0,0,0,0,0,0,3015,32680,211,11.76308036444978,7,17,21,15,41,30,28,0.38389970329043327,Normal
MBR0724,4490,346,1,3,2010-01-04 07:38:00,2011-05-16 16:45:00,692,0,0,0,0,0,0,338,3460,79,11.706236080178174,7,17,33,44,18,35,31,0.38381775919620226,Normal
MHG0733,61717,346,1,3,2010-01-04 07:58:00,2011-05-16 16:57:00,692,0,0,0,0,0,0,4973,56052,177,11.9964515449552,7,17,43,30,24,42,29,0.3837627862848328,Normal
GRC0145,43760,346,1,3,2010-01-04 08:35:00,2011-05-16 15:47:00,692,0,0,0,0,0,0,3624,39444,212,11.755278793418647,8,16,30,43,24,46,27,0.3836393681034892,Normal
ARL0034,54840,346,1,3,2010-01-04 07:43:00,2011-05-16 15:41:00,692,0,0,0,0,0,0,4670,49478,157,11.226750547045953,7,16,41,39,27,21,26,0.3834656594009259,Normal
FKB0163,36594,346,1,3,2010-01-04 07:14:00,2011-05-16 16:16:00,692,0,0,0,0,0,0,3032,32870,293,11.25709132644696,7,16,39,35,25,39,22,0.383368205838476,Normal
DBG0261,36573,346,1,3,2010-01-04 07:32:00,2011-05-16 16:45:00,692,0,0,0,0,0,0,3011,32870,97,11.723074399146912,7,17,45,47,17,36,28,0.3832287387989219,Normal
ANP0555,36571,346,1,3,2010-01-04 07:50:00,2011-05-16 18:02:00,692,0,570,0,0,0,0,3009,32870,189,12.52415848623226,7,18,13,40,42,23,28,0.383135600476247,Normal
GCC0945,4489,346,1,3,2010-01-04 07:13:00,2011-05-16 16:15:00,692,0,0,0,0,0,0,337,3460,103,11.286700824237023,7,16,30,39,18,25,27,0.38298779255982085,Normal
HSP0290,4480,346,1,3,2010-01-04 08:45:00,2011-05-16 18:00:00,692,0,240,0,0,0,0,338,3450,154,12.941071428571428,8,18,38,15,28,20,27,0.38284295568380927,Normal
KQS0415,36499,346,1,3,2010-01-04 07:47:00,2011-05-16 17:58:00,692,0,510,0,0,0,0,3032,32775,192,12.521219759445465,7,18,35,42,13,14,34,0.3827216812904876,Normal
ZFM0468,4488,346,1,3,2010-01-04 07:57:00,2011-05-16 17:59:00,692,0,240,0,0,0,0,336,3460,145,12.480392156862745,7,18,35,16,20,45,30,0.3827048733111017,Normal
GJD0298,4491,346,1,3,2010-01-04 08:54:00,2011-05-16 18:05:00,692,0,256,0,0,0,0,339,3460,167,13.036072144288577,8,18,43,39,12,40,27,0.38264987702397935,Normal
JCR0770,11729,346,1,3,2010-01-04 08:21:00,2011-05-16 16:29:00,692,0,0,0,0,0,0,1003,10034,136,12.014152954216046,8,16,40,47,24,21,27,0.3826493428221163,Normal
TPH0474,4540,346,1,3,2010-01-04 07:53:00,2011-05-16 17:56:00,692,0,254,0,0,0,0,388,3460,104,12.533700440528634,7,18,44,39,14,21,35,0.382541322219936,Normal
PLH0862,61788,346,1,3,2010-01-04 07:41:00,2011-05-16 17:44:00,692,0,11,0,0,0,0,5044,56052,226,12.210914740726354,7,18,32,37,25,16,32,0.3824335486420142,Normal
EZH0736,61718,346,1,3,2010-01-04 07:51:00,2011-05-16 16:59:00,692,0,0,0,0,0,0,4974,56052,127,12.011925208205062,7,17,44,41,37,19,31,0.3824264885506282,Normal
JXH0493,61752,346,1,3,2010-01-04 08:15:00,2011-05-16 17:10:00,692,0,0,0,0,0,0,5008,56052,169,12.29587705661355,8,17,36,32,23,15,31,0.38227967499630033,Normal
CAN0842,4490,346,1,3,2010-01-04 08:20:00,2011-05-16 19:27:00,692,0,1093,0,0,0,0,338,3460,160,13.49109131403118,8,19,38,41,22,39,29,0.3822125930312346,Normal
GCC0744,61807,346,1,3,2010-01-04 08:00:00,2011-05-16 16:59:00,692,0,0,0,0,0,0,5063,56052,253,12.008251492549388,7,17,35,42,15,25,31,0.3821060234795446,Normal
KAT0270,36607,346,1,3,2010-01-04 07:12:00,2011-05-16 17:11:00,692,0,0,0,0,0,0,3045,32870,296,11.776927909962575,7,17,21,24,39,23,27,0.38201770294876564,Normal
CCM0467,4487,346,1,3,2010-01-04 07:50:00,2011-05-16 17:57:00,692,0,248,0,0,0,0,335,3460,70,12.5206151103187,7,18,43,40,19,26,25,0.3819382681123318,Normal
MKL0941,36535,346,1,3,2010-01-04 07:05:00,2011-05-16 16:13:00,692,0,0,0,0,0,0,2973,32870,173,11.246284384836459,7,16,16,26,20,38,30,0.3819085194522002,Normal
NAB0801,36590,346,1,3,2010-01-04 08:03:00,2011-05-16 17:13:00,692,0,0,0,0,0,0,3028,32870,168,12.269800491937687,8,17,28,34,10,41,29,0.3818402277908742,Normal
JAM0382,36560,346,1,3,2010-01-04 07:46:00,2011-05-16 16:15:00,692,0,0,0,0,0,0,2998,32870,174,11.530880743982495,7,16,25,23,41,17,23,0.3817953689615726,Normal
MMG0943,36704,346,3,3,2010-01-04 07:00:00,2011-05-16 16:16:00,930,0,0,0,0,0,0,2999,32775,245,11.222237358326067,7,16,23,27,28,34,26,0.381719934038922,Normal
DLH0029,36602,346,1,3,2010-01-04 07:37:00,2011-05-16 18:44:00,692,0,3767,0,0,0,0,3040,32870,155,12.770231134910661,7,19,36,26,38,18,31,0.3816562902128569,Normal
ESH0135,4479,346,1,3,2010-01-04 08:50:00,2011-05-16 17:58:00,692,0,241,0,0,0,0,327,3460,201,13.072114311230186,8,18,35,22,32,44,28,0.3816489069383565,Normal
ZCF0590,4471,346,1,3,2010-01-04 08:26:00,2011-05-16 18:30:00,692,0,722,0,0,0,0,329,3450,122,12.985685528964437,8,18,42,42,42,25,31,0.3813450489078403,Normal
NHH0185,11058,346,10,3,2010-01-04 07:15:00,2011-05-16 18:15:00,710,0,784,0,0,0,0,1006,9342,134,12.239464640983902,7,18,41,43,19,21,33,0.38131330200896324,Normal
ECL0930,36874,346,1,3,2010-01-04 07:02:00,2011-05-16 16:17:00,963,0,0,0,0,0,0,3041,32870,147,11.243206595433097,7,16,28,24,40,18,29,0.3812525130414994,Normal
DOL0332,11734,346,1,3,2010-01-04 07:13:00,2011-05-16 18:12:00,692,0,848,0,0,0,0,1008,10034,138,12.268365433782172,7,18,32,40,41,18,24,0.3810952405945471,Normal
ORM0669,36664,346,2,3,2010-01-04 07:49:00,2011-05-16 15:59:00,870,0,0,0,0,0,0,3019,32775,212,11.519337770019638,7,16,44,39,28,39,36,0.38088037662958796,Normal
JPA0667,36542,346,1,3,2010-01-04 07:48:00,2011-05-16 16:04:00,692,0,0,0,0,0,0,2980,32870,224,11.507525586995786,7,16,49,42,34,35,27,0.38080755365679636,Normal
NMF0780,11726,346,1,3,2010-01-04 08:18:00,2011-05-16 16:26:00,692,0,0,0,0,0,0,1000,10034,159,11.997526863380521,8,16,44,38,36,20,34,0.3806660387291032,Normal
VEB0935,36573,346,1,3,2010-01-04 07:07:00,2011-05-16 16:19:00,692,0,0,0,0,0,0,3011,32870,148,11.247751073196074,7,16,46,37,39,20,32,0.3806016029314265,Normal
HPM0986,54867,346,1,3,2010-01-04 07:40:00,2011-05-16 17:55:00,692,0,9,0,0,0,0,4697,49478,206,12.22975559079228,7,18,41,36,38,23,24,0.38057406763741436,Normal
MHG0244,36539,346,1,3,2010-01-04 07:46:00,2011-05-16 17:00:00,692,0,0,0,0,0,0,2977,32870,228,12.013246120583487,7,17,42,46,21,15,22,0.380400093026648,Normal
NCK0295,4486,346,1,3,2010-01-04 08:57:00,2011-05-16 17:55:00,692,0,225,0,0,0,0,334,3460,230,12.9794917521177,8,18,31,30,38,36,34,0.38032888273670756,Normal
BSH0445,36605,346,1,3,2010-01-04 07:59:00,2011-05-16 17:04:00,692,0,0,0,0,0,0,3043,32870,148,11.983745389974047,7,17,38,22,30,15,21,0.38030281529049115,Normal
SCB0534,11740,346,1,3,2010-01-04 08:59:00,2011-05-16 16:57:00,692,0,0,0,0,0,0,1014,10034,166,12.542248722316865,8,17,20,18,35,22,29,0.3801978457864876,Normal
GCS0518,11727,346,1,3,2010-01-04 08:55:00,2011-05-16 17:03:00,692,0,0,0,0,0,0,1001,10034,158,12.519826042466104,8,17,41,36,23,38,21,0.3800979259155501,Normal
JSH0330,11775,346,1,3,2010-01-04 07:14:00,2011-05-16 18:04:00,692,0,794,0,0,0,0,1049,10034,137,12.206284501061571,7,18,20,16,23,24,28,0.38001053905796517,Normal
SJC0333,11959,346,2,3,2010-01-04 07:06:00,2011-05-16 18:13:00,914,0,812,0,0,0,0,1011,10034,153,12.301028514089808,7,18,22,39,31,36,29,0.37993224189961056,Normal
MSD0939,36555,346,1,3,2010-01-04 07:05:00,2011-05-16 16:11:00,692,0,0,0,0,0,0,2993,32870,159,11.248146628368213,7,16,24,37,15,42,31,0.3798625228103477,Normal
MAE0331,11748,346,1,3,2010-01-04 07:08:00,2011-05-16 18:18:00,692,0,835,0,0,0,0,1022,10034,120,12.296561116785837,7,18,36,39,18,12,28,0.37978284443168675,Normal
PES0085,44098,346,1,3,2010-01-04 07:32:00,2011-05-16 16:41:00,960,0,0,0,0,0,0,3694,39444,171,11.710531089845345,7,17,35,24,18,30,22,0.3796534748981666,Normal
NCK0421,36557,346,1,3,2010-01-04 07:55:00,2011-05-16 17:58:00,692,0,525,0,0,0,0,2995,32870,245,12.477008507262632,7,18,40,41,18,43,24,0.37952293012842875,Normal
CAB0388,36677,346,1,3,2010-01-04 08:00:00,2011-05-16 15:59:00,956,0,0,0,0,0,0,2946,32775,155,11.575646863156747,7,16,37,33,23,40,36,0.3795035436926987,Normal
DDM0579,4489,346,1,3,2010-01-04 08:18:00,2011-05-16 18:30:00,692,0,733,0,0,0,0,337,3460,111,13.015816440187123,8,18,33,45,30,37,26,0.37926182612884135,Normal
TBT0461,4491,346,1,3,2010-01-04 07:50:00,2011-05-16 18:12:00,692,0,266,0,0,0,0,339,3460,120,12.465820529948786,7,18,43,42,13,30,28,0.37916508567340823,Normal
CSJ0340,11743,346,1,3,2010-01-04 07:01:00,2011-05-16 18:08:00,692,0,782,0,0,0,0,1017,10034,156,12.356127054415396,7,18,45,24,19,38,25,0.3791278069536491,Normal
PGC0066,43812,346,1,3,2010-01-04 07:58:00,2011-05-16 18:09:00,692,0,689,0,0,0,0,3676,39444,108,12.489934264585045,7,18,32,39,28,43,26,0.3790718165255934,Normal
CGF0337,11738,346,1,3,2010-01-04 07:14:00,2011-05-16 18:15:00,692,0,822,0,0,0,0,1012,10034,172,12.226273641165445,7,18,32,30,43,15,31,0.3790679859619491,Normal
RBB0485,61763,346,1,3,2010-01-04 08:10:00,2011-05-16 17:15:00,692,0,0,0,0,0,0,5019,56052,166,12.295597687936143,8,17,40,40,35,30,26,0.37906594300417423,Normal
PGO0433,36555,346,1,3,2010-01-04 07:53:00,2011-05-16 16:56:00,692,0,0,0,0,0,0,2993,32870,160,11.969634796881412,7,17,44,40,19,46,35,0.37902967884047195,Normal
WJD0576,4486,346,1,3,2010-01-04 08:21:00,2011-05-16 18:23:00,692,0,697,0,0,0,0,334,3460,179,13.050824788230049,8,18,40,20,23,38,26,0.37894223557319884,Normal
CKB0427,36591,346,1,3,2010-01-04 07:57:00,2011-05-16 16:58:00,692,0,0,0,0,0,0,3029,32870,221,12.033669481566506,7,17,38,38,36,43,37,0.37892556693427576,Normal
BEC0505,58649,346,1,3,2010-01-04 08:07:00,2011-05-16 17:12:00,692,0,0,0,0,0,0,5019,52938,174,12.241351088680114,8,17,35,21,30,19,32,0.3787404243039185,Normal
DOP0562,36548,346,1,3,2010-01-04 08:49:00,2011-05-16 17:51:00,692,0,698,0,0,0,0,2986,32870,225,13.012367297800154,8,18,42,16,37,39,31,0.37869707787928797,Normal
SHR0334,11737,346,1,3,2010-01-04 07:10:00,2011-05-16 18:13:00,692,0,884,0,0,0,0,1011,10034,117,12.349067052909602,7,18,36,41,45,19,31,0.3786576035777787,Normal
EMB0531,11989,346,1,3,2010-01-04 08:50:00,2011-05-16 16:58:00,965,0,0,0,0,0,0,990,10034,139,12.517557761281175,8,17,31,41,31,36,36,0.3783394825077238,Normal
ABN0239,36852,346,1,3,2010-01-04 07:49:00,2011-05-16 17:59:00,959,0,575,0,0,0,0,3023,32870,208,12.56675350048844,7,18,21,37,20,39,25,0.3782623842572705,Normal
MKS0204,41742,346,1,3,2010-01-04 07:08:00,2011-05-16 17:13:00,692,0,0,0,0,0,0,3682,37368,109,11.777083033874755,7,17,21,30,21,16,31,0.3782111666779701,Normal
YEV0793,36567,346,1,3,2010-01-04 08:01:00,2011-05-16 17:11:00,692,0,0,0,0,0,0,3005,32870,175,12.248092542456313,8,17,40,37,42,15,22,0.3781826058411829,Normal
AAV0450,4488,346,1,3,2010-01-04 07:49:00,2011-05-16 18:09:00,692,0,232,0,0,0,0,336,3460,120,12.534536541889484,7,18,44,24,36,41,33,0.3781785993466173,Normal
BSS0463,4523,346,2,3,2010-01-04 07:57:00,2011-05-16 17:57:00,728,0,268,0,0,0,0,335,3460,118,12.52973690028742,7,18,32,40,40,38,28,0.3781086619528774,Normal
NBH0256,36584,346,1,3,2010-01-04 07:32:00,2011-05-16 16:43:00,692,0,0,0,0,0,0,3022,32870,128,11.738109556090095,7,17,41,43,14,21,22,0.37777787241154626,Normal
SOB0586,4483,346,1,3,2010-01-04 08:30:00,2011-05-16 18:37:00,692,0,704,0,0,0,0,331,3460,106,13.0104840508588,8,18,45,35,23,24,30,0.3772572844308714,Normal
AKF0709,4483,346,1,3,2010-01-04 07:31:00,2011-05-16 16:43:00,692,0,0,0,0,0,0,331,3460,178,11.75953602498327,7,17,42,31,29,22,32,0.3771938744200326,Normal
BMC0547,36596,346,1,3,2010-01-04 07:55:00,2011-05-16 17:55:00,692,0,547,0,0,0,0,3034,32870,278,12.477046671767406,7,18,41,18,22,21,35,0.37705484887481183,Normal
SGS0268,36588,346,1,3,2010-01-04 07:02:00,2011-05-16 17:14:00,692,0,0,0,0,0,0,3026,32870,167,11.798185197332458,7,17,47,45,30,19,22,0.3770367964100144,Normal
WTF0387,36501,346,1,3,2010-01-04 08:00:00,2011-05-16 16:13:00,692,0,0,0,0,0,0,3034,32775,222,11.51508177858141,7,16,40,23,40,25,24,0.3769166968974422,Normal
GLR0975,44088,346,1,3,2010-01-04 07:47:00,2011-05-16 18:07:00,957,0,633,0,0,0,0,3687,39444,135,12.506986027944112,7,18,33,44,26,24,24,0.3763295770232891,Normal
PKB0429,36584,346,1,3,2010-01-04 07:49:00,2011-05-16 16:59:00,692,0,0,0,0,0,0,3022,32870,210,12.022195495298492,7,17,34,42,43,40,22,0.37622479931829306,Normal
CCW0524,11706,346,1,3,2010-01-04 08:45:00,2011-05-16 17:06:00,692,0,0,0,0,0,0,1009,10005,103,12.477020331453955,8,17,40,25,20,21,25,0.3760766415342757,Normal
KVS0425,36481,346,1,3,2010-01-04 07:58:00,2011-05-16 18:06:00,692,0,609,0,0,0,0,3014,32775,179,12.522683040486829,7,18,20,19,21,30,35,0.3758724416624462,Normal
TLM0797,36571,346,1,3,2010-01-04 08:08:00,2011-05-16 17:13:00,692,0,0,0,0,0,0,3009,32870,246,12.240436411364195,8,17,43,42,34,23,36,0.3757757220491035,Normal
EBC0390,36580,346,1,3,2010-01-04 07:48:00,2011-05-16 16:07:00,692,0,0,0,0,0,0,3018,32870,115,11.518972115910334,7,16,40,40,40,22,33,0.3757078302279446,Normal
CRP0456,4487,346,1,3,2010-01-04 07:46:00,2011-05-16 18:09:00,692,0,274,0,0,0,0,335,3460,116,12.52819255627368,7,18,37,41,28,43,30,0.3756220533818814,Normal
HLM0933,36612,346,1,3,2010-01-04 07:13:00,2011-05-16 16:22:00,692,0,0,0,0,0,0,3050,32870,141,11.311837648858297,7,16,36,24,23,43,30,0.3755895741337273,Normal
JCR0289,4490,346,1,3,2010-01-04 08:58:00,2011-05-16 18:09:00,692,0,272,0,0,0,0,338,3460,112,13.043875278396436,8,18,32,43,33,33,29,0.3755154281034652,Normal
MIL0255,36598,346,1,3,2010-01-04 07:31:00,2011-05-16 16:57:00,692,0,0,0,0,0,0,3036,32870,259,11.694327558883,7,17,38,16,39,21,27,0.3754118514135378,Normal
ALD0529,11937,346,1,3,2010-01-04 08:57:00,2011-05-16 16:52:00,968,0,0,0,0,0,0,993,9976,158,12.489570243779845,8,17,35,21,19,21,27,0.37531808306168896,Normal
HSD0457,4488,346,1,3,2010-01-04 07:58:00,2011-05-16 17:57:00,692,0,239,0,0,0,0,336,3460,129,12.522058823529411,7,18,38,19,20,42,27,0.3752921472485088,Normal
SOG0411,36565,346,1,3,2010-01-04 07:50:00,2011-05-16 18:08:00,692,0,517,0,0,0,0,3003,32870,234,12.43875290578422,7,18,26,19,21,24,23,0.3752466461808248,Normal
OQH0183,11730,346,1,3,2010-01-04 07:12:00,2011-05-16 18:14:00,692,0,812,0,0,0,0,1004,10034,117,12.265814151747655,7,18,34,38,18,33,23,0.37523236825770045,Normal
ASG0048,43767,346,1,3,2010-01-04 07:50:00,2011-05-16 17:03:00,692,0,0,0,0,0,0,3631,39444,222,12.053967601160691,7,17,41,36,19,24,37,0.37498012644379963,Normal
ROB0272,36563,346,1,3,2010-01-04 07:02:00,2011-05-16 17:14:00,691,0,0,0,0,0,0,3002,32870,106,11.742061647020211,7,17,39,45,23,41,34,0.3749630768388336,Normal
HCW0419,36889,346,1,3,2010-01-04 07:47:00,2011-05-16 17:49:00,965,0,521,0,0,0,0,3054,32870,117,12.545203177098864,7,18,40,21,35,34,35,0.37484719585287646,Normal
NJB0243,36667,346,2,3,2010-01-04 07:55:00,2011-05-16 16:59:00,752,0,0,0,0,0,0,3045,32870,210,11.95849128644285,7,17,23,35,37,24,34,0.37460715981349374,Normal
DVW0103,36611,346,1,3,2010-01-04 07:10:00,2011-05-16 17:22:00,692,0,0,0,0,0,0,3049,32870,228,11.788888585397832,7,17,40,45,44,21,29,0.3744809367343184,Normal
RFP0380,36558,346,1,3,2010-01-04 07:54:00,2011-05-16 15:58:00,692,0,0,0,0,0,0,2996,32870,108,11.491602385250834,7,16,39,39,20,20,32,0.37429975535611126,Normal
DLF0377,36587,346,1,3,2010-01-04 07:55:00,2011-05-16 15:58:00,692,0,0,0,0,0,0,3025,32870,127,11.465438543745046,7,16,39,35,19,27,34,0.3741142236932933,Normal
NJC0705,4489,346,1,3,2010-01-04 07:30:00,2011-05-16 16:45:00,692,0,0,0,0,0,0,337,3460,157,11.709289374025396,7,17,43,39,29,36,31,0.3738531287291295,Normal
TSB0437,11746,346,1,3,2010-01-04 07:50:00,2011-05-16 17:00:00,692,0,0,0,0,0,0,1020,10034,139,12.008172995062148,7,17,26,23,16,30,26,0.37357189506428906,Normal
YCE0983,36589,346,1,3,2010-01-04 07:33:00,2011-05-16 17:35:00,692,0,15,0,0,0,0,3027,32870,176,12.259668206291508,7,18,39,21,42,30,36,0.3734889048601862,Normal
THD0448,4486,346,1,3,2010-01-04 07:51:00,2011-05-16 17:56:00,692,0,223,0,0,0,0,334,3460,116,12.505572893446278,7,18,41,32,29,38,32,0.3733419866415159,Normal
SVL0803,36595,346,1,3,2010-01-04 08:00:00,2011-05-16 17:21:00,692,0,0,0,0,0,0,3033,32870,271,12.26145648312611,8,17,27,35,20,36,32,0.37312667097931634,Normal
RRA0938,36841,346,1,3,2010-01-04 07:00:00,2011-05-16 16:11:00,954,0,0,0,0,0,0,3017,32870,120,11.303954832930701,7,16,35,36,21,38,29,0.37301849154279626,Normal
KBC0054,36542,346,1,3,2010-01-04 08:25:00,2011-05-16 17:30:00,692,0,0,0,0,0,0,2980,32870,164,12.54709649170817,8,17,42,43,17,41,32,0.37279554685931177,Normal
PLH0715,4484,346,1,3,2010-01-04 07:42:00,2011-05-16 16:45:00,692,0,0,0,0,0,0,332,3460,165,11.733273862622658,7,17,42,37,19,37,29,0.3726606179152699,Normal
CAM0102,36600,346,1,3,2010-01-04 07:13:00,2011-05-16 17:15:00,692,0,0,0,0,0,0,3038,32870,190,11.774043715846995,7,17,31,44,19,15,27,0.3722473030855664,Normal
HBB0056,36551,346,1,3,2010-01-04 08:18:00,2011-05-16 17:26:00,692,0,0,0,0,0,0,2989,32870,277,12.495472080107247,8,17,37,33,30,21,27,0.3712812333682107,Normal
MDM0976,43836,346,1,3,2010-01-04 07:46:00,2011-05-16 17:56:00,692,0,627,0,0,0,0,3700,39444,131,12.48941509261794,7,18,41,40,38,20,31,0.37065369162371536,Normal
ZJS0269,36572,346,1,3,2010-01-04 07:12:00,2011-05-16 17:13:00,692,0,0,0,0,0,0,3010,32870,101,11.819698129716723,7,17,30,34,16,35,27,0.3703522566560004,Normal
AMH0794,36519,346,1,3,2010-01-04 08:03:00,2011-05-16 17:12:00,692,0,0,0,0,0,0,2957,32870,127,12.251567677099592,8,17,43,42,33,40,31,0.36922450267304124,Normal
RAG0275,36555,346,1,3,2010-01-04 07:02:00,2011-05-16 17:20:00,692,0,0,0,0,0,0,2993,32870,164,11.743974832444263,7,17,23,38,35,41,32,0.36880995897532576,Normal
DGF0443,36569,346,1,3,2010-01-04 07:58:00,2011-05-16 17:05:00,692,0,0,0,0,0,0,3007,32870,159,12.013180562771746,7,17,39,44,18,28,33,0.36867998076364694,Normal
ARA0252,36814,346,1,3,2010-01-04 07:59:00,2011-05-16 16:58:00,963,0,0,0,0,0,0,2981,32870,189,11.976557831259846,7,17,39,39,27,21,35,0.3678812636621062,Normal
HAH0248,36452,346,1,3,2010-01-04 07:50:00,2011-05-16 16:58:00,692,0,0,0,0,0,0,2985,32775,122,12.01876440250192,7,17,33,43,22,18,29,0.3678426547295903,Normal
BHW0458,4485,346,1,3,2010-01-04 07:48:00,2011-05-16 17:57:00,692,0,236,0,0,0,0,333,3460,159,12.473578595317726,7,18,36,32,28,30,29,0.3675505970398737,Normal
SSG0250,36762,346,1,3,2010-01-04 07:51:00,2011-05-16 16:57:00,972,0,0,0,0,0,0,3015,32775,176,12.047902725640608,7,17,35,40,20,36,25,0.3666429255068327,Normal
JCV0245,36601,346,1,3,2010-01-04 07:56:00,2011-05-16 17:00:00,692,0,0,0,0,0,0,3039,32870,212,12.00030053823666,7,17,40,44,22,20,27,0.3663694282734819,Normal
OKB0439,36606,346,1,3,2010-01-04 07:49:00,2011-05-16 16:59:00,692,0,0,0,0,0,0,3044,32870,122,12.028437960990003,7,17,41,42,30,25,27,0.365890688808314,Normal
ONW0083,36564,346,1,3,2010-01-04 07:52:00,2011-05-16 17:09:00,692,0,0,0,0,0,0,3002,32870,178,12.025298107428071,7,17,46,30,25,30,26,0.3657587788932602,Normal
HIA0414,36569,346,1,3,2010-01-04 07:59:00,2011-05-16 18:13:00,692,0,510,0,0,0,0,3007,32870,217,12.467116956985425,7,18,38,39,39,18,31,0.36531305139427533,Normal
CKH0144,36482,346,1,3,2010-01-04 07:02:00,2011-05-16 17:06:00,692,0,0,0,0,0,0,3015,32775,141,11.742366098349871,7,17,34,22,22,35,30,0.3646050702264473,Normal
HRW0550,36581,346,1,3,2010-01-04 07:52:00,2011-05-16 17:55:00,692,0,506,0,0,0,0,3019,32870,122,12.490746562423116,7,18,38,34,24,22,28,0.3643554323502755,Normal
QNF0205,43806,346,1,3,2010-01-04 07:13:00,2011-05-16 17:13:00,692,0,0,0,0,0,0,3670,39444,174,11.790759256722824,7,17,35,41,22,21,29,0.3642080581162334,Normal
ZSK0258,36562,346,1,3,2010-01-04 07:45:00,2011-05-16 16:59:00,692,0,0,0,0,0,0,3000,32870,210,11.80165198840326,7,17,38,35,21,37,25,0.3637129021477804,Normal
