user,department,role,business_unit,login_count,logoff_count,night_login_count,weekend_login_count,unique_pc_count,night_login_ratio,weekend_login_ratio,pc_switching_frequency,usb_connect_count,usb_disconnect_count,usb_total_activity,usb_connect_ratio,file_copy_count,avg_daily_file_copy,max_daily_file_copy,email_sent_count,external_email_count,avg_attachment_count,avg_email_size,external_email_ratio,website_visit_count,unique_domain_count,avg_daily_web_activity,O,C,E,A,N,threat_label
AAE0190,1 - Purchasing,Manager,1,346,346,0,0,1,0.0,0.0,0.0029,0,0,0,0.0,0,0.0,0,4711,2237,0.38,30020.39,0.4748,49478,187,143.0,36.0,30.0,14.0,50.0,29.0,0
AAF0535,3 - FieldService,Technician,1,164,164,0,0,1,0.0,0.0,0.0061,688,342,1030,0.668,357,3.19,11,480,191,0.76,30397.4,0.3979,4878,98,29.74,17.0,21.0,36.0,33.0,31.0,1
AAF0791,1 - Research,Physicist,1,346,346,0,0,1,0.0,0.0,0.0029,0,0,0,0.0,0,0.0,0,3012,1847,0.0,29958.5,0.6132,32870,253,95.0,14.0,40.0,40.0,50.0,34.0,0
AAL0706,3 - Assembly,ProductionLineWorker,1,346,346,0,0,1,0.0,0.0,0.0029,0,0,0,0.0,0,0.0,0,336,189,0.43,29828.18,0.5625,3460,168,10.0,37.0,14.0,28.0,13.0,25.0,0
AAM0658,3 - FieldService,Technician,1,229,229,5,1,1,0.0218,0.0044,0.0044,13,6,19,0.6842,31,10.33,11,659,331,0.93,29895.53,0.5023,6498,117,28.88,43.0,35.0,37.0,36.0,22.0,1
AAN0823,3 - Assembly,ProductionLineWorker,1,346,346,0,0,1,0.0,0.0,0.0029,0,0,0,0.0,0,0.0,0,339,171,0.44,29791.21,0.5044,3450,104,10.0,24.0,16.0,45.0,24.0,28.0,0
AAS0442,3 - Engineering,Technician,1,86,50,0,0,1,0.0,0.0,0.0116,0,0,0,0.0,0,0.0,0,145,67,0.88,30387.1,0.4621,1450,55,29.0,36.0,43.0,22.0,22.0,31.0,0
AAV0450,3 - Assembly,ProductionLineWorker,1,346,346,0,0,1,0.0,0.0,0.0029,0,0,0,0.0,0,0.0,0,336,169,0.37,30101.82,0.503,3460,106,10.0,44.0,24.0,36.0,41.0,33.0,0
AAW0353,3 - Assembly,AssemblySupervisor,1,346,346,0,0,1,0.0,0.0,0.0029,0,0,0,0.0,0,0.0,0,1000,504,0.0,29620.0,0.504,10034,95,29.0,49.0,45.0,19.0,25.0,34.0,0
ABC0174,2 - Sales,Salesman,1,533,296,0,83,1,0.0,0.1557,0.0019,1276,634,1910,0.6681,589,3.15,12,4239,2307,0.23,29848.88,0.5442,48095,216,162.48,15.0,41.0,34.0,13.0,32.0,1
ABC0253,3 - Engineering,ElectricalEngineer,1,617,346,0,0,1,0.0,0.0,0.0016,0,0,0,0.0,0,0.0,0,3015,1478,0.21,30265.86,0.4902,32680,167,95.0,21.0,15.0,41.0,30.0,28.0,0
ABH0663,3 - Assembly,AssemblySupervisor,1,346,346,0,0,1,0.0,0.0,0.0029,0,0,0,0.0,0,0.0,0,1006,544,0.22,29335.43,0.5408,10034,164,29.0,47.0,49.0,41.0,11.0,34.0,0
ABM0845,3 - Assembly,ProductionLineWorker,1,633,369,0,0,2,0.0,0.0,0.0032,0,0,0,0.0,0,0.0,0,340,197,0.27,29456.2,0.5794,3460,145,10.0,45.0,21.0,35.0,50.0,29.0,0
ABN0239,2 - SoftwareManagement,SoftwareEngineer,1,613,346,0,0,1,0.0,0.0,0.0016,0,0,0,0.0,0,0.0,0,3023,1418,0.4,30014.55,0.4691,32870,175,95.0,21.0,37.0,20.0,39.0,25.0,0
ACC0042,6 - Security,ITAdmin,1,1362,1362,650,0,618,0.4772,0.0,0.4537,0,0,0,0.0,0,0.0,0,3676,1749,0.59,30021.77,0.4758,39336,182,113.69,23.0,19.0,37.0,20.0,31.0,0
ACV0812,2 - SoftwareManagement,ComputerProgrammer,1,770,509,71,5,2,0.0922,0.0065,0.0026,0,0,0,0.0,0,0.0,0,3040,1065,0.54,30008.49,0.3503,31140,124,90.0,42.0,37.0,12.0,45.0,28.0,0
ADC0391,2 - SoftwareManagement,SoftwareEngineer,1,622,346,0,0,1,0.0,0.0,0.0016,0,0,0,0.0,0,0.0,0,3057,1312,0.76,29973.25,0.4292,32870,159,95.0,50.0,43.0,40.0,33.0,38.0,0
ADD0846,3 - Assembly,ProductionLineWorker,1,346,346,0,0,1,0.0,0.0,0.0029,0,0,0,0.0,0,0.0,0,333,160,0.52,30745.54,0.4805,3460,104,10.0,18.0,19.0,25.0,12.0,35.0,0
ADF0397,2 - SoftwareManagement,SoftwareEngineer,1,346,346,0,0,1,0.0,0.0,0.0029,0,0,0,0.0,0,0.0,0,3038,1649,0.2,29737.62,0.5428,32870,209,95.0,39.0,16.0,10.0,40.0,35.0,0
AES0827,3 - Assembly,ProductionLineWorker,1,346,346,0,0,1,0.0,0.0,0.0029,0,0,0,0.0,0,0.0,0,336,194,0.0,29789.62,0.5774,3450,198,10.0,39.0,40.0,34.0,38.0,23.0,0
AGB0186,3 - FieldService,Technician,1,346,346,0,0,1,0.0,0.0,0.0029,0,0,0,0.0,0,0.0,0,1003,417,0.0,29865.22,0.4158,10034,110,29.0,18.0,10.0,41.0,15.0,35.0,0
AGB0643,3 - FieldService,Technician,1,346,346,0,0,1,0.0,0.0,0.0029,0,0,0,0.0,0,0.0,0,1012,568,0.36,30272.85,0.5613,10034,177,29.0,32.0,39.0,20.0,44.0,27.0,0
AHC0142,4 - QualityControl,Engineer,1,755,442,0,66,3,0.0,0.0874,0.004,0,0,0,0.0,0,0.0,0,3382,1573,0.55,30189.72,0.4651,36670,166,95.0,34.0,23.0,40.0,15.0,26.0,0
AHD0848,3 - Assembly,ProductionLineWorker,1,731,431,0,55,22,0.0,0.0752,0.0301,299,149,448,0.6674,199,3.26,9,376,155,0.72,29807.82,0.4122,3820,99,10.0,24.0,30.0,49.0,16.0,30.0,0
AHG0634,3 - FieldService,Technician,1,294,171,2,0,2,0.0068,0.0,0.0068,0,0,0,0.0,0,0.0,0,463,288,0.54,30719.27,0.622,4740,172,30.0,31.0,36.0,42.0,41.0,27.0,0
AHM0410,3 - Engineering,SystemsEngineer,1,725,458,0,6,3,0.0,0.0083,0.0041,782,388,1170,0.6684,2198,8.62,18,3063,1098,0.63,29957.75,0.3585,33440,63,95.0,34.0,43.0,15.0,18.0,26.0,0
AIB0948,3 - Assembly,ProductionLineWorker,1,741,466,0,0,34,0.0,0.0,0.0459,5963,2973,8936,0.6673,1669,5.32,15,328,164,0.2,30101.59,0.5,3460,131,10.0,42.0,31.0,27.0,20.0,31.0,0
AIH0675,1 - Research,Scientist,1,346,346,0,0,1,0.0,0.0,0.0029,0,0,0,0.0,0,0.0,0,2994,1450,0.42,30023.19,0.4843,32775,157,95.0,25.0,39.0,38.0,40.0,37.0,0
AIM0627,2 - Sales,Salesman,1,346,346,0,0,1,0.0,0.0,0.0029,0,0,0,0.0,0,0.0,0,5009,2282,0.0,29983.92,0.4556,55890,194,162.0,36.0,39.0,16.0,41.0,23.0,0
AIP0394,2 - SoftwareManagement,SoftwareEngineer,1,643,382,27,3,1,0.042,0.0047,0.0016,0,0,0,0.0,0,0.0,0,3044,1424,0.59,30219.26,0.4678,32775,195,95.0,17.0,16.0,38.0,14.0,26.0,0
AIP0982,3 - Training,ManagementTrainer,1,636,364,0,0,2,0.0,0.0,0.0031,729,363,1092,0.6676,6182,25.76,27,3328,1419,0.56,29854.28,0.4264,34500,86,100.0,43.0,20.0,43.0,41.0,33.0,0
AIS0405,2 - SoftwareManagement,SoftwareEngineer,1,346,346,0,0,1,0.0,0.0,0.0029,0,0,0,0.0,0,0.0,0,2995,1610,0.45,29678.2,0.5376,32870,235,95.0,40.0,45.0,14.0,37.0,35.0,0
AJC0840,3 - Assembly,ProductionLineWorker,1,346,346,0,0,1,0.0,0.0,0.0029,0,0,0,0.0,0,0.0,0,364,188,0.24,30738.02,0.5165,3460,92,10.0,14.0,24.0,19.0,33.0,37.0,0
AJD0074,3 - Engineering,AdministrativeAssistant,1,750,452,0,74,2,0.0,0.0987,0.0027,294,144,438,0.6712,515,4.86,11,3781,1957,0.57,30120.36,0.5176,44118,163,114.0,19.0,37.0,45.0,22.0,34.0,0
AJF0370,6 - Security,ITAdmin,1,1777,1490,711,77,661,0.4001,0.0433,0.372,8502,4241,12743,0.6672,11053,29.63,54,3927,2194,0.56,30341.45,0.5587,42445,235,113.79,37.0,33.0,11.0,15.0,36.0,0
AJH0175,2 - Sales,Salesman,1,405,405,40,0,1,0.0988,0.0,0.0025,317,158,475,0.6674,236,3.28,9,4976,2455,0.21,30211.93,0.4934,52938,136,153.0,19.0,19.0,16.0,33.0,37.0,0
AJL0462,3 - Assembly,ProductionLineWorker,1,652,382,30,2,1,0.046,0.0031,0.0015,0,0,0,0.0,0,0.0,0,338,165,0.54,30044.62,0.4882,3114,96,9.0,16.0,24.0,44.0,31.0,28.0,0
AJN0607,2 - Sales,Salesman,1,721,456,0,0,2,0.0,0.0,0.0028,2061,1028,3089,0.6672,820,3.52,12,5022,2549,0.74,29752.1,0.5076,56052,171,162.0,45.0,42.0,16.0,47.0,23.0,0
AJP0723,3 - Assembly,ProductionLineWorker,1,346,346,0,0,1,0.0,0.0,0.0029,0,0,0,0.0,0,0.0,0,337,174,0.0,30177.99,0.5163,3460,94,10.0,24.0,29.0,17.0,12.0,29.0,0
AJR0319,2 - Sales,Salesman,1,812,446,0,181,1,0.0,0.2229,0.0012,0,0,0,0.0,0,0.0,0,6434,2917,0.51,30299.0,0.4534,72252,153,162.0,40.0,13.0,37.0,16.0,24.0,0
AJR0932,2 - SoftwareManagement,ComputerProgrammer,1,199,199,3,0,1,0.0151,0.0,0.005,38,19,57,0.6667,47,23.5,24,1709,760,0.0,30017.51,0.4447,18527,175,95.01,46.0,30.0,35.0,12.0,29.0,1
AKC0924,1 - Research,Scientist,1,346,346,0,0,1,0.0,0.0,0.0029,0,0,0,0.0,0,0.0,0,3047,1501,0.44,29946.52,0.4926,32870,140,95.0,40.0,44.0,35.0,37.0,27.0,0
AKF0709,3 - Assembly,ProductionLineWorker,1,346,346,0,0,1,0.0,0.0,0.0029,0,0,0,0.0,0,0.0,0,331,204,0.0,29338.92,0.6163,3460,143,10.0,42.0,31.0,29.0,22.0,32.0,0
AKH0758,3 - FieldService,Technician,1,346,346,0,0,1,0.0,0.0,0.0029,0,0,0,0.0,0,0.0,0,1008,385,0.41,30344.75,0.3819,10005,71,29.0,24.0,38.0,40.0,37.0,27.0,0
AKK0329,3 - FieldService,Technician,1,346,346,0,0,1,0.0,0.0,0.0029,0,0,0,0.0,0,0.0,0,1011,632,0.69,29979.56,0.6251,10034,223,29.0,45.0,22.0,25.0,39.0,22.0,0
AKR0057,1 - Research,AdministrativeAssistant,1,419,243,0,0,13,0.0,0.0,0.031,966,480,1446,0.668,540,3.53,10,2459,1103,0.18,30059.79,0.4486,26463,177,114.56,50.0,41.0,20.0,18.0,30.0,1
AKW0167,2 - Sales,AdministrativeAssistant,1,346,346,0,0,1,0.0,0.0,0.0029,0,0,0,0.0,0,0.0,0,3685,1769,0.21,30094.18,0.4801,39444,169,114.0,38.0,38.0,20.0,14.0,35.0,0
ALB0892,3 - FieldService,Technician,1,235,235,0,58,1,0.0,0.2468,0.0043,0,0,0,0.0,0,0.0,0,680,259,0.22,29952.01,0.3809,6815,83,29.0,25.0,19.0,44.0,22.0,30.0,0
ALC0788,3 - Assembly,AssemblySupervisor,1,346,346,0,0,1,0.0,0.0,0.0029,0,0,0,0.0,0,0.0,0,1004,541,0.67,30369.64,0.5388,10034,192,29.0,34.0,18.0,15.0,36.0,35.0,0
ALD0529,3 - FieldService,Technician,1,622,346,0,0,1,0.0,0.0,0.0016,0,0,0,0.0,0,0.0,0,993,506,0.58,30285.17,0.5096,9976,134,29.0,35.0,21.0,19.0,21.0,27.0,0
ALD0544,1 - Research,Mathematician,1,346,346,0,0,1,0.0,0.0,0.0029,0,0,0,0.0,0,0.0,0,2971,1365,0.7,30073.18,0.4594,32775,133,95.0,16.0,18.0,18.0,13.0,32.0,0
ALH0402,2 - SoftwareManagement,SoftwareEngineer,1,346,346,0,0,1,0.0,0.0,0.0029,0,0,0,0.0,0,0.0,0,3039,1432,0.42,29808.01,0.4712,32870,150,95.0,43.0,23.0,43.0,46.0,32.0,0
AMD0077,3 - Engineering,ChiefEngineer,1,346,346,0,0,1,0.0,0.0,0.0029,0,0,0,0.0,0,0.0,0,5984,2814,0.37,29734.4,0.4703,65740,163,190.0,23.0,19.0,12.0,25.0,25.0,0
AMH0464,3 - Assembly,ProductionLineWorker,1,346,346,0,0,1,0.0,0.0,0.0029,0,0,0,0.0,0,0.0,0,337,152,0.38,29419.11,0.451,3460,85,10.0,45.0,16.0,42.0,37.0,21.0,0
AMH0794,1 - Research,Physicist,1,346,346,0,0,1,0.0,0.0,0.0029,0,0,0,0.0,0,0.0,0,2957,939,0.45,29991.36,0.3176,32870,112,95.0,43.0,42.0,33.0,40.0,31.0,0
AMJ0297,3 - Assembly,ProductionLineWorker,1,346,346,0,0,1,0.0,0.0,0.0029,0,0,0,0.0,0,0.0,0,330,155,0.0,30637.56,0.4697,3460,126,10.0,16.0,43.0,50.0,18.0,28.0,0
AMM0014,5 - Medical,Director,1,346,346,0,0,1,0.0,0.0,0.0029,0,0,0,0.0,0,0.0,0,6029,3280,0.0,30108.53,0.544,65740,239,190.0,48.0,38.0,15.0,44.0,36.0,0
AMR0318,2 - Sales,Salesman,1,641,372,16,2,1,0.025,0.0031,0.0016,281,140,421,0.6675,230,3.11,9,4974,1784,0.2,30119.86,0.3587,56052,134,162.0,45.0,50.0,17.0,25.0,21.0,0
AMR0400,2 - SoftwareManagement,SoftwareEngineer,1,346,346,0,0,1,0.0,0.0,0.0029,0,0,0,0.0,0,0.0,0,2987,1400,0.0,29819.66,0.4687,32870,172,95.0,19.0,16.0,47.0,28.0,28.0,0
AMV0036,6 - Security,SecurityGuard,1,346,346,0,0,1,0.0,0.0,0.0029,0,0,0,0.0,0,0.0,0,4711,2496,0.0,29808.88,0.5298,49478,232,143.0,43.0,36.0,42.0,37.0,26.0,0
AMW0392,2 - SoftwareManagement,ComputerScientist,1,804,450,0,177,1,0.0,0.2201,0.0012,0,0,0,0.0,0,0.0,0,3956,1824,0.18,29891.06,0.4611,40500,208,90.0,47.0,47.0,22.0,44.0,26.0,0
ANM0123,2 - ManufacturingEngineering,AdministrativeAssistant,1,50,32,0,0,2,0.0,0.0,0.04,57,28,85,0.6706,47,3.92,8,270,160,0.68,29891.67,0.5926,2850,103,114.0,22.0,15.0,16.0,21.0,26.0,0
ANP0555,1 - Research,Mathematician,1,346,346,0,0,1,0.0,0.0,0.0029,0,0,0,0.0,0,0.0,0,3009,1438,0.0,29985.16,0.4779,32870,155,95.0,13.0,40.0,42.0,23.0,28.0,0
ANT0430,3 - Engineering,TestEngineer,1,651,371,0,0,3,0.0,0.0,0.0046,0,0,0,0.0,0,0.0,0,3003,1193,0.71,29809.3,0.3973,32870,112,95.0,12.0,19.0,23.0,48.0,31.0,0
AOB0019,1 - Personnel,HumanResourceSpecialist,1,346,346,0,0,1,0.0,0.0,0.0029,0,0,0,0.0,0,0.0,0,3638,1406,0.21,29894.59,0.3865,39444,101,114.0,11.0,17.0,13.0,24.0,28.0,0
AOK0844,3 - Assembly,ProductionLineWorker,1,746,440,17,209,15,0.0228,0.2802,0.0201,809,402,1211,0.668,1321,5.1,14,370,171,0.57,30846.64,0.4622,3830,123,10.0,11.0,30.0,44.0,26.0,31.0,0
AOS0987,4 - Safety,HealthSafetyEngineer,1,709,440,0,0,3,0.0,0.0,0.0042,0,0,0,0.0,0,0.0,0,3017,1621,0.52,29971.71,0.5373,31140,194,90.0,16.0,32.0,40.0,30.0,27.0,0
APG0307,3 - Assembly,ProductionLineWorker,1,346,346,0,0,1,0.0,0.0,0.0029,0,0,0,0.0,0,0.0,0,330,152,0.4,29305.42,0.4606,3460,135,10.0,43.0,39.0,36.0,43.0,22.0,0
AQD0820,2 - SoftwareManagement,SoftwareEngineer,1,346,346,0,0,1,0.0,0.0,0.0029,0,0,0,0.0,0,0.0,0,3018,1483,0.4,30396.97,0.4914,32870,181,95.0,41.0,31.0,27.0,24.0,39.0,0
ARA0252,3 - Engineering,MechanicalEngineer,1,617,346,0,0,1,0.0,0.0,0.0016,0,0,0,0.0,0,0.0,0,2981,1486,0.69,29871.84,0.4985,32870,155,95.0,39.0,39.0,27.0,21.0,35.0,0
ARB0834,3 - Assembly,ProductionLineWorker,1,211,211,0,0,1,0.0,0.0,0.0047,0,0,0,0.0,0,0.0,0,207,135,0.45,29684.71,0.6522,2110,121,10.0,40.0,42.0,40.0,49.0,26.0,0
ARB0881,3 - FieldService,Technician,1,346,346,0,0,1,0.0,0.0,0.0029,0,0,0,0.0,0,0.0,0,1016,547,0.75,29696.37,0.5384,10034,135,29.0,38.0,46.0,43.0,10.0,35.0,0
ARD0509,3 - FieldService,Technician,1,362,362,0,0,3,0.0,0.0,0.0083,0,0,0,0.0,0,0.0,0,994,361,0.62,30588.82,0.3632,10380,82,30.0,50.0,40.0,35.0,32.0,32.0,0
ARL0034,6 - Security,SecurityGuard,1,346,346,0,0,1,0.0,0.0,0.0029,0,0,0,0.0,0,0.0,0,4670,2232,0.35,30079.11,0.4779,49478,125,143.0,41.0,39.0,27.0,21.0,26.0,0
ASB0796,1 - Research,Mathematician,1,265,265,0,0,1,0.0,0.0,0.0038,0,0,0,0.0,0,0.0,0,2298,1145,0.37,30290.53,0.4983,25175,196,95.0,30.0,40.0,23.0,38.0,34.0,0
ASD0577,3 - Assembly,ProductionLineWorker,1,346,346,0,0,1,0.0,0.0,0.0029,0,0,0,0.0,0,0.0,0,329,214,0.0,30248.66,0.6505,3450,182,10.0,40.0,48.0,36.0,14.0,37.0,0
ASG0048,Unknown,AdministrativeAssistant,1,346,346,0,0,1,0.0,0.0,0.0029,0,0,0,0.0,0,0.0,0,3631,1751,0.82,29989.74,0.4822,39444,178,114.0,41.0,36.0,19.0,24.0,37.0,0
ASG0692,2 - SoftwareManagement,ComputerScientist,1,346,346,0,0,1,0.0,0.0,0.0029,0,0,0,0.0,0,0.0,0,2990,1494,0.24,29707.75,0.4997,32870,169,95.0,26.0,40.0,41.0,23.0,27.0,0
ASL0378,1 - Research,Scientist,1,620,346,0,0,1,0.0,0.0,0.0016,0,0,0,0.0,0,0.0,0,2992,1183,0.47,30163.78,0.3954,32870,103,95.0,15.0,15.0,41.0,21.0,27.0,0
ASM0575,3 - Assembly,ProductionLineWorker,1,621,346,0,0,1,0.0,0.0,0.0016,0,0,0,0.0,0,0.0,0,330,167,0.86,29928.48,0.5061,3450,115,10.0,42.0,25.0,21.0,45.0,30.0,0
ASS0206,6 - Security,SecurityGuard,1,346,346,0,0,1,0.0,0.0,0.0029,0,0,0,0.0,0,0.0,0,4660,2380,0.0,29922.06,0.5107,49335,165,143.0,12.0,18.0,20.0,28.0,30.0,0
ASS0517,3 - FieldService,Technician,1,615,346,0,0,1,0.0,0.0,0.0016,0,0,0,0.0,0,0.0,0,1011,415,0.56,30654.52,0.4105,10034,89,29.0,36.0,35.0,47.0,44.0,32.0,0
ASV0946,3 - Assembly,ProductionLineWorker,1,610,346,0,0,1,0.0,0.0,0.0016,0,0,0,0.0,0,0.0,0,331,159,0.86,30807.5,0.4804,3450,103,10.0,35.0,12.0,46.0,17.0,26.0,0
ATE0869,2 - Sales,Salesman,1,903,524,10,250,4,0.0111,0.2769,0.0044,419,209,628,0.6672,522,3.81,10,7519,3911,0.6,29953.61,0.5201,74205,222,153.0,13.0,15.0,40.0,44.0,33.0,0
ATF0274,3 - Engineering,HardwareEngineer,1,346,346,0,0,1,0.0,0.0,0.0029,0,0,0,0.0,0,0.0,0,3019,1676,0.62,29615.14,0.5552,32870,197,95.0,20.0,45.0,48.0,27.0,28.0,0
ATP0662,2 - SoftwareManagement,Manager,1,766,479,66,48,2,0.0862,0.0627,0.0026,784,390,1174,0.6678,1273,5.39,14,5103,2675,0.75,29872.84,0.5242,53339,198,143.0,17.0,16.0,41.0,20.0,39.0,0
AVM0947,3 - Assembly,ProductionLineWorker,1,375,375,0,0,30,0.0,0.0,0.08,5984,2986,8970,0.6671,7701,22.26,27,337,136,0.22,30544.87,0.4036,3114,52,9.0,10.0,25.0,30.0,44.0,39.0,0
AWM0764,3 - FieldService,Technician,1,346,346,0,0,1,0.0,0.0,0.0029,0,0,0,0.0,0,0.0,0,1003,573,0.22,29951.93,0.5713,10034,170,29.0,47.0,37.0,39.0,42.0,36.0,0
BAH0875,2 - Sales,Salesman,1,465,465,72,5,3,0.1548,0.0108,0.0065,0,0,0,0.0,0,0.0,0,5386,2188,0.17,30133.13,0.4062,56052,132,162.0,43.0,19.0,26.0,17.0,30.0,0
BAJ0654,3 - FieldService,Technician,1,388,388,13,0,42,0.0335,0.0,0.1082,279,139,418,0.6675,2919,25.16,27,986,403,0.52,29923.32,0.4087,10034,63,29.0,36.0,10.0,47.0,10.0,41.0,0
BAK0964,3 - Assembly,ProductionLineWorker,1,346,346,0,0,1,0.0,0.0,0.0029,0,0,0,0.0,0,0.0,0,340,130,0.39,30463.99,0.3824,3460,81,10.0,25.0,16.0,22.0,18.0,28.0,0
BAL0044,6 - Security,ITAdmin,1,1709,1437,678,2,628,0.3967,0.0012,0.3675,2258,1128,3386,0.6669,2900,10.07,31,3696,1873,0.65,30091.77,0.5068,41379,209,119.59,14.0,41.0,26.0,44.0,30.0,0
BAM0611,2 - Sales,Salesman,1,611,346,0,0,1,0.0,0.0,0.0016,0,0,0,0.0,0,0.0,0,5016,1997,0.61,29957.36,0.3981,56052,141,162.0,25.0,30.0,39.0,23.0,25.0,0
BAM0636,3 - FieldService,Technician,1,346,346,0,0,1,0.0,0.0,0.0029,0,0,0,0.0,0,0.0,0,1001,413,0.19,29857.72,0.4126,10005,72,29.0,13.0,40.0,46.0,42.0,39.0,0
BBG0325,2 - Sales,Salesman,1,643,368,0,0,2,0.0,0.0,0.0031,729,361,1090,0.6688,349,3.12,8,5032,2500,0.5,29732.18,0.4968,56052,174,162.0,41.0,50.0,30.0,37.0,40.0,0
BBH0810,2 - SoftwareManagement,ComputerProgrammer,1,346,346,0,0,1,0.0,0.0,0.0029,0,0,0,0.0,0,0.0,0,3035,1465,0.0,30306.33,0.4827,32870,173,95.0,40.0,25.0,10.0,21.0,32.0,0
BBS0039,6 - Security,ITAdmin,1,663,663,324,0,385,0.4887,0.0,0.5807,4,2,6,0.6667,1,1.0,1,1679,918,0.42,29753.77,0.5468,17878,185,113.87,44.0,37.0,34.0,21.0,40.0,1
BBS0422,3 - Engineering,ElectricalEngineer,1,498,498,62,69,3,0.1245,0.1386,0.006,305,151,456,0.6689,499,4.75,14,3487,1330,0.55,29867.85,0.3814,37525,103,95.0,39.0,42.0,29.0,41.0,18.0,0
BCB0679,1 - Research,Mathematician,1,577,361,0,0,3,0.0,0.0,0.0052,0,0,0,0.0,0,0.0,0,2439,1374,0.69,30062.65,0.5633,26695,230,95.0,46.0,36.0,39.0,31.0,31.0,0
BCM0653,3 - FieldService,Technician,1,346,346,0,0,1,0.0,0.0,0.0029,0,0,0,0.0,0,0.0,0,1021,602,0.2,30178.98,0.5896,10034,204,29.0,45.0,34.0,41.0,18.0,31.0,0
BCR0581,3 - Assembly,ProductionLineWorker,1,692,418,0,0,3,0.0,0.0,0.0043,0,0,0,0.0,0,0.0,0,329,152,0.74,29933.5,0.462,3460,123,10.0,20.0,11.0,34.0,36.0,30.0,0
BDB0453,3 - Assembly,ProductionLineWorker,1,400,400,45,0,1,0.1125,0.0,0.0025,0,0,0,0.0,0,0.0,0,338,174,0.0,29332.66,0.5148,3460,127,10.0,41.0,42.0,27.0,41.0,26.0,0
BDI0533,3 - FieldService,Technician,1,862,516,0,187,2,0.0,0.2169,0.0023,1840,918,2758,0.6672,2458,6.14,14,1302,682,0.54,29780.52,0.5238,13530,188,30.0,37.0,36.0,15.0,41.0,19.0,0
BDV0168,2 - Sales,Salesman,1,170,170,4,0,1,0.0235,0.0,0.0059,32,16,48,0.6667,36,18.0,21,2427,1150,0.35,30064.23,0.4738,26733,146,162.02,45.0,31.0,19.0,21.0,31.0,1
BEC0505,2 - Sales,Salesman,1,346,346,0,0,1,0.0,0.0,0.0029,0,0,0,0.0,0,0.0,0,5019,2395,0.53,30000.26,0.4772,52938,152,153.0,35.0,21.0,30.0,19.0,32.0,0
BEH0615,2 - Sales,Salesman,1,690,406,0,2,22,0.0,0.0029,0.0319,780,386,1166,0.669,268,2.63,9,5123,1934,0.53,30103.44,0.3775,57024,113,162.0,24.0,20.0,50.0,22.0,26.0,0
BER0314,2 - Sales,Salesman,1,346,346,0,0,1,0.0,0.0,0.0029,0,0,0,0.0,0,0.0,0,4963,2499,0.2,30238.16,0.5035,56052,210,162.0,23.0,20.0,18.0,19.0,32.0,0
BHC0665,3 - FieldService,FieldServiceEngineer,1,463,463,0,0,3,0.0,0.0,0.0065,0,0,0,0.0,0,0.0,0,2973,1163,0.78,30245.27,0.3912,32775,118,95.0,14.0,21.0,12.0,12.0,32.0,0
BHW0458,3 - Assembly,ProductionLineWorker,1,346,346,0,0,1,0.0,0.0,0.0029,0,0,0,0.0,0,0.0,0,333,155,0.46,30922.69,0.4655,3460,141,10.0,36.0,32.0,28.0,30.0,29.0,0
BIH0745,2 - Sales,Salesman,1,148,148,4,0,1,0.027,0.0,0.0068,22,11,33,0.6667,41,13.67,15,2087,1304,0.7,29749.16,0.6248,23329,253,162.01,43.0,39.0,50.0,27.0,25.0,1
BIS0247,3 - Engineering,MechanicalEngineer,1,664,392,40,6,1,0.0602,0.009,0.0015,232,116,348,0.6667,418,4.92,13,2984,1395,0.2,30203.46,0.4675,31140,161,90.0,36.0,19.0,18.0,39.0,37.0,0
BJH0354,2 - Sales,Manager,1,346,346,0,0,1,0.0,0.0,0.0029,0,0,0,0.0,0,0.0,0,4727,1610,0.0,29868.26,0.3406,49478,107,143.0,22.0,21.0,31.0,20.0,36.0,0
BJH0811,2 - SoftwareManagement,ComputerProgrammer,1,346,346,0,0,1,0.0,0.0,0.0029,0,0,0,0.0,0,0.0,0,3038,1658,0.0,29900.2,0.5458,32870,248,95.0,48.0,39.0,44.0,14.0,40.0,0
BJM0111,3 - Engineering,Technician,1,442,442,55,34,1,0.1244,0.0769,0.0023,5821,2902,8723,0.6673,7841,21.31,27,1082,425,0.66,29881.52,0.3928,10672,98,29.0,22.0,24.0,39.0,41.0,19.0,0
BJP0134,3 - Assembly,ProductionLineWorker,1,615,351,0,0,6,0.0,0.0,0.0098,5940,2963,8903,0.6672,8072,23.33,27,338,165,0.61,30323.77,0.4882,3460,106,10.0,42.0,17.0,44.0,21.0,39.0,0
BJW0619,2 - Sales,Salesman,1,346,346,0,0,1,0.0,0.0,0.0029,0,0,0,0.0,0,0.0,0,4973,2315,0.2,29861.96,0.4655,56052,127,162.0,30.0,43.0,47.0,21.0,39.0,0
BKW0374,6 - Security,ITAdmin,1,1358,1358,638,0,620,0.4698,0.0,0.4566,0,0,0,0.0,0,0.0,0,3612,1644,0.34,30058.34,0.4551,39388,140,113.84,41.0,38.0,17.0,46.0,27.0,0
BLB0114,3 - Engineering,MechanicalEngineer,1,696,413,0,0,2,0.0,0.0,0.0029,0,0,0,0.0,0,0.0,0,3016,1469,0.89,30060.93,0.4871,31140,154,90.0,38.0,48.0,41.0,15.0,22.0,0
BLL0929,2 - SoftwareManagement,ComputerScientist,1,346,346,0,0,1,0.0,0.0,0.0029,0,0,0,0.0,0,0.0,0,2981,1415,0.44,30055.58,0.4747,32870,209,95.0,44.0,49.0,10.0,41.0,39.0,0
BLS0678,1 - Research,Mathematician,1,366,205,3,0,1,0.0082,0.0,0.0027,8,4,12,0.6667,5,5.0,5,1729,871,0.68,29768.92,0.5038,19097,198,95.01,35.0,17.0,43.0,28.0,31.0,1
BMC0547,1 - Research,Physicist,1,346,346,0,0,1,0.0,0.0,0.0029,0,0,0,0.0,0,0.0,0,3034,1664,0.0,30296.59,0.5485,32870,208,95.0,41.0,18.0,22.0,21.0,35.0,0
BMG0917,1 - Research,Physicist,1,638,367,18,3,1,0.0282,0.0047,0.0016,5955,2974,8929,0.6669,7692,22.23,27,3039,1183,0.2,29831.99,0.3893,34600,116,100.0,43.0,36.0,41.0,23.0,34.0,0
BMM0112,3 - Engineering,Technician,1,346,346,0,0,1,0.0,0.0,0.0029,0,0,0,0.0,0,0.0,0,1013,500,0.35,29920.38,0.4936,10034,100,29.0,40.0,36.0,24.0,40.0,25.0,0
BMS0877,2 - Sales,Salesman,1,126,126,0,0,1,0.0,0.0,0.0079,0,0,0,0.0,0,0.0,0,1786,758,0.75,29865.21,0.4244,20412,101,162.0,31.0,50.0,11.0,43.0,33.0,0
BMT0528,3 - FieldService,Technician,1,372,372,0,0,2,0.0,0.0,0.0054,1420,707,2127,0.6676,1903,6.06,16,1010,479,0.76,30206.81,0.4743,10034,119,29.0,33.0,25.0,39.0,25.0,30.0,0
BNG0237,2 - SoftwareManagement,SoftwareEngineer,1,609,346,0,0,1,0.0,0.0,0.0016,0,0,0,0.0,0,0.0,0,3008,1129,0.8,29886.68,0.3753,32870,74,95.0,39.0,36.0,36.0,47.0,27.0,0
BNR0965,3 - Assembly,ProductionLineWorker,1,616,346,0,0,1,0.0,0.0,0.0016,0,0,0,0.0,0,0.0,0,333,179,0.72,29342.4,0.5375,3460,154,10.0,47.0,19.0,15.0,20.0,22.0,0
BQS0525,3 - FieldService,Technician,1,56,56,0,16,8,0.0,0.2857,0.1429,782,389,1171,0.6678,57,2.59,5,142,64,0.54,29700.32,0.4507,1323,87,27.0,42.0,38.0,19.0,45.0,30.0,0
BRB0355,3 - FieldService,FieldServiceEngineer,1,949,603,0,214,3,0.0,0.2255,0.0032,1792,894,2686,0.6672,712,3.03,13,4389,1725,0.55,29998.23,0.393,45500,120,100.0,33.0,21.0,37.0,19.0,29.0,0
BRM0995,1 - IndustrialEngineering,IndustrialEngineer,1,642,373,5,0,4,0.0078,0.0,0.0062,5932,2959,8891,0.6672,590,3.33,10,3044,1472,0.55,29647.36,0.4836,34600,169,100.0,20.0,11.0,32.0,26.0,40.0,0
BRS0734,2 - Sales,Salesman,1,110,110,0,17,1,0.0,0.1545,0.0091,256,128,384,0.6667,1845,24.6,27,1497,570,0.62,29545.8,0.3808,17820,92,162.0,32.0,39.0,47.0,10.0,30.0,0
BSA0431,3 - Engineering,TestEngineer,1,346,346,0,0,1,0.0,0.0,0.0029,0,0,0,0.0,0,0.0,0,3044,1781,0.2,29985.48,0.5851,32870,212,95.0,50.0,41.0,19.0,40.0,29.0,0
BSB0990,2 - SoftwareManagement,SoftwareEngineer,1,346,346,0,0,1,0.0,0.0,0.0029,0,0,0,0.0,0,0.0,0,3015,1223,0.42,29914.03,0.4056,32870,157,95.0,34.0,44.0,13.0,43.0,37.0,0
BSH0445,3 - Engineering,TestEngineer,1,346,346,0,0,1,0.0,0.0,0.0029,0,0,0,0.0,0,0.0,0,3043,1454,0.41,29617.1,0.4778,32870,126,95.0,38.0,22.0,30.0,15.0,21.0,0
BSS0369,6 - Security,ITAdmin,1,962,962,403,180,504,0.4189,0.1871,0.5239,5472,2732,8204,0.667,2295,10.29,28,2300,1018,0.21,30380.56,0.4426,28561,147,120.0,39.0,42.0,34.0,14.0,32.0,1
BSS0463,3 - Assembly,ProductionLineWorker,1,364,364,0,0,2,0.0,0.0,0.0055,0,0,0,0.0,0,0.0,0,335,155,0.97,30654.18,0.4627,3460,110,10.0,32.0,40.0,40.0,38.0,28.0,0
BTL0226,1 - Research,Physicist,1,406,241,5,0,20,0.0123,0.0,0.0493,16,8,24,0.6667,4,2.0,3,1862,905,0.52,30082.82,0.486,20238,146,95.01,36.0,44.0,37.0,38.0,31.0,1
BTL0722,3 - Assembly,ProductionLineWorker,1,346,346,0,0,1,0.0,0.0,0.0029,0,0,0,0.0,0,0.0,0,334,199,0.46,29629.79,0.5958,3460,160,10.0,39.0,41.0,36.0,17.0,49.0,0
BTN0061,1 - Research,Scientist,1,700,432,0,0,17,0.0,0.0,0.0243,0,0,0,0.0,0,0.0,0,3031,1251,0.77,30221.63,0.4127,32870,131,95.0,42.0,21.0,22.0,20.0,22.0,0
BTR0403,2 - SoftwareManagement,ComputerScientist,1,688,426,0,0,21,0.0,0.0,0.0305,756,376,1132,0.6678,520,3.35,12,3003,1617,0.19,29821.28,0.5385,32870,208,95.0,47.0,47.0,21.0,17.0,28.0,0
BTS0011,2 - EmployeeRelations,Director,1,346,346,0,0,1,0.0,0.0,0.0029,0,0,0,0.0,0,0.0,0,5930,2577,0.38,29872.3,0.4346,65740,136,190.0,25.0,42.0,16.0,25.0,29.0,0
BTW0005,Unknown,VicePresident,1,466,466,0,0,2,0.0,0.0,0.0043,0,0,0,0.0,0,0.0,0,8950,4692,0.67,30050.93,0.5242,98610,250,285.0,33.0,39.0,18.0,18.0,27.0,0
BVC0790,3 - FieldService,FieldServiceEngineer,1,960,625,44,192,3,0.0458,0.2,0.0031,1749,870,2619,0.6678,975,3.68,13,3768,1951,0.55,29657.49,0.5178,41135,151,95.0,24.0,18.0,18.0,36.0,38.0,0
BVN0514,3 - FieldService,Technician,1,118,118,0,0,2,0.0,0.0,0.0169,0,0,0,0.0,0,0.0,0,327,114,0.22,29945.36,0.3486,3190,71,29.0,36.0,23.0,30.0,23.0,22.0,0
BWH0813,2 - SoftwareManagement,ComputerScientist,1,346,346,0,0,1,0.0,0.0,0.0029,0,0,0,0.0,0,0.0,0,3035,1362,0.71,30203.2,0.4488,32870,149,95.0,36.0,36.0,33.0,20.0,30.0,0
BWP0202,3 - Contracts,Attorney,1,803,532,64,7,2,0.0797,0.0087,0.0025,257,128,385,0.6675,627,6.33,12,3663,1788,0.5,29822.82,0.4881,39444,145,114.0,20.0,36.0,15.0,25.0,28.0,0
BXJ0010,1 - Personnel,Director,1,346,346,0,0,1,0.0,0.0,0.0029,0,0,0,0.0,0,0.0,0,6058,2938,0.0,29889.29,0.485,65740,141,190.0,46.0,24.0,30.0,35.0,34.0,0
BYP0070,2 - SoftwareManagement,SoftwareEngineer,1,238,238,0,0,1,0.0,0.0,0.0042,0,0,0,0.0,0,0.0,0,2060,923,0.0,30034.85,0.4481,22610,158,95.0,30.0,19.0,41.0,21.0,33.0,0
CAA0612,2 - Sales,Salesman,1,613,346,0,0,1,0.0,0.0,0.0016,254,126,380,0.6684,641,6.47,15,5372,2490,0.61,29935.17,0.4635,58820,126,170.0,20.0,41.0,32.0,42.0,31.0,0
CAB0388,1 - Research,Scientist,1,610,346,0,0,1,0.0,0.0,0.0016,0,0,0,0.0,0,0.0,0,2946,1478,0.65,29721.98,0.5017,32775,129,95.0,37.0,33.0,23.0,40.0,36.0,0
CAB0614,2 - Sales,Salesman,1,688,424,0,0,15,0.0,0.0,0.0218,733,365,1098,0.6676,931,4.59,11,5335,2882,0.61,30084.89,0.5402,56052,198,162.0,17.0,38.0,22.0,12.0,34.0,0
CAC0889,3 - FieldService,Technician,1,60,60,0,0,1,0.0,0.0,0.0167,0,0,0,0.0,0,0.0,0,170,94,0.15,29852.23,0.5529,1740,70,29.0,46.0,49.0,32.0,41.0,27.0,0
CAH0936,2 - SoftwareManagement,ComputerScientist,1,354,213,5,0,19,0.0141,0.0,0.0537,25,12,37,0.6757,42,10.5,19,1512,758,0.62,30168.6,0.5013,17202,185,100.01,40.0,22.0,39.0,50.0,24.0,1
CAM0102,3 - Engineering,ComputerScientist,1,346,346,0,0,1,0.0,0.0,0.0029,0,0,0,0.0,0,0.0,0,3038,1308,0.0,30064.14,0.4305,32870,157,95.0,31.0,44.0,19.0,15.0,27.0,0
CAM0681,2 - SoftwareManagement,ComputerScientist,1,613,346,0,0,1,0.0,0.0,0.0016,717,357,1074,0.6676,759,3.97,10,3033,1437,0.5,30071.68,0.4738,34600,149,100.0,41.0,43.0,45.0,10.0,28.0,0
CAN0842,3 - Assembly,ProductionLineWorker,1,346,346,0,0,1,0.0,0.0,0.0029,0,0,0,0.0,0,0.0,0,338,204,0.0,30382.39,0.6036,3460,138,10.0,38.0,41.0,22.0,39.0,29.0,0
CAS0507,3 - FieldService,Technician,1,735,466,7,0,3,0.0095,0.0,0.0041,759,378,1137,0.6675,6290,25.36,27,1003,633,0.53,30450.5,0.6311,10005,211,29.0,14.0,46.0,33.0,11.0,25.0,0
CBB0365,6 - Security,ITAdmin,1,1758,1498,683,0,634,0.3885,0.0,0.3606,0,0,0,0.0,0,0.0,0,3690,1321,0.43,30152.39,0.358,39444,86,114.0,37.0,17.0,20.0,41.0,33.0,0
CBG0398,2 - SoftwareManagement,SoftwareEngineer,1,346,346,0,0,1,0.0,0.0,0.0029,0,0,0,0.0,0,0.0,0,3019,1618,0.37,30194.97,0.5359,32870,210,95.0,40.0,21.0,41.0,10.0,24.0,0
CBG0490,2 - Sales,Salesman,1,346,346,0,0,1,0.0,0.0,0.0029,0,0,0,0.0,0,0.0,0,5029,2417,0.36,29676.48,0.4806,56052,136,162.0,50.0,31.0,35.0,10.0,29.0,0
CCA0046,6 - Security,ITAdmin,1,804,804,377,0,447,0.4689,0.0,0.556,1511,753,2264,0.6674,1678,9.48,31,2157,791,0.55,29716.27,0.3667,22744,104,113.15,36.0,43.0,25.0,15.0,28.0,1
CCC0393,2 - SoftwareManagement,ComputerProgrammer,1,346,346,0,0,1,0.0,0.0,0.0029,0,0,0,0.0,0,0.0,0,3056,1446,0.21,30161.35,0.4732,32870,215,95.0,35.0,30.0,40.0,16.0,26.0,0
CCH0182,3 - FieldService,Technician,1,346,346,0,0,1,0.0,0.0,0.0029,0,0,0,0.0,0,0.0,0,1012,481,0.69,30127.17,0.4753,10034,107,29.0,42.0,44.0,47.0,23.0,29.0,0
CCH0685,2 - SoftwareManagement,ComputerScientist,1,638,369,0,0,2,0.0,0.0,0.0031,0,0,0,0.0,0,0.0,0,3049,1391,0.79,29715.95,0.4562,32870,185,95.0,47.0,24.0,42.0,34.0,29.0,0
CCL0068,2 - SoftwareManagement,ComputerScientist,1,288,288,0,0,1,0.0,0.0,0.0035,1262,629,1891,0.6674,630,3.23,9,2521,1177,0.33,30118.68,0.4669,27464,171,95.36,13.0,16.0,23.0,19.0,23.0,1
CCM0136,3 - Assembly,ProductionLineWorker,1,633,364,0,0,2,0.0,0.0,0.0032,239,119,358,0.6676,137,2.91,7,334,143,0.64,30172.84,0.4281,3096,106,9.0,16.0,16.0,39.0,40.0,29.0,0
CCM0467,3 - Assembly,ProductionLineWorker,1,346,346,0,0,1,0.0,0.0,0.0029,0,0,0,0.0,0,0.0,0,335,146,0.42,29466.96,0.4358,3460,65,10.0,43.0,40.0,19.0,26.0,25.0,0
CCM0855,2 - Sales,Salesman,1,346,346,0,0,1,0.0,0.0,0.0029,0,0,0,0.0,0,0.0,0,5114,2690,0.17,30064.64,0.526,56052,213,162.0,31.0,24.0,19.0,36.0,29.0,0
CCR0863,2 - Sales,Salesman,1,346,346,0,0,1,0.0,0.0,0.0029,0,0,0,0.0,0,0.0,0,5096,3023,0.0,30049.95,0.5932,56052,238,162.0,20.0,30.0,37.0,14.0,29.0,0
CCW0031,6 - Security,Manager,1,346,346,0,0,1,0.0,0.0,0.0029,0,0,0,0.0,0,0.0,0,4717,2232,0.4,29988.18,0.4732,49478,132,143.0,33.0,47.0,30.0,39.0,33.0,0
CCW0524,3 - FieldService,Technician,1,346,346,0,0,1,0.0,0.0,0.0029,0,0,0,0.0,0,0.0,0,1009,472,0.41,29789.68,0.4678,10005,93,29.0,40.0,25.0,20.0,21.0,25.0,0
CEB0210,6 - Security,SecurityGuard,1,346,346,0,0,1,0.0,0.0,0.0029,0,0,0,0.0,0,0.0,0,4610,2208,0.37,29876.16,0.479,49335,162,143.0,42.0,24.0,44.0,23.0,34.0,0
CEJ0109,3 - Engineering,TestEngineer,1,318,318,0,0,1,0.0,0.0,0.0031,1274,636,1910,0.667,679,3.23,8,2751,1249,0.0,30070.17,0.454,30330,134,95.38,21.0,46.0,17.0,17.0,32.0,1
CEL0561,2 - SoftwareManagement,ComputerProgrammer,1,615,346,0,0,1,0.0,0.0,0.0016,0,0,0,0.0,0,0.0,0,3001,1539,0.46,30010.5,0.5128,32775,213,95.0,40.0,39.0,36.0,19.0,40.0,0
CFG0959,3 - Assembly,ProductionLineWorker,1,437,437,0,0,2,0.0,0.0,0.0046,0,0,0,0.0,0,0.0,0,338,141,0.75,30478.77,0.4172,3460,40,10.0,42.0,21.0,24.0,17.0,20.0,0
CFM0767,3 - FieldService,Technician,1,682,414,31,0,7,0.0455,0.0,0.0103,745,370,1115,0.6682,778,3.91,12,1005,459,0.19,29538.92,0.4567,10034,98,29.0,46.0,23.0,22.0,35.0,29.0,0
CFW0264,3 - Engineering,MaterialsEngineer,1,60,60,0,0,1,0.0,0.0,0.0167,0,0,0,0.0,0,0.0,0,524,252,0.0,29970.17,0.4809,5700,108,95.0,19.0,32.0,17.0,20.0,27.0,0
CGA0629,2 - Sales,Salesman,1,346,346,0,0,1,0.0,0.0,0.0029,0,0,0,0.0,0,0.0,0,5046,1969,0.0,30159.67,0.3902,56052,137,162.0,36.0,35.0,24.0,49.0,28.0,0
CGB0637,3 - FieldService,Technician,1,610,346,0,0,1,0.0,0.0,0.0016,2155,1073,3228,0.6676,2333,6.8,14,1020,581,0.54,29599.21,0.5696,10034,179,29.0,20.0,20.0,15.0,20.0,29.0,0
CGF0337,3 - FieldService,Technician,1,346,346,0,0,1,0.0,0.0,0.0029,0,0,0,0.0,0,0.0,0,1012,496,0.0,30229.95,0.4901,10034,148,29.0,32.0,30.0,43.0,15.0,31.0,0
CHG0146,1 - Accounting,Manager,1,346,346,0,0,1,0.0,0.0,0.0029,0,0,0,0.0,0,0.0,0,4648,2644,0.4,30104.34,0.5688,49478,244,143.0,40.0,20.0,39.0,19.0,35.0,0
CHM0821,3 - Assembly,ProductionLineWorker,1,749,472,10,0,3,0.0134,0.0,0.004,733,365,1098,0.6676,1228,5.46,12,338,174,0.81,30288.72,0.5148,3460,102,10.0,48.0,11.0,39.0,19.0,23.0,0
CIG0052,1 - Research,AdministrativeAssistant,1,346,346,0,0,1,0.0,0.0,0.0029,0,0,0,0.0,0,0.0,0,3689,1710,0.18,30055.58,0.4635,39444,180,114.0,17.0,45.0,17.0,16.0,24.0,0
CIM0271,3 - Engineering,ComputerScientist,1,634,363,0,0,3,0.0,0.0,0.0047,1442,717,2159,0.6679,1552,5.09,14,2991,1093,0.65,29820.76,0.3654,32870,99,95.0,24.0,27.0,10.0,20.0,38.0,0
CIM0926,1 - Research,Scientist,1,230,230,0,0,2,0.0,0.0,0.0087,0,0,0,0.0,0,0.0,0,2004,982,0.19,29854.25,0.49,21755,128,95.0,31.0,25.0,41.0,17.0,31.0,0
CJC0494,2 - Sales,Salesman,1,346,346,0,0,1,0.0,0.0,0.0029,0,0,0,0.0,0,0.0,0,5031,1930,0.4,29897.9,0.3836,56052,133,162.0,40.0,39.0,39.0,42.0,42.0,0
CJF0802,1 - Research,Mathematician,1,679,421,41,4,2,0.0604,0.0059,0.0029,0,0,0,0.0,0,0.0,0,3030,1272,0.57,30135.25,0.4198,34600,128,100.0,36.0,39.0,38.0,43.0,21.0,0
CJG0470,3 - Assembly,ProductionLineWorker,1,346,346,0,0,1,0.0,0.0,0.0029,0,0,0,0.0,0,0.0,0,337,129,0.0,29734.33,0.3828,3460,73,10.0,44.0,45.0,22.0,32.0,24.0,0
CJH0702,3 - Assembly,ProductionLineWorker,1,346,346,0,0,1,0.0,0.0,0.0029,0,0,0,0.0,0,0.0,0,337,153,0.0,30796.31,0.454,3460,73,10.0,46.0,24.0,30.0,25.0,37.0,0
CJK0200,2 - Pricing,PurchasingClerk,1,346,346,0,0,1,0.0,0.0,0.0029,0,0,0,0.0,0,0.0,0,3674,1664,0.0,29841.54,0.4529,39444,150,114.0,40.0,29.0,24.0,38.0,31.0,0
CJM0138,3 - Assembly,ProductionLineWorker,1,346,346,0,0,1,0.0,0.0,0.0029,0,0,0,0.0,0,0.0,0,326,134,0.76,29543.41,0.411,3460,75,10.0,10.0,40.0,21.0,17.0,23.0,0
CJM0521,3 - FieldService,Technician,1,464,464,0,113,1,0.0,0.2435,0.0022,0,0,0,0.0,0,0.0,0,1334,645,0.19,29703.81,0.4835,13427,112,29.0,13.0,18.0,37.0,18.0,24.0,0
CJP0952,3 - Assembly,ProductionLineWorker,1,653,381,7,1,2,0.0107,0.0015,0.0031,0,0,0,0.0,0,0.0,0,335,174,0.54,31003.98,0.5194,3460,79,10.0,45.0,18.0,25.0,18.0,27.0,0
CJV0286,3 - Engineering,Technician,1,617,346,0,0,1,0.0,0.0,0.0016,0,0,0,0.0,0,0.0,0,1006,457,0.78,29673.04,0.4543,10034,143,29.0,18.0,14.0,17.0,13.0,26.0,0
CKB0427,3 - Engineering,TestEngineer,1,346,346,0,0,1,0.0,0.0,0.0029,0,0,0,0.0,0,0.0,0,3029,1558,0.43,29678.71,0.5144,32870,174,95.0,38.0,38.0,36.0,43.0,37.0,0
CKB0482,2 - Sales,Salesman,1,346,346,0,0,1,0.0,0.0,0.0029,0,0,0,0.0,0,0.0,0,5036,2821,0.0,30096.39,0.5602,56052,238,162.0,36.0,48.0,37.0,46.0,25.0,0
CKD0680,1 - Research,Scientist,1,346,346,0,0,1,0.0,0.0,0.0029,0,0,0,0.0,0,0.0,0,3045,1487,0.41,29655.2,0.4883,32870,161,95.0,18.0,50.0,24.0,18.0,28.0,0
CKH0144,4 - QualityControl,Engineer,1,346,346,0,0,1,0.0,0.0,0.0029,0,0,0,0.0,0,0.0,0,3015,1373,0.68,30003.75,0.4554,32775,121,95.0,34.0,22.0,22.0,35.0,30.0,0
CKP0721,3 - Assembly,ProductionLineWorker,1,346,346,0,0,1,0.0,0.0,0.0029,0,0,0,0.0,0,0.0,0,337,184,0.0,30501.41,0.546,3460,123,10.0,40.0,39.0,39.0,13.0,32.0,0
CLB0774,3 - FieldService,Technician,1,424,424,54,7,1,0.1274,0.0165,0.0024,5966,2978,8944,0.667,7246,20.94,27,1000,558,0.52,30632.36,0.558,10034,177,29.0,49.0,23.0,22.0,17.0,31.0,0
CLD0894,3 - FieldService,Technician,1,346,346,0,0,1,0.0,0.0,0.0029,0,0,0,0.0,0,0.0,0,1011,493,0.0,30291.09,0.4876,10034,151,29.0,19.0,21.0,50.0,16.0,36.0,0
CLF0852,2 - Sales,Salesman,1,737,459,0,0,3,0.0,0.0,0.0041,0,0,0,0.0,0,0.0,0,4988,2775,0.85,30240.76,0.5563,56052,259,162.0,36.0,45.0,28.0,18.0,26.0,0
CLH0703,3 - Assembly,ProductionLineWorker,1,346,346,0,0,1,0.0,0.0,0.0029,0,0,0,0.0,0,0.0,0,332,181,0.18,30767.29,0.5452,3460,150,10.0,48.0,41.0,47.0,28.0,29.0,0
CLS0296,3 - Assembly,ProductionLineWorker,1,346,346,0,0,1,0.0,0.0,0.0029,0,0,0,0.0,0,0.0,0,336,146,0.0,29733.99,0.4345,3460,86,10.0,27.0,16.0,25.0,18.0,33.0,0
CMB0912,2 - SoftwareManagement,Manager,1,860,518,0,140,46,0.0,0.1628,0.0535,0,0,0,0.0,0,0.0,0,5723,3042,0.55,30058.77,0.5315,60489,251,143.0,46.0,43.0,16.0,22.0,31.0,0
CMM0487,2 - Sales,Salesman,1,346,346,0,0,1,0.0,0.0,0.0029,0,0,0,0.0,0,0.0,0,5005,2915,0.0,30117.78,0.5824,55890,242,162.0,39.0,22.0,42.0,40.0,30.0,0
CMS0454,3 - Assembly,ProductionLineWorker,1,346,346,0,0,1,0.0,0.0,0.0029,0,0,0,0.0,0,0.0,0,336,127,0.44,30040.62,0.378,3450,62,10.0,43.0,23.0,28.0,15.0,25.0,0
CMW0783,3 - FieldService,Technician,1,346,346,0,0,1,0.0,0.0,0.0029,0,0,0,0.0,0,0.0,0,996,499,0.0,30226.08,0.501,10034,119,29.0,21.0,35.0,14.0,16.0,26.0,0
CNB0900,3 - FieldService,Technician,1,346,346,0,0,1,0.0,0.0,0.0029,0,0,0,0.0,0,0.0,0,1007,490,0.0,30422.75,0.4866,10005,98,29.0,34.0,43.0,38.0,16.0,27.0,0
CNE0352,3 - Engineering,ChiefEngineer,1,346,346,0,0,1,0.0,0.0,0.0029,0,0,0,0.0,0,0.0,0,5950,2560,0.2,29856.72,0.4303,65740,68,190.0,39.0,22.0,44.0,15.0,30.0,0
CNM0800,1 - Research,Scientist,1,346,346,0,0,1,0.0,0.0,0.0029,0,0,0,0.0,0,0.0,0,2994,1101,0.76,29596.25,0.3677,32870,82,95.0,32.0,11.0,40.0,38.0,24.0,0
COF0120,1 - IndustrialEngineering,AdministrativeAssistant,1,298,298,28,5,1,0.094,0.0168,0.0034,0,0,0,0.0,0,0.0,0,2554,1034,0.57,30144.46,0.4049,29754,125,114.0,14.0,12.0,38.0,13.0,35.0,0
COM0321,2 - Sales,Salesman,1,346,346,0,0,1,0.0,0.0,0.0029,0,0,0,0.0,0,0.0,0,5016,2557,0.0,30029.99,0.5098,56052,223,162.0,38.0,18.0,34.0,18.0,27.0,0
CPG0322,2 - Sales,Salesman,1,503,503,0,0,35,0.0,0.0,0.0696,258,129,387,0.6667,337,3.74,11,5012,2427,0.62,29862.16,0.4842,52938,130,153.0,17.0,13.0,19.0,24.0,36.0,0
CQH0701,3 - Assembly,ProductionLineWorker,1,617,346,0,0,1,0.0,0.0,0.0016,271,134,405,0.6691,243,3.47,8,334,203,0.57,30279.32,0.6078,3460,157,10.0,35.0,50.0,39.0,50.0,32.0,0
CQH0730,2 - Sales,Salesman,1,346,346,0,0,1,0.0,0.0,0.0029,0,0,0,0.0,0,0.0,0,5068,1798,0.2,30003.44,0.3548,56052,97,162.0,21.0,18.0,37.0,49.0,27.0,0
CQW0652,3 - FieldService,Technician,1,327,327,0,0,1,0.0,0.0,0.0031,1330,662,1992,0.6677,696,3.19,10,974,463,0.0,30414.46,0.4754,9603,156,29.37,10.0,22.0,48.0,20.0,33.0,1
CRD0624,2 - Sales,Salesman,1,50,50,5,0,1,0.1,0.0,0.02,0,0,0,0.0,0,0.0,0,638,313,0.22,30184.84,0.4906,7290,131,162.0,26.0,22.0,17.0,39.0,32.0,0
CRK0916,1 - Research,Physicist,1,627,370,18,4,1,0.0287,0.0064,0.0016,0,0,0,0.0,0,0.0,0,3363,1654,0.21,29900.41,0.4918,32870,175,95.0,32.0,46.0,26.0,19.0,32.0,0
CRO0027,4 - Safety,HealthSafetyEngineer,1,642,367,8,2,3,0.0125,0.0031,0.0047,0,0,0,0.0,0,0.0,0,3037,1452,0.55,30120.91,0.4781,34600,136,100.0,19.0,30.0,28.0,46.0,26.0,0
CRP0456,3 - Assembly,ProductionLineWorker,1,346,346,0,0,1,0.0,0.0,0.0029,0,0,0,0.0,0,0.0,0,335,149,0.83,30152.34,0.4448,3460,106,10.0,37.0,41.0,28.0,43.0,30.0,0
CSB0080,3 - Engineering,AdministrativeAssistant,1,346,346,0,0,1,0.0,0.0,0.0029,0,0,0,0.0,0,0.0,0,3715,1995,0.0,30023.06,0.537,39444,215,114.0,35.0,19.0,39.0,34.0,36.0,0
CSC0217,6 - Security,ITAdmin,1,467,467,216,0,289,0.4625,0.0,0.6188,4,2,6,0.6667,1,1.0,1,1158,595,0.0,29798.45,0.5138,12885,180,114.03,40.0,15.0,30.0,38.0,28.0,1
CSH0626,2 - Sales,Salesman,1,801,493,52,87,3,0.0649,0.1086,0.0037,0,0,0,0.0,0,0.0,0,5340,2440,0.6,29980.6,0.4569,63990,126,162.0,33.0,17.0,41.0,18.0,23.0,0
CSJ0340,3 - FieldService,Technician,1,346,346,0,0,1,0.0,0.0,0.0029,0,0,0,0.0,0,0.0,0,1017,571,0.35,30519.85,0.5615,10034,133,29.0,45.0,24.0,19.0,38.0,25.0,0
CSL0949,3 - Assembly,ProductionLineWorker,1,346,346,0,0,1,0.0,0.0,0.0029,0,0,0,0.0,0,0.0,0,338,190,0.0,29402.04,0.5621,3460,146,10.0,36.0,20.0,18.0,25.0,28.0,0
CSP0197,1 - Purchasing,PurchasingClerk,1,743,465,0,0,2,0.0,0.0,0.0027,0,0,0,0.0,0,0.0,0,3676,1752,0.58,30055.52,0.4766,39444,180,114.0,37.0,44.0,17.0,13.0,26.0,0
CTA0020,1 - Personnel,HumanResourceSpecialist,1,639,371,0,0,4,0.0,0.0,0.0063,5942,2965,8907,0.6671,606,3.14,10,3640,1859,0.59,29958.48,0.5107,37368,171,108.0,36.0,50.0,11.0,22.0,34.0,0
CTR0341,3 - FieldService,Technician,1,996,608,92,277,3,0.0924,0.2781,0.003,0,0,0,0.0,0,0.0,0,1467,593,0.61,30059.06,0.4042,14239,99,29.0,45.0,39.0,23.0,13.0,28.0,0
CTR0697,3 - Assembly,ProductionLineWorker,1,613,350,3,0,1,0.0049,0.0,0.0016,0,0,0,0.0,0,0.0,0,334,179,0.7,28874.18,0.5359,3460,104,10.0,36.0,15.0,33.0,25.0,34.0,0
CTW0500,2 - Sales,Salesman,1,346,346,0,0,1,0.0,0.0,0.0029,0,0,0,0.0,0,0.0,0,4974,2475,0.8,30084.47,0.4976,56052,196,162.0,38.0,36.0,20.0,35.0,35.0,0
CUD0795,1 - Research,Physicist,1,346,346,0,0,1,0.0,0.0,0.0029,0,0,0,0.0,0,0.0,0,3023,1341,0.83,30136.14,0.4436,32870,155,95.0,12.0,40.0,30.0,44.0,24.0,0
CWB0065,2 - SoftwareManagement,ComputerScientist,1,731,457,0,0,2,0.0,0.0,0.0027,0,0,0,0.0,0,0.0,0,2985,1484,0.49,29808.77,0.4972,32775,214,95.0,50.0,33.0,14.0,20.0,23.0,0
CWR0502,2 - Sales,Salesman,1,696,426,0,0,2,0.0,0.0,0.0029,694,346,1040,0.6673,765,3.88,13,4677,2383,0.54,29971.3,0.5095,56052,214,162.0,41.0,49.0,25.0,45.0,27.0,0
CXC0336,3 - FieldService,Technician,1,346,346,0,0,1,0.0,0.0,0.0029,0,0,0,0.0,0,0.0,0,1000,397,0.43,29963.96,0.397,10005,78,29.0,23.0,19.0,34.0,35.0,34.0,0
CYA0506,3 - FieldService,Technician,1,105,105,0,0,1,0.0,0.0,0.0095,0,0,0,0.0,0,0.0,0,301,142,0.0,30156.38,0.4718,3045,109,29.0,16.0,17.0,44.0,14.0,31.0,0
DAG0558,2 - SoftwareManagement,ComputerProgrammer,1,346,346,0,0,1,0.0,0.0,0.0029,0,0,0,0.0,0,0.0,0,2983,1636,0.35,29920.06,0.5484,32870,210,95.0,20.0,16.0,37.0,25.0,26.0,0
DAL0673,1 - Research,Physicist,1,629,364,0,0,3,0.0,0.0,0.0048,661,330,991,0.667,352,2.98,8,3008,1470,0.5,29781.55,0.4887,34500,150,100.0,39.0,35.0,46.0,41.0,36.0,0
DAR0885,3 - FieldService,Technician,1,58,58,7,17,5,0.1207,0.2931,0.0862,0,0,0,0.0,0,0.0,0,109,66,0.55,28966.21,0.6055,1073,131,29.0,43.0,43.0,44.0,41.0,25.0,0
DBB0384,1 - Research,Scientist,1,346,346,0,0,1,0.0,0.0,0.0029,5932,2956,8888,0.6674,8543,24.69,27,3001,1372,0.22,30375.62,0.4572,32870,130,95.0,40.0,41.0,28.0,37.0,27.0,0
DBG0261,3 - Engineering,ElectricalEngineer,1,346,346,0,0,1,0.0,0.0,0.0029,0,0,0,0.0,0,0.0,0,3011,1211,0.33,30153.12,0.4022,32870,86,95.0,45.0,47.0,17.0,36.0,28.0,0
DBS0235,1 - Research,Scientist,1,374,374,0,0,29,0.0,0.0,0.0775,0,0,0,0.0,0,0.0,0,3034,1813,0.22,29941.48,0.5976,32870,257,95.0,30.0,38.0,18.0,37.0,33.0,0
DBW0483,2 - Sales,Salesman,1,345,346,0,0,1,0.0,0.0,0.0029,0,0,0,0.0,0,0.0,0,5068,1940,0.37,30121.22,0.3828,56052,119,162.0,17.0,16.0,25.0,21.0,37.0,0
DCC0160,2 - Sales,Director,1,346,346,0,0,1,0.0,0.0,0.0029,0,0,0,0.0,0,0.0,0,6027,2243,0.36,29868.07,0.3722,65740,105,190.0,36.0,39.0,33.0,42.0,27.0,0
DCH0843,3 - Assembly,ProductionLineWorker,1,294,294,3,1,1,0.0102,0.0034,0.0034,46,23,69,0.6667,38,9.5,13,281,151,0.4,29451.92,0.5374,2891,121,9.97,20.0,31.0,11.0,18.0,36.0,1
DDA0476,2 - Sales,Salesman,1,346,346,0,0,1,0.0,0.0,0.0029,0,0,0,0.0,0,0.0,0,5045,2235,0.43,29936.71,0.443,56052,158,162.0,36.0,25.0,39.0,13.0,39.0,0
DDM0579,3 - Assembly,ProductionLineWorker,1,346,346,0,0,1,0.0,0.0,0.0029,0,0,0,0.0,0,0.0,0,337,168,0.0,30285.91,0.4985,3460,103,10.0,33.0,45.0,30.0,37.0,26.0,0
DEB0782,3 - FieldService,Technician,1,346,346,0,0,1,0.0,0.0,0.0029,0,0,0,0.0,0,0.0,0,1004,472,0.49,30315.22,0.4701,10005,94,29.0,42.0,47.0,32.0,21.0,36.0,0
DFH0188,3 - FieldService,Technician,1,702,431,0,0,3,0.0,0.0,0.0043,807,401,1208,0.668,6281,25.02,27,1012,413,0.22,29772.95,0.4081,10034,93,29.0,35.0,40.0,18.0,38.0,24.0,0
DFR0218,6 - Security,ITAdmin,1,1357,1357,625,0,614,0.4606,0.0,0.4525,0,0,0,0.0,0,0.0,0,3725,2174,0.2,29949.37,0.5836,39354,184,113.74,45.0,14.0,22.0,37.0,27.0,0
DGF0443,3 - Engineering,MechanicalEngineer,1,346,346,0,0,1,0.0,0.0,0.0029,0,0,0,0.0,0,0.0,0,3007,1292,0.0,30321.28,0.4297,32870,137,95.0,39.0,44.0,18.0,28.0,33.0,0
DGM0754,2 - Sales,Salesman,1,29,29,0,0,1,0.0,0.0,0.0345,0,0,0,0.0,0,0.0,0,431,208,0.0,29876.96,0.4826,4698,149,162.0,42.0,18.0,42.0,24.0,24.0,0
DGN0480,2 - Sales,Salesman,1,329,329,0,0,1,0.0,0.0,0.003,0,0,0,0.0,0,0.0,0,4798,2128,0.38,29884.48,0.4435,53298,167,162.0,21.0,25.0,44.0,20.0,31.0,0
DGW0752,2 - Sales,Salesman,1,618,346,0,0,1,0.0,0.0,0.0016,0,0,0,0.0,0,0.0,0,4986,2956,0.82,29981.04,0.5929,56052,244,162.0,40.0,46.0,20.0,40.0,14.0,0
DHM0937,2 - SoftwareManagement,ComputerProgrammer,1,346,346,0,0,1,0.0,0.0,0.0029,0,0,0,0.0,0,0.0,0,3025,1518,0.36,30221.17,0.5018,32870,207,95.0,43.0,22.0,21.0,15.0,24.0,0
DIB0081,3 - Engineering,MechanicalEngineer,1,340,211,0,0,3,0.0,0.0,0.0088,989,493,1482,0.6673,1580,9.81,17,1418,584,0.79,29842.42,0.4118,15390,131,95.0,34.0,45.0,14.0,28.0,33.0,0
DIB0285,3 - Engineering,ElectricalEngineer,1,184,184,0,0,1,0.0,0.0,0.0054,779,388,1167,0.6675,375,3.12,8,1613,730,0.38,29603.97,0.4526,17596,136,95.63,13.0,45.0,17.0,50.0,29.0,1
DIC0988,5 - Medical,NursePractitioner,1,346,346,0,0,1,0.0,0.0,0.0029,0,0,0,0.0,0,0.0,0,3007,1151,0.0,30218.38,0.3828,32870,101,95.0,44.0,30.0,23.0,21.0,32.0,0
DID0650,3 - FieldService,Technician,1,346,346,0,0,1,0.0,0.0,0.0029,0,0,0,0.0,0,0.0,0,1022,654,0.0,29741.08,0.6399,10005,200,29.0,45.0,21.0,17.0,42.0,21.0,0
DIW0118,3 - Assembly,Manager,1,739,470,0,0,3,0.0,0.0,0.0041,1359,676,2035,0.6678,1314,4.68,11,4658,1873,0.52,29973.02,0.4021,49478,150,143.0,37.0,17.0,19.0,37.0,26.0,0
DJB0159,1 - MarketAnalysis,Director,1,641,361,0,0,2,0.0,0.0,0.0031,0,0,0,0.0,0,0.0,0,6351,3370,0.53,29939.69,0.5306,65550,168,190.0,20.0,37.0,27.0,38.0,37.0,0
DJS0682,2 - SoftwareManagement,SoftwareEngineer,1,346,346,0,0,1,0.0,0.0,0.0029,0,0,0,0.0,0,0.0,0,3003,1570,0.0,29591.84,0.5228,32870,187,95.0,22.0,23.0,36.0,13.0,30.0,0
DKB0631,3 - FieldService,Technician,1,346,346,0,0,1,0.0,0.0,0.0029,0,0,0,0.0,0,0.0,0,1007,518,0.48,30020.22,0.5144,10034,101,29.0,34.0,18.0,14.0,46.0,31.0,0
DLF0377,1 - Research,Mathematician,1,346,346,0,0,1,0.0,0.0,0.0029,0,0,0,0.0,0,0.0,0,3025,1280,0.35,30016.85,0.4231,32870,112,95.0,39.0,35.0,19.0,27.0,34.0,0
DLH0029,5 - Medical,NursePractitioner,1,346,346,0,0,1,0.0,0.0,0.0029,0,0,0,0.0,0,0.0,0,3040,1439,0.19,30006.41,0.4734,32870,132,95.0,36.0,26.0,38.0,18.0,31.0,0
DLM0051,3 - Engineering,Director,1,856,511,0,182,3,0.0,0.2126,0.0035,7533,3758,11291,0.6672,10673,24.48,27,7573,4191,0.53,29955.74,0.5534,82840,215,190.0,37.0,37.0,17.0,20.0,35.0,0
DLS0383,1 - Research,Scientist,1,603,346,0,0,1,0.0,0.0,0.0017,0,0,0,0.0,0,0.0,0,2987,1568,0.79,29819.82,0.5249,31140,178,90.0,10.0,21.0,12.0,25.0,24.0,0
DMG0358,6 - Security,ITAdmin,1,1655,1383,672,0,633,0.406,0.0,0.3825,0,0,0,0.0,0,0.0,0,3691,1861,0.78,29769.94,0.5042,39424,227,113.94,19.0,39.0,14.0,25.0,29.0,0
DMK0257,3 - Engineering,ElectricalEngineer,1,715,445,65,6,2,0.0909,0.0084,0.0028,1371,682,2053,0.6678,1499,5.08,12,3008,1130,0.72,30008.71,0.3757,32870,99,95.0,33.0,20.0,26.0,26.0,30.0,0
DMM0623,2 - Sales,Salesman,1,627,355,0,6,1,0.0,0.0096,0.0016,0,0,0,0.0,0,0.0,0,5217,2480,0.77,30017.35,0.4754,57510,172,162.0,36.0,27.0,21.0,39.0,30.0,0
DOL0332,3 - FieldService,Technician,1,346,346,0,0,1,0.0,0.0,0.0029,0,0,0,0.0,0,0.0,0,1008,448,0.59,30092.2,0.4444,10034,114,29.0,32.0,40.0,41.0,18.0,24.0,0
DOP0562,2 - SoftwareManagement,ComputerProgrammer,1,346,346,0,0,1,0.0,0.0,0.0029,0,0,0,0.0,0,0.0,0,2986,1359,0.35,30373.71,0.4551,32870,178,95.0,42.0,16.0,37.0,39.0,31.0,0
DPM0423,3 - Engineering,HardwareEngineer,1,457,457,0,0,2,0.0,0.0,0.0044,2131,1065,3196,0.6668,1403,4.71,13,3017,1417,0.73,30015.84,0.4697,32870,131,95.0,37.0,38.0,38.0,15.0,27.0,0
DPS0262,3 - Engineering,ElectricalEngineer,1,127,127,11,2,1,0.0866,0.0157,0.0079,0,0,0,0.0,0,0.0,0,946,360,0.19,29947.15,0.3805,10545,85,95.0,20.0,25.0,20.0,14.0,32.0,0
DRR0162,1 - MarketAnalysis,AdministrativeAssistant,1,256,256,0,0,1,0.0,0.0,0.0039,1116,557,1673,0.6671,529,3.17,9,2737,1266,0.5,30140.58,0.4626,29293,138,114.43,45.0,36.0,20.0,36.0,29.0,1
DRR0242,2 - SoftwareManagement,ComputerProgrammer,1,442,442,0,94,1,0.0,0.2127,0.0023,0,0,0,0.0,0,0.0,0,3836,1742,0.19,29655.0,0.4541,39600,134,90.0,39.0,19.0,40.0,41.0,33.0,0
DSB0731,2 - Sales,Salesman,1,346,346,0,0,1,0.0,0.0,0.0029,0,0,0,0.0,0,0.0,0,4936,2249,0.35,30071.42,0.4556,56052,130,162.0,26.0,15.0,40.0,43.0,30.0,0
DSM0591,3 - Assembly,ProductionLineWorker,1,346,346,0,0,1,0.0,0.0,0.0029,0,0,0,0.0,0,0.0,0,338,160,0.0,30326.42,0.4734,3460,121,10.0,20.0,35.0,18.0,43.0,35.0,0
DTP0379,1 - Research,Physicist,1,670,406,0,0,4,0.0,0.0,0.006,0,0,0,0.0,0,0.0,0,3311,1619,0.6,30103.33,0.489,32775,162,95.0,45.0,42.0,15.0,37.0,27.0,0
DTT0076,3 - Engineering,ChiefEngineer,1,346,346,0,0,1,0.0,0.0,0.0029,0,0,0,0.0,0,0.0,0,6019,2257,0.0,29964.33,0.375,65740,115,190.0,42.0,16.0,34.0,24.0,28.0,0
DVM0265,3 - Engineering,MaterialsEngineer,1,398,398,0,0,3,0.0,0.0,0.0075,0,0,0,0.0,0,0.0,0,3022,1235,0.51,29949.91,0.4087,34600,72,100.0,47.0,40.0,10.0,24.0,31.0,0
DVW0103,3 - Engineering,SystemsEngineer,1,346,346,0,0,1,0.0,0.0,0.0029,0,0,0,0.0,0,0.0,0,3049,1374,0.0,30001.98,0.4506,32870,182,95.0,40.0,45.0,44.0,21.0,29.0,0
DZC0228,1 - Research,Physicist,1,346,346,0,0,1,0.0,0.0,0.0029,0,0,0,0.0,0,0.0,0,3032,1540,0.22,30021.26,0.5079,32870,168,95.0,37.0,37.0,34.0,21.0,38.0,0
EAH0466,3 - Assembly,ProductionLineWorker,1,65,39,0,0,3,0.0,0.0,0.0462,30,15,45,0.6667,358,25.57,27,34,19,0.56,32047.03,0.5588,350,64,10.0,41.0,38.0,29.0,38.0,25.0,0
EBC0390,1 - Research,Scientist,1,346,346,0,0,1,0.0,0.0,0.0029,0,0,0,0.0,0,0.0,0,3018,1232,0.0,29919.64,0.4082,32870,102,95.0,40.0,40.0,40.0,22.0,33.0,0
ECF0828,3 - Assembly,ProductionLineWorker,1,211,211,0,0,1,0.0,0.0,0.0047,0,0,0,0.0,0,0.0,0,207,97,0.0,30836.33,0.4686,2110,95,10.0,40.0,49.0,39.0,40.0,35.0,0
ECL0930,2 - SoftwareManagement,ComputerProgrammer,1,617,346,0,0,1,0.0,0.0,0.0016,0,0,0,0.0,0,0.0,0,3041,1231,0.64,29988.19,0.4048,32870,122,95.0,28.0,24.0,40.0,18.0,29.0,0
ECR0822,3 - Assembly,ProductionLineWorker,1,346,346,0,0,1,0.0,0.0,0.0029,0,0,0,0.0,0,0.0,0,339,168,0.0,30492.76,0.4956,3460,99,10.0,16.0,19.0,17.0,23.0,29.0,0
EDA0684,2 - SoftwareManagement,ComputerProgrammer,1,44,44,6,0,2,0.1364,0.0,0.0455,0,0,0,0.0,0,0.0,0,304,149,0.77,30735.21,0.4901,3325,120,95.0,38.0,42.0,40.0,39.0,33.0,0
EDB0714,3 - Assembly,ProductionLineWorker,1,242,242,0,0,1,0.0,0.0,0.0041,1070,535,1605,0.6667,526,3.35,11,255,138,0.55,31359.08,0.5412,2548,135,10.53,21.0,23.0,35.0,26.0,29.0,1
EFS0882,3 - FieldService,Technician,1,346,346,0,0,1,0.0,0.0,0.0029,0,0,0,0.0,0,0.0,0,1009,503,0.0,29703.3,0.4985,10034,104,29.0,40.0,40.0,47.0,25.0,27.0,0
EGD0132,3 - Assembly,ProductionLineWorker,1,189,189,0,0,1,0.0,0.0,0.0053,833,413,1246,0.6685,399,3.35,11,195,75,0.19,28812.52,0.3846,2037,65,10.78,37.0,38.0,33.0,15.0,22.0,1
EGD0409,3 - Engineering,ElectricalEngineer,1,248,140,0,0,1,0.0,0.0,0.004,0,0,0,0.0,0,0.0,0,1239,617,0.5,30322.64,0.498,13300,101,95.0,39.0,40.0,22.0,35.0,33.0,0
EGK0893,3 - FieldService,Technician,1,346,346,0,0,1,0.0,0.0,0.0029,0,0,0,0.0,0,0.0,0,997,514,0.18,29775.59,0.5155,10034,99,29.0,21.0,30.0,11.0,47.0,27.0,0
EHB0420,3 - Engineering,ElectricalEngineer,1,991,660,68,189,3,0.0686,0.1907,0.003,0,0,0,0.0,0,0.0,0,3767,2075,0.56,29888.36,0.5508,38880,201,90.0,45.0,42.0,38.0,17.0,20.0,0
EHB0824,3 - Assembly,ProductionLineWorker,1,164,164,4,0,1,0.0244,0.0,0.0061,26,13,39,0.6667,14,14.0,14,153,64,0.21,29883.49,0.4183,1594,58,10.03,46.0,39.0,22.0,44.0,31.0,1
EHD0584,3 - Assembly,ProductionLineWorker,1,401,240,5,1,3,0.0125,0.0025,0.0075,14,7,21,0.6667,11,3.67,7,208,107,0.67,31165.47,0.5144,1893,126,8.97,38.0,40.0,42.0,43.0,22.0,1
EHR0096,3 - Engineering,ComputerScientist,1,346,346,0,0,1,0.0,0.0,0.0029,0,0,0,0.0,0,0.0,0,3019,1479,0.0,29936.51,0.4899,32870,157,95.0,22.0,13.0,20.0,48.0,31.0,0
EIM0156,3 - FinancialPlanning,Statistician,1,346,346,0,0,1,0.0,0.0,0.0029,0,0,0,0.0,0,0.0,0,3014,1366,0.69,29780.59,0.4532,32870,92,95.0,19.0,31.0,43.0,45.0,33.0,0
EIP0997,2 - ManufacturingEngineering,ElectricalEngineer,1,346,346,0,0,1,0.0,0.0,0.0029,0,0,0,0.0,0,0.0,0,3017,1420,0.0,29847.39,0.4707,32870,124,95.0,42.0,28.0,20.0,25.0,34.0,0
EIS0041,6 - Security,ITAdmin,1,1661,1391,672,0,622,0.4046,0.0,0.3745,2644,1321,3965,0.6668,3676,11.67,38,3287,2167,0.61,29696.33,0.6593,39270,241,113.83,41.0,44.0,17.0,48.0,30.0,0
EJW0884,3 - FieldService,Technician,1,345,346,0,0,1,0.0,0.0,0.0029,0,0,0,0.0,0,0.0,0,1026,521,0.18,29276.15,0.5078,10034,109,29.0,46.0,20.0,32.0,26.0,31.0,0
ELB0847,3 - Assembly,ProductionLineWorker,1,381,381,0,0,3,0.0,0.0,0.0079,0,0,0,0.0,0,0.0,0,336,162,0.27,29089.54,0.4821,3450,88,10.0,12.0,17.0,16.0,19.0,28.0,0
ELH0960,3 - Assembly,ProductionLineWorker,1,346,346,0,0,1,0.0,0.0,0.0029,0,0,0,0.0,0,0.0,0,333,128,0.0,29676.68,0.3844,3460,76,10.0,40.0,43.0,26.0,41.0,22.0,0
ELT0769,3 - FieldService,Technician,1,346,346,0,0,1,0.0,0.0,0.0029,0,0,0,0.0,0,0.0,0,1004,450,0.0,29956.96,0.4482,10034,100,29.0,19.0,20.0,20.0,27.0,35.0,0
EMB0531,3 - FieldService,Technician,1,619,346,0,0,1,0.0,0.0,0.0016,0,0,0,0.0,0,0.0,0,990,549,0.78,29869.16,0.5545,10034,122,29.0,31.0,41.0,31.0,36.0,36.0,0
EMS0317,2 - Sales,Salesman,1,346,346,0,0,1,0.0,0.0,0.0029,0,0,0,0.0,0,0.0,0,4965,2840,0.33,29964.66,0.572,56052,222,162.0,15.0,21.0,44.0,10.0,31.0,0
EMW0105,3 - Engineering,AdministrativeAssistant,1,346,346,0,0,1,0.0,0.0,0.0029,0,0,0,0.0,0,0.0,0,3646,2227,0.0,29988.62,0.6108,39216,250,114.0,35.0,40.0,17.0,41.0,34.0,0
EMW0772,3 - FieldService,Technician,1,361,361,0,0,3,0.0,0.0,0.0083,260,130,390,0.6667,181,2.74,8,998,532,0.24,30169.32,0.5331,10034,146,29.0,46.0,41.0,20.0,12.0,28.0,0
ENC0234,1 - Research,Physicist,1,483,288,0,0,2,0.0,0.0,0.0041,0,0,0,0.0,0,0.0,0,2268,907,0.19,29762.89,0.3999,24605,94,95.0,21.0,23.0,32.0,19.0,23.0,0
ENL0100,3 - Engineering,ElectricalEngineer,1,346,346,0,0,1,0.0,0.0,0.0029,0,0,0,0.0,0,0.0,0,3029,1219,0.34,30277.96,0.4024,32870,100,95.0,39.0,18.0,42.0,35.0,21.0,0
EPW0434,3 - Engineering,TestEngineer,1,346,346,0,0,1,0.0,0.0,0.0029,0,0,0,0.0,0,0.0,0,3053,1805,0.32,30156.94,0.5912,32870,258,95.0,32.0,36.0,38.0,22.0,33.0,0
ERH0449,3 - Assembly,ProductionLineWorker,1,346,346,0,0,1,0.0,0.0,0.0029,0,0,0,0.0,0,0.0,0,332,162,0.0,29935.91,0.488,3450,113,10.0,44.0,15.0,35.0,17.0,25.0,0
ESA0642,3 - FieldService,Technician,1,346,346,0,0,1,0.0,0.0,0.0029,0,0,0,0.0,0,0.0,0,1004,564,0.0,29717.42,0.5618,10034,175,29.0,32.0,14.0,44.0,30.0,32.0,0
ESH0135,3 - Assembly,ProductionLineWorker,1,346,346,0,0,1,0.0,0.0,0.0029,0,0,0,0.0,0,0.0,0,327,208,0.73,29444.35,0.6361,3460,160,10.0,35.0,22.0,32.0,44.0,28.0,0
ESH0283,3 - Engineering,MechanicalEngineer,1,381,381,0,0,35,0.0,0.0,0.0919,277,138,415,0.6675,2646,24.28,27,3049,1436,0.49,30192.87,0.471,32870,150,95.0,44.0,30.0,35.0,18.0,31.0,0
ESJ0670,1 - Research,Scientist,1,515,515,0,129,3,0.0,0.2505,0.0058,366,181,547,0.6691,3303,22.47,27,4582,2422,0.2,29792.79,0.5286,44650,196,95.0,42.0,31.0,15.0,40.0,24.0,0
ESR0693,2 - SoftwareManagement,ComputerScientist,1,192,192,0,0,2,0.0,0.0,0.0104,391,193,584,0.6695,509,4.71,11,1475,507,0.76,29841.88,0.3437,16055,98,95.0,35.0,23.0,25.0,21.0,31.0,0
ETR0177,3 - FieldService,AdministrativeAssistant,1,346,346,0,0,1,0.0,0.0,0.0029,0,0,0,0.0,0,0.0,0,3711,1500,0.0,29906.21,0.4042,39330,99,114.0,18.0,15.0,41.0,26.0,39.0,0
ETR0428,3 - Engineering,TestEngineer,1,417,417,0,0,3,0.0,0.0,0.0072,0,0,0,0.0,0,0.0,0,3034,1920,0.53,29914.95,0.6328,34600,256,100.0,36.0,21.0,40.0,20.0,20.0,0
EWH0191,2 - Pricing,Manager,1,613,346,0,0,1,0.0,0.0,0.0016,0,0,0,0.0,0,0.0,0,4649,2412,0.73,29934.49,0.5188,49478,207,143.0,33.0,17.0,22.0,23.0,27.0,0
EZH0736,2 - Sales,Salesman,1,346,346,0,0,1,0.0,0.0,0.0029,0,0,0,0.0,0,0.0,0,4974,2031,0.21,29901.07,0.4083,56052,111,162.0,44.0,41.0,37.0,19.0,31.0,0
EZT0640,3 - FieldService,Technician,1,733,464,12,0,2,0.0164,0.0,0.0027,0,0,0,0.0,0,0.0,0,1015,565,0.84,30014.13,0.5567,10034,162,29.0,12.0,15.0,27.0,39.0,27.0,0
FAW0032,6 - Security,Manager,1,354,354,0,0,1,0.0,0.0,0.0028,0,0,0,0.0,0,0.0,0,4723,2063,0.35,29895.66,0.4368,49478,138,143.0,43.0,24.0,17.0,37.0,37.0,0
FBA0348,6 - Security,Manager,1,348,348,0,0,1,0.0,0.0,0.0029,0,0,0,0.0,0,0.0,0,4704,2399,0.0,29755.02,0.51,49478,155,143.0,41.0,44.0,40.0,36.0,27.0,0
FBW0747,2 - Sales,Salesman,1,398,398,0,20,3,0.0,0.0503,0.0075,0,0,0,0.0,0,0.0,0,5369,2552,0.19,30151.56,0.4753,59292,149,162.0,43.0,45.0,35.0,25.0,28.0,0
FDE0117,2 - ManufacturingEngineering,Manager,1,346,346,0,0,1,0.0,0.0,0.0029,0,0,0,0.0,0,0.0,0,4724,2529,0.37,29921.55,0.5354,49478,156,143.0,38.0,37.0,32.0,41.0,28.0,0
FEB0306,3 - Assembly,ProductionLineWorker,1,700,418,0,0,2,0.0,0.0,0.0029,719,358,1077,0.6676,1157,5.21,12,329,140,0.62,29587.5,0.4255,3460,115,10.0,40.0,42.0,26.0,25.0,31.0,0
FFC0891,3 - FieldService,Technician,1,453,292,21,2,2,0.0464,0.0044,0.0044,833,415,1248,0.6675,961,5.55,15,566,331,0.72,29382.49,0.5848,5684,113,29.0,38.0,10.0,39.0,50.0,39.0,0
FGW0853,2 - Sales,Salesman,1,455,455,57,5,4,0.1253,0.011,0.0088,0,0,0,0.0,0,0.0,0,4663,2377,0.63,29720.76,0.5098,56052,112,162.0,25.0,35.0,20.0,40.0,39.0,0
FHO0630,2 - Sales,Salesman,1,346,346,0,0,1,0.0,0.0,0.0029,0,0,0,0.0,0,0.0,0,4993,2616,0.76,30227.6,0.5239,56052,217,162.0,28.0,44.0,23.0,12.0,26.0,0
FHS0837,3 - Assembly,ProductionLineWorker,1,346,346,0,0,1,0.0,0.0,0.0029,0,0,0,0.0,0,0.0,0,337,186,0.0,29538.3,0.5519,3450,140,10.0,23.0,37.0,14.0,42.0,34.0,0
FIR0920,1 - Research,Scientist,1,439,439,0,0,2,0.0,0.0,0.0046,0,0,0,0.0,0,0.0,0,3006,1222,0.77,29875.66,0.4065,32870,96,95.0,40.0,11.0,44.0,20.0,27.0,0
FKB0163,1 - MarketAnalysis,Statistician,1,346,346,0,0,1,0.0,0.0,0.0029,0,0,0,0.0,0,0.0,0,3032,1739,0.17,30057.0,0.5735,32870,218,95.0,39.0,35.0,25.0,39.0,22.0,0
FKK0055,1 - Research,Scientist,1,856,489,0,213,3,0.0,0.2488,0.0035,344,172,516,0.6667,601,4.73,11,4039,2216,0.81,30180.3,0.5487,46400,225,100.0,46.0,16.0,37.0,16.0,27.0,0
FLM0213,6 - Security,SecurityGuard,1,345,346,0,0,1,0.0,0.0,0.0029,0,0,0,0.0,0,0.0,0,4668,1806,0.38,30106.59,0.3869,49335,120,143.0,20.0,41.0,46.0,15.0,24.0,0
FMG0527,3 - FieldService,Technician,1,274,274,3,0,1,0.0109,0.0,0.0036,24,12,36,0.6667,23,11.5,12,790,331,0.76,29279.65,0.419,7832,83,29.01,43.0,38.0,35.0,38.0,28.0,1
FOB0756,3 - FieldService,Technician,1,912,567,0,159,2,0.0,0.1743,0.0022,309,154,463,0.6674,165,3.06,8,1242,741,0.53,30242.45,0.5966,12325,222,29.0,42.0,41.0,34.0,20.0,27.0,0
FPC0954,3 - Assembly,ProductionLineWorker,1,346,346,0,0,1,0.0,0.0,0.0029,0,0,0,0.0,0,0.0,0,340,137,0.0,29271.44,0.4029,3460,64,10.0,22.0,25.0,50.0,20.0,27.0,0
FQA0854,2 - Sales,Salesman,1,351,351,0,0,6,0.0,0.0,0.0171,0,0,0,0.0,0,0.0,0,5005,2563,0.5,30148.99,0.5121,56052,193,162.0,41.0,38.0,30.0,34.0,26.0,0
FRB0023,2 - EmployeeRelations,HumanResourceSpecialist,1,346,346,0,0,1,0.0,0.0,0.0029,0,0,0,0.0,0,0.0,0,3668,2181,0.74,29924.8,0.5946,39444,198,114.0,45.0,14.0,12.0,14.0,14.0,0
FRL0511,3 - FieldService,Technician,1,346,346,0,0,1,0.0,0.0,0.0029,0,0,0,0.0,0,0.0,0,1004,450,0.86,29554.82,0.4482,10005,72,29.0,20.0,30.0,47.0,20.0,30.0,0
FRR0832,3 - Assembly,ProductionLineWorker,1,346,346,0,0,1,0.0,0.0,0.0029,0,0,0,0.0,0,0.0,0,336,174,0.98,30235.46,0.5179,3460,76,10.0,43.0,40.0,25.0,19.0,30.0,0
FSB0399,2 - SoftwareManagement,SoftwareEngineer,1,335,335,0,0,1,0.0,0.0,0.003,0,0,0,0.0,0,0.0,0,2924,1513,0.38,30114.28,0.5174,31825,244,95.0,23.0,22.0,15.0,37.0,26.0,0
FSC0601,2 - Sales,Salesman,1,324,324,0,0,2,0.0,0.0,0.0062,1263,629,1892,0.6675,653,3.2,12,4180,2082,0.2,30045.09,0.4981,49708,190,162.44,37.0,30.0,37.0,15.0,30.0,1
FTM0406,3 - Engineering,SystemsEngineer,1,249,249,3,0,1,0.012,0.0,0.004,36,18,54,0.6667,33,16.5,20,2136,1131,0.0,29977.92,0.5295,23277,202,94.62,31.0,15.0,38.0,16.0,34.0,1
FUM0015,6 - Security,Director,1,346,346,0,0,1,0.0,0.0,0.0029,0,0,0,0.0,0,0.0,0,6114,3063,0.74,29969.43,0.501,65740,190,190.0,33.0,18.0,18.0,46.0,32.0,0
FWM0707,3 - Assembly,ProductionLineWorker,1,374,374,0,0,3,0.0,0.0,0.008,0,0,0,0.0,0,0.0,0,333,187,0.71,30052.59,0.5616,3460,119,10.0,50.0,36.0,35.0,18.0,34.0,0
FXF0957,3 - Assembly,ProductionLineWorker,1,346,346,0,0,1,0.0,0.0,0.0029,0,0,0,0.0,0,0.0,0,335,165,0.41,30855.85,0.4925,3460,106,10.0,35.0,25.0,47.0,36.0,28.0,0
GAF0060,1 - Research,Mathematician,1,346,346,0,0,1,0.0,0.0,0.0029,0,0,0,0.0,0,0.0,0,3031,1494,0.81,29962.31,0.4929,32870,115,95.0,41.0,16.0,39.0,25.0,22.0,0
GAF0570,2 - SoftwareManagement,SoftwareEngineer,1,633,366,0,0,21,0.0,0.0,0.0332,0,0,0,0.0,0,0.0,0,3003,1397,0.58,30082.54,0.4652,34600,172,100.0,31.0,15.0,38.0,46.0,35.0,0
GBM0603,2 - Sales,Salesman,1,322,322,0,0,1,0.0,0.0,0.0031,0,0,0,0.0,0,0.0,0,4673,2407,0.39,29701.45,0.5151,52164,211,162.0,39.0,42.0,42.0,24.0,37.0,0
GCC0744,2 - Sales,Salesman,1,346,346,0,0,1,0.0,0.0,0.0029,0,0,0,0.0,0,0.0,0,5063,2640,0.0,29928.08,0.5214,56052,206,162.0,35.0,42.0,15.0,25.0,31.0,0
GCC0945,3 - Assembly,ProductionLineWorker,1,346,346,0,0,1,0.0,0.0,0.0029,0,0,0,0.0,0,0.0,0,337,184,0.23,29373.78,0.546,3460,94,10.0,30.0,39.0,18.0,25.0,27.0,0
GCG0951,3 - Assembly,ProductionLineWorker,1,656,379,0,0,2,0.0,0.0,0.003,0,0,0,0.0,0,0.0,0,375,186,0.51,29551.23,0.496,3460,76,10.0,33.0,33.0,25.0,19.0,44.0,0
GCL0016,1 - Personnel,AdministrativeAssistant,1,719,406,0,77,3,0.0,0.1071,0.0042,267,133,400,0.6675,199,3.21,10,4126,1993,0.5,30083.88,0.483,44232,158,114.0,45.0,32.0,20.0,24.0,34.0,0
GCR0554,1 - Research,Physicist,1,346,346,0,0,1,0.0,0.0,0.0029,0,0,0,0.0,0,0.0,0,3008,1225,0.44,29740.16,0.4072,32870,97,95.0,16.0,16.0,41.0,23.0,37.0,0
GCS0518,3 - FieldService,Technician,1,346,346,0,0,1,0.0,0.0,0.0029,0,0,0,0.0,0,0.0,0,1001,475,0.0,30078.75,0.4745,10034,130,29.0,41.0,36.0,23.0,38.0,21.0,0
GCS0571,3 - Assembly,ProductionLineWorker,1,629,359,0,0,2,0.0,0.0,0.0032,275,137,412,0.6675,564,5.27,12,332,138,0.2,30165.7,0.4157,3460,59,10.0,22.0,18.0,16.0,23.0,32.0,0
GDF0704,3 - Assembly,ProductionLineWorker,1,643,369,0,0,3,0.0,0.0,0.0047,0,0,0,0.0,0,0.0,0,338,140,0.72,30524.96,0.4142,3460,73,10.0,25.0,13.0,21.0,29.0,36.0,0
GHH0288,3 - Assembly,ProductionLineWorker,1,404,404,7,2,3,0.0173,0.005,0.0074,1428,712,2140,0.6673,1563,5.23,12,336,141,0.65,30564.61,0.4196,3460,56,10.0,12.0,36.0,40.0,36.0,30.0,0
GHL0460,3 - Assembly,ProductionLineWorker,1,232,232,2,0,1,0.0086,0.0,0.0043,22,11,33,0.6667,41,20.5,22,217,110,0.52,28555.87,0.5069,2291,109,10.0,21.0,37.0,24.0,17.0,35.0,1
GJD0298,3 - Assembly,ProductionLineWorker,1,346,346,0,0,1,0.0,0.0,0.0029,0,0,0,0.0,0,0.0,0,339,184,0.88,31034.72,0.5428,3460,142,10.0,43.0,39.0,12.0,40.0,27.0,0
GJT0386,1 - Research,Mathematician,1,346,346,0,0,1,0.0,0.0,0.0029,0,0,0,0.0,0,0.0,0,2998,1509,0.17,29662.53,0.5033,32870,180,95.0,24.0,13.0,49.0,34.0,26.0,0
GKO0078,3 - Engineering,ChiefEngineer,1,744,473,0,0,3,0.0,0.0,0.004,723,360,1083,0.6676,942,4.4,12,6000,2819,0.69,29829.49,0.4698,65550,182,190.0,44.0,46.0,21.0,24.0,29.0,0
GLR0975,1 - Personnel,HumanResourceSpecialist,1,611,346,0,0,1,0.0,0.0,0.0016,0,0,0,0.0,0,0.0,0,3687,1454,0.8,30030.49,0.3944,39444,124,114.0,33.0,44.0,26.0,24.0,24.0,0
GMF0738,2 - Sales,Salesman,1,346,346,0,0,1,0.0,0.0,0.0029,0,0,0,0.0,0,0.0,0,5036,2366,0.0,30129.49,0.4698,56052,145,162.0,30.0,40.0,45.0,20.0,18.0,0
GNS0178,3 - FieldService,FieldServiceEngineer,1,676,402,26,2,2,0.0385,0.003,0.003,303,151,454,0.6674,3049,25.41,27,2947,1675,0.65,29987.57,0.5684,32870,157,95.0,30.0,17.0,42.0,26.0,33.0,0
GNZ0953,3 - Assembly,ProductionLineWorker,1,616,346,0,0,1,0.0,0.0,0.0016,0,0,0,0.0,0,0.0,0,334,184,0.84,29780.51,0.5509,3460,128,10.0,26.0,18.0,26.0,36.0,29.0,0
GOK0238,2 - SoftwareManagement,ComputerScientist,1,241,241,0,0,1,0.0,0.0,0.0041,0,0,0,0.0,0,0.0,0,2104,1048,0.0,30257.28,0.4981,22895,182,95.0,33.0,43.0,27.0,40.0,33.0,0
GQF0659,3 - FieldService,Technician,1,346,346,0,0,1,0.0,0.0,0.0029,0,0,0,0.0,0,0.0,0,1002,456,0.2,30190.43,0.4551,10034,119,29.0,40.0,16.0,30.0,29.0,28.0,0
GQP0743,2 - Sales,Salesman,1,346,346,0,0,1,0.0,0.0,0.0029,0,0,0,0.0,0,0.0,0,4978,2975,0.7,29937.0,0.5976,56052,229,162.0,47.0,39.0,19.0,39.0,25.0,0
GRC0145,Unknown,AdministrativeAssistant,1,346,346,0,0,1,0.0,0.0,0.0029,0,0,0,0.0,0,0.0,0,3624,1837,0.73,29922.64,0.5069,39444,173,114.0,30.0,43.0,24.0,46.0,27.0,0
GRM0868,2 - Sales,Salesman,1,346,346,0,0,1,0.0,0.0,0.0029,0,0,0,0.0,0,0.0,0,5078,2401,0.0,30044.56,0.4728,56052,156,162.0,21.0,25.0,20.0,13.0,28.0,0
GTD0116,1 - IndustrialEngineering,Manager,1,346,346,0,0,1,0.0,0.0,0.0029,0,0,0,0.0,0,0.0,0,4699,1602,0.2,30078.72,0.3409,49478,118,143.0,43.0,19.0,45.0,20.0,31.0,0
GTD0219,6 - Security,ITAdmin,1,490,490,235,0,306,0.4796,0.0,0.6245,957,478,1435,0.6669,1281,11.54,33,1262,774,0.56,30380.01,0.6133,13442,210,113.92,40.0,40.0,19.0,30.0,33.0,1
GTD0898,3 - FieldService,Technician,1,346,346,0,0,1,0.0,0.0,0.0029,0,0,0,0.0,0,0.0,0,1003,549,0.0,30146.31,0.5474,10034,143,29.0,23.0,23.0,39.0,15.0,29.0,0
GZB0469,3 - Assembly,ProductionLineWorker,1,346,346,0,0,1,0.0,0.0,0.0029,0,0,0,0.0,0,0.0,0,334,115,0.42,30556.9,0.3443,3450,75,10.0,46.0,39.0,22.0,45.0,28.0,0
GZC0735,2 - Sales,Salesman,1,811,495,0,90,2,0.0,0.111,0.0025,792,395,1187,0.6672,304,2.49,7,5847,2131,0.6,30169.39,0.3645,61047,137,153.0,44.0,16.0,15.0,27.0,25.0,0
HAC0282,3 - Engineering,ElectricalEngineer,1,346,346,0,0,1,0.0,0.0,0.0029,0,0,0,0.0,0,0.0,0,2989,1096,0.42,30218.04,0.3667,32870,114,95.0,37.0,32.0,38.0,12.0,28.0,0
HAD0246,3 - Engineering,MechanicalEngineer,1,1047,656,76,311,2,0.0726,0.297,0.0019,424,210,634,0.6688,315,3.09,9,4820,1873,0.58,29954.09,0.3886,46740,115,95.0,44.0,39.0,32.0,45.0,38.0,0
HAH0248,3 - Engineering,MechanicalEngineer,1,346,346,0,0,1,0.0,0.0,0.0029,0,0,0,0.0,0,0.0,0,2985,1113,0.4,30231.27,0.3729,32775,111,95.0,33.0,43.0,22.0,18.0,29.0,0
HAH0760,3 - FieldService,Technician,1,611,346,0,0,1,0.0,0.0,0.0016,1342,665,2007,0.6687,1900,6.11,14,998,404,0.61,29578.75,0.4048,10034,84,29.0,34.0,17.0,22.0,37.0,30.0,0
HAM0985,3 - Training,TechnicalTrainer,1,346,346,0,0,1,0.0,0.0,0.0029,0,0,0,0.0,0,0.0,0,3050,1667,0.43,29835.74,0.5466,32870,191,95.0,20.0,17.0,29.0,16.0,20.0,0
HAV0121,1 - IndustrialEngineering,IndustrialEngineer,1,346,346,0,0,1,0.0,0.0,0.0029,0,0,0,0.0,0,0.0,0,3056,1513,0.0,30081.69,0.4951,32775,202,95.0,46.0,43.0,38.0,37.0,27.0,0
HBB0056,1 - Research,Scientist,1,346,346,0,0,1,0.0,0.0,0.0029,0,0,0,0.0,0,0.0,0,2989,1563,0.37,30184.34,0.5229,32870,207,95.0,37.0,33.0,30.0,21.0,27.0,0
HBO0413,3 - Engineering,SystemsEngineer,1,323,323,0,0,1,0.0,0.0,0.0031,1408,699,2107,0.6682,691,3.21,10,2840,1693,0.0,29754.79,0.5961,30812,251,95.39,41.0,35.0,18.0,15.0,18.0,1
HCC0344,3 - FieldService,Technician,1,346,346,0,0,1,0.0,0.0,0.0029,0,0,0,0.0,0,0.0,0,1000,474,0.7,30351.19,0.474,10034,132,29.0,25.0,11.0,41.0,26.0,22.0,0
HCL0113,3 - Engineering,TestEngineer,1,346,346,0,0,1,0.0,0.0,0.0029,0,0,0,0.0,0,0.0,0,3039,1504,0.33,30244.93,0.4949,32870,156,95.0,43.0,22.0,40.0,39.0,34.0,0
HCL0651,3 - FieldService,Technician,1,644,372,1,0,2,0.0016,0.0,0.0031,1320,658,1978,0.6673,723,3.29,11,1017,623,0.54,29671.65,0.6126,10034,206,29.0,21.0,19.0,44.0,36.0,33.0,0
HCM0267,3 - Engineering,MaterialsEngineer,1,346,346,0,0,1,0.0,0.0,0.0029,5955,2971,8926,0.6672,8167,23.6,27,3021,1588,0.58,29986.28,0.5257,31140,117,90.0,36.0,45.0,39.0,20.0,32.0,0
HCS0003,Unknown,VicePresident,1,346,346,0,0,1,0.0,0.0,0.0029,2006,999,3005,0.6676,3045,8.98,17,9097,5632,0.81,30208.92,0.6191,98610,266,285.0,35.0,28.0,14.0,15.0,30.0,0
HCV0478,2 - Sales,Salesman,1,611,346,0,0,1,0.0,0.0,0.0016,0,0,0,0.0,0,0.0,0,5036,2204,0.55,29858.11,0.4376,56052,174,162.0,46.0,36.0,18.0,12.0,24.0,0
HCW0419,3 - Engineering,HardwareEngineer,1,619,346,0,0,1,0.0,0.0,0.0016,0,0,0,0.0,0,0.0,0,3054,1187,0.71,30204.79,0.3887,32870,102,95.0,40.0,21.0,35.0,34.0,35.0,0
HDD0789,2 - Sales,Manager,1,346,346,0,0,1,0.0,0.0,0.0029,0,0,0,0.0,0,0.0,0,4727,1771,0.35,30141.88,0.3747,49478,135,143.0,44.0,39.0,30.0,10.0,29.0,0
HDD0806,2 - SoftwareManagement,SoftwareEngineer,1,903,525,2,226,26,0.0022,0.2503,0.0288,0,0,0,0.0,0,0.0,0,4143,2117,0.18,30197.75,0.511,44840,178,95.0,47.0,28.0,36.0,19.0,38.0,0
HDH0928,1 - Research,Mathematician,1,346,346,0,0,1,0.0,0.0,0.0029,1377,686,2063,0.6675,1577,5.2,14,3043,1182,0.79,30088.23,0.3884,32870,109,95.0,40.0,36.0,20.0,40.0,26.0,0
HDJ0446,3 - Assembly,ProductionLineWorker,1,346,346,0,0,1,0.0,0.0,0.0029,0,0,0,0.0,0,0.0,0,337,127,0.51,29251.64,0.3769,3460,90,10.0,18.0,17.0,45.0,27.0,35.0,0
HDL0748,2 - Sales,Salesman,1,346,346,0,0,1,0.0,0.0,0.0029,0,0,0,0.0,0,0.0,0,5016,2489,0.0,30051.94,0.4962,55890,203,162.0,25.0,13.0,46.0,41.0,25.0,0
HDS0367,6 - Security,ITAdmin,1,1655,1380,667,0,630,0.403,0.0,0.3807,2722,1358,4080,0.6672,3406,10.71,35,3626,1969,0.76,29930.8,0.543,39420,219,113.93,50.0,42.0,16.0,30.0,19.0,0
HFB0347,3 - FieldService,Technician,1,264,264,0,7,1,0.0,0.0265,0.0038,190,94,284,0.669,1716,22.29,27,767,384,0.22,29880.81,0.5007,7656,80,29.0,34.0,20.0,30.0,30.0,27.0,0
HGG0240,2 - SoftwareManagement,ComputerScientist,1,346,346,0,0,1,0.0,0.0,0.0029,0,0,0,0.0,0,0.0,0,3021,1727,0.37,30037.06,0.5717,32775,229,95.0,20.0,26.0,24.0,36.0,31.0,0
HGH0595,3 - Assembly,ProductionLineWorker,1,346,346,0,0,1,0.0,0.0,0.0029,0,0,0,0.0,0,0.0,0,336,160,0.0,30396.19,0.4762,3460,132,10.0,41.0,14.0,22.0,39.0,29.0,0
HGN0287,3 - Engineering,MechanicalEngineer,1,346,346,0,0,1,0.0,0.0,0.0029,0,0,0,0.0,0,0.0,0,3371,1283,0.6,29845.32,0.3806,31050,121,90.0,45.0,30.0,18.0,18.0,27.0,0
HIA0414,3 - Engineering,SystemsEngineer,1,346,346,0,0,1,0.0,0.0,0.0029,0,0,0,0.0,0,0.0,0,3007,1476,0.43,30156.97,0.4909,32870,170,95.0,38.0,39.0,39.0,18.0,31.0,0
HIW0536,1 - Research,LabManager,1,346,346,0,0,1,0.0,0.0,0.0029,0,0,0,0.0,0,0.0,0,4713,2156,0.17,29986.79,0.4575,49335,135,143.0,39.0,50.0,25.0,24.0,20.0,0
HJA0018,1 - Personnel,HumanResourceSpecialist,1,609,346,0,0,1,0.0,0.0,0.0016,0,0,0,0.0,0,0.0,0,3712,1536,0.65,29948.26,0.4138,39444,116,114.0,39.0,43.0,47.0,37.0,32.0,0
HJB0742,2 - Sales,Salesman,1,446,263,4,0,2,0.009,0.0,0.0045,12,6,18,0.6667,5,2.5,3,3494,1695,0.5,29763.98,0.4851,40972,148,169.31,41.0,40.0,16.0,21.0,30.0,1
HJS0072,2 - SoftwareManagement,SoftwareEngineer,1,46,27,0,2,3,0.0,0.0435,0.0652,52,26,78,0.6667,82,4.82,11,216,83,0.73,29555.75,0.3843,2375,90,95.0,44.0,42.0,19.0,19.0,31.0,0
HKB0418,3 - Engineering,SystemsEngineer,1,332,332,0,0,1,0.0,0.0,0.003,0,0,0,0.0,0,0.0,0,2922,1202,0.0,30222.44,0.4114,31540,128,95.0,50.0,18.0,13.0,26.0,27.0,0
HKF0831,3 - Assembly,ProductionLineWorker,1,346,346,0,0,1,0.0,0.0,0.0029,0,0,0,0.0,0,0.0,0,336,155,0.76,29894.27,0.4613,3460,107,10.0,23.0,42.0,49.0,21.0,24.0,0
HKI0171,2 - Sales,Salesman,1,345,346,0,0,1,0.0,0.0,0.0029,0,0,0,0.0,0,0.0,0,4971,2879,0.67,29846.28,0.5792,56052,242,162.0,31.0,17.0,30.0,45.0,27.0,0
HKR0628,2 - Sales,Salesman,1,709,448,0,0,3,0.0,0.0,0.0042,0,0,0,0.0,0,0.0,0,4998,2401,0.74,29915.09,0.4804,56052,167,162.0,21.0,16.0,17.0,16.0,25.0,0
HLH0512,3 - FieldService,Technician,1,501,501,0,138,10,0.0,0.2754,0.02,0,0,0,0.0,0,0.0,0,1425,626,0.53,29790.49,0.4393,14268,122,29.0,15.0,42.0,36.0,22.0,32.0,0
HLM0933,2 - SoftwareManagement,SoftwareEngineer,1,346,346,0,0,1,0.0,0.0,0.0029,0,0,0,0.0,0,0.0,0,3050,1120,0.38,30113.53,0.3672,32870,120,95.0,36.0,24.0,23.0,43.0,30.0,0
HMM0108,3 - Engineering,MechanicalEngineer,1,120,80,0,0,2,0.0,0.0,0.0167,198,98,296,0.6689,345,6.76,12,540,168,0.57,29448.19,0.3111,5225,83,95.0,33.0,41.0,17.0,43.0,25.0,0
HMW0713,3 - Assembly,ProductionLineWorker,1,346,346,0,0,1,0.0,0.0,0.0029,0,0,0,0.0,0,0.0,0,335,144,0.4,29434.53,0.4299,3460,62,10.0,38.0,24.0,40.0,36.0,28.0,0
HOB0994,1 - IndustrialEngineering,IndustrialEngineer,1,346,346,0,0,1,0.0,0.0,0.0029,0,0,0,0.0,0,0.0,0,2979,1440,0.36,30065.44,0.4834,32870,161,95.0,38.0,39.0,15.0,43.0,33.0,0
HPH0075,3 - Engineering,ChiefEngineer,1,721,404,0,105,1,0.0,0.1456,0.0014,6345,3165,9510,0.6672,9323,23.08,27,7435,3671,0.61,29988.67,0.4937,72720,188,180.0,40.0,42.0,48.0,25.0,28.0,0
HPM0986,3 - Training,InstructionalCoordinator,1,346,346,0,0,1,0.0,0.0,0.0029,0,0,0,0.0,0,0.0,0,4697,2208,0.0,29755.77,0.4701,49478,165,143.0,41.0,36.0,38.0,23.0,24.0,0
HPR0585,3 - Assembly,ProductionLineWorker,1,607,346,0,0,1,0.0,0.0,0.0016,0,0,0,0.0,0,0.0,0,336,192,0.66,29794.82,0.5714,3460,129,10.0,34.0,46.0,15.0,46.0,35.0,0
HRB0351,3 - Engineering,ChiefEngineer,1,723,420,0,63,38,0.0,0.0871,0.0526,264,131,395,0.6684,2662,23.77,27,6750,2830,0.21,30073.97,0.4193,72770,107,190.0,19.0,12.0,43.0,42.0,36.0,0
HRD0635,3 - FieldService,Technician,1,212,140,6,0,12,0.0283,0.0,0.0566,0,0,0,0.0,0,0.0,0,269,105,0.8,30413.18,0.3903,2610,46,29.0,24.0,35.0,18.0,32.0,24.0,0
HRL0540,3 - FieldService,FieldServiceEngineer,1,643,371,12,0,2,0.0187,0.0,0.0031,5924,2956,8880,0.6671,1777,5.59,13,2988,1594,0.58,29877.97,0.5335,34400,154,100.0,43.0,38.0,17.0,40.0,18.0,0
HRW0550,1 - Research,Scientist,1,346,346,0,0,1,0.0,0.0,0.0029,0,0,0,0.0,0,0.0,0,3019,1524,0.39,29924.67,0.5048,32870,110,95.0,38.0,34.0,24.0,22.0,28.0,0
HSB0196,1 - Purchasing,PurchasingClerk,1,494,494,12,123,1,0.0243,0.249,0.002,7595,3790,11385,0.6671,11627,24.48,27,5103,2397,0.55,30010.1,0.4697,57000,124,120.0,44.0,13.0,43.0,30.0,33.0,0
HSD0457,3 - Assembly,ProductionLineWorker,1,346,346,0,0,1,0.0,0.0,0.0029,0,0,0,0.0,0,0.0,0,336,161,0.2,30590.58,0.4792,3460,106,10.0,38.0,19.0,20.0,42.0,27.0,0
HSG0818,2 - SoftwareManagement,ComputerProgrammer,1,619,346,0,0,1,0.0,0.0,0.0016,0,0,0,0.0,0,0.0,0,3038,1299,0.38,30126.6,0.4276,32870,198,95.0,18.0,19.0,48.0,36.0,31.0,0
HSP0290,3 - Assembly,ProductionLineWorker,1,346,346,0,0,1,0.0,0.0,0.0029,0,0,0,0.0,0,0.0,0,338,177,0.52,30887.54,0.5237,3450,137,10.0,38.0,15.0,28.0,20.0,27.0,0
HTF0641,3 - FieldService,Technician,1,346,346,0,0,1,0.0,0.0,0.0029,0,0,0,0.0,0,0.0,0,1019,545,0.76,29322.39,0.5348,10034,130,29.0,38.0,24.0,18.0,22.0,28.0,0
HTH0007,Unknown,VicePresident,1,613,348,0,0,3,0.0,0.0,0.0049,0,0,0,0.0,0,0.0,0,9116,4386,0.16,30042.04,0.4811,98610,137,285.0,37.0,38.0,41.0,20.0,36.0,0
HVB0037,6 - Security,SecurityGuard,1,403,403,0,52,1,0.0,0.129,0.0025,0,0,0,0.0,0,0.0,0,5454,2843,0.19,29786.52,0.5213,57629,189,143.0,17.0,42.0,41.0,44.0,26.0,0
HVF0067,2 - SoftwareManagement,SoftwareEngineer,1,637,362,0,0,17,0.0,0.0,0.0267,1384,690,2074,0.6673,2023,6.32,15,3058,1453,0.81,30022.3,0.4751,31140,182,90.0,44.0,35.0,22.0,43.0,41.0,0
HWH0646,3 - FieldService,Technician,1,629,346,0,0,1,0.0,0.0,0.0016,0,0,0,0.0,0,0.0,0,1014,516,0.79,29905.94,0.5089,10034,98,29.0,17.0,24.0,24.0,21.0,28.0,0
HWM0342,3 - FieldService,Technician,1,365,365,0,0,2,0.0,0.0,0.0055,0,0,0,0.0,0,0.0,0,1019,482,0.23,29930.8,0.473,10034,127,29.0,45.0,44.0,41.0,39.0,34.0,0
HWW0436,3 - Engineering,TestEngineer,1,745,470,12,1,3,0.0161,0.0013,0.004,1317,653,1970,0.6685,1245,4.49,13,3331,1663,0.58,29945.99,0.4992,31050,153,90.0,45.0,37.0,23.0,27.0,33.0,0
HWY0038,6 - Security,ITAdmin,1,449,449,211,0,285,0.4699,0.0,0.6347,0,0,0,0.0,0,0.0,0,1138,680,0.22,30147.52,0.5975,12312,173,114.0,47.0,39.0,40.0,22.0,24.0,0
HXL0968,3 - Assembly,ProductionLineWorker,1,211,211,0,0,1,0.0,0.0,0.0047,932,464,1396,0.6676,477,3.27,11,211,135,0.44,30487.75,0.6398,2225,147,10.6,45.0,21.0,35.0,40.0,34.0,1
IAR0694,2 - SoftwareManagement,ComputerScientist,1,856,539,0,115,3,0.0,0.1343,0.0035,0,0,0,0.0,0,0.0,0,3481,1539,0.7,29904.79,0.4421,38380,144,95.0,12.0,17.0,44.0,40.0,34.0,0
IAT0263,3 - Engineering,MaterialsEngineer,1,186,186,0,0,1,0.0,0.0,0.0054,0,0,0,0.0,0,0.0,0,1762,761,0.57,30401.77,0.4319,17670,94,95.0,28.0,23.0,30.0,30.0,27.0,0
IBB0359,6 - Security,ITAdmin,1,1676,1410,642,1,604,0.3831,0.0006,0.3604,7852,3917,11769,0.6672,3199,9.75,33,3631,1808,0.63,30059.52,0.4979,39444,204,114.0,48.0,33.0,21.0,43.0,38.0,0
IBB0696,3 - Assembly,ProductionLineWorker,1,637,367,0,0,3,0.0,0.0,0.0047,1408,700,2108,0.6679,986,3.96,10,333,161,0.55,30369.28,0.4835,3460,70,10.0,47.0,13.0,36.0,16.0,33.0,0
IBM0671,1 - Research,Physicist,1,619,360,0,0,2,0.0,0.0,0.0032,287,142,429,0.669,802,7.04,17,3342,1813,0.58,30067.56,0.5425,32775,198,95.0,50.0,46.0,38.0,35.0,31.0,0
IBP0883,3 - FieldService,Technician,1,696,425,57,5,1,0.0819,0.0072,0.0014,0,0,0,0.0,0,0.0,0,996,541,0.67,29919.01,0.5432,10380,161,30.0,30.0,25.0,15.0,11.0,17.0,0
IBS0836,3 - Assembly,ProductionLineWorker,1,722,419,23,63,3,0.0319,0.0873,0.0042,774,386,1160,0.6672,624,3.39,9,359,212,0.6,30041.6,0.5905,3402,161,9.0,10.0,44.0,50.0,38.0,27.0,0
ICH0294,3 - Assembly,ProductionLineWorker,1,429,429,0,0,3,0.0,0.0,0.007,1326,660,1986,0.6677,2509,7.87,16,335,191,0.79,30363.48,0.5701,3460,108,10.0,32.0,27.0,20.0,40.0,26.0,0
ICS0956,3 - Assembly,ProductionLineWorker,1,251,251,0,0,1,0.0,0.0,0.004,0,0,0,0.0,0,0.0,0,244,107,0.2,30547.81,0.4385,2510,83,10.0,22.0,20.0,18.0,35.0,26.0,0
IDO0176,2 - Sales,Salesman,1,346,346,0,0,1,0.0,0.0,0.0029,0,0,0,0.0,0,0.0,0,5026,1938,0.0,30095.93,0.3856,56052,113,162.0,34.0,39.0,40.0,24.0,26.0,0
IEB0153,2 - Payroll,Accountant,1,383,383,0,21,2,0.0,0.0548,0.0052,0,0,0,0.0,0,0.0,0,1806,1072,0.62,30034.15,0.5936,17856,173,48.0,44.0,25.0,39.0,24.0,36.0,0
IHK0841,3 - Assembly,ProductionLineWorker,1,346,346,0,0,1,0.0,0.0,0.0029,0,0,0,0.0,0,0.0,0,336,164,0.0,29301.76,0.4881,3460,108,10.0,35.0,23.0,41.0,28.0,29.0,0
IIA0092,3 - Engineering,MaterialsEngineer,1,346,346,0,0,1,0.0,0.0,0.0029,0,0,0,0.0,0,0.0,0,2992,1696,0.33,30070.85,0.5668,32870,144,95.0,39.0,30.0,42.0,14.0,27.0,0
IIL0513,3 - FieldService,Technician,1,439,439,0,88,1,0.0,0.2005,0.0023,0,0,0,0.0,0,0.0,0,1329,779,0.17,30068.68,0.5862,13170,191,30.0,37.0,13.0,26.0,38.0,34.0,0
IIW0249,3 - Engineering,MechanicalEngineer,1,435,435,20,47,21,0.046,0.108,0.0483,6735,3360,10095,0.6672,473,2.82,9,3402,1890,0.2,30052.27,0.5556,37145,242,95.0,39.0,36.0,43.0,38.0,28.0,0
IJM0139,3 - Assembly,ProductionLineWorker,1,346,346,0,0,1,0.0,0.0,0.0029,0,0,0,0.0,0,0.0,0,337,168,0.0,30220.85,0.4985,3460,91,10.0,45.0,17.0,15.0,30.0,35.0,0
IJM0444,3 - Engineering,TestEngineer,1,740,481,9,1,3,0.0122,0.0014,0.0041,741,368,1109,0.6682,1840,7.63,16,3000,1289,0.7,30086.73,0.4297,32870,101,95.0,36.0,35.0,39.0,35.0,26.0,0
IJM0776,3 - FieldService,Technician,1,171,171,0,0,1,0.0,0.0,0.0058,694,344,1038,0.6686,344,3.28,7,515,252,0.42,30289.27,0.4893,5093,101,29.78,41.0,35.0,19.0,41.0,32.0,1
IJR0825,3 - Assembly,ProductionLineWorker,1,346,346,0,0,1,0.0,0.0,0.0029,0,0,0,0.0,0,0.0,0,338,186,0.8,29942.0,0.5503,3460,112,10.0,38.0,42.0,39.0,46.0,32.0,0
IJW0851,2 - Sales,Salesman,1,346,346,0,0,1,0.0,0.0,0.0029,0,0,0,0.0,0,0.0,0,5041,2626,0.0,29977.07,0.5209,56052,171,162.0,21.0,10.0,10.0,18.0,34.0,0
IKP0472,3 - Assembly,ProductionLineWorker,1,1016,621,0,287,2,0.0,0.2825,0.002,1033,514,1547,0.6677,812,3.56,12,481,267,0.84,29820.92,0.5551,4446,145,9.0,32.0,10.0,37.0,38.0,31.0,0
IKR0401,2 - SoftwareManagement,SoftwareEngineer,1,287,287,0,0,1,0.0,0.0,0.0035,1134,565,1699,0.6675,554,3.03,8,2495,1168,0.4,30324.55,0.4681,27375,202,95.38,40.0,42.0,24.0,16.0,29.0,1
ILC0838,3 - Assembly,ProductionLineWorker,1,346,346,0,0,1,0.0,0.0,0.0029,0,0,0,0.0,0,0.0,0,338,177,0.2,30310.87,0.5237,3460,149,10.0,40.0,36.0,42.0,16.0,33.0,0
ILH0958,3 - Assembly,ProductionLineWorker,1,737,466,0,0,27,0.0,0.0,0.0366,300,150,450,0.6667,2970,24.96,27,337,180,0.7,30021.43,0.5341,3460,95,10.0,28.0,17.0,20.0,19.0,24.0,0
ILJ0526,3 - FieldService,Technician,1,813,524,0,57,28,0.0,0.0701,0.0344,754,376,1130,0.6673,1236,5.19,13,1089,559,0.69,30278.68,0.5133,10875,121,29.0,33.0,50.0,23.0,46.0,25.0,0
ILR0304,3 - Assembly,ProductionLineWorker,1,346,346,0,0,1,0.0,0.0,0.0029,0,0,0,0.0,0,0.0,0,333,175,0.16,29666.58,0.5255,3460,108,10.0,20.0,22.0,18.0,46.0,30.0,0
IMB0481,2 - Sales,Salesman,1,346,346,0,0,1,0.0,0.0,0.0029,0,0,0,0.0,0,0.0,0,5006,3087,0.37,29942.52,0.6167,56052,258,162.0,19.0,41.0,38.0,43.0,38.0,0
IMG0320,2 - Sales,Salesman,1,346,346,0,0,1,0.0,0.0,0.0029,0,0,0,0.0,0,0.0,0,5032,2386,0.39,30173.72,0.4742,55890,189,162.0,37.0,14.0,12.0,24.0,23.0,0
IMP0530,3 - FieldService,Technician,1,346,346,0,0,1,0.0,0.0,0.0029,0,0,0,0.0,0,0.0,0,1008,456,0.36,30273.24,0.4524,10034,117,29.0,40.0,17.0,42.0,50.0,32.0,0
IRM0931,2 - SoftwareManagement,ComputerProgrammer,1,1063,684,31,271,2,0.0292,0.2549,0.0019,1004,499,1503,0.668,2278,6.88,19,4157,2155,0.67,30023.17,0.5184,45315,192,95.0,44.0,46.0,33.0,35.0,30.0,0
IRT0491,2 - Sales,Salesman,1,346,346,0,0,1,0.0,0.0,0.0029,0,0,0,0.0,0,0.0,0,5019,2185,0.38,29826.02,0.4353,56052,103,162.0,17.0,30.0,27.0,41.0,32.0,0
IUB0565,2 - SoftwareManagement,SoftwareEngineer,1,234,234,0,0,1,0.0,0.0,0.0043,986,492,1478,0.6671,503,3.27,8,2057,914,0.43,29939.39,0.4443,22354,181,95.53,44.0,39.0,35.0,22.0,30.0,1
IUY0279,3 - Engineering,TestEngineer,1,623,364,0,0,3,0.0,0.0,0.0048,0,0,0,0.0,0,0.0,0,3030,1505,0.75,30019.31,0.4967,31140,161,90.0,38.0,38.0,17.0,21.0,29.0,0
IWM0816,2 - SoftwareManagement,SoftwareEngineer,1,622,346,0,0,1,0.0,0.0,0.0016,0,0,0,0.0,0,0.0,0,3013,1091,0.59,30043.27,0.3621,32870,129,95.0,35.0,42.0,50.0,44.0,28.0,0
IYB0918,1 - Research,Scientist,1,346,346,0,0,1,0.0,0.0,0.0029,0,0,0,0.0,0,0.0,0,3024,1537,0.23,30234.39,0.5083,32870,129,95.0,17.0,21.0,42.0,14.0,30.0,0
JAD0609,2 - Sales,Salesman,1,438,438,0,0,3,0.0,0.0,0.0068,0,0,0,0.0,0,0.0,0,4968,2072,0.83,29751.06,0.4171,56052,156,162.0,18.0,23.0,26.0,36.0,33.0,0
JAJ0849,3 - Assembly,ProductionLineWorker,1,905,560,35,184,3,0.0387,0.2033,0.0033,0,0,0,0.0,0,0.0,0,427,219,0.64,30380.56,0.5129,4420,125,10.0,22.0,24.0,23.0,23.0,33.0,0
JAM0382,1 - Research,Scientist,1,346,346,0,0,1,0.0,0.0,0.0029,0,0,0,0.0,0,0.0,0,2998,1499,0.44,30058.64,0.5,32870,147,95.0,25.0,23.0,41.0,17.0,23.0,0
JAV0361,6 - Security,ITAdmin,1,1384,1384,673,0,625,0.4863,0.0,0.4516,0,0,0,0.0,0,0.0,0,3659,1694,0.4,30021.06,0.463,39377,193,113.81,36.0,45.0,40.0,45.0,33.0,0
JBD0616,2 - Sales,Salesman,1,640,362,0,0,2,0.0,0.0,0.0031,5968,2977,8945,0.6672,339,2.67,8,5030,2523,0.53,29879.7,0.5016,56052,209,162.0,40.0,21.0,25.0,37.0,27.0,0
JBM0350,2 - SoftwareManagement,Manager,1,434,434,65,4,3,0.1498,0.0092,0.0069,0,0,0,0.0,0,0.0,0,4752,2142,0.19,30065.51,0.4508,49478,191,143.0,37.0,21.0,12.0,45.0,25.0,0
JCC0225,6 - Security,ITAdmin,1,1375,1375,637,0,639,0.4633,0.0,0.4647,0,0,0,0.0,0,0.0,0,3708,1880,0.0,29939.31,0.507,39408,163,113.9,47.0,45.0,40.0,15.0,18.0,0
JCG0316,2 - Sales,Salesman,1,734,469,0,0,2,0.0,0.0,0.0027,1387,690,2077,0.6678,2161,6.86,15,4986,2595,0.59,29950.03,0.5205,56052,209,162.0,47.0,36.0,32.0,25.0,33.0,0
JCR0172,2 - Sales,Salesman,1,723,407,0,98,1,0.0,0.1355,0.0014,338,168,506,0.668,406,3.87,11,5926,2764,0.51,30026.19,0.4664,65934,148,162.0,43.0,41.0,41.0,39.0,31.0,0
JCR0289,3 - Assembly,ProductionLineWorker,1,346,346,0,0,1,0.0,0.0,0.0029,0,0,0,0.0,0,0.0,0,338,182,0.25,30218.05,0.5385,3460,102,10.0,32.0,43.0,33.0,33.0,29.0,0
JCR0770,3 - FieldService,Technician,1,346,346,0,0,1,0.0,0.0,0.0029,0,0,0,0.0,0,0.0,0,1003,473,0.75,29533.33,0.4716,10034,115,29.0,40.0,47.0,24.0,21.0,27.0,0
JCR0921,1 - Research,Physicist,1,346,346,0,0,1,0.0,0.0,0.0029,0,0,0,0.0,0,0.0,0,3040,1586,0.41,30154.75,0.5217,32870,185,95.0,47.0,46.0,31.0,40.0,34.0,0
JCV0245,3 - Engineering,MechanicalEngineer,1,346,346,0,0,1,0.0,0.0,0.0029,0,0,0,0.0,0,0.0,0,3039,1501,0.21,30248.61,0.4939,32870,178,95.0,40.0,44.0,22.0,20.0,27.0,0
JCW0858,2 - Sales,Salesman,1,346,346,0,0,1,0.0,0.0,0.0029,0,0,0,0.0,0,0.0,0,4981,2640,0.2,30120.04,0.53,56052,219,162.0,14.0,35.0,22.0,41.0,39.0,0
JDB0169,2 - Sales,Salesman,1,620,346,0,0,1,0.0,0.0,0.0016,5464,2721,8185,0.6676,7791,22.52,27,4657,2234,0.19,30091.15,0.4797,56052,197,162.0,20.0,14.0,23.0,48.0,33.0,0
JDC0030,6 - Security,AdministrativeAssistant,1,894,512,0,233,3,0.0,0.2606,0.0034,380,190,570,0.6667,724,5.28,12,5071,3023,0.79,29954.44,0.5961,54378,255,114.0,31.0,18.0,19.0,21.0,26.0,0
JDF0593,3 - Assembly,ProductionLineWorker,1,805,508,52,38,3,0.0646,0.0472,0.0037,6296,3143,9439,0.667,403,2.74,10,351,129,0.21,30288.07,0.3675,3670,86,10.0,30.0,45.0,11.0,41.0,29.0,0
JER0404,2 - SoftwareManagement,SoftwareEngineer,1,346,346,0,0,1,0.0,0.0,0.0029,0,0,0,0.0,0,0.0,0,3022,1340,0.0,29980.78,0.4434,32870,150,95.0,38.0,46.0,18.0,16.0,30.0,0
JFC0557,2 - SoftwareManagement,SoftwareEngineer,1,615,346,0,0,1,0.0,0.0,0.0016,2785,1386,4171,0.6677,2839,8.23,18,3002,1300,0.69,30261.22,0.433,32870,107,95.0,22.0,16.0,23.0,40.0,33.0,0
JFC0757,3 - FieldService,Technician,1,346,346,0,0,1,0.0,0.0,0.0029,0,0,0,0.0,0,0.0,0,1056,534,0.0,29819.95,0.5057,10034,163,29.0,31.0,21.0,38.0,36.0,38.0,0
JGM0934,2 - SoftwareManagement,SoftwareEngineer,1,624,346,0,0,1,0.0,0.0,0.0016,0,0,0,0.0,0,0.0,0,3017,1604,0.81,30148.32,0.5317,32870,225,95.0,30.0,22.0,41.0,22.0,31.0,0
JGT0221,6 - Security,ITAdmin,1,586,586,286,0,368,0.4881,0.0,0.628,4,2,6,0.6667,1,1.0,1,1452,793,0.41,29915.67,0.5461,15438,204,113.51,45.0,30.0,16.0,40.0,18.0,1
JHP0583,3 - Assembly,ProductionLineWorker,1,853,538,37,111,3,0.0434,0.1301,0.0035,1629,812,2441,0.6673,1589,4.66,12,390,177,0.81,30542.01,0.4538,4020,81,10.0,37.0,25.0,40.0,42.0,37.0,0
JIG0128,2 - ManufacturingEngineering,MechanicalEngineer,1,346,346,0,0,1,0.0,0.0,0.0029,0,0,0,0.0,0,0.0,0,3030,1458,0.0,29878.8,0.4812,32775,167,95.0,25.0,45.0,35.0,18.0,27.0,0
JIM0095,3 - Engineering,AdministrativeAssistant,1,346,346,0,0,1,0.0,0.0,0.0029,0,0,0,0.0,0,0.0,0,3677,1746,0.21,30263.84,0.4748,39444,166,114.0,10.0,18.0,21.0,15.0,35.0,0
JJB0127,2 - ManufacturingEngineering,MechanicalEngineer,1,346,346,0,0,1,0.0,0.0,0.0029,0,0,0,0.0,0,0.0,0,2973,1269,0.0,29869.87,0.4268,32870,153,95.0,26.0,21.0,38.0,30.0,32.0,0
JJB0700,3 - Assembly,ProductionLineWorker,1,371,371,0,0,2,0.0,0.0,0.0054,0,0,0,0.0,0,0.0,0,337,164,0.86,30183.64,0.4866,3460,78,10.0,15.0,19.0,39.0,37.0,28.0,0
JJH0292,3 - Assembly,ProductionLineWorker,1,658,384,0,4,3,0.0,0.0061,0.0046,0,0,0,0.0,0,0.0,0,339,167,0.67,30116.88,0.4926,3520,131,10.0,35.0,23.0,38.0,39.0,28.0,0
JJH0613,2 - Sales,Salesman,1,711,436,0,0,2,0.0,0.0,0.0028,2095,1046,3141,0.667,1641,5.1,14,5027,2245,0.66,30111.39,0.4466,56052,168,162.0,50.0,30.0,24.0,14.0,26.0,0
JJM0203,3 - Contracts,Engineer,1,424,262,0,0,2,0.0,0.0,0.0047,854,426,1280,0.6672,425,3.24,9,1876,836,0.71,29822.66,0.4456,20181,160,95.64,37.0,36.0,18.0,30.0,28.0,1
JKB0126,2 - ManufacturingEngineering,ElectricalEngineer,1,345,346,0,0,1,0.0,0.0,0.0029,0,0,0,0.0,0,0.0,0,3024,1591,0.0,29969.67,0.5261,32870,184,95.0,43.0,24.0,19.0,33.0,28.0,0
JKF0465,3 - Assembly,ProductionLineWorker,1,420,420,0,64,1,0.0,0.1524,0.0024,0,0,0,0.0,0,0.0,0,403,186,0.21,30485.91,0.4615,4200,95,10.0,10.0,37.0,12.0,17.0,32.0,0
JKJ0698,3 - Assembly,ProductionLineWorker,1,471,472,0,102,31,0.0,0.2166,0.0658,0,0,0,0.0,0,0.0,0,429,210,0.25,30403.49,0.4895,4420,107,10.0,16.0,38.0,16.0,22.0,28.0,0
JKM0303,3 - Assembly,ProductionLineWorker,1,346,346,0,0,1,0.0,0.0,0.0029,0,0,0,0.0,0,0.0,0,330,163,0.52,29653.25,0.4939,3450,114,10.0,46.0,10.0,44.0,15.0,35.0,0
JLM0364,6 - Security,ITAdmin,1,1314,1314,632,0,598,0.481,0.0,0.4551,4,2,6,0.6667,1,1.0,1,3537,1397,0.22,29900.08,0.395,38165,161,113.93,35.0,22.0,15.0,25.0,37.0,1
JLW0053,1 - Research,LabManager,1,346,346,0,0,1,0.0,0.0,0.0029,0,0,0,0.0,0,0.0,0,4717,1775,0.0,29752.75,0.3763,49478,98,143.0,42.0,41.0,18.0,38.0,31.0,0
JMB0308,2 - Sales,Salesman,1,157,157,3,0,1,0.0191,0.0,0.0064,16,8,24,0.6667,10,10.0,10,2203,1114,0.38,30247.5,0.5057,24789,118,162.02,41.0,44.0,34.0,14.0,32.0,1
JMC0925,1 - Research,Physicist,1,779,505,49,4,5,0.0629,0.0051,0.0064,0,0,0,0.0,0,0.0,0,3372,1312,0.71,29744.96,0.3891,32870,103,95.0,33.0,10.0,23.0,19.0,31.0,0
JMD0520,3 - FieldService,Technician,1,699,428,20,2,36,0.0286,0.0029,0.0515,1315,651,1966,0.6689,1893,6.09,15,1009,415,0.59,29825.7,0.4113,10034,99,29.0,21.0,45.0,16.0,38.0,29.0,0
JMH0543,1 - Research,Scientist,1,404,228,0,0,1,0.0,0.0,0.0025,0,0,0,0.0,0,0.0,0,2003,717,0.19,29769.81,0.358,21660,70,95.0,44.0,25.0,37.0,13.0,34.0,0
JMK0099,3 - Engineering,SystemsEngineer,1,735,465,0,0,3,0.0,0.0,0.0041,279,138,417,0.6691,555,5.84,13,2989,1779,0.61,30005.85,0.5952,32870,230,95.0,40.0,37.0,41.0,41.0,25.0,0
JML0909,3 - FieldService,Technician,1,621,346,0,0,1,0.0,0.0,0.0016,0,0,0,0.0,0,0.0,0,1010,521,0.8,29947.14,0.5158,10034,144,29.0,24.0,32.0,39.0,40.0,21.0,0
JMW0638,3 - FieldService,Technician,1,346,346,0,0,1,0.0,0.0,0.0029,0,0,0,0.0,0,0.0,0,1007,466,0.43,29692.45,0.4628,10034,83,29.0,43.0,21.0,30.0,18.0,30.0,0
JNA0559,2 - SoftwareManagement,SoftwareEngineer,1,345,346,0,0,1,0.0,0.0,0.0029,0,0,0,0.0,0,0.0,0,3020,1613,0.0,29977.27,0.5341,32870,239,95.0,10.0,10.0,41.0,10.0,31.0,0
JNJ0556,2 - SoftwareManagement,ComputerScientist,1,345,346,0,0,1,0.0,0.0,0.0029,5995,2992,8987,0.6671,7977,23.05,27,3009,1568,0.51,29755.3,0.5211,32870,202,95.0,43.0,45.0,22.0,33.0,34.0,0
JOL0024,3 - Training,AdministrativeAssistant,1,346,346,0,0,1,0.0,0.0,0.0029,0,0,0,0.0,0,0.0,0,3640,1421,0.38,30163.21,0.3904,39330,57,114.0,50.0,40.0,24.0,21.0,29.0,0
JOM0750,2 - Sales,Salesman,1,346,346,0,0,1,0.0,0.0,0.0029,0,0,0,0.0,0,0.0,0,5045,2697,0.0,29785.9,0.5346,56052,212,162.0,35.0,46.0,25.0,40.0,29.0,0
JPA0667,1 - Research,Scientist,1,346,346,0,0,1,0.0,0.0,0.0029,0,0,0,0.0,0,0.0,0,2980,1403,0.69,30057.59,0.4708,32870,176,95.0,49.0,42.0,34.0,35.0,27.0,0
JPW0741,2 - Sales,Salesman,1,346,346,0,0,1,0.0,0.0,0.0029,0,0,0,0.0,0,0.0,0,4984,2053,0.0,30172.7,0.4119,56052,127,162.0,40.0,38.0,44.0,30.0,33.0,0
JRF0835,3 - Assembly,ProductionLineWorker,1,346,346,0,0,1,0.0,0.0,0.0029,0,0,0,0.0,0,0.0,0,339,171,0.5,29995.89,0.5044,3460,157,10.0,44.0,33.0,18.0,37.0,18.0,0
JRG0207,6 - Security,SecurityGuard,1,287,287,2,0,1,0.007,0.0,0.0035,46,23,69,0.6667,27,9.0,10,3842,1443,0.35,30006.22,0.3756,40185,99,143.01,42.0,37.0,40.0,21.0,27.0,1
JRH0455,3 - Assembly,ProductionLineWorker,1,55,55,0,0,1,0.0,0.0,0.0182,0,0,0,0.0,0,0.0,0,51,25,0.12,30164.45,0.4902,550,55,10.0,19.0,21.0,42.0,20.0,34.0,0
JRL0574,3 - Assembly,ProductionLineWorker,1,346,346,0,0,1,0.0,0.0,0.0029,0,0,0,0.0,0,0.0,0,331,173,0.0,31158.63,0.5227,3450,151,10.0,19.0,26.0,35.0,47.0,40.0,0
JRS0362,6 - Security,ITAdmin,1,1388,1388,662,0,636,0.4769,0.0,0.4582,0,0,0,0.0,0,0.0,0,3689,1463,0.0,29804.54,0.3966,39444,134,114.0,50.0,50.0,14.0,37.0,24.0,0
JSA0775,3 - FieldService,Technician,1,346,346,0,0,1,0.0,0.0,0.0029,0,0,0,0.0,0,0.0,0,991,617,0.77,29922.82,0.6226,10034,229,29.0,50.0,46.0,42.0,19.0,33.0,0
JSH0330,3 - FieldService,Technician,1,346,346,0,0,1,0.0,0.0,0.0029,0,0,0,0.0,0,0.0,0,1049,526,0.2,29548.92,0.5014,10034,122,29.0,20.0,16.0,23.0,24.0,28.0,0
JTM0223,6 - Security,ITAdmin,1,748,630,275,0,361,0.3676,0.0,0.4826,4,2,6,0.6667,1,1.0,1,1489,801,0.67,30497.31,0.5379,16026,178,113.66,35.0,48.0,20.0,21.0,30.0,1
JTS0389,1 - Research,Scientist,1,423,423,0,0,3,0.0,0.0,0.0071,270,134,404,0.6683,376,4.13,10,3335,1755,0.17,29978.41,0.5262,32870,168,95.0,31.0,36.0,11.0,44.0,32.0,0
JXH0493,2 - Sales,Salesman,1,346,346,0,0,1,0.0,0.0,0.0029,0,0,0,0.0,0,0.0,0,5008,2641,0.18,29656.41,0.5274,56052,141,162.0,36.0,32.0,23.0,15.0,31.0,0
JZD0888,3 - FieldService,Technician,1,346,346,0,0,1,0.0,0.0,0.0029,0,0,0,0.0,0,0.0,0,996,392,0.0,30272.17,0.3936,10034,80,29.0,20.0,20.0,30.0,14.0,30.0,0
KAC0124,2 - ManufacturingEngineering,ElectricalEngineer,1,346,346,0,0,1,0.0,0.0,0.0029,0,0,0,0.0,0,0.0,0,3058,1483,0.0,29909.22,0.485,32870,162,95.0,33.0,14.0,30.0,18.0,33.0,0
KAL0395,2 - SoftwareManagement,ComputerScientist,1,346,346,0,0,1,0.0,0.0,0.0029,0,0,0,0.0,0,0.0,0,3021,1124,0.46,29949.01,0.3721,32775,117,95.0,13.0,24.0,22.0,28.0,29.0,0
KAT0270,3 - Engineering,ElectricalEngineer,1,346,346,0,0,1,0.0,0.0,0.0029,0,0,0,0.0,0,0.0,0,3045,1786,0.82,30066.24,0.5865,32870,218,95.0,21.0,24.0,39.0,23.0,27.0,0
KAT0489,2 - Sales,Salesman,1,346,346,0,0,1,0.0,0.0,0.0029,0,0,0,0.0,0,0.0,0,5023,2051,0.66,30066.72,0.4083,56052,116,162.0,22.0,41.0,36.0,23.0,26.0,0
KBB0189,Unknown,AdministrativeAssistant,1,346,346,0,0,1,0.0,0.0,0.0029,0,0,0,0.0,0,0.0,0,3719,1792,0.41,29958.81,0.4818,39444,139,114.0,49.0,23.0,16.0,33.0,30.0,0
KBC0054,1 - Research,Scientist,1,346,346,0,0,1,0.0,0.0,0.0029,0,0,0,0.0,0,0.0,0,2980,1073,0.0,30030.82,0.3601,32870,135,95.0,42.0,43.0,17.0,41.0,32.0,0
KBG0549,1 - Research,Scientist,1,650,369,0,0,3,0.0,0.0,0.0046,216,108,324,0.6667,377,4.49,12,3365,2033,0.6,29760.36,0.6042,32870,233,95.0,16.0,19.0,37.0,10.0,32.0,0
KBL0260,3 - Engineering,ElectricalEngineer,1,346,346,0,0,1,0.0,0.0,0.0029,0,0,0,0.0,0,0.0,0,3014,1782,0.0,30228.65,0.5912,32870,179,95.0,16.0,15.0,48.0,16.0,32.0,0
KBP0008,Unknown,VicePresident,1,733,464,0,0,2,0.0,0.0,0.0027,0,0,0,0.0,0,0.0,0,9145,5143,0.5,29927.39,0.5624,103800,222,300.0,23.0,18.0,40.0,11.0,34.0,0
KBS0874,2 - Sales,Salesman,1,616,346,0,0,1,0.0,0.0,0.0016,0,0,0,0.0,0,0.0,0,5062,2555,0.7,29951.89,0.5047,56052,173,162.0,23.0,39.0,37.0,33.0,29.0,0
KCB0815,2 - SoftwareManagement,SoftwareEngineer,1,625,346,0,0,1,0.0,0.0,0.0016,0,0,0,0.0,0,0.0,0,3061,1380,0.2,29839.64,0.4508,32870,167,95.0,16.0,40.0,18.0,36.0,31.0,0
KCF0045,6 - Security,ITAdmin,1,1390,1390,654,0,640,0.4705,0.0,0.4604,0,0,0,0.0,0,0.0,0,3654,1506,0.32,29966.67,0.4122,39209,123,113.65,40.0,39.0,16.0,27.0,31.0,0
KCO0122,1 - IndustrialEngineering,IndustrialEngineer,1,719,442,59,5,2,0.0821,0.007,0.0028,1404,701,2105,0.667,1593,5.24,13,3033,1760,0.62,29939.5,0.5803,32870,210,95.0,30.0,32.0,26.0,38.0,33.0,0
KCS0173,2 - Sales,Salesman,1,685,413,0,0,3,0.0,0.0,0.0044,714,354,1068,0.6685,260,2.74,7,4679,1826,0.66,29892.8,0.3903,52938,139,153.0,39.0,20.0,50.0,20.0,30.0,0
KDS0349,1 - Research,LabManager,1,346,346,0,0,1,0.0,0.0,0.0029,0,0,0,0.0,0,0.0,0,4745,2646,0.0,29857.75,0.5576,49478,218,143.0,18.0,23.0,20.0,32.0,29.0,0
KDT0346,3 - FieldService,Technician,1,622,346,0,0,1,0.0,0.0,0.0016,0,0,0,0.0,0,0.0,0,1003,401,0.73,29512.93,0.3998,10034,92,29.0,36.0,41.0,10.0,22.0,33.0,0
KES0729,2 - Sales,Salesman,1,632,366,0,0,3,0.0,0.0,0.0047,0,0,0,0.0,0,0.0,0,5014,2086,0.56,29916.33,0.416,56052,116,162.0,20.0,10.0,24.0,45.0,31.0,0
KJA0152,2 - Payroll,AdministrativeAssistant,1,346,346,0,0,1,0.0,0.0,0.0029,0,0,0,0.0,0,0.0,0,3687,2003,0.0,30118.11,0.5433,39444,184,114.0,16.0,16.0,39.0,38.0,34.0,0
KJG0910,3 - FieldService,Technician,1,346,346,0,0,1,0.0,0.0,0.0029,0,0,0,0.0,0,0.0,0,991,592,0.37,30400.83,0.5974,10034,196,29.0,37.0,10.0,31.0,18.0,29.0,0
KJJ0293,3 - Assembly,ProductionLineWorker,1,691,424,0,0,2,0.0,0.0,0.0029,687,342,1029,0.6676,530,3.63,11,333,159,0.95,29943.15,0.4775,3460,109,10.0,41.0,42.0,23.0,39.0,33.0,0
KJM0887,3 - FieldService,Technician,1,346,346,0,0,1,0.0,0.0,0.0029,0,0,0,0.0,0,0.0,0,1005,481,0.69,30238.22,0.4786,10034,121,29.0,31.0,47.0,14.0,16.0,32.0,0
KJP0371,6 - Security,ITAdmin,1,1394,1394,687,0,635,0.4928,0.0,0.4555,0,0,0,0.0,0,0.0,0,3700,2007,0.73,29843.62,0.5424,39403,169,113.88,36.0,21.0,25.0,15.0,30.0,0
KJS0618,2 - Sales,Salesman,1,346,346,0,0,1,0.0,0.0,0.0029,0,0,0,0.0,0,0.0,0,5059,2289,0.39,30218.5,0.4525,56052,152,162.0,19.0,15.0,20.0,10.0,37.0,0
KJW0416,3 - Engineering,SystemsEngineer,1,346,346,0,0,1,0.0,0.0,0.0029,0,0,0,0.0,0,0.0,0,3037,1419,0.0,29920.06,0.4672,32775,185,95.0,50.0,46.0,39.0,41.0,30.0,0
KKC0683,2 - SoftwareManagement,SoftwareEngineer,1,346,346,0,0,1,0.0,0.0,0.0029,0,0,0,0.0,0,0.0,0,3054,1083,0.0,29881.93,0.3546,32870,98,95.0,32.0,37.0,37.0,48.0,35.0,0
KKS0119,4 - QualityControl,Manager,1,615,346,0,0,1,0.0,0.0,0.0016,0,0,0,0.0,0,0.0,0,4684,2673,0.73,29747.17,0.5707,49478,271,143.0,15.0,28.0,39.0,33.0,27.0,0
KKW0879,2 - Sales,Salesman,1,451,451,20,37,2,0.0443,0.082,0.0044,6501,3244,9745,0.6671,1534,4.71,13,5158,2446,0.24,29904.64,0.4742,61722,151,162.0,36.0,42.0,21.0,31.0,27.0,0
KLH0596,3 - Assembly,ProductionLineWorker,1,294,294,2,1,1,0.0068,0.0034,0.0034,38,19,57,0.6667,53,26.5,27,279,123,0.3,30431.44,0.4409,2911,91,9.97,30.0,10.0,35.0,12.0,29.0,1
KLM0639,3 - FieldService,Technician,1,346,346,0,0,1,0.0,0.0,0.0029,0,0,0,0.0,0,0.0,0,1018,470,0.0,29608.37,0.4617,10005,122,29.0,20.0,15.0,24.0,40.0,26.0,0
KMB0922,1 - Research,Scientist,1,728,460,52,5,34,0.0714,0.0069,0.0467,733,366,1099,0.667,1209,5.57,14,3027,1697,0.57,30161.25,0.5606,32775,219,95.0,43.0,43.0,17.0,24.0,27.0,0
KMS0657,3 - FieldService,Technician,1,346,346,0,0,1,0.0,0.0,0.0029,0,0,0,0.0,0,0.0,0,1006,405,0.0,30248.98,0.4026,10034,63,29.0,17.0,31.0,21.0,17.0,29.0,0
KMW0545,1 - Research,Physicist,1,621,346,0,0,1,0.0,0.0,0.0016,257,128,385,0.6675,493,4.93,11,3025,1500,0.61,30083.89,0.4959,31140,163,90.0,19.0,16.0,18.0,23.0,32.0,0
KNB0022,2 - EmployeeRelations,HumanResourceSpecialist,1,346,346,0,0,1,0.0,0.0,0.0029,0,0,0,0.0,0,0.0,0,3646,1738,0.41,29887.8,0.4767,39444,155,114.0,22.0,38.0,45.0,16.0,30.0,0
KNG0672,1 - Research,Physicist,1,301,301,0,0,1,0.0,0.0,0.0033,0,0,0,0.0,0,0.0,0,2611,1325,0.37,29754.76,0.5075,28595,178,95.0,21.0,40.0,18.0,20.0,27.0,0
KNW0644,3 - FieldService,Technician,1,346,346,0,0,1,0.0,0.0,0.0029,0,0,0,0.0,0,0.0,0,1015,513,0.36,30269.34,0.5054,10034,139,29.0,15.0,20.0,23.0,15.0,25.0,0
KPC0073,2 - SoftwareManagement,ComputerScientist,1,154,154,4,0,1,0.026,0.0,0.0065,16,8,24,0.6667,0,0.0,0,1311,475,0.71,29806.75,0.3623,14158,130,95.02,44.0,30.0,11.0,16.0,23.0,1
KPP0452,3 - Assembly,ProductionLineWorker,1,346,346,0,0,1,0.0,0.0,0.0029,0,0,0,0.0,0,0.0,0,341,118,0.38,29569.39,0.346,3460,65,10.0,44.0,46.0,44.0,16.0,19.0,0
KPR0497,2 - Sales,Salesman,1,739,461,0,0,2,0.0,0.0,0.0027,0,0,0,0.0,0,0.0,0,5028,2523,0.74,29795.26,0.5018,56052,184,162.0,50.0,43.0,43.0,20.0,29.0,0
KQC0708,3 - Assembly,ProductionLineWorker,1,346,346,0,0,1,0.0,0.0,0.0029,0,0,0,0.0,0,0.0,0,336,167,0.0,30999.67,0.497,3460,106,10.0,34.0,18.0,39.0,42.0,23.0,0
KQS0415,3 - Engineering,SystemsEngineer,1,346,346,0,0,1,0.0,0.0,0.0029,0,0,0,0.0,0,0.0,0,3032,1586,0.4,30273.46,0.5231,32775,162,95.0,35.0,42.0,13.0,14.0,34.0,0
KRG0158,Unknown,AdministrativeAssistant,1,346,346,0,0,1,0.0,0.0,0.0029,0,0,0,0.0,0,0.0,0,3710,1771,0.35,30110.48,0.4774,39444,162,114.0,34.0,38.0,42.0,14.0,27.0,0
KRL0062,2 - SoftwareManagement,AdministrativeAssistant,1,346,346,0,0,1,0.0,0.0,0.0029,0,0,0,0.0,0,0.0,0,3691,1890,0.0,30107.26,0.5121,39444,213,114.0,37.0,16.0,17.0,20.0,33.0,0
KRL0501,2 - Sales,Salesman,1,265,265,0,0,1,0.0,0.0,0.0038,1130,562,1692,0.6678,578,3.28,11,3871,1857,0.0,29971.57,0.4797,43049,238,162.45,18.0,27.0,23.0,28.0,26.0,1
KRM0541,1 - Research,Scientist,1,364,364,0,0,19,0.0,0.0,0.0522,0,0,0,0.0,0,0.0,0,3022,1551,0.23,29996.56,0.5132,31050,178,90.0,40.0,20.0,38.0,36.0,23.0,0
KRV0372,6 - Security,ITAdmin,1,1410,1410,690,0,630,0.4894,0.0,0.4468,0,0,0,0.0,0,0.0,0,3711,2036,0.65,29972.5,0.5486,39444,253,114.0,40.0,39.0,25.0,35.0,32.0,0
KSH0569,2 - SoftwareManagement,SoftwareEngineer,1,346,346,0,0,1,0.0,0.0,0.0029,0,0,0,0.0,0,0.0,0,2998,1363,0.73,30032.9,0.4546,32870,195,95.0,15.0,39.0,23.0,14.0,22.0,0
KSP0357,6 - Security,ITAdmin,1,945,945,438,0,519,0.4635,0.0,0.5492,0,0,0,0.0,0,0.0,0,2496,886,0.4,29929.71,0.355,27018,127,114.0,41.0,40.0,29.0,19.0,24.0,0
KSP0966,3 - Assembly,ProductionLineWorker,1,346,346,0,0,1,0.0,0.0,0.0029,0,0,0,0.0,0,0.0,0,333,187,0.0,28846.27,0.5616,3460,144,10.0,42.0,36.0,19.0,24.0,35.0,0
KTG0091,3 - Engineering,MaterialsEngineer,1,346,346,0,0,1,0.0,0.0,0.0029,0,0,0,0.0,0,0.0,0,2992,1647,0.34,29931.12,0.5505,32870,205,95.0,46.0,41.0,16.0,15.0,29.0,0
KVS0425,3 - Engineering,SystemsEngineer,1,346,346,0,0,1,0.0,0.0,0.0029,0,0,0,0.0,0,0.0,0,3014,1457,0.39,29802.26,0.4834,32775,144,95.0,20.0,19.0,21.0,30.0,35.0,0
KVT0028,5 - Medical,Nurse,1,346,346,0,0,1,0.0,0.0,0.0029,0,0,0,0.0,0,0.0,0,3041,1433,0.38,29921.49,0.4712,32870,158,95.0,44.0,20.0,35.0,19.0,37.0,0
KWC0004,Unknown,VicePresident,1,346,346,0,0,1,0.0,0.0,0.0029,0,0,0,0.0,0,0.0,0,8997,5123,0.2,29790.96,0.5694,98610,242,285.0,23.0,38.0,39.0,20.0,27.0,0
KWE0082,3 - Engineering,MechanicalEngineer,1,621,346,0,0,1,0.0,0.0,0.0016,1424,707,2131,0.6682,2234,7.03,15,3028,1654,0.62,30101.32,0.5462,32870,183,95.0,38.0,43.0,19.0,48.0,35.0,0
LAF0991,1 - IndustrialEngineering,IndustrialEngineer,1,613,346,0,0,1,0.0,0.0,0.0016,0,0,0,0.0,0,0.0,0,3025,1489,0.85,30018.6,0.4922,32870,133,95.0,40.0,39.0,36.0,22.0,34.0,0
LAM0911,1 - Research,LabManager,1,606,346,0,0,1,0.0,0.0,0.0017,0,0,0,0.0,0,0.0,0,4728,2607,0.36,29760.41,0.5514,49478,237,143.0,42.0,43.0,27.0,38.0,22.0,0
LAP0338,3 - FieldService,Technician,1,874,488,0,241,1,0.0,0.2757,0.0011,0,0,0,0.0,0,0.0,0,1420,693,0.2,30193.41,0.488,14123,131,29.0,42.0,23.0,33.0,45.0,31.0,0
LBC0356,6 - Security,ITAdmin,1,1662,1391,654,0,636,0.3935,0.0,0.3827,0,0,0,0.0,0,0.0,0,3696,2106,0.7,30267.59,0.5698,39444,247,114.0,40.0,30.0,40.0,21.0,41.0,0
LBF0214,6 - Security,SecurityGuard,1,1015,658,55,232,2,0.0542,0.2286,0.002,941,470,1411,0.6669,1236,4.65,13,6135,2425,0.55,29886.14,0.3953,68400,157,150.0,18.0,44.0,18.0,38.0,28.0,0
LBH0942,2 - SoftwareManagement,SoftwareEngineer,1,819,453,0,199,1,0.0,0.243,0.0012,7785,3882,11667,0.6673,10889,24.04,27,3918,1366,0.2,30037.76,0.3486,43035,135,95.0,40.0,42.0,23.0,30.0,29.0,0
LCB0664,2 - Sales,Manager,1,682,417,0,0,2,0.0,0.0,0.0029,5938,2961,8899,0.6673,414,2.78,7,4697,1934,0.51,30004.94,0.4118,46710,121,135.0,16.0,19.0,36.0,24.0,32.0,0
LCC0819,2 - SoftwareManagement,ComputerProgrammer,1,157,157,0,0,1,0.0,0.0,0.0064,700,350,1050,0.6667,337,3.47,8,1413,721,0.0,29988.53,0.5103,15028,170,95.72,32.0,14.0,11.0,15.0,27.0,1
LCD0622,2 - Sales,Salesman,1,346,346,0,0,1,0.0,0.0,0.0029,0,0,0,0.0,0,0.0,0,4977,1938,0.0,30298.42,0.3894,55890,104,162.0,30.0,26.0,13.0,14.0,26.0,0
LDB0090,3 - Engineering,AdministrativeAssistant,1,346,346,0,0,1,0.0,0.0,0.0029,0,0,0,0.0,0,0.0,0,3657,2215,0.2,29909.39,0.6057,39444,209,114.0,40.0,14.0,39.0,41.0,34.0,0
LDD0560,2 - SoftwareManagement,ComputerScientist,1,50,50,6,10,3,0.12,0.2,0.06,0,0,0,0.0,0,0.0,0,400,124,0.69,30579.67,0.31,3800,94,95.0,25.0,43.0,39.0,26.0,35.0,0
LDG0459,3 - Assembly,ProductionLineWorker,1,714,435,0,0,3,0.0,0.0,0.0042,312,155,467,0.6681,480,4.66,14,332,174,0.62,29945.27,0.5241,3460,126,10.0,20.0,41.0,10.0,50.0,34.0,0
LDM0587,3 - Assembly,ProductionLineWorker,1,346,346,0,0,1,0.0,0.0,0.0029,0,0,0,0.0,0,0.0,0,335,208,0.2,29884.91,0.6209,3460,180,10.0,49.0,20.0,23.0,21.0,26.0,0
LEM0605,2 - Sales,Salesman,1,346,346,0,0,1,0.0,0.0,0.0029,0,0,0,0.0,0,0.0,0,4958,2735,0.41,29858.37,0.5516,56052,225,162.0,46.0,50.0,40.0,39.0,26.0,0
LFS0071,2 - SoftwareManagement,SoftwareEngineer,1,346,346,0,0,1,0.0,0.0,0.0029,0,0,0,0.0,0,0.0,0,3061,1568,0.0,29831.95,0.5123,32870,211,95.0,48.0,31.0,14.0,17.0,25.0,0
LHB0606,2 - Sales,Salesman,1,82,82,0,0,1,0.0,0.0,0.0122,0,0,0,0.0,0,0.0,0,1161,663,0.44,29817.21,0.5711,13284,197,162.0,37.0,38.0,15.0,27.0,27.0,0
LHB0967,3 - Assembly,ProductionLineWorker,1,346,346,0,0,1,0.0,0.0,0.0029,0,0,0,0.0,0,0.0,0,330,133,0.0,29489.51,0.403,3460,69,10.0,37.0,38.0,41.0,47.0,33.0,0
LHL0309,2 - Sales,Salesman,1,346,346,0,0,1,0.0,0.0,0.0029,0,0,0,0.0,0,0.0,0,4981,2260,0.32,30044.14,0.4537,55728,156,162.0,19.0,34.0,27.0,46.0,37.0,0
LHN0151,1 - Accounting,Accountant,1,346,346,0,0,1,0.0,0.0,0.0029,0,0,0,0.0,0,0.0,0,1680,793,0.21,29842.47,0.472,16608,153,48.0,13.0,15.0,19.0,32.0,26.0,0
LIM0674,1 - Research,Physicist,1,738,468,15,20,2,0.0203,0.0271,0.0027,264,131,395,0.6684,185,3.03,8,3071,1634,0.58,30108.36,0.5321,33535,181,95.0,18.0,13.0,35.0,49.0,20.0,0
LJB0826,3 - Assembly,ProductionLineWorker,1,346,346,0,0,1,0.0,0.0,0.0029,0,0,0,0.0,0,0.0,0,336,132,0.49,30141.65,0.3929,3450,71,10.0,38.0,21.0,39.0,15.0,32.0,0
LJJ0905,3 - FieldService,Technician,1,366,366,0,0,2,0.0,0.0,0.0055,0,0,0,0.0,0,0.0,0,1026,418,0.67,29878.19,0.4074,10005,109,29.0,43.0,36.0,12.0,22.0,30.0,0
LJR0523,3 - FieldService,Technician,1,170,171,4,2,1,0.0235,0.0118,0.0059,12,6,18,0.6667,3,3.0,3,480,280,0.81,30106.83,0.5833,4818,164,28.68,32.0,21.0,11.0,33.0,25.0,1
LJT0817,2 - SoftwareManagement,ComputerScientist,1,639,382,0,0,2,0.0,0.0,0.0031,1303,648,1951,0.6679,1927,6.3,15,3024,1337,0.75,30083.42,0.4421,32870,170,95.0,39.0,43.0,38.0,39.0,24.0,0
LLV0602,2 - Sales,Salesman,1,346,346,0,0,1,0.0,0.0,0.0029,0,0,0,0.0,0,0.0,0,5058,2064,0.18,30096.68,0.4081,56052,131,162.0,36.0,10.0,36.0,37.0,33.0,0
LMF0980,2 - EmployeeRelations,HumanResourceSpecialist,1,616,346,0,0,1,0.0,0.0,0.0016,0,0,0,0.0,0,0.0,0,3690,1767,0.73,30183.99,0.4789,39444,158,114.0,42.0,45.0,12.0,44.0,35.0,0
LNR0656,3 - FieldService,Technician,1,346,346,0,0,1,0.0,0.0,0.0029,0,0,0,0.0,0,0.0,0,1015,549,0.0,30079.71,0.5409,10034,182,29.0,25.0,39.0,12.0,30.0,23.0,0
LNS0989,5 - Medical,NursePractitioner,1,702,431,0,0,2,0.0,0.0,0.0028,0,0,0,0.0,0,0.0,0,3037,1465,0.75,29994.69,0.4824,32870,182,95.0,34.0,38.0,45.0,30.0,31.0,0
LOF0311,2 - Sales,Salesman,1,346,346,0,0,1,0.0,0.0,0.0029,0,0,0,0.0,0,0.0,0,5030,2269,0.41,30130.39,0.4511,56052,183,162.0,41.0,15.0,36.0,10.0,32.0,0
LOM0086,3 - Engineering,ElectricalEngineer,1,255,147,0,0,2,0.0,0.0,0.0078,570,284,854,0.6674,438,4.17,11,1237,597,0.51,30564.4,0.4826,13490,140,95.0,18.0,10.0,34.0,23.0,33.0,0
LPC0492,2 - Sales,Salesman,1,372,372,0,0,3,0.0,0.0,0.0081,0,0,0,0.0,0,0.0,0,5075,1880,0.52,30017.72,0.3704,52938,154,153.0,30.0,23.0,22.0,30.0,26.0,0
LPH0572,3 - Assembly,ProductionLineWorker,1,37,37,0,0,1,0.0,0.0,0.027,0,0,0,0.0,0,0.0,0,36,20,1.08,29516.0,0.5556,370,85,10.0,40.0,13.0,17.0,38.0,36.0,0
LQC0479,2 - Sales,Salesman,1,201,201,3,0,1,0.0149,0.0,0.005,18,9,27,0.6667,22,22.0,22,2853,1732,0.0,30039.38,0.6071,31917,251,162.02,27.0,38.0,34.0,17.0,36.0,1
LQP0508,3 - FieldService,Technician,1,713,438,0,0,3,0.0,0.0,0.0042,0,0,0,0.0,0,0.0,0,991,518,0.55,30558.52,0.5227,10034,138,29.0,26.0,44.0,21.0,40.0,27.0,0
LRR0148,3 - FinancialPlanning,Manager,1,841,537,0,104,3,0.0,0.1237,0.0036,1569,781,2350,0.6677,907,3.54,10,5427,2753,0.5,29983.17,0.5073,57200,192,143.0,21.0,19.0,14.0,14.0,29.0,0
LRW0970,3 - Assembly,ProductionLineWorker,1,346,346,0,0,1,0.0,0.0,0.0029,0,0,0,0.0,0,0.0,0,337,142,0.69,30325.52,0.4214,3460,81,10.0,10.0,26.0,39.0,22.0,28.0,0
LTS0860,2 - Sales,Salesman,1,346,346,0,0,1,0.0,0.0,0.0029,0,0,0,0.0,0,0.0,0,5096,2663,0.2,30198.35,0.5226,56052,178,162.0,48.0,20.0,29.0,20.0,31.0,0
LUR0896,3 - FieldService,Technician,1,403,403,42,3,3,0.1042,0.0074,0.0074,0,0,0,0.0,0,0.0,0,867,353,0.23,30090.05,0.4072,8046,68,27.0,15.0,11.0,47.0,43.0,28.0,0
MAD0496,2 - Sales,Salesman,1,118,118,0,23,1,0.0,0.1949,0.0085,0,0,0,0.0,0,0.0,0,1727,606,0.18,30139.64,0.3509,19116,108,162.0,34.0,30.0,40.0,42.0,24.0,0
MAD0753,2 - Sales,Salesman,1,346,346,0,0,1,0.0,0.0,0.0029,0,0,0,0.0,0,0.0,0,5049,2563,0.34,29838.52,0.5076,56052,228,162.0,50.0,30.0,36.0,41.0,33.0,0
MAE0331,3 - FieldService,Technician,1,346,346,0,0,1,0.0,0.0,0.0029,0,0,0,0.0,0,0.0,0,1022,472,0.36,29966.63,0.4618,10034,104,29.0,36.0,39.0,18.0,12.0,28.0,0
MAH0149,1 - Accounting,AdministrativeAssistant,1,621,346,0,0,1,0.0,0.0,0.0016,0,0,0,0.0,0,0.0,0,3720,1704,0.68,30192.8,0.4581,39444,123,114.0,41.0,39.0,38.0,27.0,40.0,0
MAH0864,2 - Sales,Salesman,1,346,346,0,0,1,0.0,0.0,0.0029,0,0,0,0.0,0,0.0,0,5046,1998,0.39,29817.78,0.396,56052,135,162.0,30.0,46.0,25.0,20.0,25.0,0
MAR0955,3 - Assembly,ProductionLineWorker,1,302,302,4,1,1,0.0132,0.0033,0.0033,42,21,63,0.6667,69,23.0,24,284,155,0.0,29646.67,0.5458,2963,141,9.98,36.0,44.0,23.0,44.0,25.0,1
MAS0025,3 - Training,InstructionalCoordinator,1,206,206,5,0,1,0.0243,0.0,0.0049,31,15,46,0.6739,55,18.33,20,2706,1417,0.0,30027.01,0.5237,28745,171,143.01,23.0,14.0,20.0,21.0,23.0,1
MAW0166,2 - Sales,Manager,1,346,346,0,0,1,0.0,0.0,0.0029,0,0,0,0.0,0,0.0,0,4665,1735,0.0,29858.91,0.3719,49478,90,143.0,44.0,16.0,21.0,17.0,34.0,0
MBG0438,3 - Engineering,TestEngineer,1,235,235,0,0,1,0.0,0.0,0.0043,0,0,0,0.0,0,0.0,0,2009,909,0.42,30243.53,0.4525,22325,143,95.0,38.0,17.0,37.0,16.0,29.0,0
MBJ0312,2 - Sales,Salesman,1,642,360,0,0,3,0.0,0.0,0.0047,2047,1018,3065,0.6679,1019,3.82,11,5053,2303,0.57,30022.8,0.4558,56052,126,162.0,22.0,45.0,49.0,12.0,26.0,0
MBR0724,3 - Assembly,ProductionLineWorker,1,346,346,0,0,1,0.0,0.0,0.0029,0,0,0,0.0,0,0.0,0,338,155,0.0,29668.41,0.4586,3460,75,10.0,33.0,44.0,18.0,35.0,31.0,0
MBW0809,2 - SoftwareManagement,ComputerScientist,1,30,30,0,0,1,0.0,0.0,0.0333,0,0,0,0.0,0,0.0,0,258,116,0.7,29637.96,0.4496,2850,94,95.0,43.0,45.0,44.0,18.0,19.0,0
MCD0125,2 - ManufacturingEngineering,MechanicalEngineer,1,364,221,0,72,2,0.0,0.1978,0.0055,132,66,198,0.6667,434,8.04,16,1542,788,0.55,29670.0,0.511,16720,147,95.0,36.0,26.0,50.0,22.0,23.0,0
MCF0327,2 - Sales,Salesman,1,346,346,0,0,1,0.0,0.0,0.0029,0,0,0,0.0,0,0.0,0,5031,2284,0.0,29765.57,0.454,56052,199,162.0,39.0,41.0,24.0,44.0,25.0,0
MCF0600,3 - Assembly,ProductionLineWorker,1,308,308,7,54,2,0.0227,0.1753,0.0065,72,36,108,0.6667,102,25.5,27,239,87,0.2,29836.14,0.364,2453,68,10.01,39.0,49.0,13.0,26.0,27.0,1
MCJ0324,2 - Sales,Salesman,1,346,346,0,0,1,0.0,0.0,0.0029,0,0,0,0.0,0,0.0,0,4982,2230,0.34,29984.79,0.4476,56052,129,162.0,28.0,20.0,40.0,20.0,36.0,0
MCS0035,6 - Security,SecurityGuard,1,346,346,0,0,1,0.0,0.0,0.0029,0,0,0,0.0,0,0.0,0,4650,2595,0.0,30132.49,0.5581,49478,224,143.0,42.0,17.0,38.0,15.0,33.0,0
MCT0720,3 - Assembly,ProductionLineWorker,1,346,346,0,0,1,0.0,0.0,0.0029,0,0,0,0.0,0,0.0,0,337,147,0.0,30014.29,0.4362,3460,55,10.0,34.0,12.0,20.0,22.0,37.0,0
MDH0580,3 - Assembly,ProductionLineWorker,1,296,296,0,0,1,0.0,0.0,0.0034,1257,626,1883,0.6676,622,3.27,10,295,140,0.81,28833.61,0.4746,3089,131,10.44,41.0,37.0,18.0,40.0,31.0,1
MDH0686,2 - SoftwareManagement,SoftwareEngineer,1,845,487,0,201,3,0.0,0.2379,0.0036,0,0,0,0.0,0,0.0,0,4020,1985,0.85,29893.13,0.4938,43605,213,95.0,37.0,43.0,31.0,20.0,38.0,0
MDM0625,2 - Sales,Salesman,1,685,408,0,0,2,0.0,0.0,0.0029,5452,2719,8171,0.6672,8346,24.19,27,5341,1978,0.2,30130.43,0.3703,55890,133,162.0,18.0,42.0,36.0,27.0,24.0,0
MDM0976,1 - Personnel,HumanResourceSpecialist,1,346,346,0,0,1,0.0,0.0,0.0029,0,0,0,0.0,0,0.0,0,3700,1873,0.0,29888.6,0.5062,39444,120,114.0,41.0,40.0,38.0,20.0,31.0,0
MES0407,3 - Engineering,SystemsEngineer,1,346,346,0,0,1,0.0,0.0,0.0029,0,0,0,0.0,0,0.0,0,2998,1683,0.76,30170.23,0.5614,32775,219,95.0,38.0,44.0,25.0,47.0,37.0,0
MFV0897,3 - FieldService,Technician,1,346,346,0,0,1,0.0,0.0,0.0029,0,0,0,0.0,0,0.0,0,996,493,0.0,30148.8,0.495,10005,138,29.0,18.0,13.0,23.0,25.0,33.0,0
MGS0974,1 - Personnel,HumanResourceSpecialist,1,421,421,0,39,2,0.0,0.0926,0.0048,283,141,424,0.6675,162,3.06,8,4073,1888,0.59,30044.84,0.4635,43320,150,114.0,17.0,39.0,39.0,40.0,27.0,0
MHA0798,1 - Research,Mathematician,1,346,346,0,0,1,0.0,0.0,0.0029,0,0,0,0.0,0,0.0,0,3030,1513,0.0,29829.58,0.4993,32870,168,95.0,11.0,27.0,17.0,22.0,40.0,0
MHG0244,3 - Engineering,MechanicalEngineer,1,346,346,0,0,1,0.0,0.0,0.0029,0,0,0,0.0,0,0.0,0,2977,1538,0.0,30294.93,0.5166,32870,182,95.0,42.0,46.0,21.0,15.0,22.0,0
MHG0733,2 - Sales,Salesman,1,346,346,0,0,1,0.0,0.0,0.0029,0,0,0,0.0,0,0.0,0,4973,2606,0.0,29868.23,0.524,56052,148,162.0,43.0,30.0,24.0,42.0,29.0,0
MHH0180,3 - FieldService,Technician,1,485,274,0,65,1,0.0,0.134,0.0021,0,0,0,0.0,0,0.0,0,805,431,0.22,30191.5,0.5354,7398,160,27.0,19.0,41.0,35.0,10.0,29.0,0
MIB0904,3 - FieldService,Technician,1,626,346,0,0,1,0.0,0.0,0.0016,0,0,0,0.0,0,0.0,0,1014,582,0.66,30899.03,0.574,10034,157,29.0,22.0,21.0,34.0,38.0,25.0,0
MIC0726,2 - Sales,Salesman,1,346,346,0,0,1,0.0,0.0,0.0029,0,0,0,0.0,0,0.0,0,5039,2555,0.33,30180.98,0.507,56052,194,162.0,32.0,41.0,43.0,17.0,23.0,0
MIL0255,3 - Engineering,ElectricalEngineer,1,346,346,0,0,1,0.0,0.0,0.0029,0,0,0,0.0,0,0.0,0,3036,1647,0.37,30372.24,0.5425,32870,206,95.0,38.0,16.0,39.0,21.0,27.0,0
MIM0712,3 - Assembly,ProductionLineWorker,1,346,346,0,0,1,0.0,0.0,0.0029,0,0,0,0.0,0,0.0,0,339,124,0.81,30062.28,0.3658,3460,51,10.0,16.0,15.0,39.0,23.0,22.0,0
MJB0588,3 - Assembly,ProductionLineWorker,1,346,346,0,0,1,0.0,0.0,0.0029,0,0,0,0.0,0,0.0,0,372,197,0.22,29631.16,0.5296,3460,111,10.0,39.0,24.0,15.0,47.0,38.0,0
MJM0510,3 - FieldService,Technician,1,728,462,0,0,4,0.0,0.0,0.0055,0,0,0,0.0,0,0.0,0,1005,465,0.75,30216.83,0.4627,10034,116,29.0,32.0,33.0,22.0,18.0,39.0,0
MJS0890,3 - FieldService,Technician,1,346,346,0,0,1,0.0,0.0,0.0029,0,0,0,0.0,0,0.0,0,1022,615,0.72,29742.03,0.6018,10034,164,29.0,10.0,26.0,16.0,11.0,29.0,0
MKG0711,3 - Assembly,ProductionLineWorker,1,346,346,0,0,1,0.0,0.0,0.0029,0,0,0,0.0,0,0.0,0,337,186,0.0,30729.46,0.5519,3460,138,10.0,17.0,26.0,43.0,32.0,38.0,0
MKL0941,2 - SoftwareManagement,SoftwareEngineer,1,346,346,0,0,1,0.0,0.0,0.0029,0,0,0,0.0,0,0.0,0,2973,1119,0.0,29858.58,0.3764,32870,147,95.0,16.0,26.0,20.0,38.0,30.0,0
MKP0861,2 - Sales,Salesman,1,620,346,0,0,1,0.0,0.0,0.0016,0,0,0,0.0,0,0.0,0,4983,2751,0.71,29717.43,0.5521,56052,178,162.0,36.0,42.0,39.0,34.0,29.0,0
MKS0204,3 - Contracts,Attorney,1,346,346,0,0,1,0.0,0.0,0.0029,0,0,0,0.0,0,0.0,0,3682,1395,0.19,30237.05,0.3789,37368,101,108.0,21.0,30.0,21.0,16.0,31.0,0
MKW0441,3 - Engineering,Technician,1,649,377,7,1,8,0.0108,0.0015,0.0123,1393,693,2086,0.6678,421,2.75,10,1011,492,0.76,30023.2,0.4866,9342,124,27.0,15.0,25.0,45.0,20.0,34.0,0
MLD0755,2 - Sales,Salesman,1,610,346,0,0,1,0.0,0.0,0.0016,0,0,0,0.0,0,0.0,0,5065,2775,0.79,29951.04,0.5479,56052,207,162.0,24.0,18.0,19.0,43.0,37.0,0
MLG0475,3 - Assembly,ProductionLineWorker,1,346,346,0,0,1,0.0,0.0,0.0029,0,0,0,0.0,0,0.0,0,337,163,0.58,30170.72,0.4837,3460,129,10.0,45.0,16.0,18.0,19.0,25.0,0
MLL0598,3 - Assembly,ProductionLineWorker,1,346,346,0,0,1,0.0,0.0,0.0029,5545,2766,8311,0.6672,353,2.52,7,335,168,0.26,29463.99,0.5015,3450,135,10.0,44.0,17.0,23.0,49.0,29.0,0
MLM0950,3 - Assembly,ProductionLineWorker,1,840,509,9,153,3,0.0107,0.1821,0.0036,1694,844,2538,0.6675,2752,7.15,15,404,246,0.74,30430.37,0.6089,4210,162,10.0,24.0,20.0,29.0,23.0,36.0,0
MLP0668,1 - Research,Mathematician,1,346,346,0,0,1,0.0,0.0,0.0029,0,0,0,0.0,0,0.0,0,3034,1488,0.83,30006.71,0.4904,32870,164,95.0,40.0,17.0,16.0,43.0,33.0,0
MMB0488,2 - Sales,Salesman,1,310,310,0,0,1,0.0,0.0,0.0032,0,0,0,0.0,0,0.0,0,4439,1675,0.35,29842.5,0.3773,50220,100,162.0,21.0,18.0,16.0,24.0,27.0,0
MMG0943,2 - SoftwareManagement,SoftwareEngineer,1,465,465,0,0,3,0.0,0.0,0.0065,0,0,0,0.0,0,0.0,0,2999,1359,0.79,29796.36,0.4532,32775,179,95.0,23.0,27.0,28.0,34.0,26.0,0
MNC0717,3 - Assembly,ProductionLineWorker,1,715,455,0,0,3,0.0,0.0,0.0042,0,0,0,0.0,0,0.0,0,338,143,0.72,29986.48,0.4231,3460,66,10.0,30.0,37.0,22.0,22.0,34.0,0
MNR0829,3 - Assembly,ProductionLineWorker,1,346,346,0,0,1,0.0,0.0,0.0029,0,0,0,0.0,0,0.0,0,331,167,0.41,29601.19,0.5045,3460,137,10.0,41.0,33.0,40.0,15.0,23.0,0
MNS0224,6 - Security,ITAdmin,1,1413,1413,691,0,659,0.489,0.0,0.4664,0,0,0,0.0,0,0.0,0,3688,1918,0.39,30015.03,0.5201,39304,182,113.6,46.0,21.0,22.0,45.0,30.0,0
MOH0273,3 - Engineering,HardwareEngineer,1,401,401,0,53,1,0.0,0.1322,0.0025,6295,3140,9435,0.6672,9306,23.21,27,3463,1602,0.19,30325.19,0.4626,38095,139,95.0,39.0,40.0,47.0,50.0,26.0,0
MOP0763,3 - FieldService,Technician,1,346,346,0,0,1,0.0,0.0,0.0029,0,0,0,0.0,0,0.0,0,995,374,0.0,29745.63,0.3759,10034,70,29.0,43.0,41.0,22.0,20.0,33.0,0
MOS0047,6 - Security,ITAdmin,1,895,756,355,0,416,0.3966,0.0,0.4648,1774,886,2660,0.6669,1593,9.71,29,1892,738,0.81,29938.73,0.3901,20118,147,114.31,49.0,39.0,24.0,34.0,23.0,1
MPM0220,6 - Security,ITAdmin,1,1085,920,458,1,456,0.4221,0.0009,0.4203,4978,2484,7462,0.6671,6689,30.97,46,2307,1106,0.23,30407.59,0.4794,24551,168,113.66,35.0,20.0,42.0,22.0,20.0,1
MPT0376,1 - Research,Mathematician,1,734,449,0,37,3,0.0,0.0504,0.0041,815,405,1220,0.668,1054,4.6,12,3195,1544,0.5,30287.9,0.4833,32760,161,90.0,19.0,37.0,41.0,48.0,35.0,0
MSD0939,2 - SoftwareManagement,ComputerProgrammer,1,346,346,0,0,1,0.0,0.0,0.0029,0,0,0,0.0,0,0.0,0,2993,1049,0.21,29874.36,0.3505,32870,135,95.0,24.0,37.0,15.0,42.0,31.0,0
MSG0839,3 - Assembly,ProductionLineWorker,1,346,346,0,0,1,0.0,0.0,0.0029,0,0,0,0.0,0,0.0,0,335,181,0.23,29517.08,0.5403,3450,137,10.0,42.0,46.0,19.0,39.0,29.0,0
MSH0040,6 - Security,ITAdmin,1,1050,1050,512,0,540,0.4876,0.0,0.5143,0,0,0,0.0,0,0.0,0,2711,1442,0.8,30088.08,0.5319,28970,203,113.61,41.0,11.0,44.0,27.0,31.0,0
MSO0222,6 - Security,ITAdmin,1,950,950,467,0,490,0.4916,0.0,0.5158,4,2,6,0.6667,1,1.0,1,2546,1003,0.0,30137.96,0.394,27086,137,113.33,32.0,12.0,39.0,46.0,28.0,1
MSS0001,Unknown,President,1,614,346,0,0,1,0.0,0.0,0.0016,0,0,0,0.0,0,0.0,0,12034,6793,0.17,30031.57,0.5645,138000,196,400.0,21.0,44.0,24.0,45.0,19.0,0
MSZ0310,2 - Sales,Salesman,1,346,346,0,0,1,0.0,0.0,0.0029,0,0,0,0.0,0,0.0,0,5011,2740,0.37,29928.53,0.5468,56052,241,162.0,24.0,38.0,18.0,31.0,29.0,0
MTB0620,2 - Sales,Salesman,1,626,346,0,0,1,0.0,0.0,0.0016,2004,999,3003,0.6673,1971,6.1,14,5042,2329,0.72,29916.56,0.4619,56052,175,162.0,38.0,44.0,41.0,50.0,28.0,0
MTT0901,3 - FieldService,Technician,1,49,29,0,0,1,0.0,0.0,0.0204,180,90,270,0.6667,187,6.68,16,82,35,1.05,29655.87,0.4268,841,57,29.0,41.0,34.0,30.0,40.0,30.0,0
MVB0515,3 - FieldService,Technician,1,712,436,0,0,21,0.0,0.0,0.0295,731,364,1095,0.6676,1777,7.53,16,1000,425,0.77,29769.64,0.425,9342,67,27.0,38.0,14.0,33.0,31.0,28.0,0
MVF0594,3 - Assembly,ProductionLineWorker,1,346,346,0,0,1,0.0,0.0,0.0029,0,0,0,0.0,0,0.0,0,335,206,0.0,30450.14,0.6149,3460,205,10.0,35.0,38.0,33.0,44.0,36.0,0
MVH0373,6 - Security,ITAdmin,1,247,247,122,0,165,0.4939,0.0,0.668,0,0,0,0.0,0,0.0,0,701,338,0.49,30163.75,0.4822,7524,153,114.0,44.0,19.0,20.0,21.0,25.0,0
MYD0978,1 - Personnel,HumanResourceSpecialist,1,255,255,3,1,1,0.0118,0.0039,0.0039,14,7,21,0.6667,15,15.0,15,2687,1543,0.34,29986.74,0.5742,28617,180,113.56,39.0,32.0,36.0,13.0,32.0,1
NAB0801,1 - Research,Mathematician,1,346,346,0,0,1,0.0,0.0,0.0029,0,0,0,0.0,0,0.0,0,3028,1360,0.2,29941.9,0.4491,32870,144,95.0,28.0,34.0,10.0,41.0,29.0,0
NAB0903,3 - FieldService,Technician,1,346,346,0,0,1,0.0,0.0,0.0029,0,0,0,0.0,0,0.0,0,1063,641,0.0,30077.15,0.603,10034,180,29.0,44.0,30.0,19.0,30.0,37.0,0
NAF0033,6 - Security,SecurityGuard,1,344,344,0,0,1,0.0,0.0,0.0029,0,0,0,0.0,0,0.0,0,4678,2148,0.33,30258.12,0.4592,49192,186,143.0,34.0,40.0,19.0,35.0,29.0,0
NAF0326,2 - Sales,Salesman,1,977,622,0,218,48,0.0,0.2231,0.0491,1790,890,2680,0.6679,2446,6.12,16,7121,2610,0.6,29944.04,0.3665,74034,75,162.0,33.0,15.0,25.0,20.0,30.0,0
NAH0503,2 - Sales,Salesman,1,465,465,22,52,2,0.0473,0.1118,0.0043,0,0,0,0.0,0,0.0,0,5750,3103,0.58,29756.87,0.5397,64152,258,162.0,33.0,17.0,23.0,35.0,38.0,0
NAR0981,3 - Training,ComputerTrainer,1,346,346,0,0,1,0.0,0.0,0.0029,0,0,0,0.0,0,0.0,0,3022,1767,0.77,30001.73,0.5847,32870,217,95.0,39.0,39.0,16.0,50.0,36.0,0
NBC0412,3 - Engineering,SystemsEngineer,1,349,349,0,0,4,0.0,0.0,0.0115,0,0,0,0.0,0,0.0,0,3367,1682,0.65,29793.87,0.4996,34600,191,100.0,14.0,25.0,18.0,18.0,31.0,0
NBH0256,3 - Engineering,ElectricalEngineer,1,346,346,0,0,1,0.0,0.0,0.0029,0,0,0,0.0,0,0.0,0,3022,1521,0.66,29722.23,0.5033,32870,114,95.0,41.0,43.0,14.0,21.0,22.0,0
NCE0097,3 - Engineering,SystemsEngineer,1,346,346,0,0,1,0.0,0.0,0.0029,0,0,0,0.0,0,0.0,0,3032,1693,0.19,30102.65,0.5584,34600,235,100.0,48.0,36.0,20.0,11.0,35.0,0
NCH0179,3 - FieldService,AdministrativeAssistant,1,346,346,0,0,1,0.0,0.0,0.0029,0,0,0,0.0,0,0.0,0,3707,2232,0.66,30128.81,0.6021,39444,232,114.0,17.0,12.0,40.0,17.0,25.0,0
NCK0295,3 - Assembly,ProductionLineWorker,1,346,346,0,0,1,0.0,0.0,0.0029,0,0,0,0.0,0,0.0,0,334,183,0.0,29882.03,0.5479,3460,189,10.0,31.0,30.0,38.0,36.0,34.0,0
NCK0421,3 - Engineering,ComputerScientist,1,346,346,0,0,1,0.0,0.0,0.0029,0,0,0,0.0,0,0.0,0,2995,1623,0.0,29719.63,0.5419,32870,188,95.0,40.0,41.0,18.0,43.0,24.0,0
NCO0666,1 - Research,Scientist,1,622,350,0,0,2,0.0,0.0,0.0032,0,0,0,0.0,0,0.0,0,3028,1437,0.62,29911.28,0.4746,32870,172,95.0,40.0,45.0,10.0,12.0,31.0,0
NDM0417,3 - Engineering,ComputerScientist,1,720,441,0,0,2,0.0,0.0,0.0028,1379,687,2066,0.6675,1284,4.52,12,3044,1463,0.79,30234.69,0.4806,32870,187,95.0,44.0,36.0,50.0,12.0,34.0,0
NGC0058,1 - Research,Mathematician,1,492,492,0,101,36,0.0,0.2053,0.0732,350,175,525,0.6667,200,2.82,9,3713,1477,0.5,30023.04,0.3978,42800,143,100.0,44.0,45.0,39.0,15.0,27.0,0
NGF0157,3 - FinancialPlanning,FinancialAnalyst,1,795,466,38,104,2,0.0478,0.1308,0.0025,284,141,425,0.6682,305,3.59,8,3540,1945,0.49,29724.39,0.5494,36450,196,90.0,45.0,38.0,22.0,46.0,32.0,0
NGO0690,2 - SoftwareManagement,SoftwareEngineer,1,622,346,0,0,1,0.0,0.0,0.0016,0,0,0,0.0,0,0.0,0,3017,1707,0.51,29781.31,0.5658,32775,216,95.0,43.0,41.0,41.0,17.0,24.0,0
NHE0919,1 - Research,Scientist,1,612,346,0,0,1,0.0,0.0,0.0016,0,0,0,0.0,0,0.0,0,3037,1416,0.75,29655.63,0.4662,32870,174,95.0,25.0,16.0,32.0,21.0,24.0,0
NHH0185,3 - FieldService,Technician,1,355,355,0,0,10,0.0,0.0,0.0282,0,0,0,0.0,0,0.0,0,1006,484,0.21,29983.29,0.4811,9342,114,27.0,41.0,43.0,19.0,21.0,33.0,0
NIH0969,3 - Assembly,ProductionLineWorker,1,627,347,0,0,2,0.0,0.0,0.0032,0,0,0,0.0,0,0.0,0,330,179,0.6,29832.25,0.5424,3460,125,10.0,43.0,25.0,43.0,22.0,22.0,0
NJB0243,3 - Engineering,MechanicalEngineer,1,376,376,0,0,2,0.0,0.0,0.0053,0,0,0,0.0,0,0.0,0,3045,1508,0.19,30084.5,0.4952,32870,175,95.0,23.0,35.0,37.0,24.0,34.0,0
NJC0705,3 - Assembly,ProductionLineWorker,1,346,346,0,0,1,0.0,0.0,0.0029,0,0,0,0.0,0,0.0,0,337,200,0.21,30137.75,0.5935,3460,135,10.0,43.0,39.0,29.0,36.0,31.0,0
NKH0807,2 - SoftwareManagement,ComputerProgrammer,1,346,346,0,0,1,0.0,0.0,0.0029,0,0,0,0.0,0,0.0,0,3028,1087,0.36,30169.42,0.359,32870,143,95.0,45.0,44.0,40.0,22.0,20.0,0
NKH0979,2 - EmployeeRelations,HumanResourceSpecialist,1,722,441,0,0,3,0.0,0.0,0.0042,0,0,0,0.0,0,0.0,0,3735,1663,0.81,30028.8,0.4452,39444,132,114.0,30.0,39.0,42.0,22.0,35.0,0
NKP0236,2 - SoftwareManagement,ComputerProgrammer,1,355,355,6,0,1,0.0169,0.0,0.0028,246,123,369,0.6667,299,3.88,11,2993,1212,0.2,30109.25,0.4049,32870,149,95.0,45.0,41.0,19.0,40.0,31.0,0
NLO0131,3 - Assembly,ProductionLineWorker,1,346,346,0,0,1,0.0,0.0,0.0029,0,0,0,0.0,0,0.0,0,335,190,0.0,30499.08,0.5672,3460,146,10.0,19.0,13.0,46.0,40.0,29.0,0
NMB0972,3 - Assembly,ProductionLineWorker,1,346,346,0,0,1,0.0,0.0,0.0029,0,0,0,0.0,0,0.0,0,336,207,0.19,29753.22,0.6161,3460,167,10.0,45.0,22.0,17.0,20.0,29.0,0
NMC0486,2 - Sales,Salesman,1,346,346,0,0,1,0.0,0.0,0.0029,0,0,0,0.0,0,0.0,0,5044,1894,0.0,29974.96,0.3755,55728,97,162.0,42.0,10.0,23.0,21.0,27.0,0
NMF0780,3 - FieldService,Technician,1,346,346,0,0,1,0.0,0.0,0.0029,0,0,0,0.0,0,0.0,0,1000,458,0.79,30052.36,0.458,10034,136,29.0,44.0,38.0,36.0,20.0,34.0,0
NMG0766,3 - FieldService,Technician,1,346,346,0,0,1,0.0,0.0,0.0029,0,0,0,0.0,0,0.0,0,1002,534,0.22,29934.8,0.5329,10034,169,29.0,16.0,23.0,42.0,40.0,31.0,0
NMS0280,3 - Engineering,Technician,1,454,454,0,89,19,0.0,0.196,0.0419,307,152,459,0.6688,321,3.65,10,1260,666,0.52,29957.58,0.5286,13080,188,30.0,39.0,42.0,26.0,37.0,27.0,0
NNA0610,2 - Sales,Salesman,1,346,346,0,0,1,0.0,0.0,0.0029,0,0,0,0.0,0,0.0,0,5045,2924,0.0,30074.93,0.5796,55890,237,162.0,21.0,35.0,18.0,43.0,26.0,0
NNS0059,1 - Research,Scientist,1,346,346,0,0,1,0.0,0.0,0.0029,0,0,0,0.0,0,0.0,0,3033,1582,0.65,30029.79,0.5216,32870,185,95.0,42.0,23.0,48.0,23.0,25.0,0
NOB0181,3 - FieldService,Technician,1,961,570,0,245,3,0.0,0.2549,0.0031,1047,520,1567,0.6682,1703,5.39,13,1368,695,0.58,30175.76,0.508,12852,139,27.0,31.0,21.0,21.0,41.0,25.0,0
NRD0548,1 - Research,Mathematician,1,306,306,0,0,1,0.0,0.0,0.0033,0,0,0,0.0,0,0.0,0,2635,1435,0.0,30101.57,0.5446,29070,198,95.0,41.0,37.0,41.0,15.0,31.0,0
NRF0137,3 - Assembly,ProductionLineWorker,1,346,346,0,0,1,0.0,0.0,0.0029,0,0,0,0.0,0,0.0,0,334,161,0.0,30025.07,0.482,3450,108,10.0,10.0,49.0,38.0,17.0,32.0,0
NRO0768,3 - FieldService,Technician,1,322,322,0,0,1,0.0,0.0,0.0031,0,0,0,0.0,0,0.0,0,941,482,0.18,29968.22,0.5122,9660,116,30.0,18.0,18.0,41.0,25.0,36.0,0
NSC0597,3 - Assembly,ProductionLineWorker,1,363,363,0,0,3,0.0,0.0,0.0083,0,0,0,0.0,0,0.0,0,333,137,0.68,29838.58,0.4114,3450,75,10.0,19.0,13.0,11.0,44.0,31.0,0
NSS0876,2 - Sales,Salesman,1,346,346,0,0,1,0.0,0.0,0.0029,0,0,0,0.0,0,0.0,0,4962,1985,0.0,29597.75,0.4,56052,119,162.0,26.0,20.0,25.0,42.0,31.0,0
NUL0471,3 - Assembly,ProductionLineWorker,1,612,346,0,0,1,0.0,0.0,0.0016,0,0,0,0.0,0,0.0,0,333,149,0.68,29421.06,0.4474,3460,84,10.0,35.0,38.0,38.0,26.0,37.0,0
NWK0215,6 - Security,SecurityGuard,1,853,503,40,184,1,0.0469,0.2157,0.0012,0,0,0,0.0,0,0.0,0,5547,2878,0.66,30176.11,0.5188,63492,209,143.0,21.0,19.0,45.0,18.0,24.0,0
NWT0098,3 - Engineering,HardwareEngineer,1,319,319,0,0,1,0.0,0.0,0.0031,1299,646,1945,0.6679,702,3.25,9,2829,1479,0.4,29976.27,0.5228,30435,204,95.41,35.0,39.0,26.0,36.0,33.0,1
OBH0499,2 - Sales,Salesman,1,907,562,32,173,2,0.0353,0.1907,0.0022,7395,3689,11084,0.6672,594,2.72,9,6229,3305,0.58,30088.71,0.5306,69822,189,162.0,35.0,18.0,41.0,16.0,34.0,0
OCB0805,1 - Research,Mathematician,1,346,346,0,0,1,0.0,0.0,0.0029,0,0,0,0.0,0,0.0,0,3028,1481,0.23,29993.67,0.4891,32870,173,95.0,37.0,33.0,42.0,16.0,18.0,0
OCS0865,2 - Sales,Salesman,1,636,369,0,0,2,0.0,0.0,0.0031,1310,651,1961,0.668,873,3.76,13,5347,3170,0.73,30101.75,0.5929,56052,269,162.0,29.0,24.0,43.0,35.0,32.0,0
OHC0973,3 - Assembly,ProductionLineWorker,1,346,346,0,0,1,0.0,0.0,0.0029,0,0,0,0.0,0,0.0,0,334,192,0.0,30093.74,0.5749,3460,164,10.0,42.0,24.0,42.0,17.0,35.0,0
OJK0233,1 - Research,Physicist,1,346,346,0,0,1,0.0,0.0,0.0029,0,0,0,0.0,0,0.0,0,3041,1476,0.36,30174.93,0.4854,32870,153,95.0,40.0,36.0,14.0,22.0,33.0,0
OKB0439,3 - Engineering,MechanicalEngineer,1,346,346,0,0,1,0.0,0.0,0.0029,0,0,0,0.0,0,0.0,0,3044,1268,0.76,30326.45,0.4166,32870,111,95.0,41.0,42.0,30.0,25.0,27.0,0
OKC0107,3 - Engineering,TestEngineer,1,346,346,0,0,1,0.0,0.0,0.0029,0,0,0,0.0,0,0.0,0,3007,1507,0.37,29662.2,0.5012,32680,168,95.0,32.0,40.0,16.0,47.0,35.0,0
OLB0749,2 - Sales,Salesman,1,98,98,0,0,1,0.0,0.0,0.0102,0,0,0,0.0,0,0.0,0,1444,676,0.0,29655.56,0.4681,15876,106,162.0,43.0,35.0,20.0,39.0,36.0,0
OLF0504,2 - Sales,Salesman,1,346,346,0,0,1,0.0,0.0,0.0029,0,0,0,0.0,0,0.0,0,5032,2491,0.0,29868.25,0.495,56052,231,162.0,41.0,43.0,20.0,41.0,31.0,0
OLW0689,2 - SoftwareManagement,SoftwareEngineer,1,613,346,0,0,1,0.0,0.0,0.0016,1418,704,2122,0.6682,1242,4.55,12,3025,1053,0.73,30020.87,0.3481,32870,116,95.0,22.0,25.0,40.0,35.0,27.0,0
OMM0944,3 - Assembly,ProductionLineWorker,1,346,346,0,0,1,0.0,0.0,0.0029,0,0,0,0.0,0,0.0,0,336,192,0.0,31058.15,0.5714,3460,144,10.0,17.0,14.0,27.0,21.0,29.0,0
OMS0101,3 - Engineering,ComputerScientist,1,346,346,0,0,1,0.0,0.0,0.0029,0,0,0,0.0,0,0.0,0,3022,1609,0.34,29961.41,0.5324,32870,240,95.0,20.0,12.0,21.0,22.0,29.0,0
ONL0276,3 - Engineering,ComputerScientist,1,346,346,0,0,1,0.0,0.0,0.0029,0,0,0,0.0,0,0.0,0,3018,1368,0.23,29952.05,0.4533,32870,163,95.0,48.0,46.0,17.0,41.0,20.0,0
ONW0083,3 - Engineering,MechanicalEngineer,1,346,346,0,0,1,0.0,0.0,0.0029,0,0,0,0.0,0,0.0,0,3002,1460,0.36,30071.43,0.4863,32870,151,95.0,46.0,30.0,25.0,30.0,26.0,0
OQH0183,3 - FieldService,Technician,1,346,346,0,0,1,0.0,0.0,0.0029,0,0,0,0.0,0,0.0,0,1004,373,0.21,30152.74,0.3715,10034,105,29.0,34.0,38.0,18.0,33.0,23.0,0
ORB0473,3 - Assembly,ProductionLineWorker,1,346,346,0,0,1,0.0,0.0,0.0029,0,0,0,0.0,0,0.0,0,333,160,0.68,30214.29,0.4805,3460,108,10.0,38.0,44.0,46.0,38.0,38.0,0
ORG0339,3 - FieldService,Technician,1,346,346,0,0,1,0.0,0.0,0.0029,0,0,0,0.0,0,0.0,0,1023,433,0.21,29510.65,0.4233,10034,99,29.0,50.0,28.0,46.0,47.0,20.0,0
ORM0669,1 - Research,Mathematician,1,435,435,0,0,2,0.0,0.0,0.0046,0,0,0,0.0,0,0.0,0,3019,1451,0.66,30258.94,0.4806,32775,169,95.0,44.0,39.0,28.0,39.0,36.0,0
OSH0655,3 - FieldService,Technician,1,346,346,0,0,1,0.0,0.0,0.0029,0,0,0,0.0,0,0.0,0,1014,456,0.41,30520.58,0.4497,10034,97,29.0,16.0,21.0,42.0,39.0,28.0,0
OYM0026,4 - Safety,HealthSafetyEngineer,1,377,377,0,0,3,0.0,0.0,0.008,0,0,0,0.0,0,0.0,0,2994,1533,0.2,30282.24,0.512,32870,194,95.0,23.0,26.0,18.0,36.0,28.0,0
PAD0773,3 - FieldService,Technician,1,698,421,0,0,3,0.0,0.0,0.0043,247,123,370,0.6676,2558,25.33,27,1012,498,0.19,30463.26,0.4921,10380,132,30.0,36.0,21.0,14.0,16.0,38.0,0
PBP0002,Unknown,AdministrativeAssistant,1,346,346,0,0,1,0.0,0.0,0.0029,0,0,0,0.0,0,0.0,0,3629,1446,0.0,29987.1,0.3985,39330,104,114.0,49.0,35.0,23.0,10.0,27.0,0
PDH0716,3 - Assembly,ProductionLineWorker,1,651,373,0,0,3,0.0,0.0,0.0046,1347,670,2017,0.6678,1723,5.61,15,337,182,0.9,29391.09,0.5401,3460,155,10.0,40.0,16.0,14.0,10.0,24.0,0
PDW0259,3 - Engineering,ElectricalEngineer,1,653,386,0,0,40,0.0,0.0,0.0613,0,0,0,0.0,0,0.0,0,2998,1834,0.18,29981.0,0.6117,32870,201,95.0,43.0,32.0,38.0,36.0,33.0,0
PES0085,3 - Engineering,AdministrativeAssistant,1,614,346,0,0,1,0.0,0.0,0.0016,0,0,0,0.0,0,0.0,0,3694,1760,0.78,30059.31,0.4764,39444,153,114.0,35.0,24.0,18.0,30.0,22.0,0
PEV0323,2 - Sales,Salesman,1,686,414,36,6,3,0.0525,0.0087,0.0044,0,0,0,0.0,0,0.0,0,5304,2533,0.63,29951.89,0.4776,56052,176,162.0,47.0,34.0,40.0,22.0,29.0,0
PGC0066,2 - SoftwareManagement,AdministrativeAssistant,1,346,346,0,0,1,0.0,0.0,0.0029,0,0,0,0.0,0,0.0,0,3676,1334,0.41,30159.98,0.3629,39444,101,114.0,32.0,39.0,28.0,43.0,26.0,0
PGH0184,3 - FieldService,Technician,1,406,229,0,0,1,0.0,0.0,0.0025,0,0,0,0.0,0,0.0,0,673,300,0.84,29343.96,0.4458,6641,128,29.0,30.0,35.0,33.0,22.0,25.0,0
PGO0433,3 - Engineering,TestEngineer,1,346,346,0,0,1,0.0,0.0,0.0029,0,0,0,0.0,0,0.0,0,2993,1417,0.42,29978.72,0.4734,32870,135,95.0,44.0,40.0,19.0,46.0,35.0,0
PID0426,3 - Engineering,TestEngineer,1,451,451,59,6,19,0.1308,0.0133,0.0421,0,0,0,0.0,0,0.0,0,3001,1300,0.61,30010.55,0.4332,32870,90,95.0,43.0,19.0,39.0,44.0,23.0,0
PIS0522,3 - FieldService,Technician,1,692,431,0,0,3,0.0,0.0,0.0043,0,0,0,0.0,0,0.0,0,994,508,0.79,30107.62,0.5111,10034,121,29.0,44.0,26.0,48.0,40.0,35.0,0
PKB0281,3 - Engineering,ElectricalEngineer,1,346,346,0,0,1,0.0,0.0,0.0029,0,0,0,0.0,0,0.0,0,3021,1298,0.0,30207.17,0.4297,32870,96,95.0,39.0,12.0,44.0,26.0,25.0,0
PKB0429,3 - Engineering,TestEngineer,1,346,346,0,0,1,0.0,0.0,0.0029,0,0,0,0.0,0,0.0,0,3022,1654,0.33,29583.4,0.5473,32870,168,95.0,34.0,42.0,43.0,40.0,22.0,0
PLH0715,3 - Assembly,ProductionLineWorker,1,346,346,0,0,1,0.0,0.0,0.0029,0,0,0,0.0,0,0.0,0,332,205,0.36,30107.45,0.6175,3460,142,10.0,42.0,37.0,19.0,37.0,29.0,0
PLH0862,2 - Sales,Salesman,1,346,346,0,0,1,0.0,0.0,0.0029,0,0,0,0.0,0,0.0,0,5044,2728,0.0,29923.87,0.5408,56052,188,162.0,32.0,37.0,25.0,16.0,32.0,0
PMC0328,3 - FieldService,Technician,1,621,346,0,0,1,0.0,0.0,0.0016,1334,664,1998,0.6677,656,3.2,9,1003,510,0.66,30123.5,0.5085,10034,112,29.0,20.0,43.0,10.0,36.0,33.0,0
PMJ0564,2 - SoftwareManagement,ComputerScientist,1,742,469,24,1,2,0.0323,0.0013,0.0027,0,0,0,0.0,0,0.0,0,3014,1197,0.73,30069.37,0.3971,32870,137,95.0,30.0,21.0,40.0,14.0,39.0,0
PMV0850,3 - Assembly,ProductionLineWorker,1,671,406,0,0,3,0.0,0.0,0.0045,748,372,1120,0.6679,490,3.31,10,340,190,0.21,30156.98,0.5588,3450,117,10.0,23.0,39.0,12.0,42.0,23.0,0
PNH0761,3 - FieldService,Technician,1,435,435,41,4,3,0.0943,0.0092,0.0069,242,121,363,0.6667,2106,23.4,27,992,560,0.25,30191.03,0.5645,9342,164,27.0,36.0,49.0,27.0,32.0,30.0,0
PNL0301,3 - Assembly,ProductionLineWorker,1,156,156,0,0,1,0.0,0.0,0.0064,653,323,976,0.6691,296,3.08,9,164,73,0.42,28668.16,0.4451,1674,59,10.73,50.0,43.0,30.0,43.0,31.0,1
POB0343,3 - FieldService,Technician,1,346,346,0,0,1,0.0,0.0,0.0029,0,0,0,0.0,0,0.0,0,1009,485,0.0,30155.51,0.4807,10034,91,29.0,46.0,19.0,44.0,27.0,34.0,0
PPF0435,3 - Engineering,TestEngineer,1,294,294,1,0,1,0.0034,0.0,0.0034,54,27,81,0.6667,1,1.0,1,2759,1571,0.2,30268.42,0.5694,27551,205,95.0,42.0,17.0,48.0,24.0,27.0,1
PRM0740,2 - Sales,Salesman,1,346,346,0,0,1,0.0,0.0,0.0029,0,0,0,0.0,0,0.0,0,4999,1649,0.0,30151.74,0.3299,56052,116,162.0,45.0,40.0,45.0,42.0,27.0,0
PSF0133,3 - Assembly,ProductionLineWorker,1,190,190,0,0,1,0.0,0.0,0.0053,813,405,1218,0.6675,449,3.3,7,200,106,0.0,28463.94,0.53,2028,93,10.67,42.0,40.0,11.0,36.0,33.0,1
PTH0552,1 - Research,Mathematician,1,611,346,0,0,1,0.0,0.0,0.0016,0,0,0,0.0,0,0.0,0,3018,1545,0.47,30259.58,0.5119,32870,142,95.0,20.0,13.0,32.0,20.0,28.0,0
PTH0830,3 - Assembly,ProductionLineWorker,1,425,425,0,74,1,0.0,0.1741,0.0024,0,0,0,0.0,0,0.0,0,411,216,0.2,29810.09,0.5255,4250,108,10.0,43.0,44.0,42.0,43.0,34.0,0
QCH0110,3 - Engineering,Technician,1,305,305,0,0,1,0.0,0.0,0.0033,0,0,0,0.0,0,0.0,0,884,395,0.0,30333.5,0.4468,8845,129,29.0,34.0,35.0,17.0,37.0,27.0,0
QJR0688,2 - SoftwareManagement,ComputerProgrammer,1,483,483,0,20,5,0.0,0.0414,0.0104,798,397,1195,0.6678,1069,4.69,11,3532,1801,0.62,29861.12,0.5099,34200,211,95.0,19.0,18.0,22.0,26.0,35.0,0
QNF0205,3 - Contracts,Attorney,1,346,346,0,0,1,0.0,0.0,0.0029,0,0,0,0.0,0,0.0,0,3670,1796,0.17,29940.75,0.4894,39444,145,114.0,35.0,41.0,22.0,21.0,29.0,0
QNP0216,6 - Security,ITAdmin,1,1407,1407,669,0,639,0.4755,0.0,0.4542,0,0,0,0.0,0,0.0,0,3710,1898,0.0,29936.85,0.5116,39239,197,113.74,19.0,35.0,39.0,26.0,34.0,0
QOS0878,2 - Sales,Salesman,1,248,158,0,55,9,0.0,0.2218,0.0363,476,237,713,0.6676,127,2.59,6,1547,654,0.72,29826.91,0.4228,18306,111,162.0,18.0,12.0,20.0,16.0,29.0,0
QPM0727,2 - Sales,Salesman,1,346,346,0,0,1,0.0,0.0,0.0029,0,0,0,0.0,0,0.0,0,4991,2479,0.0,30017.35,0.4967,56052,161,162.0,43.0,40.0,18.0,34.0,34.0,0
QRM0739,2 - Sales,Salesman,1,365,365,0,0,3,0.0,0.0,0.0082,5962,2973,8935,0.6673,8401,24.28,27,5400,2191,0.58,29892.93,0.4057,56052,77,162.0,33.0,11.0,26.0,29.0,30.0,0
QSV0778,3 - FieldService,Technician,1,346,346,0,0,1,0.0,0.0,0.0029,0,0,0,0.0,0,0.0,0,1011,520,0.0,30140.23,0.5143,10034,154,29.0,17.0,23.0,36.0,35.0,33.0,0
RAB0589,3 - Assembly,ProductionLineWorker,1,432,275,3,1,9,0.0069,0.0023,0.0208,8,4,12,0.6667,2,2.0,2,191,77,0.65,29687.66,0.4031,1766,45,8.96,36.0,35.0,26.0,14.0,31.0,1
RAG0275,3 - Engineering,ElectricalEngineer,1,346,346,0,0,1,0.0,0.0,0.0029,0,0,0,0.0,0,0.0,0,2993,1598,0.42,30068.17,0.5339,32870,137,95.0,23.0,38.0,35.0,41.0,32.0,0
RAH0440,3 - Engineering,ElectricalEngineer,1,346,346,0,0,1,0.0,0.0,0.0029,0,0,0,0.0,0,0.0,0,3024,1582,0.0,29956.99,0.5231,32870,126,95.0,18.0,15.0,43.0,16.0,24.0,0
RAM0447,3 - Assembly,ProductionLineWorker,1,806,449,0,178,1,0.0,0.2208,0.0012,0,0,0,0.0,0,0.0,0,432,210,0.62,29400.09,0.4861,4490,126,10.0,35.0,12.0,23.0,45.0,39.0,0
RAR0725,3 - Assembly,ProductionLineWorker,1,171,171,0,0,1,0.0,0.0,0.0058,696,348,1044,0.6667,355,3.09,9,176,83,0.26,30151.76,0.4716,1859,63,10.87,32.0,32.0,25.0,20.0,35.0,1
RAS0432,3 - Engineering,TestEngineer,1,603,346,0,0,1,0.0,0.0,0.0017,0,0,0,0.0,0,0.0,0,2984,1371,0.74,29744.61,0.4595,32870,162,95.0,44.0,47.0,40.0,41.0,16.0,0
RAW0915,1 - Research,Scientist,1,762,441,0,94,28,0.0,0.1234,0.0367,872,434,1306,0.6677,459,2.96,11,3490,1895,0.58,30087.06,0.543,40300,235,100.0,43.0,50.0,21.0,43.0,24.0,0
RBB0485,2 - Sales,Salesman,1,346,346,0,0,1,0.0,0.0,0.0029,0,0,0,0.0,0,0.0,0,5019,2494,0.0,30061.91,0.4969,56052,140,162.0,40.0,40.0,35.0,30.0,26.0,0
RCC0617,2 - Sales,Salesman,1,346,346,0,0,1,0.0,0.0,0.0029,0,0,0,0.0,0,0.0,0,5053,2387,0.0,30010.43,0.4724,56052,182,162.0,33.0,50.0,13.0,12.0,27.0,0
RCP0785,3 - FieldService,Technician,1,346,346,0,0,1,0.0,0.0,0.0029,0,0,0,0.0,0,0.0,0,1004,556,0.0,30307.46,0.5538,10034,203,29.0,42.0,38.0,43.0,30.0,32.0,0
RDM0115,Unknown,AdministrativeAssistant,1,346,346,0,0,1,0.0,0.0,0.0029,0,0,0,0.0,0,0.0,0,3677,1653,0.41,30046.45,0.4496,39330,173,114.0,42.0,17.0,39.0,15.0,30.0,0
RDM0150,1 - Accounting,Accountant,1,346,346,0,0,1,0.0,0.0,0.0029,0,0,0,0.0,0,0.0,0,1679,765,0.22,29580.0,0.4556,16560,165,48.0,39.0,15.0,37.0,26.0,30.0,0
RDT0424,3 - Engineering,SystemsEngineer,1,690,418,0,0,3,0.0,0.0,0.0043,710,351,1061,0.6692,464,3.05,10,3012,1415,0.58,30196.11,0.4698,32870,142,95.0,38.0,44.0,19.0,34.0,28.0,0
RFP0380,1 - Research,Mathematician,1,346,346,0,0,1,0.0,0.0,0.0029,0,0,0,0.0,0,0.0,0,2996,1130,0.36,29806.38,0.3772,32870,92,95.0,39.0,39.0,20.0,20.0,32.0,0
RGG0064,2 - SoftwareManagement,SoftwareEngineer,1,401,226,3,0,1,0.0075,0.0,0.0025,12,6,18,0.6667,12,12.0,12,1900,847,0.82,29999.63,0.4458,21093,148,95.01,36.0,19.0,20.0,42.0,34.0,1
RGH0728,2 - Sales,Salesman,1,281,281,0,0,1,0.0,0.0,0.0036,0,0,0,0.0,0,0.0,0,4114,1979,0.35,29978.32,0.481,45522,160,162.0,19.0,20.0,37.0,18.0,29.0,0
RGN0408,3 - Engineering,SystemsEngineer,1,345,346,0,0,1,0.0,0.0,0.0029,0,0,0,0.0,0,0.0,0,3026,1048,0.79,29864.03,0.3463,32870,105,95.0,11.0,21.0,22.0,22.0,32.0,0
RHC0335,3 - FieldService,Technician,1,346,346,0,0,1,0.0,0.0,0.0029,0,0,0,0.0,0,0.0,0,1006,577,0.0,29709.06,0.5736,10034,194,29.0,36.0,35.0,40.0,46.0,25.0,0
RHL0992,1 - IndustrialEngineering,IndustrialEngineer,1,321,183,0,0,4,0.0,0.0,0.0125,735,365,1100,0.6682,370,3.16,12,1575,712,0.59,29850.03,0.4521,16859,129,95.79,36.0,10.0,39.0,37.0,36.0,1
RHO0732,2 - Sales,Salesman,1,813,545,50,3,3,0.0615,0.0037,0.0037,1374,684,2058,0.6676,855,3.62,12,5015,1953,0.52,29953.48,0.3894,56052,140,162.0,20.0,10.0,21.0,19.0,34.0,0
RHP0484,2 - Sales,Salesman,1,653,377,0,0,3,0.0,0.0,0.0046,0,0,0,0.0,0,0.0,0,5302,2524,0.17,30280.8,0.476,55890,156,162.0,35.0,37.0,24.0,16.0,31.0,0
RHY0079,3 - Engineering,ChiefEngineer,1,358,358,0,0,2,0.0,0.0,0.0056,0,0,0,0.0,0,0.0,0,6102,3199,0.22,30002.29,0.5243,65740,213,190.0,20.0,19.0,14.0,21.0,26.0,0
RIH0777,3 - FieldService,Technician,1,346,346,0,0,1,0.0,0.0,0.0029,0,0,0,0.0,0,0.0,0,996,480,0.32,29594.07,0.4819,10034,157,29.0,26.0,44.0,19.0,16.0,27.0,0
RJB0088,3 - Engineering,ElectricalEngineer,1,346,346,0,0,1,0.0,0.0,0.0029,0,0,0,0.0,0,0.0,0,3002,1327,0.0,29905.99,0.442,32870,108,95.0,20.0,42.0,37.0,45.0,24.0,0
RJM0381,1 - Research,Scientist,1,364,364,0,0,3,0.0,0.0,0.0082,0,0,0,0.0,0,0.0,0,3024,1396,0.79,29970.4,0.4616,32870,160,95.0,41.0,47.0,44.0,41.0,25.0,0
RKD0604,2 - Sales,Salesman,1,154,154,4,0,1,0.026,0.0,0.0065,40,20,60,0.6667,49,24.5,27,2179,935,0.18,30047.99,0.4291,24302,158,162.01,17.0,46.0,36.0,38.0,31.0,1
RKF0164,1 - MarketAnalysis,Statistician,1,335,335,0,0,1,0.0,0.0,0.003,0,0,0,0.0,0,0.0,0,2926,1690,0.59,29927.75,0.5776,31730,244,95.0,40.0,42.0,17.0,18.0,42.0,0
RLB0719,3 - Assembly,ProductionLineWorker,1,364,364,14,1,1,0.0385,0.0027,0.0027,0,0,0,0.0,0,0.0,0,331,159,0.75,30200.63,0.4804,3460,98,10.0,14.0,18.0,15.0,40.0,35.0,0
RLG0856,2 - Sales,Salesman,1,651,370,22,2,1,0.0338,0.0031,0.0015,738,367,1105,0.6679,334,2.72,9,4908,2431,0.52,30074.36,0.4953,58650,142,170.0,18.0,36.0,42.0,18.0,26.0,0
RMS0266,3 - Engineering,MaterialsEngineer,1,346,346,0,0,1,0.0,0.0,0.0029,0,0,0,0.0,0,0.0,0,3002,1735,0.0,29883.88,0.5779,32775,231,95.0,33.0,40.0,25.0,23.0,37.0,0
RMW0542,1 - Research,Mathematician,1,161,161,0,0,1,0.0,0.0,0.0062,743,370,1113,0.6676,330,3.33,8,1406,760,0.0,29975.84,0.5405,15418,178,95.76,17.0,21.0,20.0,13.0,41.0,1
RNF0765,3 - FieldService,Technician,1,346,346,0,0,1,0.0,0.0,0.0029,0,0,0,0.0,0,0.0,0,993,346,0.0,30302.36,0.3484,10034,67,29.0,41.0,22.0,37.0,41.0,25.0,0
RNL0695,2 - SoftwareManagement,ComputerScientist,1,614,346,0,0,1,0.0,0.0,0.0016,0,0,0,0.0,0,0.0,0,3029,1469,0.37,29908.31,0.485,32870,203,95.0,47.0,41.0,44.0,19.0,36.0,0
RNP0211,6 - Security,SecurityGuard,1,625,346,0,0,1,0.0,0.0,0.0016,2129,1056,3185,0.6684,2638,7.69,17,4664,2235,0.73,30118.26,0.4792,49478,148,143.0,39.0,15.0,25.0,40.0,30.0,0
ROB0272,3 - Engineering,SystemsEngineer,1,345,346,0,0,1,0.0,0.0,0.0029,0,0,0,0.0,0,0.0,0,3002,1087,0.0,29894.78,0.3621,32870,98,95.0,39.0,45.0,23.0,41.0,34.0,0
RRA0938,2 - SoftwareManagement,SoftwareEngineer,1,608,346,0,0,1,0.0,0.0,0.0016,0,0,0,0.0,0,0.0,0,3017,1042,0.67,30114.03,0.3454,32870,103,95.0,35.0,36.0,21.0,38.0,29.0,0
RRC0553,1 - Research,Physicist,1,135,77,0,23,2,0.0,0.1704,0.0148,161,80,241,0.668,1342,24.85,27,675,309,0.2,30257.66,0.4578,7220,110,95.0,40.0,14.0,24.0,38.0,29.0,0
RRP0568,2 - SoftwareManagement,ComputerScientist,1,649,368,0,0,2,0.0,0.0,0.0031,757,376,1133,0.6681,1450,6.09,15,2989,1719,0.61,30041.4,0.5751,32870,233,95.0,43.0,50.0,38.0,18.0,33.0,0
RSC0089,3 - Engineering,ElectricalEngineer,1,815,535,48,37,27,0.0589,0.0454,0.0331,5776,2880,8656,0.6673,865,3.63,13,3208,1600,0.59,29768.88,0.4988,32850,160,90.0,41.0,26.0,35.0,21.0,29.0,0
RSM0277,3 - Engineering,SystemsEngineer,1,740,465,0,0,3,0.0,0.0,0.0041,780,387,1167,0.6684,393,3.22,10,2993,1493,0.58,29898.44,0.4988,32775,145,95.0,37.0,38.0,20.0,50.0,22.0,0
RTO0313,2 - Sales,Salesman,1,722,445,49,5,2,0.0679,0.0069,0.0028,0,0,0,0.0,0,0.0,0,5015,2628,0.53,29946.85,0.524,56052,223,162.0,44.0,45.0,25.0,17.0,27.0,0
RUM0880,2 - Sales,Salesman,1,660,393,27,4,2,0.0409,0.0061,0.003,1398,697,2095,0.6673,2199,6.92,18,5004,2530,0.77,29930.4,0.5056,55890,203,162.0,40.0,37.0,17.0,38.0,26.0,0
RVC0232,1 - Research,Mathematician,1,346,346,0,0,1,0.0,0.0,0.0029,0,0,0,0.0,0,0.0,0,3068,1466,0.35,30014.11,0.4778,32870,156,95.0,34.0,20.0,47.0,38.0,25.0,0
RVF0201,3 - Contracts,AdministrativeAssistant,1,635,366,0,0,2,0.0,0.0,0.0031,687,342,1029,0.6676,252,2.77,8,3692,1670,0.5,29745.49,0.4523,39444,134,114.0,36.0,32.0,38.0,29.0,28.0,0
RYB0718,3 - Assembly,ProductionLineWorker,1,346,346,0,0,1,0.0,0.0,0.0029,0,0,0,0.0,0,0.0,0,336,163,0.33,30063.29,0.4851,3460,105,10.0,19.0,18.0,42.0,13.0,21.0,0
RZC0746,2 - Sales,Salesman,1,925,528,0,241,10,0.0,0.2605,0.0108,0,0,0,0.0,0,0.0,0,6893,3258,0.5,29880.6,0.4727,77760,167,162.0,15.0,38.0,33.0,43.0,26.0,0
SAA0999,2 - ManufacturingEngineering,ElectricalEngineer,1,630,355,0,0,2,0.0,0.0,0.0032,5971,2979,8950,0.6672,8468,24.47,27,3016,1646,0.6,29756.46,0.5458,31140,187,90.0,20.0,17.0,34.0,11.0,36.0,0
SAB0781,3 - FieldService,Technician,1,622,346,0,0,1,0.0,0.0,0.0016,733,364,1097,0.6682,1441,6.08,14,1003,386,0.87,29272.5,0.3848,10005,83,29.0,36.0,35.0,24.0,30.0,28.0,0
SAC0592,3 - Assembly,ProductionLineWorker,1,614,346,0,0,1,0.0,0.0,0.0016,0,0,0,0.0,0,0.0,0,341,190,0.71,29368.63,0.5572,3460,164,10.0,24.0,18.0,23.0,42.0,26.0,0
SAC0687,2 - SoftwareManagement,ComputerScientist,1,346,346,0,0,1,0.0,0.0,0.0029,0,0,0,0.0,0,0.0,0,3034,1490,0.19,30040.79,0.4911,32870,178,95.0,20.0,49.0,37.0,19.0,22.0,0
SAH0599,3 - Assembly,ProductionLineWorker,1,346,346,0,0,1,0.0,0.0,0.0029,0,0,0,0.0,0,0.0,0,334,195,0.51,29070.98,0.5838,3460,145,10.0,13.0,22.0,44.0,18.0,22.0,0
SAK0375,6 - Security,ITAdmin,1,1414,1414,671,0,629,0.4745,0.0,0.4448,0,0,0,0.0,0,0.0,0,3649,1826,0.81,29855.97,0.5004,39444,218,114.0,16.0,20.0,27.0,16.0,31.0,0
SAP0867,2 - Sales,Salesman,1,146,146,0,0,1,0.0,0.0,0.0068,0,0,0,0.0,0,0.0,0,2138,1132,0.0,30100.25,0.5295,23652,149,162.0,13.0,25.0,43.0,19.0,30.0,0
SAT0194,1 - Purchasing,PurchasingClerk,1,346,346,0,0,1,0.0,0.0,0.0029,0,0,0,0.0,0,0.0,0,3649,1853,0.34,29738.21,0.5078,39444,225,114.0,14.0,19.0,36.0,23.0,35.0,0
SBD0913,3 - Assembly,AssemblySupervisor,1,346,346,0,0,1,0.0,0.0,0.0029,0,0,0,0.0,0,0.0,0,1008,559,0.72,30021.77,0.5546,10034,174,29.0,45.0,16.0,19.0,19.0,42.0,0
SBH0537,2 - SoftwareManagement,Manager,1,694,386,0,53,1,0.0,0.0764,0.0014,278,138,416,0.6683,428,4.7,12,4812,2442,0.53,30021.48,0.5075,55198,205,143.0,34.0,21.0,14.0,13.0,33.0,0
SBK0161,3 - FieldService,Director,1,707,443,0,0,3,0.0,0.0,0.0042,0,0,0,0.0,0,0.0,0,6001,3001,0.53,29984.74,0.5001,65740,172,190.0,14.0,27.0,23.0,41.0,39.0,0
SBN0495,2 - Sales,Salesman,1,346,346,0,0,1,0.0,0.0,0.0029,0,0,0,0.0,0,0.0,0,5107,2775,0.36,30075.52,0.5434,56052,227,162.0,39.0,22.0,43.0,24.0,21.0,0
SBN0866,2 - Sales,Salesman,1,372,372,21,1,1,0.0565,0.0027,0.0027,751,374,1125,0.6676,5864,24.43,27,5047,2431,0.52,29861.81,0.4817,56052,197,162.0,41.0,34.0,41.0,24.0,22.0,0
SBN0971,3 - Assembly,ProductionLineWorker,1,449,449,0,94,1,0.0,0.2094,0.0022,350,174,524,0.6679,577,4.58,11,434,143,0.62,29547.04,0.3295,4490,61,10.0,41.0,40.0,17.0,47.0,30.0,0
SBQ0786,1 - Research,LabManager,1,346,346,0,0,1,0.0,0.0,0.0029,0,0,0,0.0,0,0.0,0,4659,2654,0.39,29976.63,0.5697,49335,237,143.0,41.0,17.0,19.0,44.0,34.0,0
SCB0534,3 - FieldService,Technician,1,346,346,0,0,1,0.0,0.0,0.0029,0,0,0,0.0,0,0.0,0,1014,533,0.0,30313.86,0.5256,10034,148,29.0,20.0,18.0,35.0,22.0,29.0,0
SCF0608,2 - Sales,Salesman,1,346,346,0,0,1,0.0,0.0,0.0029,0,0,0,0.0,0,0.0,0,5377,2865,0.2,29912.7,0.5328,56052,192,162.0,35.0,18.0,42.0,42.0,36.0,0
SCP0130,3 - Assembly,AssemblySupervisor,1,459,459,0,0,2,0.0,0.0,0.0044,1427,710,2137,0.6678,1615,5.23,16,1001,484,0.8,29642.33,0.4835,10034,131,29.0,42.0,18.0,35.0,32.0,24.0,0
SDB0106,3 - Engineering,MechanicalEngineer,1,696,424,0,0,3,0.0,0.0,0.0043,0,0,0,0.0,0,0.0,0,3031,1395,0.5,29993.89,0.4602,32870,173,95.0,35.0,46.0,26.0,27.0,37.0,0
SDF0017,1 - Personnel,HumanResourceSpecialist,1,346,346,0,0,1,0.0,0.0,0.0029,0,0,0,0.0,0,0.0,0,3690,1378,0.34,30122.21,0.3734,39444,101,114.0,11.0,40.0,39.0,18.0,30.0,0
SDO0170,2 - Sales,Salesman,1,607,346,0,0,1,0.0,0.0,0.0016,0,0,0,0.0,0,0.0,0,5016,2681,0.58,30125.76,0.5345,55728,183,162.0,35.0,47.0,22.0,45.0,26.0,0
SED0886,3 - FieldService,Technician,1,718,454,23,2,2,0.032,0.0028,0.0028,0,0,0,0.0,0,0.0,0,1014,528,0.59,29569.4,0.5207,10034,100,29.0,22.0,18.0,18.0,35.0,28.0,0
SEJ0677,1 - Research,Mathematician,1,176,176,0,0,1,0.0,0.0,0.0057,0,0,0,0.0,0,0.0,0,1535,559,0.0,30087.0,0.3642,16720,102,95.0,44.0,39.0,23.0,36.0,25.0,0
SER0165,2 - Sales,AdministrativeAssistant,1,346,346,0,0,1,0.0,0.0,0.0029,0,0,0,0.0,0,0.0,0,3699,1548,0.0,29970.39,0.4185,39330,102,114.0,20.0,15.0,24.0,17.0,27.0,0
SES0477,2 - Sales,Salesman,1,622,346,0,0,1,0.0,0.0,0.0016,0,0,0,0.0,0,0.0,0,5005,1905,0.78,30066.96,0.3806,56052,91,162.0,38.0,40.0,13.0,39.0,29.0,0
SGB0140,3 - Assembly,ProductionLineWorker,1,728,461,0,0,3,0.0,0.0,0.0041,0,0,0,0.0,0,0.0,0,336,178,0.64,29482.35,0.5298,3460,128,10.0,50.0,45.0,40.0,16.0,24.0,0
SGG0787,2 - SoftwareManagement,Manager,1,602,346,0,0,1,0.0,0.0,0.0017,0,0,0,0.0,0,0.0,0,4651,2316,0.78,29937.56,0.498,49478,162,143.0,14.0,27.0,10.0,20.0,31.0,0
SGM0021,2 - EmployeeRelations,AdministrativeAssistant,1,625,346,0,0,1,0.0,0.0,0.0016,2069,1030,3099,0.6676,2596,7.57,15,3682,2253,0.58,29892.94,0.6119,39444,199,114.0,41.0,12.0,26.0,41.0,33.0,0
SGS0268,3 - Engineering,SystemsEngineer,1,346,346,0,0,1,0.0,0.0,0.0029,0,0,0,0.0,0,0.0,0,3026,1384,0.21,30190.14,0.4574,32870,140,95.0,47.0,45.0,30.0,19.0,22.0,0
SHR0334,3 - FieldService,Technician,1,346,346,0,0,1,0.0,0.0,0.0029,0,0,0,0.0,0,0.0,0,1011,521,0.0,30013.15,0.5153,10034,103,29.0,36.0,41.0,45.0,19.0,31.0,0
SHW0578,3 - Assembly,ProductionLineWorker,1,346,346,0,0,1,0.0,0.0,0.0029,0,0,0,0.0,0,0.0,0,333,145,0.54,29180.08,0.4354,3460,92,10.0,39.0,42.0,14.0,49.0,31.0,0
SIJ0661,1 - Research,LabManager,1,346,346,0,0,1,0.0,0.0,0.0029,0,0,0,0.0,0,0.0,0,4681,2366,0.17,30427.72,0.5054,49335,175,143.0,40.0,17.0,14.0,15.0,21.0,0
SJC0333,3 - FieldService,Technician,1,457,457,0,0,2,0.0,0.0,0.0044,0,0,0,0.0,0,0.0,0,1011,515,0.79,30395.16,0.5094,10034,139,29.0,22.0,39.0,31.0,36.0,29.0,0
SJF0094,3 - Engineering,MaterialsEngineer,1,346,346,0,0,1,0.0,0.0,0.0029,0,0,0,0.0,0,0.0,0,3360,1986,0.64,29966.41,0.5911,32870,142,95.0,35.0,19.0,16.0,44.0,30.0,0
SJO0209,6 - Security,SecurityGuard,1,753,474,0,0,3,0.0,0.0,0.004,264,131,395,0.6684,372,3.96,12,4775,2073,0.78,29786.37,0.4341,50479,139,143.0,39.0,45.0,18.0,39.0,35.0,0
SJW0451,3 - Assembly,ProductionLineWorker,1,346,346,0,0,1,0.0,0.0,0.0029,0,0,0,0.0,0,0.0,0,339,155,0.0,29432.28,0.4572,3460,115,10.0,43.0,30.0,16.0,50.0,28.0,0
SKG0759,3 - FieldService,Technician,1,346,346,0,0,1,0.0,0.0,0.0029,0,0,0,0.0,0,0.0,0,1002,523,0.9,30197.09,0.522,10034,101,29.0,22.0,15.0,43.0,41.0,26.0,0
SLB0049,1 - Research,Director,1,346,346,0,0,1,0.0,0.0,0.0029,0,0,0,0.0,0,0.0,0,6061,2987,0.41,29916.19,0.4928,65740,205,190.0,14.0,27.0,16.0,22.0,20.0,0
SLP0762,3 - FieldService,Technician,1,346,346,0,0,1,0.0,0.0,0.0029,0,0,0,0.0,0,0.0,0,1002,538,0.36,30208.31,0.5369,10034,173,29.0,26.0,13.0,40.0,18.0,26.0,0
SLT0907,3 - FieldService,Technician,1,173,173,0,0,1,0.0,0.0,0.0058,0,0,0,0.0,0,0.0,0,499,260,0.47,30310.01,0.521,5017,126,29.0,16.0,15.0,43.0,27.0,27.0,0
SMB0804,1 - Research,Scientist,1,346,346,0,0,1,0.0,0.0,0.0029,0,0,0,0.0,0,0.0,0,3039,1316,0.0,29926.03,0.433,32870,89,95.0,38.0,10.0,19.0,36.0,33.0,0
SMH0291,3 - Assembly,ProductionLineWorker,1,957,584,0,251,3,0.0,0.2623,0.0031,0,0,0,0.0,0,0.0,0,467,240,0.24,30369.28,0.5139,4800,134,10.0,23.0,22.0,10.0,24.0,32.0,0
SMW0084,3 - Engineering,MechanicalEngineer,1,346,346,0,0,1,0.0,0.0,0.0029,0,0,0,0.0,0,0.0,0,3044,1070,0.41,30255.02,0.3515,32870,98,95.0,20.0,37.0,39.0,48.0,27.0,0
SMY0792,1 - Research,Mathematician,1,686,416,0,0,20,0.0,0.0,0.0292,758,378,1136,0.6673,1209,5.26,13,3021,1499,0.55,29723.94,0.4962,32870,165,95.0,43.0,37.0,39.0,42.0,25.0,0
SNC0187,3 - FieldService,Technician,1,300,300,0,0,1,0.0,0.0,0.0033,251,125,376,0.6676,2321,23.21,27,876,442,0.6,29436.12,0.5046,8700,116,29.0,40.0,41.0,42.0,30.0,27.0,0
SNS0129,3 - Assembly,AdministrativeAssistant,1,346,346,0,0,1,0.0,0.0,0.0029,0,0,0,0.0,0,0.0,0,3717,1750,0.43,30111.45,0.4708,39444,159,114.0,26.0,10.0,43.0,35.0,30.0,0
SOB0360,6 - Security,ITAdmin,1,890,890,432,0,479,0.4854,0.0,0.5382,0,0,0,0.0,0,0.0,0,2436,1256,0.0,29897.33,0.5156,25764,158,114.0,42.0,22.0,40.0,16.0,32.0,0
SOB0586,3 - Assembly,ProductionLineWorker,1,346,346,0,0,1,0.0,0.0,0.0029,0,0,0,0.0,0,0.0,0,331,161,0.0,30354.28,0.4864,3460,98,10.0,45.0,35.0,23.0,24.0,30.0,0
SOF0808,2 - SoftwareManagement,ComputerProgrammer,1,346,346,0,0,1,0.0,0.0,0.0029,0,0,0,0.0,0,0.0,0,3027,1402,0.34,29826.94,0.4632,32870,153,95.0,45.0,40.0,38.0,22.0,27.0,0
SOG0411,3 - Engineering,SystemsEngineer,1,346,346,0,0,1,0.0,0.0,0.0029,0,0,0,0.0,0,0.0,0,3003,1328,0.68,30195.47,0.4422,32870,190,95.0,26.0,19.0,21.0,24.0,23.0,0
SPA0141,4 - QualityControl,AdministrativeAssistant,1,688,414,49,5,1,0.0712,0.0073,0.0015,0,0,0,0.0,0,0.0,0,3635,1329,0.69,29770.51,0.3656,37368,95,108.0,43.0,22.0,10.0,21.0,29.0,0
SRH0155,3 - FinancialPlanning,AdministrativeAssistant,1,742,470,21,27,3,0.0283,0.0364,0.004,0,0,0,0.0,0,0.0,0,3892,1738,0.57,29795.02,0.4466,41040,112,114.0,34.0,14.0,37.0,45.0,28.0,0
SRS0231,1 - Research,Scientist,1,346,346,0,0,1,0.0,0.0,0.0029,0,0,0,0.0,0,0.0,0,3024,1535,0.21,29588.33,0.5076,32870,168,95.0,17.0,44.0,36.0,32.0,26.0,0
SSG0250,3 - Engineering,MechanicalEngineer,1,626,346,0,0,1,0.0,0.0,0.0016,0,0,0,0.0,0,0.0,0,3015,1152,0.76,29934.9,0.3821,32775,148,95.0,35.0,40.0,20.0,36.0,25.0,0
SSH0799,1 - Research,Scientist,1,737,472,0,0,3,0.0,0.0,0.0041,0,0,0,0.0,0,0.0,0,3001,1352,0.44,30037.1,0.4505,32870,144,95.0,23.0,18.0,31.0,31.0,40.0,0
SSJ0784,3 - FieldService,Technician,1,908,545,61,210,1,0.0672,0.2313,0.0011,0,0,0,0.0,0,0.0,0,1291,652,0.51,30476.36,0.505,13137,125,29.0,19.0,39.0,12.0,45.0,34.0,0
SSR0278,3 - Engineering,TestEngineer,1,196,196,0,0,1,0.0,0.0,0.0051,0,0,0,0.0,0,0.0,0,1688,915,0.0,30102.93,0.5421,18620,210,95.0,34.0,32.0,45.0,15.0,24.0,0
SSS0345,3 - FieldService,Technician,1,346,346,0,0,1,0.0,0.0,0.0029,0,0,0,0.0,0,0.0,0,1011,546,0.0,30169.56,0.5401,10034,143,29.0,40.0,21.0,38.0,16.0,20.0,0
SVL0803,1 - Research,Mathematician,1,346,346,0,0,1,0.0,0.0,0.0029,0,0,0,0.0,0,0.0,0,3033,1541,0.21,29649.82,0.5081,32870,196,95.0,27.0,35.0,20.0,36.0,32.0,0
SVL0940,2 - SoftwareManagement,SoftwareEngineer,1,346,346,0,0,1,0.0,0.0,0.0029,0,0,0,0.0,0,0.0,0,2991,1575,0.33,29993.52,0.5266,32870,191,95.0,15.0,42.0,26.0,15.0,34.0,0
SVS0871,2 - Sales,Salesman,1,738,470,0,0,3,0.0,0.0,0.0041,0,0,0,0.0,0,0.0,0,5038,2657,0.72,30004.92,0.5274,56052,176,162.0,23.0,15.0,34.0,28.0,33.0,0
SXM0895,3 - FieldService,Technician,1,346,346,0,0,1,0.0,0.0,0.0029,0,0,0,0.0,0,0.0,0,1003,437,0.19,30127.33,0.4357,10034,118,29.0,14.0,18.0,15.0,33.0,25.0,0
TAC0300,3 - Assembly,ProductionLineWorker,1,346,346,0,0,1,0.0,0.0,0.0029,0,0,0,0.0,0,0.0,0,344,140,0.0,30637.31,0.407,3450,89,10.0,15.0,38.0,18.0,18.0,36.0,0
TAP0551,1 - Research,Physicist,1,417,247,5,1,3,0.012,0.0024,0.0072,10,5,15,0.6667,21,10.5,11,1960,1046,0.66,29836.05,0.5337,21377,210,94.59,25.0,17.0,27.0,20.0,22.0,1
TBT0461,3 - Assembly,ProductionLineWorker,1,346,346,0,0,1,0.0,0.0,0.0029,0,0,0,0.0,0,0.0,0,339,180,0.44,29437.45,0.531,3460,108,10.0,43.0,42.0,13.0,30.0,28.0,0
TCD0009,Unknown,AdministrativeAssistant,1,346,346,0,0,1,0.0,0.0,0.0029,0,0,0,0.0,0,0.0,0,3674,1728,0.44,30057.55,0.4703,39444,170,114.0,44.0,28.0,44.0,38.0,23.0,0
TDG0962,3 - Assembly,ProductionLineWorker,1,747,473,0,0,2,0.0,0.0,0.0027,0,0,0,0.0,0,0.0,0,336,188,0.56,29587.49,0.5595,3450,131,10.0,42.0,40.0,36.0,26.0,21.0,0
TDJ0998,2 - ManufacturingEngineering,MechanicalEngineer,1,622,346,0,0,1,0.0,0.0,0.0016,0,0,0,0.0,0,0.0,0,3013,1125,0.35,29774.66,0.3734,32870,120,95.0,34.0,40.0,10.0,42.0,36.0,0
TDS0984,3 - Training,ComputerTrainer,1,836,487,0,161,39,0.0,0.1926,0.0467,346,172,518,0.668,3378,23.79,27,3735,1748,0.18,29920.3,0.468,40850,176,95.0,39.0,39.0,15.0,40.0,38.0,0
TEB0251,3 - Engineering,MechanicalEngineer,1,636,368,0,0,2,0.0,0.0,0.0031,0,0,0,0.0,0,0.0,0,3029,1436,0.52,29934.51,0.4741,32870,149,95.0,44.0,50.0,22.0,13.0,36.0,0
TEM0093,3 - Engineering,MaterialsEngineer,1,247,247,0,0,1,0.0,0.0,0.004,0,0,0,0.0,0,0.0,0,2158,1124,0.34,30044.18,0.5209,23465,133,95.0,28.0,24.0,45.0,14.0,30.0,0
TEM0977,1 - Personnel,HumanResourceSpecialist,1,346,346,0,0,1,0.0,0.0,0.0029,0,0,0,0.0,0,0.0,0,3694,1594,0.0,29813.27,0.4315,39444,108,114.0,22.0,19.0,40.0,45.0,29.0,0
TET0621,2 - Sales,Salesman,1,469,469,0,0,3,0.0,0.0,0.0064,0,0,0,0.0,0,0.0,0,5032,2553,0.82,30292.82,0.5074,56052,155,162.0,30.0,37.0,44.0,32.0,27.0,0
THD0448,3 - Assembly,ProductionLineWorker,1,346,346,0,0,1,0.0,0.0,0.0029,0,0,0,0.0,0,0.0,0,334,163,0.2,30250.66,0.488,3460,102,10.0,41.0,32.0,29.0,38.0,32.0,0
THR0873,2 - Sales,Salesman,1,370,370,14,1,2,0.0378,0.0027,0.0054,5466,2724,8190,0.6674,8525,24.64,27,5032,2688,0.69,29886.12,0.5342,58820,216,170.0,37.0,44.0,21.0,40.0,38.0,0
TIW0299,3 - Assembly,ProductionLineWorker,1,346,346,0,0,1,0.0,0.0,0.0029,0,0,0,0.0,0,0.0,0,337,135,0.42,30016.49,0.4006,3460,56,10.0,34.0,19.0,19.0,12.0,31.0,0
TJB0302,3 - Assembly,ProductionLineWorker,1,346,346,0,0,1,0.0,0.0,0.0029,0,0,0,0.0,0,0.0,0,334,123,0.23,29736.34,0.3683,3460,65,10.0,42.0,47.0,24.0,40.0,29.0,0
TJD0996,2 - ManufacturingEngineering,ElectricalEngineer,1,346,346,0,0,1,0.0,0.0,0.0029,0,0,0,0.0,0,0.0,0,3015,1261,0.71,30301.6,0.4182,32870,124,95.0,34.0,22.0,42.0,16.0,32.0,0
TJG0582,3 - Assembly,ProductionLineWorker,1,346,346,0,0,1,0.0,0.0,0.0029,0,0,0,0.0,0,0.0,0,336,162,0.0,30112.95,0.4821,3450,81,10.0,42.0,50.0,18.0,15.0,29.0,0
TLH0648,3 - FieldService,Technician,1,346,346,0,0,1,0.0,0.0,0.0029,0,0,0,0.0,0,0.0,0,1011,584,0.0,29916.1,0.5776,10034,154,29.0,32.0,35.0,18.0,24.0,26.0,0
TLK0993,1 - IndustrialEngineering,IndustrialEngineer,1,346,346,0,0,1,0.0,0.0,0.0029,0,0,0,0.0,0,0.0,0,3014,1284,0.0,30208.73,0.426,32870,127,95.0,41.0,36.0,40.0,35.0,22.0,0
TLM0797,1 - Research,Mathematician,1,346,346,0,0,1,0.0,0.0,0.0029,0,0,0,0.0,0,0.0,0,3009,1596,0.81,30224.47,0.5304,32870,183,95.0,43.0,42.0,34.0,23.0,36.0,0
TMA0069,2 - SoftwareManagement,SoftwareEngineer,1,346,346,0,0,1,0.0,0.0,0.0029,0,0,0,0.0,0,0.0,0,3057,1495,0.36,29807.62,0.489,32870,225,95.0,33.0,38.0,42.0,14.0,33.0,0
TNM0961,3 - Assembly,ProductionLineWorker,1,477,295,0,0,3,0.0,0.0,0.0063,984,490,1474,0.6676,526,3.53,9,247,130,0.72,30490.38,0.5263,2525,116,10.52,37.0,50.0,39.0,17.0,32.0,1
TOR0193,1 - Purchasing,AdministrativeAssistant,1,639,368,0,0,3,0.0,0.0,0.0047,0,0,0,0.0,0,0.0,0,3640,1861,0.77,29861.2,0.5113,39330,187,114.0,30.0,40.0,25.0,45.0,30.0,0
TPH0474,3 - Assembly,ProductionLineWorker,1,346,346,0,0,1,0.0,0.0,0.0029,0,0,0,0.0,0,0.0,0,388,176,0.0,30018.72,0.4536,3460,98,10.0,44.0,39.0,14.0,21.0,35.0,0
TQS0212,6 - Security,SecurityGuard,1,352,352,0,0,7,0.0,0.0,0.0199,0,0,0,0.0,0,0.0,0,4661,2216,0.49,29975.0,0.4754,49478,150,143.0,14.0,42.0,45.0,20.0,27.0,0
TRK0914,1 - Research,Mathematician,1,345,346,0,0,1,0.0,0.0,0.0029,0,0,0,0.0,0,0.0,0,3002,1185,0.38,30017.42,0.3947,32870,78,95.0,40.0,19.0,14.0,33.0,30.0,0
TSB0437,3 - Engineering,Technician,1,346,346,0,0,1,0.0,0.0,0.0029,0,0,0,0.0,0,0.0,0,1020,537,0.23,29744.33,0.5265,10034,123,29.0,26.0,23.0,16.0,30.0,26.0,0
TSG0906,3 - FieldService,Technician,1,608,346,0,0,1,0.0,0.0,0.0016,0,0,0,0.0,0,0.0,0,1008,430,0.84,30199.93,0.4266,10005,65,29.0,41.0,21.0,40.0,28.0,28.0,0
TSM0363,6 - Security,ITAdmin,1,1397,1397,671,0,624,0.4803,0.0,0.4467,0,0,0,0.0,0,0.0,0,3629,1396,0.4,29954.97,0.3847,39400,125,113.87,34.0,19.0,20.0,39.0,33.0,0
TSM0927,1 - Research,Scientist,1,346,346,0,0,1,0.0,0.0,0.0029,0,0,0,0.0,0,0.0,0,3096,1617,0.43,29714.64,0.5223,32870,175,95.0,33.0,21.0,10.0,37.0,26.0,0
TSR0676,1 - Research,Scientist,1,619,346,0,0,1,0.0,0.0,0.0016,1424,708,2132,0.6679,532,3.22,9,3015,1433,0.52,30434.88,0.4753,34600,158,100.0,43.0,40.0,26.0,19.0,33.0,0
TTD1000,2 - ManufacturingEngineering,MechanicalEngineer,1,346,346,0,0,1,0.0,0.0,0.0029,0,0,0,0.0,0,0.0,0,3000,1786,0.36,30186.55,0.5953,32870,210,95.0,34.0,34.0,24.0,40.0,29.0,0
TUC0632,3 - FieldService,Technician,1,346,346,0,0,1,0.0,0.0,0.0029,0,0,0,0.0,0,0.0,0,1019,484,0.0,29779.79,0.475,10034,165,29.0,38.0,44.0,10.0,13.0,31.0,0
TVS0006,Unknown,VicePresident,1,630,366,0,0,3,0.0,0.0,0.0048,0,0,0,0.0,0,0.0,0,8994,4052,0.81,29993.51,0.4505,98610,105,285.0,43.0,43.0,37.0,20.0,41.0,0
TVS0050,2 - SoftwareManagement,Director,1,806,533,63,7,3,0.0782,0.0087,0.0037,0,0,0,0.0,0,0.0,0,6253,2185,0.49,29930.41,0.3494,65740,139,190.0,40.0,38.0,18.0,30.0,29.0,0
TYB0779,3 - FieldService,Technician,1,616,346,0,0,1,0.0,0.0,0.0016,0,0,0,0.0,0,0.0,0,989,417,0.84,30443.66,0.4216,10034,107,29.0,24.0,20.0,35.0,36.0,34.0,0
UAD0771,3 - FieldService,Technician,1,647,367,0,0,2,0.0,0.0,0.0031,1384,688,2072,0.668,1873,6.12,15,996,520,0.54,29494.65,0.5221,10034,153,29.0,46.0,34.0,15.0,30.0,31.0,0
UBF0645,3 - FieldService,Technician,1,346,346,0,0,1,0.0,0.0,0.0029,0,0,0,0.0,0,0.0,0,1005,523,0.0,30164.54,0.5204,10005,137,29.0,34.0,20.0,34.0,23.0,31.0,0
UCH0519,3 - FieldService,Technician,1,279,279,0,0,1,0.0,0.0,0.0036,0,0,0,0.0,0,0.0,0,812,291,0.31,30080.27,0.3584,8091,64,29.0,33.0,40.0,20.0,47.0,28.0,0
UCS0227,1 - Research,Mathematician,1,346,346,0,0,1,0.0,0.0,0.0029,0,0,0,0.0,0,0.0,0,3048,1702,0.0,29887.99,0.5584,32870,199,95.0,22.0,32.0,41.0,35.0,34.0,0
UFK0208,6 - Security,SecurityGuard,1,704,436,0,0,2,0.0,0.0,0.0028,0,0,0,0.0,0,0.0,0,4709,2319,0.39,30196.11,0.4925,49478,192,143.0,18.0,34.0,22.0,23.0,30.0,0
UIR0043,6 - Security,ITAdmin,1,1430,1430,690,0,631,0.4825,0.0,0.4413,0,0,0,0.0,0,0.0,0,3720,2149,0.34,30079.99,0.5777,39375,220,113.8,19.0,37.0,23.0,38.0,32.0,0
UJC0737,2 - Sales,Salesman,1,346,346,0,0,1,0.0,0.0,0.0029,0,0,0,0.0,0,0.0,0,4987,2365,0.45,29916.64,0.4742,56052,154,162.0,16.0,12.0,12.0,38.0,25.0,0
USH0199,2 - Pricing,Statistician,1,349,349,0,0,4,0.0,0.0,0.0115,222,110,332,0.6687,142,2.84,9,3052,1613,0.61,30235.05,0.5285,32870,209,95.0,44.0,39.0,46.0,36.0,25.0,0
VAA0087,3 - Engineering,ElectricalEngineer,1,691,417,0,0,3,0.0,0.0,0.0043,0,0,0,0.0,0,0.0,0,3011,1124,0.63,29972.22,0.3733,32870,147,95.0,36.0,44.0,42.0,18.0,23.0,0
VCC0396,2 - SoftwareManagement,SoftwareEngineer,1,698,440,44,3,2,0.063,0.0043,0.0029,1433,714,2147,0.6674,1616,5.4,14,3021,1696,0.8,30214.17,0.5614,32870,258,95.0,21.0,45.0,16.0,37.0,23.0,0
VCY0751,2 - Sales,Salesman,1,620,346,0,0,1,0.0,0.0,0.0016,0,0,0,0.0,0,0.0,0,5021,2027,0.78,29959.68,0.4037,56052,100,162.0,37.0,24.0,39.0,19.0,25.0,0
VEB0935,2 - SoftwareManagement,ComputerScientist,1,346,346,0,0,1,0.0,0.0,0.0029,0,0,0,0.0,0,0.0,0,3011,1366,0.0,29944.99,0.4537,32870,126,95.0,46.0,37.0,39.0,20.0,32.0,0
VFM0814,2 - SoftwareManagement,ComputerProgrammer,1,476,291,0,0,2,0.0,0.0,0.0042,180,90,270,0.6667,122,3.05,9,2110,1039,0.24,30055.37,0.4924,22800,196,95.0,46.0,45.0,44.0,19.0,28.0,0
VIA0063,2 - SoftwareManagement,Manager,1,346,346,0,0,1,0.0,0.0,0.0029,5488,2737,8225,0.6672,8524,24.64,27,4701,2147,0.2,30099.24,0.4567,49478,191,143.0,40.0,34.0,19.0,50.0,33.0,0
VLB0647,3 - FieldService,Technician,1,346,346,0,0,1,0.0,0.0,0.0029,0,0,0,0.0,0,0.0,0,1018,392,0.66,29812.54,0.3851,10034,101,29.0,48.0,40.0,42.0,47.0,24.0,0
VMJ0147,2 - Payroll,Manager,1,346,346,0,0,1,0.0,0.0,0.0029,0,0,0,0.0,0,0.0,0,4711,2263,0.82,30200.76,0.4804,49478,159,143.0,23.0,28.0,37.0,22.0,24.0,0
VMJ0546,1 - Research,Physicist,1,616,346,0,0,1,0.0,0.0,0.0016,1410,701,2111,0.6679,3373,10.41,20,3016,1522,0.81,30237.88,0.5046,32870,173,95.0,20.0,37.0,29.0,39.0,26.0,0
VSA0230,1 - Research,Mathematician,1,560,345,0,0,3,0.0,0.0,0.0054,194,96,290,0.669,389,5.12,10,2587,1507,0.54,30070.18,0.5825,28120,225,95.0,47.0,15.0,25.0,14.0,29.0,0
VSS0154,2 - Payroll,AdministrativeStaff,1,213,214,0,0,1,0.0,0.0,0.0047,922,460,1382,0.6671,405,3.38,10,2301,871,0.62,30319.72,0.3785,24506,106,114.51,43.0,49.0,10.0,40.0,30.0,1
VTT0385,1 - Research,Scientist,1,379,379,0,0,32,0.0,0.0,0.0844,5470,2727,8197,0.6673,409,2.64,6,2964,1651,0.21,29975.51,0.557,32870,208,95.0,14.0,26.0,17.0,36.0,28.0,0
WAB0143,4 - QualityControl,Statistician,1,254,254,0,0,1,0.0,0.0,0.0039,0,0,0,0.0,0,0.0,0,2211,1038,0.0,29954.82,0.4695,24130,160,95.0,43.0,43.0,24.0,22.0,33.0,0
WAS0254,3 - Engineering,ElectricalEngineer,1,617,346,0,0,1,0.0,0.0,0.0016,0,0,0,0.0,0,0.0,0,3052,1737,0.38,30173.64,0.5691,32870,223,95.0,43.0,37.0,16.0,18.0,35.0,0
WBC0192,3 - Contracts,Manager,1,653,381,0,0,3,0.0,0.0,0.0046,266,132,398,0.6683,415,4.46,11,4704,1813,0.86,30172.23,0.3854,51900,74,150.0,47.0,36.0,39.0,39.0,27.0,0
WBC0315,2 - Sales,Salesman,1,346,346,0,0,1,0.0,0.0,0.0029,0,0,0,0.0,0,0.0,0,5019,2237,0.38,30046.74,0.4457,55728,130,162.0,40.0,37.0,40.0,45.0,24.0,0
WDD0366,6 - Security,ITAdmin,1,1450,1219,573,0,570,0.3952,0.0,0.3931,12,6,18,0.6667,6,3.0,4,3215,1654,0.54,30086.36,0.5145,34850,178,113.89,43.0,42.0,17.0,19.0,28.0,1
WDO0870,2 - Sales,Salesman,1,438,438,65,3,21,0.1484,0.0068,0.0479,0,0,0,0.0,0,0.0,0,4628,2439,0.19,30066.18,0.527,58820,221,170.0,23.0,21.0,14.0,13.0,25.0,0
WDV0573,3 - Assembly,ProductionLineWorker,1,491,491,57,6,3,0.1161,0.0122,0.0061,0,0,0,0.0,0,0.0,0,353,129,0.69,30080.89,0.3654,3114,85,9.0,48.0,36.0,13.0,31.0,33.0,0
WGR0833,3 - Assembly,ProductionLineWorker,1,346,346,0,0,1,0.0,0.0,0.0029,0,0,0,0.0,0,0.0,0,339,167,0.0,29268.89,0.4926,3460,86,10.0,38.0,46.0,24.0,38.0,42.0,0
WGS0516,3 - FieldService,Technician,1,346,346,0,0,1,0.0,0.0,0.0029,0,0,0,0.0,0,0.0,0,1006,483,0.0,29528.33,0.4801,10034,147,29.0,11.0,20.0,39.0,20.0,29.0,0
WIF0691,2 - SoftwareManagement,ComputerScientist,1,616,356,0,0,2,0.0,0.0,0.0032,5455,2723,8178,0.667,8267,23.89,27,3013,1696,0.2,30231.03,0.5629,34600,257,100.0,33.0,39.0,37.0,30.0,24.0,0
WIQ0567,2 - SoftwareManagement,ComputerProgrammer,1,798,442,0,174,1,0.0,0.218,0.0013,867,430,1297,0.6685,1955,6.91,14,3876,1566,0.73,29669.16,0.404,41990,144,95.0,25.0,41.0,10.0,47.0,39.0,0
WJD0576,3 - Assembly,ProductionLineWorker,1,346,346,0,0,1,0.0,0.0,0.0029,0,0,0,0.0,0,0.0,0,334,179,0.18,30073.56,0.5359,3460,155,10.0,40.0,20.0,23.0,38.0,26.0,0
WKD0013,4 - Safety,Director,1,407,407,33,4,3,0.0811,0.0098,0.0074,0,0,0,0.0,0,0.0,0,6076,2976,0.21,30093.33,0.4898,65740,158,190.0,42.0,36.0,40.0,27.0,34.0,0
WKF0012,3 - Training,Director,1,346,346,0,0,1,0.0,0.0,0.0029,0,0,0,0.0,0,0.0,0,6056,2950,0.4,29996.99,0.4871,65740,172,190.0,37.0,44.0,20.0,45.0,23.0,0
WLV0566,2 - SoftwareManagement,SoftwareEngineer,1,346,346,0,0,1,0.0,0.0,0.0029,0,0,0,0.0,0,0.0,0,3007,1245,0.19,30144.3,0.414,32870,148,95.0,10.0,19.0,38.0,24.0,39.0,0
WNB0908,3 - FieldService,Technician,1,608,346,0,0,1,0.0,0.0,0.0016,0,0,0,0.0,0,0.0,0,999,508,0.58,29361.0,0.5085,10034,175,29.0,38.0,38.0,38.0,22.0,23.0,0
WPE0538,3 - Assembly,AssemblySupervisor,1,346,346,0,0,1,0.0,0.0,0.0029,0,0,0,0.0,0,0.0,0,1007,469,0.97,29661.44,0.4657,10005,122,29.0,21.0,16.0,23.0,22.0,35.0,0
WPR0368,6 - Security,ITAdmin,1,1735,1735,782,325,720,0.4507,0.1873,0.415,0,0,0,0.0,0,0.0,0,4534,2201,0.19,29975.54,0.4854,48533,187,113.93,48.0,34.0,40.0,17.0,31.0,0
WRM0963,3 - Assembly,ProductionLineWorker,1,324,185,0,0,3,0.0,0.0,0.0093,0,0,0,0.0,0,0.0,0,168,89,0.71,29282.26,0.5298,1740,88,10.0,17.0,23.0,43.0,31.0,22.0,0
WSR0241,2 - SoftwareManagement,ComputerProgrammer,1,421,421,0,0,30,0.0,0.0,0.0713,0,0,0,0.0,0,0.0,0,3349,1346,0.62,29911.86,0.4019,32870,156,95.0,35.0,27.0,15.0,25.0,29.0,0
WTF0387,1 - Research,Mathematician,1,346,346,0,0,1,0.0,0.0,0.0029,0,0,0,0.0,0,0.0,0,3034,1494,0.37,30040.3,0.4924,32775,180,95.0,40.0,23.0,40.0,25.0,24.0,0
WTR0563,2 - SoftwareManagement,ComputerProgrammer,1,346,346,0,0,1,0.0,0.0,0.0029,0,0,0,0.0,0,0.0,0,2992,1259,0.0,30189.36,0.4208,32870,167,95.0,47.0,45.0,46.0,15.0,31.0,0
WVB0539,2 - Sales,Manager,1,346,346,0,0,1,0.0,0.0,0.0029,0,0,0,0.0,0,0.0,0,4629,2621,0.19,29973.86,0.5662,49478,217,143.0,43.0,16.0,18.0,42.0,31.0,0
WXH0872,2 - Sales,Salesman,1,475,475,17,0,3,0.0358,0.0,0.0063,1403,701,2104,0.6668,826,3.69,9,5074,2658,0.52,29748.5,0.5238,56052,178,162.0,17.0,20.0,19.0,21.0,25.0,0
XAA0104,3 - Engineering,HardwareEngineer,1,621,346,0,0,1,0.0,0.0,0.0016,274,136,410,0.6683,437,4.65,15,3039,1386,0.62,30099.27,0.4561,32870,141,95.0,41.0,40.0,14.0,38.0,42.0,0
XBN0229,1 - Research,Scientist,1,346,346,0,0,1,0.0,0.0,0.0029,0,0,0,0.0,0,0.0,0,2991,1411,0.41,29917.87,0.4717,32870,144,95.0,34.0,16.0,17.0,40.0,29.0,0
XHG0902,3 - FieldService,Technician,1,346,346,0,0,1,0.0,0.0,0.0029,0,0,0,0.0,0,0.0,0,1013,513,0.48,30260.05,0.5064,10034,139,29.0,44.0,35.0,23.0,47.0,14.0,0
XHW0498,2 - Sales,Salesman,1,195,195,0,0,1,0.0,0.0,0.0051,846,423,1269,0.6667,386,3.22,10,2827,1564,0.72,30349.37,0.5532,31690,198,162.51,37.0,47.0,48.0,23.0,35.0,1
XLB0710,3 - Assembly,ProductionLineWorker,1,346,346,0,0,1,0.0,0.0,0.0029,0,0,0,0.0,0,0.0,0,338,122,0.0,29956.13,0.3609,3460,51,10.0,46.0,38.0,39.0,36.0,20.0,0
XRS0633,3 - FieldService,Technician,1,612,346,0,0,1,0.0,0.0,0.0016,0,0,0,0.0,0,0.0,0,1012,537,0.45,29933.44,0.5306,10034,108,29.0,34.0,39.0,39.0,40.0,23.0,0
XWD0923,1 - Research,Mathematician,1,438,250,0,0,1,0.0,0.0,0.0023,1047,522,1569,0.6673,5915,25.06,27,2443,1311,0.66,30165.09,0.5366,23750,194,95.0,16.0,38.0,45.0,20.0,31.0,0
YCE0983,3 - Training,ManagementTrainer,1,346,346,0,0,1,0.0,0.0,0.0029,0,0,0,0.0,0,0.0,0,3027,1555,0.85,30104.93,0.5137,32870,156,95.0,39.0,21.0,42.0,30.0,36.0,0
YDN0198,2 - Pricing,AdministrativeAssistant,1,622,354,0,0,2,0.0,0.0,0.0032,0,0,0,0.0,0,0.0,0,3693,1471,0.49,29775.81,0.3983,39444,87,114.0,45.0,50.0,41.0,11.0,24.0,0
YEV0793,1 - Research,Scientist,1,346,346,0,0,1,0.0,0.0,0.0029,0,0,0,0.0,0,0.0,0,3005,1477,0.41,29913.72,0.4915,32870,147,95.0,40.0,37.0,42.0,15.0,22.0,0
YIC0195,1 - Purchasing,PurchasingClerk,1,726,448,0,142,3,0.0,0.1956,0.0041,0,0,0,0.0,0,0.0,0,3716,2132,0.64,30084.88,0.5737,40128,137,114.0,18.0,49.0,19.0,40.0,31.0,0
YJF0532,3 - FieldService,Technician,1,715,435,0,0,3,0.0,0.0,0.0042,0,0,0,0.0,0,0.0,0,994,366,0.64,29970.34,0.3682,10034,60,29.0,40.0,35.0,23.0,47.0,26.0,0
YJV0699,3 - Assembly,ProductionLineWorker,1,346,346,0,0,1,0.0,0.0,0.0029,0,0,0,0.0,0,0.0,0,340,221,0.0,30563.4,0.65,3460,183,10.0,17.0,25.0,30.0,13.0,31.0,0
YWW0660,3 - FieldService,Technician,1,261,261,0,0,1,0.0,0.0,0.0038,0,0,0,0.0,0,0.0,0,771,399,0.0,30052.21,0.5175,7569,132,29.0,39.0,35.0,37.0,10.0,36.0,0
ZCF0590,3 - Assembly,ProductionLineWorker,1,346,346,0,0,1,0.0,0.0,0.0029,0,0,0,0.0,0,0.0,0,329,176,0.0,29369.61,0.535,3450,114,10.0,42.0,42.0,42.0,25.0,31.0,0
ZDW0859,2 - Sales,Salesman,1,628,363,0,0,18,0.0,0.0,0.0287,0,0,0,0.0,0,0.0,0,5020,2354,0.62,29678.06,0.4689,52938,135,153.0,39.0,45.0,26.0,41.0,32.0,0
ZFM0468,3 - Assembly,ProductionLineWorker,1,346,346,0,0,1,0.0,0.0,0.0029,0,0,0,0.0,0,0.0,0,336,187,0.48,30926.13,0.5565,3460,130,10.0,35.0,16.0,20.0,45.0,30.0,0
ZJE0857,2 - Sales,Salesman,1,393,393,0,17,2,0.0,0.0433,0.0051,0,0,0,0.0,0,0.0,0,5362,2719,0.17,30153.8,0.5071,59454,200,162.0,35.0,34.0,36.0,38.0,31.0,0
ZJS0269,3 - Engineering,HardwareEngineer,1,346,346,0,0,1,0.0,0.0,0.0029,0,0,0,0.0,0,0.0,0,3010,1178,0.0,29938.08,0.3914,32870,92,95.0,30.0,34.0,16.0,35.0,27.0,0
ZKS0899,3 - FieldService,Technician,1,385,385,0,0,2,0.0,0.0,0.0052,5968,2977,8945,0.6672,8537,24.82,27,1015,573,0.19,29893.79,0.5645,9976,130,29.0,47.0,20.0,42.0,43.0,30.0,0
ZMC0284,3 - Engineering,MechanicalEngineer,1,346,346,0,0,1,0.0,0.0,0.0029,0,0,0,0.0,0,0.0,0,2997,1093,0.46,29997.15,0.3647,32870,109,95.0,42.0,33.0,41.0,30.0,31.0,0
ZSB0649,3 - FieldService,Technician,1,346,346,0,0,1,0.0,0.0,0.0029,0,0,0,0.0,0,0.0,0,1017,421,0.78,29642.58,0.414,10034,101,29.0,23.0,25.0,36.0,14.0,26.0,0
ZSK0258,3 - Engineering,ElectricalEngineer,1,346,346,0,0,1,0.0,0.0,0.0029,0,0,0,0.0,0,0.0,0,3000,1490,0.18,29576.18,0.4967,32870,173,95.0,38.0,35.0,21.0,37.0,25.0,0
ZSL0305,3 - Assembly,ProductionLineWorker,1,346,346,0,0,1,0.0,0.0,0.0029,0,0,0,0.0,0,0.0,0,337,194,0.23,30452.32,0.5757,3450,163,10.0,21.0,26.0,18.0,41.0,32.0,0
